method,contrast,feature_mode,direction,question_set,layer_selection_mode,selected_layer_or_mean,n_positive,n_negative,auc_mean,auc_ci95_low,auc_ci95_high,balanced_accuracy_mean,balanced_accuracy_ci95_low,balanced_accuracy_ci95_high,average_precision_mean,average_precision_ci95_low,average_precision_ci95_high,log_loss_mean,brier_score_mean
ELM,suppressed_vs_forgotten,correct_only,mean_difference,Qstar,per_fold_selected,17.6,186,45,0.565442054958184,0.4919354838709677,0.6377180406212664,0.5205555555555555,0.497347670250896,0.5577822580645161,0.837017447004983,0.8075381894871273,0.8750225854335533,0.5102513478257841,0.1598746612155128
ELM,suppressed_vs_forgotten,correct_only,logistic_regression,Qstar,per_fold_selected,17.6,186,45,0.6130286738351256,0.5293399044205496,0.6795131421744325,0.5581003584229391,0.4930734767025089,0.5991039426523297,0.8611743260410446,0.8243301425386551,0.8943554478907386,1.1430094281222902,0.2112529747227792
ELM,suppressed_vs_forgotten,correct_only,mean_difference,Qstar,each_layer,0.0,186,45,0.6329749103942653,0.6329749103942652,0.6329749103942652,,,,,,,,
ELM,suppressed_vs_forgotten,correct_only,mean_difference,Qstar,each_layer,1.0,186,45,0.5263978494623656,0.441574074074074,0.5881242532855436,,,,,,,,
ELM,suppressed_vs_forgotten,correct_only,mean_difference,Qstar,each_layer,2.0,186,45,0.5338291517323777,0.459557945041816,0.5924850657108721,,,,,,,,
ELM,suppressed_vs_forgotten,correct_only,mean_difference,Qstar,each_layer,3.0,186,45,0.5432676224611709,0.4699462365591398,0.5957407407407407,,,,,,,,
ELM,suppressed_vs_forgotten,correct_only,mean_difference,Qstar,each_layer,4.0,186,45,0.5326463560334528,0.4695639187574671,0.5793249701314217,,,,,,,,
ELM,suppressed_vs_forgotten,correct_only,mean_difference,Qstar,each_layer,5.0,186,45,0.5414874551971327,0.4588351254480287,0.5965352449223417,,,,,,,,
ELM,suppressed_vs_forgotten,correct_only,mean_difference,Qstar,each_layer,6.0,186,45,0.5620011947431303,0.4733273596176822,0.6216816009557945,,,,,,,,
ELM,suppressed_vs_forgotten,correct_only,mean_difference,Qstar,each_layer,7.0,186,45,0.5540979689366786,0.474758064516129,0.6116696535244922,,,,,,,,
ELM,suppressed_vs_forgotten,correct_only,mean_difference,Qstar,each_layer,8.0,186,45,0.5490740740740743,0.4713649940262843,0.6123148148148148,,,,,,,,
ELM,suppressed_vs_forgotten,correct_only,mean_difference,Qstar,each_layer,9.0,186,45,0.5735483870967741,0.51084229390681,0.6237724014336917,,,,,,,,
ELM,suppressed_vs_forgotten,correct_only,mean_difference,Qstar,each_layer,10.0,186,45,0.5661230585424134,0.512610513739546,0.6122670250896057,,,,,,,,
ELM,suppressed_vs_forgotten,correct_only,mean_difference,Qstar,each_layer,11.0,186,45,0.5666606929510156,0.5194115890083633,0.6043667861409796,,,,,,,,
ELM,suppressed_vs_forgotten,correct_only,mean_difference,Qstar,each_layer,12.0,186,45,0.5636140979689367,0.5160902031063321,0.5993608124253286,,,,,,,,
ELM,suppressed_vs_forgotten,correct_only,mean_difference,Qstar,each_layer,13.0,186,45,0.5806750298685783,0.5359707287933095,0.6200925925925925,,,,,,,,
ELM,suppressed_vs_forgotten,correct_only,mean_difference,Qstar,each_layer,14.0,186,45,0.5760035842293906,0.5409438470728793,0.6187962962962963,,,,,,,,
ELM,suppressed_vs_forgotten,correct_only,mean_difference,Qstar,each_layer,15.0,186,45,0.5629151732377539,0.5286081242532855,0.6107168458781361,,,,,,,,
ELM,suppressed_vs_forgotten,correct_only,mean_difference,Qstar,each_layer,16.0,186,45,0.5701493428912784,0.532541816009558,0.6175507765830346,,,,,,,,
ELM,suppressed_vs_forgotten,correct_only,mean_difference,Qstar,each_layer,17.0,186,45,0.5656511350059737,0.5161887694145758,0.6223536439665471,,,,,,,,
ELM,suppressed_vs_forgotten,correct_only,mean_difference,Qstar,each_layer,18.0,186,45,0.5673954599761052,0.5181362007168459,0.622057945041816,,,,,,,,
ELM,suppressed_vs_forgotten,correct_only,mean_difference,Qstar,each_layer,19.0,186,45,0.5657706093189964,0.5137634408602151,0.6104480286738351,,,,,,,,
ELM,suppressed_vs_forgotten,correct_only,mean_difference,Qstar,each_layer,20.0,186,45,0.5725328554360812,0.5240322580645161,0.6148297491039426,,,,,,,,
ELM,suppressed_vs_forgotten,correct_only,mean_difference,Qstar,each_layer,21.0,186,45,0.5784109916367981,0.5297968936678614,0.6193070489844683,,,,,,,,
ELM,suppressed_vs_forgotten,correct_only,mean_difference,Qstar,each_layer,22.0,186,45,0.5811887694145759,0.5359229390681004,0.6196057347670251,,,,,,,,
ELM,suppressed_vs_forgotten,correct_only,mean_difference,Qstar,each_layer,23.0,186,45,0.5900716845878137,0.5456869772998806,0.6253166069295101,,,,,,,,
ELM,suppressed_vs_forgotten,correct_only,mean_difference,Qstar,each_layer,24.0,186,45,0.595268817204301,0.5518219832735962,0.6331003584229391,,,,,,,,
ELM,suppressed_vs_forgotten,correct_only,mean_difference,Qstar,each_layer,25.0,186,45,0.5929749103942651,0.5505465949820789,0.6266397849462365,,,,,,,,
ELM,suppressed_vs_forgotten,correct_only,mean_difference,Qstar,each_layer,26.0,186,45,0.5939844683393071,0.5518249701314217,0.6266786140979689,,,,,,,,
ELM,suppressed_vs_forgotten,correct_only,mean_difference,Qstar,each_layer,27.0,186,45,0.5975388291517325,0.5600776583034647,0.6274820788530466,,,,,,,,
ELM,suppressed_vs_forgotten,correct_only,mean_difference,Qstar,each_layer,28.0,186,45,0.5948626045400239,0.556726403823178,0.6257646356033453,,,,,,,,
ELM,suppressed_vs_forgotten,correct_only,mean_difference,Qstar,each_layer,29.0,186,45,0.5947968936678614,0.5581511350059737,0.6246953405017921,,,,,,,,
ELM,suppressed_vs_forgotten,correct_only,mean_difference,Qstar,each_layer,30.0,186,45,0.5925925925925926,0.5573178016726404,0.6215232974910394,,,,,,,,
ELM,suppressed_vs_forgotten,correct_only,mean_difference,Qstar,each_layer,31.0,186,45,0.5910095579450418,0.5566039426523298,0.6205495818399044,,,,,,,,
ELM,suppressed_vs_forgotten,correct_only,mean_difference,Qstar,each_layer,32.0,186,45,0.5948745519713261,0.5633183990442056,0.6216338112305854,,,,,,,,
ELM,suppressed_vs_forgotten,mean_all_choices,mean_difference,Qstar,per_fold_selected,16.8,186,45,0.5522102747909201,0.4914277180406213,0.625773596176822,0.5368906810035842,0.5087813620071685,0.5671236559139784,0.8282180652548938,0.799871059031848,0.8646229423870809,0.5148924536153779,0.1603193369773505
ELM,suppressed_vs_forgotten,mean_all_choices,logistic_regression,Qstar,per_fold_selected,16.8,186,45,0.5015591397849464,0.439005376344086,0.5694952210274791,0.5000716845878137,0.4649775985663082,0.5528225806451613,0.8096651076041403,0.7791981910093472,0.8389801984816536,1.5690556972507388,0.255883091070581
ELM,suppressed_vs_forgotten,mean_all_choices,mean_difference,Qstar,each_layer,0.0,186,45,0.6329749103942653,0.6329749103942652,0.6329749103942652,,,,,,,,
ELM,suppressed_vs_forgotten,mean_all_choices,mean_difference,Qstar,each_layer,1.0,186,45,0.5014755077658303,0.4030376344086021,0.5541935483870968,,,,,,,,
ELM,suppressed_vs_forgotten,mean_all_choices,mean_difference,Qstar,each_layer,2.0,186,45,0.4932198327359617,0.3965770609318996,0.5461589008363202,,,,,,,,
ELM,suppressed_vs_forgotten,mean_all_choices,mean_difference,Qstar,each_layer,3.0,186,45,0.505800477897252,0.4087216248506571,0.5668727598566309,,,,,,,,
ELM,suppressed_vs_forgotten,mean_all_choices,mean_difference,Qstar,each_layer,4.0,186,45,0.522610513739546,0.4274193548387097,0.5706152927120669,,,,,,,,
ELM,suppressed_vs_forgotten,mean_all_choices,mean_difference,Qstar,each_layer,5.0,186,45,0.5169235364396656,0.4082497013142174,0.5734468339307048,,,,,,,,
ELM,suppressed_vs_forgotten,mean_all_choices,mean_difference,Qstar,each_layer,6.0,186,45,0.5235782556750299,0.4188381123058542,0.5787455197132616,,,,,,,,
ELM,suppressed_vs_forgotten,mean_all_choices,mean_difference,Qstar,each_layer,7.0,186,45,0.5195101553166068,0.4140083632019116,0.5776493428912783,,,,,,,,
ELM,suppressed_vs_forgotten,mean_all_choices,mean_difference,Qstar,each_layer,8.0,186,45,0.5154121863799282,0.4093518518518518,0.5838142174432497,,,,,,,,
ELM,suppressed_vs_forgotten,mean_all_choices,mean_difference,Qstar,each_layer,9.0,186,45,0.5335483870967743,0.4412634408602151,0.6049402628434887,,,,,,,,
ELM,suppressed_vs_forgotten,mean_all_choices,mean_difference,Qstar,each_layer,10.0,186,45,0.5378853046594982,0.4563560334528077,0.605689964157706,,,,,,,,
ELM,suppressed_vs_forgotten,mean_all_choices,mean_difference,Qstar,each_layer,11.0,186,45,0.5364755077658303,0.4750657108721625,0.5887485065710872,,,,,,,,
ELM,suppressed_vs_forgotten,mean_all_choices,mean_difference,Qstar,each_layer,12.0,186,45,0.5516009557945042,0.48944743130227,0.6036170848267622,,,,,,,,
ELM,suppressed_vs_forgotten,mean_all_choices,mean_difference,Qstar,each_layer,13.0,186,45,0.5640023894862605,0.5141457586618877,0.6109050179211469,,,,,,,,
ELM,suppressed_vs_forgotten,mean_all_choices,mean_difference,Qstar,each_layer,14.0,186,45,0.5876224611708484,0.5493010752688172,0.6241099163679809,,,,,,,,
ELM,suppressed_vs_forgotten,mean_all_choices,mean_difference,Qstar,each_layer,15.0,186,45,0.5929330943847073,0.5604062126642773,0.6300298685782556,,,,,,,,
ELM,suppressed_vs_forgotten,mean_all_choices,mean_difference,Qstar,each_layer,16.0,186,45,0.5617084826762246,0.5231302270011948,0.6036708482676224,,,,,,,,
ELM,suppressed_vs_forgotten,mean_all_choices,mean_difference,Qstar,each_layer,17.0,186,45,0.5517801672640383,0.5097281959378733,0.5937903225806451,,,,,,,,
ELM,suppressed_vs_forgotten,mean_all_choices,mean_difference,Qstar,each_layer,18.0,186,45,0.5460454002389487,0.495621266427718,0.5878464755077658,,,,,,,,
ELM,suppressed_vs_forgotten,mean_all_choices,mean_difference,Qstar,each_layer,19.0,186,45,0.5562903225806451,0.5103046594982078,0.5975238948626045,,,,,,,,
ELM,suppressed_vs_forgotten,mean_all_choices,mean_difference,Qstar,each_layer,20.0,186,45,0.5559557945041818,0.5080107526881721,0.598915770609319,,,,,,,,
ELM,suppressed_vs_forgotten,mean_all_choices,mean_difference,Qstar,each_layer,21.0,186,45,0.5716248506571087,0.5295728793309439,0.6109916367980884,,,,,,,,
ELM,suppressed_vs_forgotten,mean_all_choices,mean_difference,Qstar,each_layer,22.0,186,45,0.5767025089605735,0.5358273596176822,0.615704898446834,,,,,,,,
ELM,suppressed_vs_forgotten,mean_all_choices,mean_difference,Qstar,each_layer,23.0,186,45,0.5743130227001194,0.5309139784946237,0.6145818399044205,,,,,,,,
ELM,suppressed_vs_forgotten,mean_all_choices,mean_difference,Qstar,each_layer,24.0,186,45,0.5826642771804063,0.5428166069295102,0.6190651135005973,,,,,,,,
ELM,suppressed_vs_forgotten,mean_all_choices,mean_difference,Qstar,each_layer,25.0,186,45,0.5834229390681004,0.5485931899641577,0.6175089605734766,,,,,,,,
ELM,suppressed_vs_forgotten,mean_all_choices,mean_difference,Qstar,each_layer,26.0,186,45,0.577258064516129,0.541594982078853,0.6104330943847073,,,,,,,,
ELM,suppressed_vs_forgotten,mean_all_choices,mean_difference,Qstar,each_layer,27.0,186,45,0.5755794504181602,0.5402538829151733,0.6107735961768219,,,,,,,,
ELM,suppressed_vs_forgotten,mean_all_choices,mean_difference,Qstar,each_layer,28.0,186,45,0.5756690561529271,0.5389934289127838,0.6100089605734766,,,,,,,,
ELM,suppressed_vs_forgotten,mean_all_choices,mean_difference,Qstar,each_layer,29.0,186,45,0.5744623655913978,0.5369324970131422,0.6085752688172043,,,,,,,,
ELM,suppressed_vs_forgotten,mean_all_choices,mean_difference,Qstar,each_layer,30.0,186,45,0.5745758661887694,0.539626642771804,0.6083064516129032,,,,,,,,
ELM,suppressed_vs_forgotten,mean_all_choices,mean_difference,Qstar,each_layer,31.0,186,45,0.5791517323775388,0.5471385902031064,0.6133034647550777,,,,,,,,
ELM,suppressed_vs_forgotten,mean_all_choices,mean_difference,Qstar,each_layer,32.0,186,45,0.5881720430107528,0.5616457586618877,0.6194772998805257,,,,,,,,
ELM,suppressed_vs_forgotten,correct_minus_mean_wrong,mean_difference,Qstar,per_fold_selected,10.7,186,45,0.7543966547192354,0.7015830346475508,0.8029868578255674,0.589094982078853,0.5410618279569892,0.6342383512544802,0.9248228581450748,0.9021987824957708,0.9442414046666876,0.4424384773667036,0.1385750812848686
ELM,suppressed_vs_forgotten,correct_minus_mean_wrong,logistic_regression,Qstar,per_fold_selected,10.7,186,45,0.763536439665472,0.7153285543608124,0.8127747909199523,0.629005376344086,0.580192652329749,0.6753987455197132,0.9242425417876416,0.9058407761223743,0.9402761927088849,0.9148473867265436,0.1776029682342497
ELM,suppressed_vs_forgotten,correct_minus_mean_wrong,mean_difference,Qstar,each_layer,0.0,186,45,0.6329749103942653,0.6329749103942652,0.6329749103942652,,,,,,,,
ELM,suppressed_vs_forgotten,correct_minus_mean_wrong,mean_difference,Qstar,each_layer,1.0,186,45,0.7205615292712066,0.7039725209080048,0.7307735961768219,,,,,,,,
ELM,suppressed_vs_forgotten,correct_minus_mean_wrong,mean_difference,Qstar,each_layer,2.0,186,45,0.7254301075268816,0.7102329749103943,0.7398028673835125,,,,,,,,
ELM,suppressed_vs_forgotten,correct_minus_mean_wrong,mean_difference,Qstar,each_layer,3.0,186,45,0.7249701314217443,0.710331541218638,0.7404988052568697,,,,,,,,
ELM,suppressed_vs_forgotten,correct_minus_mean_wrong,mean_difference,Qstar,each_layer,4.0,186,45,0.7104241338112305,0.6986021505376344,0.725421146953405,,,,,,,,
ELM,suppressed_vs_forgotten,correct_minus_mean_wrong,mean_difference,Qstar,each_layer,5.0,186,45,0.7211230585424133,0.7069295101553166,0.7350209080047789,,,,,,,,
ELM,suppressed_vs_forgotten,correct_minus_mean_wrong,mean_difference,Qstar,each_layer,6.0,186,45,0.7159557945041816,0.7006063321385902,0.7347879330943847,,,,,,,,
ELM,suppressed_vs_forgotten,correct_minus_mean_wrong,mean_difference,Qstar,each_layer,7.0,186,45,0.7008363201911589,0.6804778972520908,0.7200985663082436,,,,,,,,
ELM,suppressed_vs_forgotten,correct_minus_mean_wrong,mean_difference,Qstar,each_layer,8.0,186,45,0.7311469534050179,0.7149671445639187,0.749115890083632,,,,,,,,
ELM,suppressed_vs_forgotten,correct_minus_mean_wrong,mean_difference,Qstar,each_layer,9.0,186,45,0.7291218637992831,0.71084229390681,0.7448954599761052,,,,,,,,
ELM,suppressed_vs_forgotten,correct_minus_mean_wrong,mean_difference,Qstar,each_layer,10.0,186,45,0.7436618876941457,0.7222192353643966,0.7582676224611709,,,,,,,,
ELM,suppressed_vs_forgotten,correct_minus_mean_wrong,mean_difference,Qstar,each_layer,11.0,186,45,0.8020370370370371,0.791347072879331,0.8090919952210275,,,,,,,,
ELM,suppressed_vs_forgotten,correct_minus_mean_wrong,mean_difference,Qstar,each_layer,12.0,186,45,0.8029091995221027,0.7953673835125448,0.8112455197132616,,,,,,,,
ELM,suppressed_vs_forgotten,correct_minus_mean_wrong,mean_difference,Qstar,each_layer,13.0,186,45,0.7779689366786141,0.7611051373954599,0.7944086021505377,,,,,,,,
ELM,suppressed_vs_forgotten,correct_minus_mean_wrong,mean_difference,Qstar,each_layer,14.0,186,45,0.7064396654719235,0.6834647550776582,0.7175358422939068,,,,,,,,
ELM,suppressed_vs_forgotten,correct_minus_mean_wrong,mean_difference,Qstar,each_layer,15.0,186,45,0.6921445639187574,0.6740979689366786,0.7023805256869773,,,,,,,,
ELM,suppressed_vs_forgotten,correct_minus_mean_wrong,mean_difference,Qstar,each_layer,16.0,186,45,0.6738709677419354,0.6585692951015532,0.686373954599761,,,,,,,,
ELM,suppressed_vs_forgotten,correct_minus_mean_wrong,mean_difference,Qstar,each_layer,17.0,186,45,0.6504719235364398,0.627942054958184,0.6672520908004779,,,,,,,,
ELM,suppressed_vs_forgotten,correct_minus_mean_wrong,mean_difference,Qstar,each_layer,18.0,186,45,0.6344205495818398,0.6091786140979689,0.6503166069295101,,,,,,,,
ELM,suppressed_vs_forgotten,correct_minus_mean_wrong,mean_difference,Qstar,each_layer,19.0,186,45,0.6288112305854241,0.6042562724014338,0.6435812425328554,,,,,,,,
ELM,suppressed_vs_forgotten,correct_minus_mean_wrong,mean_difference,Qstar,each_layer,20.0,186,45,0.6294086021505375,0.604426523297491,0.6457078853046595,,,,,,,,
ELM,suppressed_vs_forgotten,correct_minus_mean_wrong,mean_difference,Qstar,each_layer,21.0,186,45,0.6279928315412187,0.6003882915173238,0.6453494623655913,,,,,,,,
ELM,suppressed_vs_forgotten,correct_minus_mean_wrong,mean_difference,Qstar,each_layer,22.0,186,45,0.6279390681003585,0.5996356033452808,0.6443428912783752,,,,,,,,
ELM,suppressed_vs_forgotten,correct_minus_mean_wrong,mean_difference,Qstar,each_layer,23.0,186,45,0.6293966547192354,0.602057945041816,0.6458004778972521,,,,,,,,
ELM,suppressed_vs_forgotten,correct_minus_mean_wrong,mean_difference,Qstar,each_layer,24.0,186,45,0.6302508960573477,0.6024372759856631,0.6472968936678615,,,,,,,,
ELM,suppressed_vs_forgotten,correct_minus_mean_wrong,mean_difference,Qstar,each_layer,25.0,186,45,0.6283751493428913,0.5981481481481481,0.6454629629629629,,,,,,,,
ELM,suppressed_vs_forgotten,correct_minus_mean_wrong,mean_difference,Qstar,each_layer,26.0,186,45,0.6293130227001195,0.5997759856630824,0.6468518518518518,,,,,,,,
ELM,suppressed_vs_forgotten,correct_minus_mean_wrong,mean_difference,Qstar,each_layer,27.0,186,45,0.6300298685782556,0.60084229390681,0.6477718040621266,,,,,,,,
ELM,suppressed_vs_forgotten,correct_minus_mean_wrong,mean_difference,Qstar,each_layer,28.0,186,45,0.6284468339307049,0.5985782556750299,0.6470549581839904,,,,,,,,
ELM,suppressed_vs_forgotten,correct_minus_mean_wrong,mean_difference,Qstar,each_layer,29.0,186,45,0.6283691756272402,0.5991935483870968,0.6467443249701315,,,,,,,,
ELM,suppressed_vs_forgotten,correct_minus_mean_wrong,mean_difference,Qstar,each_layer,30.0,186,45,0.6267084826762245,0.5949910394265233,0.645905017921147,,,,,,,,
ELM,suppressed_vs_forgotten,correct_minus_mean_wrong,mean_difference,Qstar,each_layer,31.0,186,45,0.6255675029868578,0.5912126642771804,0.6467353643966547,,,,,,,,
ELM,suppressed_vs_forgotten,correct_minus_mean_wrong,mean_difference,Qstar,each_layer,32.0,186,45,0.6170011947431304,0.5797550776583035,0.6389396654719235,,,,,,,,
ELM,suppressed_vs_retained,correct_only,mean_difference,Qstar,per_fold_selected,9.8,186,418,0.5660730822657818,0.5050650820599887,0.599396125945362,0.5154801409682563,0.497109250398724,0.5318818490507794,0.3612498405580299,0.3215298247867303,0.388166896803888,0.6265187454287167,0.2160708008250814
ELM,suppressed_vs_retained,correct_only,logistic_regression,Qstar,per_fold_selected,9.8,186,418,0.5943998559448475,0.5684985465864073,0.6277827082368679,0.5620440397180634,0.5291210063281371,0.596467754797551,0.3829112233481449,0.3533697189687036,0.4200132136214441,2.761740171004237,0.3341198476193203
ELM,suppressed_vs_retained,correct_only,mean_difference,Qstar,each_layer,0.0,186,418,0.5499176827699748,0.5499176827699748,0.5499176827699748,,,,,,,,
ELM,suppressed_vs_retained,correct_only,mean_difference,Qstar,each_layer,1.0,186,418,0.4922801872716983,0.4615118716880176,0.5235793846787055,,,,,,,,
ELM,suppressed_vs_retained,correct_only,mean_difference,Qstar,each_layer,2.0,186,418,0.512160441426146,0.477228031589237,0.5477121597983228,,,,,,,,
ELM,suppressed_vs_retained,correct_only,mean_difference,Qstar,each_layer,3.0,186,418,0.530782785409271,0.4939300689406801,0.563257254205896,,,,,,,,
ELM,suppressed_vs_retained,correct_only,mean_difference,Qstar,each_layer,4.0,186,418,0.56042663476874,0.5299374260431137,0.585662653701703,,,,,,,,
ELM,suppressed_vs_retained,correct_only,mean_difference,Qstar,each_layer,5.0,186,418,0.5774701600041159,0.5510328239954725,0.592839687194526,,,,,,,,
ELM,suppressed_vs_retained,correct_only,mean_difference,Qstar,each_layer,6.0,186,418,0.5749839224160107,0.5459076117713638,0.5949001903585944,,,,,,,,
ELM,suppressed_vs_retained,correct_only,mean_difference,Qstar,each_layer,7.0,186,418,0.5734469053866337,0.5522589005504964,0.5889990739311622,,,,,,,,
ELM,suppressed_vs_retained,correct_only,mean_difference,Qstar,each_layer,8.0,186,418,0.5756302412923804,0.5509964886556568,0.5982870942017802,,,,,,,,
ELM,suppressed_vs_retained,correct_only,mean_difference,Qstar,each_layer,9.0,186,418,0.5792676338941194,0.5546509234964243,0.6010267145135566,,,,,,,,
ELM,suppressed_vs_retained,correct_only,mean_difference,Qstar,each_layer,10.0,186,418,0.5862408036219582,0.5645498919586356,0.606368652569841,,,,,,,,
ELM,suppressed_vs_retained,correct_only,mean_difference,Qstar,each_layer,11.0,186,418,0.5872138190049904,0.5689789447960076,0.6101086201574317,,,,,,,,
ELM,suppressed_vs_retained,correct_only,mean_difference,Qstar,each_layer,12.0,186,418,0.5819037145650048,0.5615205535833719,0.6028357642640325,,,,,,,,
ELM,suppressed_vs_retained,correct_only,mean_difference,Qstar,each_layer,13.0,186,418,0.5708481247106035,0.5448043679580182,0.5954966687245975,,,,,,,,
ELM,suppressed_vs_retained,correct_only,mean_difference,Qstar,each_layer,14.0,186,418,0.5712359160364253,0.5416981787312857,0.5955220713073005,,,,,,,,
ELM,suppressed_vs_retained,correct_only,mean_difference,Qstar,each_layer,15.0,186,418,0.5806393733600865,0.5496041698821834,0.6031750012862067,,,,,,,,
ELM,suppressed_vs_retained,correct_only,mean_difference,Qstar,each_layer,16.0,186,418,0.5637630549981992,0.5348893219118177,0.5903463754694654,,,,,,,,
ELM,suppressed_vs_retained,correct_only,mean_difference,Qstar,each_layer,17.0,186,418,0.5493935535319238,0.5232263209343005,0.5785406055461233,,,,,,,,
ELM,suppressed_vs_retained,correct_only,mean_difference,Qstar,each_layer,18.0,186,418,0.5361404794978649,0.5060323095127849,0.5616533544271235,,,,,,,,
ELM,suppressed_vs_retained,correct_only,mean_difference,Qstar,each_layer,19.0,186,418,0.5288078149920256,0.502865025466893,0.547850105468951,,,,,,,,
ELM,suppressed_vs_retained,correct_only,mean_difference,Qstar,each_layer,20.0,186,418,0.5265363739260174,0.5017315557956475,0.5428293975407728,,,,,,,,
ELM,suppressed_vs_retained,correct_only,mean_difference,Qstar,each_layer,21.0,186,418,0.5252726758244586,0.5051763389411946,0.540000064310336,,,,,,,,
ELM,suppressed_vs_retained,correct_only,mean_difference,Qstar,each_layer,22.0,186,418,0.5239703915213254,0.5040505865102639,0.5388347610227916,,,,,,,,
ELM,suppressed_vs_retained,correct_only,mean_difference,Qstar,each_layer,23.0,186,418,0.5229793692442248,0.5024441143180532,0.5389022868755466,,,,,,,,
ELM,suppressed_vs_retained,correct_only,mean_difference,Qstar,each_layer,24.0,186,418,0.5225111899984565,0.5021051988475588,0.5390698153007151,,,,,,,,
ELM,suppressed_vs_retained,correct_only,mean_difference,Qstar,each_layer,25.0,186,418,0.5219536193857077,0.5029518444204353,0.5374517672480321,,,,,,,,
ELM,suppressed_vs_retained,correct_only,mean_difference,Qstar,each_layer,26.0,186,418,0.5224076503575653,0.5040499434069043,0.5372581931368009,,,,,,,,
ELM,suppressed_vs_retained,correct_only,mean_difference,Qstar,each_layer,27.0,186,418,0.5206751299068786,0.5028573082265781,0.5352671451355662,,,,,,,,
ELM,suppressed_vs_retained,correct_only,mean_difference,Qstar,each_layer,28.0,186,418,0.5203934506353861,0.5036592581159643,0.5349709960384833,,,,,,,,
ELM,suppressed_vs_retained,correct_only,mean_difference,Qstar,each_layer,29.0,186,418,0.518372819879611,0.5007157740392035,0.5329030971857797,,,,,,,,
ELM,suppressed_vs_retained,correct_only,mean_difference,Qstar,each_layer,30.0,186,418,0.5188094870607604,0.5019267376652776,0.5328683696043628,,,,,,,,
ELM,suppressed_vs_retained,correct_only,mean_difference,Qstar,each_layer,31.0,186,418,0.518979909451047,0.5022402505530689,0.5327063075577506,,,,,,,,
ELM,suppressed_vs_retained,correct_only,mean_difference,Qstar,each_layer,32.0,186,418,0.5207169316252509,0.5058072233369347,0.533647810876164,,,,,,,,
ELM,suppressed_vs_retained,mean_all_choices,mean_difference,Qstar,per_fold_selected,17.1,186,418,0.5415431908216288,0.5114392010083861,0.5704256058033647,0.5023453979523589,0.4917309770026238,0.5169679605906261,0.336953731191917,0.3128278432584866,0.362471501178694,0.627197500381447,0.2167398656295723
ELM,suppressed_vs_retained,mean_all_choices,logistic_regression,Qstar,per_fold_selected,17.1,186,418,0.540981118485363,0.5080982790554098,0.5674753691413285,0.5245594741986932,0.498701895868704,0.5468758038791994,0.3357718705339266,0.3070596837151218,0.3624947108592319,2.7311809889225414,0.360717567943363
ELM,suppressed_vs_retained,mean_all_choices,mean_difference,Qstar,each_layer,0.0,186,418,0.5499176827699748,0.5499176827699748,0.5499176827699748,,,,,,,,
ELM,suppressed_vs_retained,mean_all_choices,mean_difference,Qstar,each_layer,1.0,186,418,0.5139379791120029,0.4900212867212018,0.5340815840921953,,,,,,,,
ELM,suppressed_vs_retained,mean_all_choices,mean_difference,Qstar,each_layer,2.0,186,418,0.5174711889694912,0.496236559139785,0.5383755852240573,,,,,,,,
ELM,suppressed_vs_retained,mean_all_choices,mean_difference,Qstar,each_layer,3.0,186,418,0.522334979677934,0.5007054843854505,0.5415872434017596,,,,,,,,
ELM,suppressed_vs_retained,mean_all_choices,mean_difference,Qstar,each_layer,4.0,186,418,0.5477439934146215,0.5221185753974379,0.573713793280856,,,,,,,,
ELM,suppressed_vs_retained,mean_all_choices,mean_difference,Qstar,each_layer,5.0,186,418,0.5411438236353346,0.5147151695220455,0.568740996552966,,,,,,,,
ELM,suppressed_vs_retained,mean_all_choices,mean_difference,Qstar,each_layer,6.0,186,418,0.5389546997993517,0.5118006250964655,0.5677036708339764,,,,,,,,
ELM,suppressed_vs_retained,mean_all_choices,mean_difference,Qstar,each_layer,7.0,186,418,0.5427232854864433,0.5183786078098471,0.567375366568915,,,,,,,,
ELM,suppressed_vs_retained,mean_all_choices,mean_difference,Qstar,each_layer,8.0,186,418,0.5367186294181201,0.5092629392395945,0.5642762514791377,,,,,,,,
ELM,suppressed_vs_retained,mean_all_choices,mean_difference,Qstar,each_layer,9.0,186,418,0.5406820754231619,0.5118546457786696,0.566212314143129,,,,,,,,
ELM,suppressed_vs_retained,mean_all_choices,mean_difference,Qstar,each_layer,10.0,186,418,0.5464622884189947,0.522633701188455,0.5678879199464938,,,,,,,,
ELM,suppressed_vs_retained,mean_all_choices,mean_difference,Qstar,each_layer,11.0,186,418,0.545285409270978,0.519747453310696,0.5676683001492,,,,,,,,
ELM,suppressed_vs_retained,mean_all_choices,mean_difference,Qstar,each_layer,12.0,186,418,0.5386511550136339,0.5139337989401657,0.561183888974636,,,,,,,,
ELM,suppressed_vs_retained,mean_all_choices,mean_difference,Qstar,each_layer,13.0,186,418,0.5419367700776869,0.5144569635231775,0.5684753948654627,,,,,,,,
ELM,suppressed_vs_retained,mean_all_choices,mean_difference,Qstar,each_layer,14.0,186,418,0.5472108607295365,0.5256234887071051,0.5688014482687658,,,,,,,,
ELM,suppressed_vs_retained,mean_all_choices,mean_difference,Qstar,each_layer,15.0,186,418,0.546277074651438,0.5260553326130576,0.566636119257087,,,,,,,,
ELM,suppressed_vs_retained,mean_all_choices,mean_difference,Qstar,each_layer,16.0,186,418,0.5497073879713947,0.5326104851571745,0.5674084863919329,,,,,,,,
ELM,suppressed_vs_retained,mean_all_choices,mean_difference,Qstar,each_layer,17.0,186,418,0.5495382517878273,0.5359829191747698,0.5605581494057725,,,,,,,,
ELM,suppressed_vs_retained,mean_all_choices,mean_difference,Qstar,each_layer,18.0,186,418,0.5534483202140248,0.5410512167515563,0.562235684519216,,,,,,,,
ELM,suppressed_vs_retained,mean_all_choices,mean_difference,Qstar,each_layer,19.0,186,418,0.5539467253176931,0.5445709214384936,0.5613723182589906,,,,,,,,
ELM,suppressed_vs_retained,mean_all_choices,mean_difference,Qstar,each_layer,20.0,186,418,0.5533126254051552,0.5433927560837578,0.5616912975253382,,,,,,,,
ELM,suppressed_vs_retained,mean_all_choices,mean_difference,Qstar,each_layer,21.0,186,418,0.5574741472449452,0.5468340021608273,0.566161187426043,,,,,,,,
ELM,suppressed_vs_retained,mean_all_choices,mean_difference,Qstar,each_layer,22.0,186,418,0.5567976025106754,0.5459831764161136,0.5654200108041364,,,,,,,,
ELM,suppressed_vs_retained,mean_all_choices,mean_difference,Qstar,each_layer,23.0,186,418,0.5569210783557134,0.5463426711941143,0.5655733909553944,,,,,,,,
ELM,suppressed_vs_retained,mean_all_choices,mean_difference,Qstar,each_layer,24.0,186,418,0.5572027576272058,0.5473642408807944,0.5662582960333384,,,,,,,,
ELM,suppressed_vs_retained,mean_all_choices,mean_difference,Qstar,each_layer,25.0,186,418,0.5596684159078047,0.5495006302412924,0.567986636312188,,,,,,,,
ELM,suppressed_vs_retained,mean_all_choices,mean_difference,Qstar,each_layer,26.0,186,418,0.5604240623553017,0.550264315480784,0.5688660801564027,,,,,,,,
ELM,suppressed_vs_retained,mean_all_choices,mean_difference,Qstar,each_layer,27.0,186,418,0.5605134537222822,0.5501237973967176,0.5687027319030714,,,,,,,,
ELM,suppressed_vs_retained,mean_all_choices,mean_difference,Qstar,each_layer,28.0,186,418,0.5608536553994957,0.5510752688172043,0.5686191284663271,,,,,,,,
ELM,suppressed_vs_retained,mean_all_choices,mean_difference,Qstar,each_layer,29.0,186,418,0.5613719967073107,0.5520933014354067,0.5690721947831455,,,,,,,,
ELM,suppressed_vs_retained,mean_all_choices,mean_difference,Qstar,each_layer,30.0,186,418,0.5624491948345938,0.5526872073879714,0.5702256006585378,,,,,,,,
ELM,suppressed_vs_retained,mean_all_choices,mean_difference,Qstar,each_layer,31.0,186,418,0.5624935689664043,0.5527322246231414,0.5705915264701342,,,,,,,,
ELM,suppressed_vs_retained,mean_all_choices,mean_difference,Qstar,each_layer,32.0,186,418,0.560913464011936,0.5501003241240933,0.5684934017595308,,,,,,,,
ELM,suppressed_vs_retained,correct_minus_mean_wrong,mean_difference,Qstar,per_fold_selected,12.9,186,418,0.6674551113855018,0.627438326387817,0.6967147064876268,0.5762045325924783,0.5461359134640119,0.5996118871224982,0.4871958489409019,0.4331809716635704,0.5280702783665796,0.582710828126479,0.1973116616169227
ELM,suppressed_vs_retained,correct_minus_mean_wrong,logistic_regression,Qstar,per_fold_selected,12.9,186,418,0.6639141842876988,0.6197091886608017,0.7057487009312136,0.6181786026650203,0.5762508360343674,0.653960230488244,0.4617370643807936,0.4125945820619918,0.5105688508566602,2.6368402831392097,0.2993074447257944
ELM,suppressed_vs_retained,correct_minus_mean_wrong,mean_difference,Qstar,each_layer,0.0,186,418,0.5499176827699748,0.5499176827699748,0.5499176827699748,,,,,,,,
ELM,suppressed_vs_retained,correct_minus_mean_wrong,mean_difference,Qstar,each_layer,1.0,186,418,0.5573153007151308,0.5366787570098266,0.5732350028296548,,,,,,,,
ELM,suppressed_vs_retained,correct_minus_mean_wrong,mean_difference,Qstar,each_layer,2.0,186,418,0.5696956834902507,0.5488044708545557,0.5849529891444153,,,,,,,,
ELM,suppressed_vs_retained,correct_minus_mean_wrong,mean_difference,Qstar,each_layer,3.0,186,418,0.5787402891392704,0.5549917682769975,0.5916370839121263,,,,,,,,
ELM,suppressed_vs_retained,correct_minus_mean_wrong,mean_difference,Qstar,each_layer,4.0,186,418,0.5758836240160519,0.5579243195966456,0.5904891444152904,,,,,,,,
ELM,suppressed_vs_retained,correct_minus_mean_wrong,mean_difference,Qstar,each_layer,5.0,186,418,0.5839487832484437,0.5643199825075886,0.6006125559499923,,,,,,,,
ELM,suppressed_vs_retained,correct_minus_mean_wrong,mean_difference,Qstar,each_layer,6.0,186,418,0.590276277203272,0.5663894891186911,0.6067725214796522,,,,,,,,
ELM,suppressed_vs_retained,correct_minus_mean_wrong,mean_difference,Qstar,each_layer,7.0,186,418,0.6011530843237124,0.5832468359314709,0.6178052811647888,,,,,,,,
ELM,suppressed_vs_retained,correct_minus_mean_wrong,mean_difference,Qstar,each_layer,8.0,186,418,0.6456313988784277,0.63010816998508,0.6612279415547667,,,,,,,,
ELM,suppressed_vs_retained,correct_minus_mean_wrong,mean_difference,Qstar,each_layer,9.0,186,418,0.6506881205947421,0.6335680660595772,0.6627665663425425,,,,,,,,
ELM,suppressed_vs_retained,correct_minus_mean_wrong,mean_difference,Qstar,each_layer,10.0,186,418,0.6657444564490406,0.648940808766785,0.6788312882646499,,,,,,,,
ELM,suppressed_vs_retained,correct_minus_mean_wrong,mean_difference,Qstar,each_layer,11.0,186,418,0.6715761177136389,0.6607305011061377,0.6825921567114266,,,,,,,,
ELM,suppressed_vs_retained,correct_minus_mean_wrong,mean_difference,Qstar,each_layer,12.0,186,418,0.6597172917631322,0.6508958429798838,0.6706786669753563,,,,,,,,
ELM,suppressed_vs_retained,correct_minus_mean_wrong,mean_difference,Qstar,each_layer,13.0,186,418,0.6859063898749808,0.6773534367443536,0.6954728739002933,,,,,,,,
ELM,suppressed_vs_retained,correct_minus_mean_wrong,mean_difference,Qstar,each_layer,14.0,186,418,0.6666846735607346,0.6598690641559911,0.6734575165920667,,,,,,,,
ELM,suppressed_vs_retained,correct_minus_mean_wrong,mean_difference,Qstar,each_layer,15.0,186,418,0.6540695580593713,0.6472880331326851,0.6598057184750733,,,,,,,,
ELM,suppressed_vs_retained,correct_minus_mean_wrong,mean_difference,Qstar,each_layer,16.0,186,418,0.6176737665277563,0.6103391727118382,0.6228803313268508,,,,,,,,
ELM,suppressed_vs_retained,correct_minus_mean_wrong,mean_difference,Qstar,each_layer,17.0,186,418,0.5966423573596749,0.5882530740340588,0.6026798116993363,,,,,,,,
ELM,suppressed_vs_retained,correct_minus_mean_wrong,mean_difference,Qstar,each_layer,18.0,186,418,0.5868144518186962,0.5787190667284046,0.5912820908576426,,,,,,,,
ELM,suppressed_vs_retained,correct_minus_mean_wrong,mean_difference,Qstar,each_layer,19.0,186,418,0.5808194423007667,0.5734288984925657,0.5853182718526522,,,,,,,,
ELM,suppressed_vs_retained,correct_minus_mean_wrong,mean_difference,Qstar,each_layer,20.0,186,418,0.5807911457529454,0.5724349822503473,0.5858427226423831,,,,,,,,
ELM,suppressed_vs_retained,correct_minus_mean_wrong,mean_difference,Qstar,each_layer,21.0,186,418,0.5800631527499098,0.5713937979112003,0.5847031434892216,,,,,,,,
ELM,suppressed_vs_retained,correct_minus_mean_wrong,mean_difference,Qstar,each_layer,22.0,186,418,0.5801859854915882,0.5718372176776252,0.5848388382980912,,,,,,,,
ELM,suppressed_vs_retained,correct_minus_mean_wrong,mean_difference,Qstar,each_layer,23.0,186,418,0.5794091166332253,0.570799248855276,0.5842992745794104,,,,,,,,
ELM,suppressed_vs_retained,correct_minus_mean_wrong,mean_difference,Qstar,each_layer,24.0,186,418,0.5791608787364306,0.5705265730308174,0.5840883366774708,,,,,,,,
ELM,suppressed_vs_retained,correct_minus_mean_wrong,mean_difference,Qstar,each_layer,25.0,186,418,0.5796232700519628,0.5710751401965324,0.584936911560426,,,,,,,,
ELM,suppressed_vs_retained,correct_minus_mean_wrong,mean_difference,Qstar,each_layer,26.0,186,418,0.5793184390595256,0.5708214359211813,0.5844925271389618,,,,,,,,
ELM,suppressed_vs_retained,correct_minus_mean_wrong,mean_difference,Qstar,each_layer,27.0,186,418,0.5792695632041982,0.5714725780727479,0.584488990070484,,,,,,,,
ELM,suppressed_vs_retained,correct_minus_mean_wrong,mean_difference,Qstar,each_layer,28.0,186,418,0.5797255234861345,0.5716085944332973,0.5850102253434172,,,,,,,,
ELM,suppressed_vs_retained,correct_minus_mean_wrong,mean_difference,Qstar,each_layer,29.0,186,418,0.5795300200648248,0.5718346452641868,0.5844362555949992,,,,,,,,
ELM,suppressed_vs_retained,correct_minus_mean_wrong,mean_difference,Qstar,each_layer,30.0,186,418,0.578213587487781,0.5697876472706693,0.58386421515666,,,,,,,,
ELM,suppressed_vs_retained,correct_minus_mean_wrong,mean_difference,Qstar,each_layer,31.0,186,418,0.5782624633431085,0.5691918120080259,0.5840719375418018,,,,,,,,
ELM,suppressed_vs_retained,correct_minus_mean_wrong,mean_difference,Qstar,each_layer,32.0,186,418,0.5775048875855326,0.5678030303030304,0.5831410454288213,,,,,,,,
ELM,suppressed_vs_rest,correct_only,mean_difference,Qstar,per_fold_selected,0.1,186,515,0.4982876605073599,0.4978494623655913,0.5024505428541601,0.5001119636705293,0.5,0.5011756185405575,0.2647516258553879,0.2645001325733919,0.2671408120343485,0.5787953424827172,0.1950402455227447
ELM,suppressed_vs_rest,correct_only,logistic_regression,Qstar,per_fold_selected,0.1,186,515,0.5000159202421965,0.4978494623655913,0.5205972700699446,0.501086230295438,0.5,0.5114054181020983,0.2665044551610043,0.2645001325733919,0.2855455197433204,0.5979134023399251,0.196201433494512
ELM,suppressed_vs_rest,correct_only,mean_difference,Qstar,each_layer,0.0,186,515,0.5726693809374674,0.5726693809374673,0.5726693809374673,,,,,,,,
ELM,suppressed_vs_rest,correct_only,mean_difference,Qstar,each_layer,1.0,186,515,0.5077920450986533,0.4695370080384173,0.5399986950621151,,,,,,,,
ELM,suppressed_vs_rest,correct_only,mean_difference,Qstar,each_layer,2.0,186,515,0.5250949994780248,0.49243840693183,0.5486347739847584,,,,,,,,
ELM,suppressed_vs_rest,correct_only,mean_difference,Qstar,each_layer,3.0,186,515,0.5413038939346487,0.5135883181960539,0.5588900198350558,,,,,,,,
ELM,suppressed_vs_rest,correct_only,mean_difference,Qstar,each_layer,4.0,186,515,0.573947176114417,0.551266833698716,0.5909408602150538,,,,,,,,
ELM,suppressed_vs_rest,correct_only,mean_difference,Qstar,each_layer,5.0,186,515,0.592199603298883,0.572228311932352,0.6094328739951979,,,,,,,,
ELM,suppressed_vs_rest,correct_only,mean_difference,Qstar,each_layer,6.0,186,515,0.5869062532623447,0.5692804572502349,0.6038594842885479,,,,,,,,
ELM,suppressed_vs_rest,correct_only,mean_difference,Qstar,each_layer,7.0,186,515,0.5839544837665727,0.5703854786512162,0.598339858022758,,,,,,,,
ELM,suppressed_vs_rest,correct_only,mean_difference,Qstar,each_layer,8.0,186,515,0.5799013466958972,0.5589325608101054,0.6029379371541914,,,,,,,,
ELM,suppressed_vs_rest,correct_only,mean_difference,Qstar,each_layer,9.0,186,515,0.5788673139158577,0.5558463827121829,0.6043825033928385,,,,,,,,
ELM,suppressed_vs_rest,correct_only,mean_difference,Qstar,each_layer,10.0,186,515,0.584580331976198,0.5645143021192192,0.6041781501200543,,,,,,,,
ELM,suppressed_vs_rest,correct_only,mean_difference,Qstar,each_layer,11.0,186,515,0.586748094790688,0.5711412986741832,0.6049417997703309,,,,,,,,
ELM,suppressed_vs_rest,correct_only,mean_difference,Qstar,each_layer,12.0,186,515,0.5844456623864703,0.56906488151164,0.6044767199081323,,,,,,,,
ELM,suppressed_vs_rest,correct_only,mean_difference,Qstar,each_layer,13.0,186,515,0.5746852489821485,0.5569508821380103,0.5918130806973588,,,,,,,,
ELM,suppressed_vs_rest,correct_only,mean_difference,Qstar,each_layer,14.0,186,515,0.5688234680029232,0.5504656018373525,0.5890834116296064,,,,,,,,
ELM,suppressed_vs_rest,correct_only,mean_difference,Qstar,each_layer,15.0,186,515,0.5755736506942271,0.5545568430942688,0.5977147927758638,,,,,,,,
ELM,suppressed_vs_rest,correct_only,mean_difference,Qstar,each_layer,16.0,186,515,0.5549217037269027,0.5340126839962418,0.577533145422278,,,,,,,,
ELM,suppressed_vs_rest,correct_only,mean_difference,Qstar,each_layer,17.0,186,515,0.5394237394300031,0.5173575007829627,0.5666254306295021,,,,,,,,
ELM,suppressed_vs_rest,correct_only,mean_difference,Qstar,each_layer,18.0,186,515,0.5176855621672408,0.4887154191460486,0.5528066604029648,,,,,,,,
ELM,suppressed_vs_rest,correct_only,mean_difference,Qstar,each_layer,19.0,186,515,0.5068597974736402,0.4784575634199812,0.542859640881094,,,,,,,,
ELM,suppressed_vs_rest,correct_only,mean_difference,Qstar,each_layer,20.0,186,515,0.5006044472283119,0.4722703309322476,0.5365228625117444,,,,,,,,
ELM,suppressed_vs_rest,correct_only,mean_difference,Qstar,each_layer,21.0,186,515,0.498133938824512,0.4704909176323207,0.529307077983088,,,,,,,,
ELM,suppressed_vs_rest,correct_only,mean_difference,Qstar,each_layer,22.0,186,515,0.4953638166823259,0.4676289278630337,0.5268723248773358,,,,,,,,
ELM,suppressed_vs_rest,correct_only,mean_difference,Qstar,each_layer,23.0,186,515,0.4908502975258377,0.4639871072136966,0.5229757803528552,,,,,,,,
ELM,suppressed_vs_rest,correct_only,mean_difference,Qstar,each_layer,24.0,186,515,0.4925441069005115,0.467137749243136,0.5245850297525838,,,,,,,,
ELM,suppressed_vs_rest,correct_only,mean_difference,Qstar,each_layer,25.0,186,515,0.4911854055746946,0.4657947071719386,0.5219764589205553,,,,,,,,
ELM,suppressed_vs_rest,correct_only,mean_difference,Qstar,each_layer,26.0,186,515,0.4917235619584508,0.4651652051362355,0.5221280927027874,,,,,,,,
ELM,suppressed_vs_rest,correct_only,mean_difference,Qstar,each_layer,27.0,186,515,0.4875555903538992,0.4599892995093433,0.5180864390854996,,,,,,,,
ELM,suppressed_vs_rest,correct_only,mean_difference,Qstar,each_layer,28.0,186,515,0.4871959494728051,0.4596022549326652,0.5171507986219855,,,,,,,,
ELM,suppressed_vs_rest,correct_only,mean_difference,Qstar,each_layer,29.0,186,515,0.4848063472178724,0.4587302954379372,0.5143626683369871,,,,,,,,
ELM,suppressed_vs_rest,correct_only,mean_difference,Qstar,each_layer,30.0,186,515,0.4872079549013467,0.4598976928698194,0.5159847061279883,,,,,,,,
ELM,suppressed_vs_rest,correct_only,mean_difference,Qstar,each_layer,31.0,186,515,0.4888276438041549,0.4612710094999478,0.51740891533563,,,,,,,,
ELM,suppressed_vs_rest,correct_only,mean_difference,Qstar,each_layer,32.0,186,515,0.4931673452343668,0.4673089570936423,0.5201174444096461,,,,,,,,
ELM,suppressed_vs_rest,mean_all_choices,mean_difference,Qstar,per_fold_selected,0.0,186,515,0.4978494623655914,0.4978494623655913,0.4978494623655914,0.5,0.5,0.5,0.264500132573392,0.2645001325733919,0.264500132573392,0.5785701021949559,0.1949349195926576
ELM,suppressed_vs_rest,mean_all_choices,logistic_regression,Qstar,per_fold_selected,0.0,186,515,0.4978494623655914,0.4978494623655913,0.4978494623655914,0.5,0.5,0.5,0.264500132573392,0.2645001325733919,0.264500132573392,0.5785701021949559,0.1949349195926576
ELM,suppressed_vs_rest,mean_all_choices,mean_difference,Qstar,each_layer,0.0,186,515,0.5726693809374674,0.5726693809374673,0.5726693809374673,,,,,,,,
ELM,suppressed_vs_rest,mean_all_choices,mean_difference,Qstar,each_layer,1.0,186,515,0.5340395657166719,0.5035729199290113,0.5574086543480531,,,,,,,,
ELM,suppressed_vs_rest,mean_all_choices,mean_difference,Qstar,each_layer,2.0,186,515,0.5400375822110867,0.511264484810523,0.5569326130076209,,,,,,,,
ELM,suppressed_vs_rest,mean_all_choices,mean_difference,Qstar,each_layer,3.0,186,515,0.5466369140828896,0.5200263597452761,0.5621218290009395,,,,,,,,
ELM,suppressed_vs_rest,mean_all_choices,mean_difference,Qstar,each_layer,4.0,186,515,0.5728045725023488,0.54897640672304,0.5879395030796534,,,,,,,,
ELM,suppressed_vs_rest,mean_all_choices,mean_difference,Qstar,each_layer,5.0,186,515,0.5700234888819293,0.5484090197306608,0.5875281866583151,,,,,,,,
ELM,suppressed_vs_rest,mean_all_choices,mean_difference,Qstar,each_layer,6.0,186,515,0.5659291157740892,0.5478377179246268,0.5813495667606222,,,,,,,,
ELM,suppressed_vs_rest,mean_all_choices,mean_difference,Qstar,each_layer,7.0,186,515,0.568040505271949,0.5522966906775237,0.5809745276124857,,,,,,,,
ELM,suppressed_vs_rest,mean_all_choices,mean_difference,Qstar,each_layer,8.0,186,515,0.557530535546508,0.534609562584821,0.5785389915440025,,,,,,,,
ELM,suppressed_vs_rest,mean_all_choices,mean_difference,Qstar,each_layer,9.0,186,515,0.5524976511118072,0.5273997807704354,0.5775840379997912,,,,,,,,
ELM,suppressed_vs_rest,mean_all_choices,mean_difference,Qstar,each_layer,10.0,186,515,0.5559014510909281,0.5366932873995197,0.5735418624073494,,,,,,,,
ELM,suppressed_vs_rest,mean_all_choices,mean_difference,Qstar,each_layer,11.0,186,515,0.5508393360476043,0.5355561645265685,0.5660481261091972,,,,,,,,
ELM,suppressed_vs_rest,mean_all_choices,mean_difference,Qstar,each_layer,12.0,186,515,0.545151894769809,0.5304603820858127,0.5597249190938511,,,,,,,,
ELM,suppressed_vs_rest,mean_all_choices,mean_difference,Qstar,each_layer,13.0,186,515,0.5479282806138428,0.5309849671155653,0.5590421755924417,,,,,,,,
ELM,suppressed_vs_rest,mean_all_choices,mean_difference,Qstar,each_layer,14.0,186,515,0.54716776281449,0.5299819918571875,0.5653959181542958,,,,,,,,
ELM,suppressed_vs_rest,mean_all_choices,mean_difference,Qstar,each_layer,15.0,186,515,0.5423541079444618,0.5187830149284894,0.5637164630963566,,,,,,,,
ELM,suppressed_vs_rest,mean_all_choices,mean_difference,Qstar,each_layer,16.0,186,515,0.5301148345338762,0.4943579705606013,0.5577920450986533,,,,,,,,
ELM,suppressed_vs_rest,mean_all_choices,mean_difference,Qstar,each_layer,17.0,186,515,0.5229084455579914,0.4855331976197933,0.5495539722309218,,,,,,,,
ELM,suppressed_vs_rest,mean_all_choices,mean_difference,Qstar,each_layer,18.0,186,515,0.5208633469046873,0.4830485958868358,0.5399230086647876,,,,,,,,
ELM,suppressed_vs_rest,mean_all_choices,mean_difference,Qstar,each_layer,19.0,186,515,0.5192139054181022,0.4828074433656958,0.5356495980791315,,,,,,,,
ELM,suppressed_vs_rest,mean_all_choices,mean_difference,Qstar,each_layer,20.0,186,515,0.5183364651842572,0.4814709259839231,0.5355271949055225,,,,,,,,
ELM,suppressed_vs_rest,mean_all_choices,mean_difference,Qstar,each_layer,21.0,186,515,0.5189764067230399,0.4839589205553815,0.5347917319135609,,,,,,,,
ELM,suppressed_vs_rest,mean_all_choices,mean_difference,Qstar,each_layer,22.0,186,515,0.518496189581376,0.4841176010021923,0.5341194279152313,,,,,,,,
ELM,suppressed_vs_rest,mean_all_choices,mean_difference,Qstar,each_layer,23.0,186,515,0.5184105856561227,0.4827361937571772,0.534368410063681,,,,,,,,
ELM,suppressed_vs_rest,mean_all_choices,mean_difference,Qstar,each_layer,24.0,186,515,0.5181699551101367,0.4828854786512162,0.5343180394613216,,,,,,,,
ELM,suppressed_vs_rest,mean_all_choices,mean_difference,Qstar,each_layer,25.0,186,515,0.5208231548178307,0.4870283954483766,0.5358476876500678,,,,,,,,
ELM,suppressed_vs_rest,mean_all_choices,mean_difference,Qstar,each_layer,26.0,186,515,0.5217240839336047,0.4877046142603612,0.5361324250965653,,,,,,,,
ELM,suppressed_vs_rest,mean_all_choices,mean_difference,Qstar,each_layer,27.0,186,515,0.5227497651111808,0.4890267773253993,0.5367259108466437,,,,,,,,
ELM,suppressed_vs_rest,mean_all_choices,mean_difference,Qstar,each_layer,28.0,186,515,0.5234335525628979,0.4901153565090302,0.5368869401816473,,,,,,,,
ELM,suppressed_vs_rest,mean_all_choices,mean_difference,Qstar,each_layer,29.0,186,515,0.52512057626057,0.4928768660611755,0.5381984027560288,,,,,,,,
ELM,suppressed_vs_rest,mean_all_choices,mean_difference,Qstar,each_layer,30.0,186,515,0.5256587326443262,0.4935455162334273,0.5389296899467586,,,,,,,,
ELM,suppressed_vs_rest,mean_all_choices,mean_difference,Qstar,each_layer,31.0,186,515,0.5256884852281032,0.4947392734105856,0.5394542749765111,,,,,,,,
ELM,suppressed_vs_rest,mean_all_choices,mean_difference,Qstar,each_layer,32.0,186,515,0.5223796847270071,0.4916006368096879,0.5355162334272888,,,,,,,,
ELM,suppressed_vs_rest,correct_minus_mean_wrong,mean_difference,Qstar,per_fold_selected,3.7,186,515,0.5554820440547028,0.5080719542749765,0.6105945297003862,0.5158625639419564,0.5001413247729408,0.5326329731704771,0.3212774418885342,0.2741684449339729,0.3647884407956425,0.5753112433882912,0.1930132849642347
ELM,suppressed_vs_rest,correct_minus_mean_wrong,logistic_regression,Qstar,per_fold_selected,3.7,186,515,0.5491410898841215,0.502240447854682,0.5916647092598393,0.5257299822528448,0.4971363138114625,0.551987159411212,0.3075532659138947,0.2667925276004204,0.360867037692858,1.3375481432556224,0.2298978759047635
ELM,suppressed_vs_rest,correct_minus_mean_wrong,mean_difference,Qstar,each_layer,0.0,186,515,0.5726693809374674,0.5726693809374673,0.5726693809374673,,,,,,,,
ELM,suppressed_vs_rest,correct_minus_mean_wrong,mean_difference,Qstar,each_layer,1.0,186,515,0.5514239482200647,0.5298984758325503,0.5643574485854472,,,,,,,,
ELM,suppressed_vs_rest,correct_minus_mean_wrong,mean_difference,Qstar,each_layer,2.0,186,515,0.5674271844660194,0.5472379684727007,0.5805261509552145,,,,,,,,
ELM,suppressed_vs_rest,correct_minus_mean_wrong,mean_difference,Qstar,each_layer,3.0,186,515,0.5783166301284058,0.5533033197619793,0.5896575842989874,,,,,,,,
ELM,suppressed_vs_rest,correct_minus_mean_wrong,mean_difference,Qstar,each_layer,4.0,186,515,0.5713028499843407,0.5398822946027768,0.5920980791314333,,,,,,,,
ELM,suppressed_vs_rest,correct_minus_mean_wrong,mean_difference,Qstar,each_layer,5.0,186,515,0.5895317882868776,0.5616222987785782,0.6065283432508612,,,,,,,,
ELM,suppressed_vs_rest,correct_minus_mean_wrong,mean_difference,Qstar,each_layer,6.0,186,515,0.5948569788078086,0.5663500887357762,0.6125842989873682,,,,,,,,
ELM,suppressed_vs_rest,correct_minus_mean_wrong,mean_difference,Qstar,each_layer,7.0,186,515,0.596959494728051,0.5706978807808748,0.6159006681281971,,,,,,,,
ELM,suppressed_vs_rest,correct_minus_mean_wrong,mean_difference,Qstar,each_layer,8.0,186,515,0.6395495354421129,0.6151996554963983,0.6586968890280822,,,,,,,,
ELM,suppressed_vs_rest,correct_minus_mean_wrong,mean_difference,Qstar,each_layer,9.0,186,515,0.6511974110032362,0.6278387618749348,0.6680167554024429,,,,,,,,
ELM,suppressed_vs_rest,correct_minus_mean_wrong,mean_difference,Qstar,each_layer,10.0,186,515,0.6629653408497755,0.6490787138532206,0.6762211608727424,,,,,,,,
ELM,suppressed_vs_rest,correct_minus_mean_wrong,mean_difference,Qstar,each_layer,11.0,186,515,0.6620644117340015,0.653404321954275,0.6707931412464767,,,,,,,,
ELM,suppressed_vs_rest,correct_minus_mean_wrong,mean_difference,Qstar,each_layer,12.0,186,515,0.652202735149807,0.6427074851237081,0.6615171207850506,,,,,,,,
ELM,suppressed_vs_rest,correct_minus_mean_wrong,mean_difference,Qstar,each_layer,13.0,186,515,0.6549535442112956,0.6440672303998329,0.6650824720743292,,,,,,,,
ELM,suppressed_vs_rest,correct_minus_mean_wrong,mean_difference,Qstar,each_layer,14.0,186,515,0.6341705814803216,0.6208487316003758,0.6469297421442739,,,,,,,,
ELM,suppressed_vs_rest,correct_minus_mean_wrong,mean_difference,Qstar,each_layer,15.0,186,515,0.624913352124439,0.6066969412255977,0.6384233740473954,,,,,,,,
ELM,suppressed_vs_rest,correct_minus_mean_wrong,mean_difference,Qstar,each_layer,16.0,186,515,0.5921740265163378,0.5696842050318405,0.6074522392734106,,,,,,,,
ELM,suppressed_vs_rest,correct_minus_mean_wrong,mean_difference,Qstar,each_layer,17.0,186,515,0.5629027038312976,0.539427393256081,0.5802265372168285,,,,,,,,
ELM,suppressed_vs_rest,correct_minus_mean_wrong,mean_difference,Qstar,each_layer,18.0,186,515,0.5440599227476773,0.5247883390750601,0.5578719072972126,,,,,,,,
ELM,suppressed_vs_rest,correct_minus_mean_wrong,mean_difference,Qstar,each_layer,19.0,186,515,0.5336214636183317,0.5157268504019209,0.5467533145422278,,,,,,,,
ELM,suppressed_vs_rest,correct_minus_mean_wrong,mean_difference,Qstar,each_layer,20.0,186,515,0.5312125482827017,0.5104126213592233,0.5455365904582942,,,,,,,,
ELM,suppressed_vs_rest,correct_minus_mean_wrong,mean_difference,Qstar,each_layer,21.0,186,515,0.5293741517903747,0.506837352542019,0.5448742039878901,,,,,,,,
ELM,suppressed_vs_rest,correct_minus_mean_wrong,mean_difference,Qstar,each_layer,22.0,186,515,0.5285243762396911,0.5066142081636914,0.5436272053450255,,,,,,,,
ELM,suppressed_vs_rest,correct_minus_mean_wrong,mean_difference,Qstar,each_layer,23.0,186,515,0.5266259526046561,0.5040440025054808,0.5421461008455997,,,,,,,,
ELM,suppressed_vs_rest,correct_minus_mean_wrong,mean_difference,Qstar,each_layer,24.0,186,515,0.5261426036120681,0.5032072763336465,0.5420242196471448,,,,,,,,
ELM,suppressed_vs_rest,correct_minus_mean_wrong,mean_difference,Qstar,each_layer,25.0,186,515,0.5261859275498486,0.5030167554024428,0.5418086439085499,,,,,,,,
ELM,suppressed_vs_rest,correct_minus_mean_wrong,mean_difference,Qstar,each_layer,26.0,186,515,0.5252495041236036,0.502319918571876,0.5408176740787138,,,,,,,,
ELM,suppressed_vs_rest,correct_minus_mean_wrong,mean_difference,Qstar,each_layer,27.0,186,515,0.5246429689946759,0.5017828061384279,0.5405475519365278,,,,,,,,
ELM,suppressed_vs_rest,correct_minus_mean_wrong,mean_difference,Qstar,each_layer,28.0,186,515,0.5252954379371542,0.5021776803424157,0.5411065873264432,,,,,,,,
ELM,suppressed_vs_rest,correct_minus_mean_wrong,mean_difference,Qstar,each_layer,29.0,186,515,0.5250172251800815,0.5027153147510178,0.540872481469882,,,,,,,,
ELM,suppressed_vs_rest,correct_minus_mean_wrong,mean_difference,Qstar,each_layer,30.0,186,515,0.5227168806764797,0.4986968890280823,0.5395865956780457,,,,,,,,
ELM,suppressed_vs_rest,correct_minus_mean_wrong,mean_difference,Qstar,each_layer,31.0,186,515,0.522440233844869,0.4975044367888088,0.539368671051258,,,,,,,,
ELM,suppressed_vs_rest,correct_minus_mean_wrong,mean_difference,Qstar,each_layer,32.0,186,515,0.5200229669067752,0.4946896857709573,0.5368866791940704,,,,,,,,
ELM,forgotten_vs_retained,correct_only,mean_difference,Qstar,per_fold_selected,21.8,45,418,0.6436523125996809,0.5868328017012228,0.6912347155768207,0.5081286549707602,0.4981758373205742,0.5244072301967039,0.1803696587177591,0.1451824262737324,0.2387927489579885,0.3117535124740319,0.0864525516402096
ELM,forgotten_vs_retained,correct_only,logistic_regression,Qstar,per_fold_selected,21.8,45,418,0.665311004784689,0.6328149920255184,0.7057868155236575,0.5592052099946837,0.5205828017012227,0.603083466241361,0.2109700183177188,0.1604187174980343,0.2544725200727739,0.6838282704258963,0.1106807108483318
ELM,forgotten_vs_retained,correct_only,mean_difference,Qstar,each_layer,0.0,45,418,0.4048910154173312,0.4048910154173312,0.4048910154173312,,,,,,,,
ELM,forgotten_vs_retained,correct_only,mean_difference,Qstar,each_layer,1.0,45,418,0.5122727272727273,0.4755542264752791,0.5518221690590112,,,,,,,,
ELM,forgotten_vs_retained,correct_only,mean_difference,Qstar,each_layer,2.0,45,418,0.5215098351940457,0.4788636363636363,0.5649096225412015,,,,,,,,
ELM,forgotten_vs_retained,correct_only,mean_difference,Qstar,each_layer,3.0,45,418,0.525598086124402,0.4813264221158958,0.5639300903774588,,,,,,,,
ELM,forgotten_vs_retained,correct_only,mean_difference,Qstar,each_layer,4.0,45,418,0.5216400850611378,0.4734569377990431,0.56061004784689,,,,,,,,
ELM,forgotten_vs_retained,correct_only,mean_difference,Qstar,each_layer,5.0,45,418,0.4991281233386496,0.4478694843168527,0.5407602339181287,,,,,,,,
ELM,forgotten_vs_retained,correct_only,mean_difference,Qstar,each_layer,6.0,45,418,0.543758639021797,0.4852379053694843,0.5944218500797448,,,,,,,,
ELM,forgotten_vs_retained,correct_only,mean_difference,Qstar,each_layer,7.0,45,418,0.5589207868155237,0.5036456671982987,0.5992490696438064,,,,,,,,
ELM,forgotten_vs_retained,correct_only,mean_difference,Qstar,each_layer,8.0,45,418,0.5662519936204147,0.5152698032961192,0.6066214779372674,,,,,,,,
ELM,forgotten_vs_retained,correct_only,mean_difference,Qstar,each_layer,9.0,45,418,0.604893673577884,0.5677472089314194,0.6337506645401382,,,,,,,,
ELM,forgotten_vs_retained,correct_only,mean_difference,Qstar,each_layer,10.0,45,418,0.5977671451355662,0.5612187666135035,0.6267450824029771,,,,,,,,
ELM,forgotten_vs_retained,correct_only,mean_difference,Qstar,each_layer,11.0,45,418,0.6030223285486442,0.5759170653907496,0.6293846358320042,,,,,,,,
ELM,forgotten_vs_retained,correct_only,mean_difference,Qstar,each_layer,12.0,45,418,0.59914673046252,0.5737892078681552,0.6201475279106858,,,,,,,,
ELM,forgotten_vs_retained,correct_only,mean_difference,Qstar,each_layer,13.0,45,418,0.6282801701222754,0.6022049441786285,0.6507456140350877,,,,,,,,
ELM,forgotten_vs_retained,correct_only,mean_difference,Qstar,each_layer,14.0,45,418,0.6448431685273792,0.6260459861775651,0.6631259968102073,,,,,,,,
ELM,forgotten_vs_retained,correct_only,mean_difference,Qstar,each_layer,15.0,45,418,0.6393195108984583,0.6248617756512493,0.655544922913344,,,,,,,,
ELM,forgotten_vs_retained,correct_only,mean_difference,Qstar,each_layer,16.0,45,418,0.6496836788942053,0.6363357256778309,0.6642344497607655,,,,,,,,
ELM,forgotten_vs_retained,correct_only,mean_difference,Qstar,each_layer,17.0,45,418,0.6477591706539074,0.6332748538011697,0.6636842105263158,,,,,,,,
ELM,forgotten_vs_retained,correct_only,mean_difference,Qstar,each_layer,18.0,45,418,0.6437480063795854,0.628264221158958,0.6556671982987772,,,,,,,,
ELM,forgotten_vs_retained,correct_only,mean_difference,Qstar,each_layer,19.0,45,418,0.6274561403508773,0.6147182349813929,0.6404066985645933,,,,,,,,
ELM,forgotten_vs_retained,correct_only,mean_difference,Qstar,each_layer,20.0,45,418,0.6287692716640085,0.6148258904837852,0.6423338649654439,,,,,,,,
ELM,forgotten_vs_retained,correct_only,mean_difference,Qstar,each_layer,21.0,45,418,0.6329186602870813,0.6194457735247209,0.6466985645933014,,,,,,,,
ELM,forgotten_vs_retained,correct_only,mean_difference,Qstar,each_layer,22.0,45,418,0.6318155236576289,0.6187799043062201,0.6454904306220096,,,,,,,,
ELM,forgotten_vs_retained,correct_only,mean_difference,Qstar,each_layer,23.0,45,418,0.6412280701754385,0.6273923444976076,0.6546451355661882,,,,,,,,
ELM,forgotten_vs_retained,correct_only,mean_difference,Qstar,each_layer,24.0,45,418,0.6453668261562997,0.6313902179691653,0.6594152046783626,,,,,,,,
ELM,forgotten_vs_retained,correct_only,mean_difference,Qstar,each_layer,25.0,45,418,0.6385832004253058,0.6255887825624667,0.6520095693779904,,,,,,,,
ELM,forgotten_vs_retained,correct_only,mean_difference,Qstar,each_layer,26.0,45,418,0.6393939393939394,0.6268633705475811,0.6520667198298776,,,,,,,,
ELM,forgotten_vs_retained,correct_only,mean_difference,Qstar,each_layer,27.0,45,418,0.6370069112174376,0.6247833599149388,0.6483133971291866,,,,,,,,
ELM,forgotten_vs_retained,correct_only,mean_difference,Qstar,each_layer,28.0,45,418,0.6354518872939925,0.6231645401382243,0.646901913875598,,,,,,,,
ELM,forgotten_vs_retained,correct_only,mean_difference,Qstar,each_layer,29.0,45,418,0.6342902711323763,0.621410154173312,0.6454279638490165,,,,,,,,
ELM,forgotten_vs_retained,correct_only,mean_difference,Qstar,each_layer,30.0,45,418,0.6327299308878256,0.6189114832535885,0.6438343965975545,,,,,,,,
ELM,forgotten_vs_retained,correct_only,mean_difference,Qstar,each_layer,31.0,45,418,0.6327963849016481,0.6185114300903775,0.6445627325890484,,,,,,,,
ELM,forgotten_vs_retained,correct_only,mean_difference,Qstar,each_layer,32.0,45,418,0.6376900584795322,0.6256366294524189,0.6476488569909623,,,,,,,,
ELM,forgotten_vs_retained,mean_all_choices,mean_difference,Qstar,per_fold_selected,24.0,45,418,0.6548989898989899,0.6177246145667198,0.6968221690590112,0.501581605528974,0.4969796650717703,0.5105429292929293,0.1906393153736409,0.156927025959932,0.2287456615530894,0.3104375114077539,0.0858710618943372
ELM,forgotten_vs_retained,mean_all_choices,logistic_regression,Qstar,per_fold_selected,24.0,45,418,0.5892743221690591,0.5402511961722488,0.6223405103668261,0.5244045720361511,0.4905382775119617,0.5515217969165338,0.1402258569416065,0.1151472328361881,0.1750135058094271,0.8823976058520266,0.1296548118405991
ELM,forgotten_vs_retained,mean_all_choices,mean_difference,Qstar,each_layer,0.0,45,418,0.4048910154173312,0.4048910154173312,0.4048910154173312,,,,,,,,
ELM,forgotten_vs_retained,mean_all_choices,mean_difference,Qstar,each_layer,1.0,45,418,0.4768686868686869,0.4246212121212121,0.5294657097288676,,,,,,,,
ELM,forgotten_vs_retained,mean_all_choices,mean_difference,Qstar,each_layer,2.0,45,418,0.4597953216374268,0.4102884104199893,0.5175212652844231,,,,,,,,
ELM,forgotten_vs_retained,mean_all_choices,mean_difference,Qstar,each_layer,3.0,45,418,0.4640616693248273,0.4123272195640616,0.5225584795321637,,,,,,,,
ELM,forgotten_vs_retained,mean_all_choices,mean_difference,Qstar,each_layer,4.0,45,418,0.4741015417331207,0.4193553960659223,0.5365045188729398,,,,,,,,
ELM,forgotten_vs_retained,mean_all_choices,mean_difference,Qstar,each_layer,5.0,45,418,0.463261562998405,0.4116679957469431,0.523234981392876,,,,,,,,
ELM,forgotten_vs_retained,mean_all_choices,mean_difference,Qstar,each_layer,6.0,45,418,0.4950451887293992,0.4312971823498139,0.5528056884635831,,,,,,,,
ELM,forgotten_vs_retained,mean_all_choices,mean_difference,Qstar,each_layer,7.0,45,418,0.5050318979266347,0.4453668261562998,0.572097288676236,,,,,,,,
ELM,forgotten_vs_retained,mean_all_choices,mean_difference,Qstar,each_layer,8.0,45,418,0.5106645401382244,0.4557682083997874,0.5792238171185539,,,,,,,,
ELM,forgotten_vs_retained,mean_all_choices,mean_difference,Qstar,each_layer,9.0,45,418,0.555879851143009,0.5060047846889952,0.6156964380648591,,,,,,,,
ELM,forgotten_vs_retained,mean_all_choices,mean_difference,Qstar,each_layer,10.0,45,418,0.5582615629984051,0.5084343434343435,0.6216081871345028,,,,,,,,
ELM,forgotten_vs_retained,mean_all_choices,mean_difference,Qstar,each_layer,11.0,45,418,0.5631951089845826,0.5142477405635301,0.6197036150983519,,,,,,,,
ELM,forgotten_vs_retained,mean_all_choices,mean_difference,Qstar,each_layer,12.0,45,418,0.5718793195108984,0.526398192450824,0.6196517809675705,,,,,,,,
ELM,forgotten_vs_retained,mean_all_choices,mean_difference,Qstar,each_layer,13.0,45,418,0.5986443381180224,0.5618553960659224,0.6334502923976608,,,,,,,,
ELM,forgotten_vs_retained,mean_all_choices,mean_difference,Qstar,each_layer,14.0,45,418,0.6420760233918128,0.619611908559277,0.6651621477937267,,,,,,,,
ELM,forgotten_vs_retained,mean_all_choices,mean_difference,Qstar,each_layer,15.0,45,418,0.6484662413609783,0.6280435938330675,0.6665948963317384,,,,,,,,
ELM,forgotten_vs_retained,mean_all_choices,mean_difference,Qstar,each_layer,16.0,45,418,0.6406539074960127,0.615219298245614,0.6643288144603935,,,,,,,,
ELM,forgotten_vs_retained,mean_all_choices,mean_difference,Qstar,each_layer,17.0,45,418,0.6429638490164805,0.6189048378522063,0.6634197235513025,,,,,,,,
ELM,forgotten_vs_retained,mean_all_choices,mean_difference,Qstar,each_layer,18.0,45,418,0.644377990430622,0.6227126528442318,0.6613636363636364,,,,,,,,
ELM,forgotten_vs_retained,mean_all_choices,mean_difference,Qstar,each_layer,19.0,45,418,0.6485911749069645,0.6294750132908027,0.6635765550239234,,,,,,,,
ELM,forgotten_vs_retained,mean_all_choices,mean_difference,Qstar,each_layer,20.0,45,418,0.6486762360446571,0.6265364167995747,0.6654279638490165,,,,,,,,
ELM,forgotten_vs_retained,mean_all_choices,mean_difference,Qstar,each_layer,21.0,45,418,0.6634263689526847,0.6417809675704412,0.6791507177033493,,,,,,,,
ELM,forgotten_vs_retained,mean_all_choices,mean_difference,Qstar,each_layer,22.0,45,418,0.6637161084529506,0.6414513556618819,0.6786124401913876,,,,,,,,
ELM,forgotten_vs_retained,mean_all_choices,mean_difference,Qstar,each_layer,23.0,45,418,0.6650983519404572,0.640349548112706,0.6817729930887826,,,,,,,,
ELM,forgotten_vs_retained,mean_all_choices,mean_difference,Qstar,each_layer,24.0,45,418,0.6693646996278575,0.6460194045720361,0.6852737905369485,,,,,,,,
ELM,forgotten_vs_retained,mean_all_choices,mean_difference,Qstar,each_layer,25.0,45,418,0.6704678362573099,0.6477365762892079,0.6848710792131845,,,,,,,,
ELM,forgotten_vs_retained,mean_all_choices,mean_difference,Qstar,each_layer,26.0,45,418,0.6682057416267944,0.644259702286018,0.6833200425305688,,,,,,,,
ELM,forgotten_vs_retained,mean_all_choices,mean_difference,Qstar,each_layer,27.0,45,418,0.6666852737905369,0.641202817650186,0.6827804359383307,,,,,,,,
ELM,forgotten_vs_retained,mean_all_choices,mean_difference,Qstar,each_layer,28.0,45,418,0.6674827219564062,0.6415948963317385,0.683989898989899,,,,,,,,
ELM,forgotten_vs_retained,mean_all_choices,mean_difference,Qstar,each_layer,29.0,45,418,0.6656831472620948,0.6403561935140882,0.6812745879851142,,,,,,,,
ELM,forgotten_vs_retained,mean_all_choices,mean_difference,Qstar,each_layer,30.0,45,418,0.6683732057416267,0.6424242424242425,0.6853841041998937,,,,,,,,
ELM,forgotten_vs_retained,mean_all_choices,mean_difference,Qstar,each_layer,31.0,45,418,0.6700026581605528,0.6446570972886763,0.6872913343965976,,,,,,,,
ELM,forgotten_vs_retained,mean_all_choices,mean_difference,Qstar,each_layer,32.0,45,418,0.6720839978734716,0.6513304093567251,0.6872767145135567,,,,,,,,
ELM,forgotten_vs_retained,correct_minus_mean_wrong,mean_difference,Qstar,per_fold_selected,13.0,45,418,0.8433492822966508,0.8086523125996811,0.8702830940988836,0.590370813397129,0.5658160552897396,0.6103203083466241,0.4152958162310494,0.3603937534723269,0.4635352683361846,0.2475216892355791,0.0725356054980943
ELM,forgotten_vs_retained,correct_minus_mean_wrong,logistic_regression,Qstar,per_fold_selected,13.0,45,418,0.8604917597022862,0.840903774587985,0.8798418394471027,0.6882987772461456,0.6270992822966507,0.7268028973950026,0.4793804081133193,0.4285236060081435,0.5301006255383897,0.501468989508848,0.0838880437149156
ELM,forgotten_vs_retained,correct_minus_mean_wrong,mean_difference,Qstar,each_layer,0.0,45,418,0.4048910154173312,0.4048910154173312,0.4048910154173312,,,,,,,,
ELM,forgotten_vs_retained,correct_minus_mean_wrong,mean_difference,Qstar,each_layer,1.0,45,418,0.7659223817118554,0.7499136097820308,0.7765816055289739,,,,,,,,
ELM,forgotten_vs_retained,correct_minus_mean_wrong,mean_difference,Qstar,each_layer,2.0,45,418,0.7626555023923445,0.7468314726209463,0.7743328017012228,,,,,,,,
ELM,forgotten_vs_retained,correct_minus_mean_wrong,mean_difference,Qstar,each_layer,3.0,45,418,0.7616905901116426,0.7499534821903243,0.771771664008506,,,,,,,,
ELM,forgotten_vs_retained,correct_minus_mean_wrong,mean_difference,Qstar,each_layer,4.0,45,418,0.742589048378522,0.7311469962785753,0.7505887825624667,,,,,,,,
ELM,forgotten_vs_retained,correct_minus_mean_wrong,mean_difference,Qstar,each_layer,5.0,45,418,0.7396278575225944,0.7302392344497608,0.7463104731525785,,,,,,,,
ELM,forgotten_vs_retained,correct_minus_mean_wrong,mean_difference,Qstar,each_layer,6.0,45,418,0.7406113769271664,0.7325531632110579,0.7484090909090909,,,,,,,,
ELM,forgotten_vs_retained,correct_minus_mean_wrong,mean_difference,Qstar,each_layer,7.0,45,418,0.7601913875598086,0.7520800106326422,0.7667690058479532,,,,,,,,
ELM,forgotten_vs_retained,correct_minus_mean_wrong,mean_difference,Qstar,each_layer,8.0,45,418,0.8193168527379052,0.8045720361509835,0.8282309941520468,,,,,,,,
ELM,forgotten_vs_retained,correct_minus_mean_wrong,mean_difference,Qstar,each_layer,9.0,45,418,0.8107309941520467,0.7982549175970228,0.8201847421584264,,,,,,,,
ELM,forgotten_vs_retained,correct_minus_mean_wrong,mean_difference,Qstar,each_layer,10.0,45,418,0.8126262626262626,0.794312865497076,0.8253934077618288,,,,,,,,
ELM,forgotten_vs_retained,correct_minus_mean_wrong,mean_difference,Qstar,each_layer,11.0,45,418,0.8503561935140882,0.8368846358320042,0.8599641148325359,,,,,,,,
ELM,forgotten_vs_retained,correct_minus_mean_wrong,mean_difference,Qstar,each_layer,12.0,45,418,0.8462307283359916,0.8293567251461988,0.8545002658160553,,,,,,,,
ELM,forgotten_vs_retained,correct_minus_mean_wrong,mean_difference,Qstar,each_layer,13.0,45,418,0.8604492291334397,0.8518607123870281,0.8677950558213716,,,,,,,,
ELM,forgotten_vs_retained,correct_minus_mean_wrong,mean_difference,Qstar,each_layer,14.0,45,418,0.7999096225412013,0.7954253056884636,0.8044883040935673,,,,,,,,
ELM,forgotten_vs_retained,correct_minus_mean_wrong,mean_difference,Qstar,each_layer,15.0,45,418,0.7784662413609782,0.7734370015948964,0.7831658692185008,,,,,,,,
ELM,forgotten_vs_retained,correct_minus_mean_wrong,mean_difference,Qstar,each_layer,16.0,45,418,0.743708133971292,0.7353734715576821,0.7485313662945242,,,,,,,,
ELM,forgotten_vs_retained,correct_minus_mean_wrong,mean_difference,Qstar,each_layer,17.0,45,418,0.7215337586390218,0.712008240297714,0.7273179160021265,,,,,,,,
ELM,forgotten_vs_retained,correct_minus_mean_wrong,mean_difference,Qstar,each_layer,18.0,45,418,0.7111323763955342,0.7013530037214247,0.7180023923444977,,,,,,,,
ELM,forgotten_vs_retained,correct_minus_mean_wrong,mean_difference,Qstar,each_layer,19.0,45,418,0.706501860712387,0.6972873471557682,0.7124707602339182,,,,,,,,
ELM,forgotten_vs_retained,correct_minus_mean_wrong,mean_difference,Qstar,each_layer,20.0,45,418,0.7103827751196172,0.7013437001594897,0.7164593301435407,,,,,,,,
ELM,forgotten_vs_retained,correct_minus_mean_wrong,mean_difference,Qstar,each_layer,21.0,45,418,0.7118607123870282,0.7030422647527911,0.7183413078149921,,,,,,,,
ELM,forgotten_vs_retained,correct_minus_mean_wrong,mean_difference,Qstar,each_layer,22.0,45,418,0.712801701222754,0.7037161084529505,0.7195122275385433,,,,,,,,
ELM,forgotten_vs_retained,correct_minus_mean_wrong,mean_difference,Qstar,each_layer,23.0,45,418,0.7139526847421583,0.7042597022860181,0.7205595427963849,,,,,,,,
ELM,forgotten_vs_retained,correct_minus_mean_wrong,mean_difference,Qstar,each_layer,24.0,45,418,0.7150292397660819,0.706333067517278,0.7215058479532164,,,,,,,,
ELM,forgotten_vs_retained,correct_minus_mean_wrong,mean_difference,Qstar,each_layer,25.0,45,418,0.7152578415736309,0.7068048910154173,0.7225292397660819,,,,,,,,
ELM,forgotten_vs_retained,correct_minus_mean_wrong,mean_difference,Qstar,each_layer,26.0,45,418,0.7159489633173843,0.7077060074428495,0.7229213184476343,,,,,,,,
ELM,forgotten_vs_retained,correct_minus_mean_wrong,mean_difference,Qstar,each_layer,27.0,45,418,0.7159542796384902,0.7074415204678363,0.7230914407230197,,,,,,,,
ELM,forgotten_vs_retained,correct_minus_mean_wrong,mean_difference,Qstar,each_layer,28.0,45,418,0.7152206273258905,0.7064194577352472,0.7223617756512494,,,,,,,,
ELM,forgotten_vs_retained,correct_minus_mean_wrong,mean_difference,Qstar,each_layer,29.0,45,418,0.7148750664540138,0.706113769271664,0.7221796916533758,,,,,,,,
ELM,forgotten_vs_retained,correct_minus_mean_wrong,mean_difference,Qstar,each_layer,30.0,45,418,0.7136337054758107,0.7030223285486443,0.7211416799574695,,,,,,,,
ELM,forgotten_vs_retained,correct_minus_mean_wrong,mean_difference,Qstar,each_layer,31.0,45,418,0.7137187666135034,0.703213716108453,0.7213955342902711,,,,,,,,
ELM,forgotten_vs_retained,correct_minus_mean_wrong,mean_difference,Qstar,each_layer,32.0,45,418,0.7075970228601808,0.6946504518872939,0.7169338118022328,,,,,,,,
ELM,suppressed_vs_forgotten,correct_only,mean_difference,full,per_fold_selected,16.3,356,165,0.5953064351378958,0.5817934967654068,0.6124046646237657,0.5058090738849166,0.49272557030984,0.5207324651004426,0.7589910845019928,0.7467622222387473,0.7720545785468678,0.6180771066530355,0.2142029896375851
ELM,suppressed_vs_forgotten,correct_only,logistic_regression,full,per_fold_selected,16.3,356,165,0.5912921348314607,0.5448838100102145,0.6352791964589718,0.5463219271365338,0.5246263193735103,0.5769933180115764,0.7571262909567926,0.7149548637642209,0.7938342011144978,2.381206659621559,0.3420541572677431
ELM,suppressed_vs_retained,correct_only,mean_difference,full,per_fold_selected,13.3,356,595,0.5778363705032575,0.5446795628363705,0.6006472476631102,0.5353826362005476,0.505149537343027,0.5495813072419979,0.4520273797848587,0.4149592006938123,0.4763501049475196,0.6554934599093005,0.2313023455933628
ELM,suppressed_vs_retained,correct_only,logistic_regression,full,per_fold_selected,13.3,356,595,0.6099239920687376,0.5783594561420073,0.6352105561325653,0.5793518081389859,0.5518025328108772,0.598766169389104,0.4759348660755884,0.4462946698105388,0.5004878994999795,1.16238172587103,0.2989951679038425
ELM,suppressed_vs_rest,correct_only,mean_difference,full,per_fold_selected,10.0,356,917,0.5223467768615293,0.494818686973889,0.5423564566919485,0.4994474685405511,0.4940414670456912,0.5030958226630562,0.2929924418978297,0.2787266374665532,0.3049146102966191,0.6032285396384247,0.2056353258031523
ELM,suppressed_vs_rest,correct_only,logistic_regression,full,per_fold_selected,10.0,356,917,0.5721513423106612,0.5405210413782118,0.6013017227647557,0.5371537010035167,0.5128933196917158,0.5617760804038572,0.3347945176628568,0.3060653913928864,0.3591879935169972,0.8392362874698899,0.2492905569993204
ELM,forgotten_vs_retained,correct_only,mean_difference,full,per_fold_selected,15.5,165,595,0.687868601986249,0.6618416093710211,0.7052261268143621,0.5369353195823783,0.5147924624395214,0.5591023682200152,0.3833785700946085,0.3478491495331447,0.4191428344320672,0.4855105219922325,0.1571470740507956
ELM,forgotten_vs_retained,correct_only,logistic_regression,full,per_fold_selected,15.5,165,595,0.6832854596384007,0.6486468041762159,0.7169579831932773,0.6183447924624395,0.5867207792207793,0.6512057550292843,0.3931608910660568,0.3387978215902242,0.4436436172695377,1.9258051561419496,0.2324151202948063
GradDiff,suppressed_vs_forgotten,correct_only,mean_difference,Qstar,per_fold_selected,16.2,138,21,0.570824706694272,0.4962646652864045,0.650103519668737,0.5022256728778467,0.479981884057971,0.5288819875776397,0.9032308335026314,0.8772257450808519,0.9279516466450404,0.437744732815306,0.1270219003559009
GradDiff,suppressed_vs_forgotten,correct_only,logistic_regression,Qstar,per_fold_selected,16.2,138,21,0.6082988267770877,0.5555728088336785,0.6748533471359557,0.5478778467908902,0.4873964803312629,0.600297619047619,0.902184281615084,0.8805234417329079,0.9261056511511324,0.8820818834299777,0.1451499210617825
GradDiff,suppressed_vs_forgotten,correct_only,mean_difference,Qstar,each_layer,0.0,138,21,0.63216011042098,0.63216011042098,0.63216011042098,,,,,,,,
GradDiff,suppressed_vs_forgotten,correct_only,mean_difference,Qstar,each_layer,1.0,138,21,0.473222912353347,0.3971963423050379,0.5579623878536922,,,,,,,,
GradDiff,suppressed_vs_forgotten,correct_only,mean_difference,Qstar,each_layer,2.0,138,21,0.464423740510697,0.3848171152518979,0.5617839889579019,,,,,,,,
GradDiff,suppressed_vs_forgotten,correct_only,mean_difference,Qstar,each_layer,3.0,138,21,0.4510006901311248,0.370867839889579,0.5549775707384402,,,,,,,,
GradDiff,suppressed_vs_forgotten,correct_only,mean_difference,Qstar,each_layer,4.0,138,21,0.541287094547964,0.4569530710835059,0.6141735679779157,,,,,,,,
GradDiff,suppressed_vs_forgotten,correct_only,mean_difference,Qstar,each_layer,5.0,138,21,0.523809523809524,0.4380348516218081,0.5996463077984816,,,,,,,,
GradDiff,suppressed_vs_forgotten,correct_only,mean_difference,Qstar,each_layer,6.0,138,21,0.5606107660455486,0.4647342995169082,0.6401138716356106,,,,,,,,
GradDiff,suppressed_vs_forgotten,correct_only,mean_difference,Qstar,each_layer,7.0,138,21,0.5522946859903383,0.4669427191166321,0.6198585231193926,,,,,,,,
GradDiff,suppressed_vs_forgotten,correct_only,mean_difference,Qstar,each_layer,8.0,138,21,0.568823326432022,0.4835921325051759,0.6267857142857143,,,,,,,,
GradDiff,suppressed_vs_forgotten,correct_only,mean_difference,Qstar,each_layer,9.0,138,21,0.5673567977915803,0.4730417529330573,0.6364820565907522,,,,,,,,
GradDiff,suppressed_vs_forgotten,correct_only,mean_difference,Qstar,each_layer,10.0,138,21,0.5620945479641131,0.4719547964113181,0.6260179434092478,,,,,,,,
GradDiff,suppressed_vs_forgotten,correct_only,mean_difference,Qstar,each_layer,11.0,138,21,0.5674603174603176,0.5010955831608006,0.6326345755693582,,,,,,,,
GradDiff,suppressed_vs_forgotten,correct_only,mean_difference,Qstar,each_layer,12.0,138,21,0.5524844720496895,0.4830400276052449,0.617615596963423,,,,,,,,
GradDiff,suppressed_vs_forgotten,correct_only,mean_difference,Qstar,each_layer,13.0,138,21,0.5795893719806763,0.5208333333333334,0.6294513457556936,,,,,,,,
GradDiff,suppressed_vs_forgotten,correct_only,mean_difference,Qstar,each_layer,14.0,138,21,0.5899068322981366,0.536947895100069,0.6339630779848171,,,,,,,,
GradDiff,suppressed_vs_forgotten,correct_only,mean_difference,Qstar,each_layer,15.0,138,21,0.5793305728088336,0.5294254658385092,0.6248188405797102,,,,,,,,
GradDiff,suppressed_vs_forgotten,correct_only,mean_difference,Qstar,each_layer,16.0,138,21,0.6136818495514149,0.5726104209799863,0.6567460317460317,,,,,,,,
GradDiff,suppressed_vs_forgotten,correct_only,mean_difference,Qstar,each_layer,17.0,138,21,0.6303830227743271,0.5972912353347136,0.6632505175983436,,,,,,,,
GradDiff,suppressed_vs_forgotten,correct_only,mean_difference,Qstar,each_layer,18.0,138,21,0.6355762594893031,0.6116632160110421,0.6632332643202208,,,,,,,,
GradDiff,suppressed_vs_forgotten,correct_only,mean_difference,Qstar,each_layer,19.0,138,21,0.6200828157349897,0.5976621808143547,0.6391304347826087,,,,,,,,
GradDiff,suppressed_vs_forgotten,correct_only,mean_difference,Qstar,each_layer,20.0,138,21,0.6185990338164251,0.5946514837819186,0.639095928226363,,,,,,,,
GradDiff,suppressed_vs_forgotten,correct_only,mean_difference,Qstar,each_layer,21.0,138,21,0.6160973084886128,0.5928916494133886,0.6378968253968254,,,,,,,,
GradDiff,suppressed_vs_forgotten,correct_only,mean_difference,Qstar,each_layer,22.0,138,21,0.6142684610075915,0.5908730158730159,0.6368616287094547,,,,,,,,
GradDiff,suppressed_vs_forgotten,correct_only,mean_difference,Qstar,each_layer,23.0,138,21,0.6122325741890959,0.5882936507936508,0.6349378881987577,,,,,,,,
GradDiff,suppressed_vs_forgotten,correct_only,mean_difference,Qstar,each_layer,24.0,138,21,0.6113181504485852,0.5847481021394065,0.6351363008971704,,,,,,,,
GradDiff,suppressed_vs_forgotten,correct_only,mean_difference,Qstar,each_layer,25.0,138,21,0.6143374741200828,0.5860334713595583,0.6360593512767426,,,,,,,,
GradDiff,suppressed_vs_forgotten,correct_only,mean_difference,Qstar,each_layer,26.0,138,21,0.6140614216701173,0.5880175983436853,0.6359644582470669,,,,,,,,
GradDiff,suppressed_vs_forgotten,correct_only,mean_difference,Qstar,each_layer,27.0,138,21,0.6154244306418221,0.5939527260179434,0.6345841959972395,,,,,,,,
GradDiff,suppressed_vs_forgotten,correct_only,mean_difference,Qstar,each_layer,28.0,138,21,0.6166321601104209,0.5947722567287785,0.6361283643892339,,,,,,,,
GradDiff,suppressed_vs_forgotten,correct_only,mean_difference,Qstar,each_layer,29.0,138,21,0.614751552795031,0.5932971014492754,0.6350155279503106,,,,,,,,
GradDiff,suppressed_vs_forgotten,correct_only,mean_difference,Qstar,each_layer,30.0,138,21,0.6185300207039337,0.6008885438233265,0.6378364389233955,,,,,,,,
GradDiff,suppressed_vs_forgotten,correct_only,mean_difference,Qstar,each_layer,31.0,138,21,0.6210144927536232,0.6001811594202898,0.6415200138026225,,,,,,,,
GradDiff,suppressed_vs_forgotten,correct_only,mean_difference,Qstar,each_layer,32.0,138,21,0.6249827467218771,0.604071773636991,0.6431590752242926,,,,,,,,
GradDiff,suppressed_vs_forgotten,mean_all_choices,mean_difference,Qstar,per_fold_selected,27.0,138,21,0.7078502415458938,0.6709799861973775,0.7395186335403727,0.5457815734989648,0.5165631469979296,0.5862707039337475,0.933137943248276,0.9238764693478132,0.9412021509560528,0.371902182906388,0.1061944789328658
GradDiff,suppressed_vs_forgotten,mean_all_choices,logistic_regression,Qstar,per_fold_selected,27.0,138,21,0.7880952380952381,0.7343857832988268,0.8375,0.623731884057971,0.5481366459627329,0.6965320910973084,0.9594339242436584,0.942850601379373,0.9708669247430562,0.5808563189295002,0.1162678440463788
GradDiff,suppressed_vs_forgotten,mean_all_choices,mean_difference,Qstar,each_layer,0.0,138,21,0.63216011042098,0.63216011042098,0.63216011042098,,,,,,,,
GradDiff,suppressed_vs_forgotten,mean_all_choices,mean_difference,Qstar,each_layer,1.0,138,21,0.4402518978605935,0.3578329882677709,0.5356884057971014,,,,,,,,
GradDiff,suppressed_vs_forgotten,mean_all_choices,mean_difference,Qstar,each_layer,2.0,138,21,0.4651138716356107,0.3750603864734299,0.5695220841959971,,,,,,,,
GradDiff,suppressed_vs_forgotten,mean_all_choices,mean_difference,Qstar,each_layer,3.0,138,21,0.4462215320910973,0.3605072463768116,0.5538561076604553,,,,,,,,
GradDiff,suppressed_vs_forgotten,mean_all_choices,mean_difference,Qstar,each_layer,4.0,138,21,0.5502933057280883,0.4630175983436853,0.6402518978605934,,,,,,,,
GradDiff,suppressed_vs_forgotten,mean_all_choices,mean_difference,Qstar,each_layer,5.0,138,21,0.504848171152519,0.4164251207729468,0.6024672187715665,,,,,,,,
GradDiff,suppressed_vs_forgotten,mean_all_choices,mean_difference,Qstar,each_layer,6.0,138,21,0.5752587991718426,0.465467563837129,0.6853864734299516,,,,,,,,
GradDiff,suppressed_vs_forgotten,mean_all_choices,mean_difference,Qstar,each_layer,7.0,138,21,0.5784334023464457,0.4842218771566597,0.667330917874396,,,,,,,,
GradDiff,suppressed_vs_forgotten,mean_all_choices,mean_difference,Qstar,each_layer,8.0,138,21,0.6146480331262941,0.5359817115251898,0.6828243616287094,,,,,,,,
GradDiff,suppressed_vs_forgotten,mean_all_choices,mean_difference,Qstar,each_layer,9.0,138,21,0.6122670807453415,0.5271394064872326,0.6882591442374051,,,,,,,,
GradDiff,suppressed_vs_forgotten,mean_all_choices,mean_difference,Qstar,each_layer,10.0,138,21,0.5986542443064182,0.5189182194616977,0.6674171842650103,,,,,,,,
GradDiff,suppressed_vs_forgotten,mean_all_choices,mean_difference,Qstar,each_layer,11.0,138,21,0.6133022774327122,0.5434178743961353,0.6816252587991718,,,,,,,,
GradDiff,suppressed_vs_forgotten,mean_all_choices,mean_difference,Qstar,each_layer,12.0,138,21,0.593944099378882,0.526043823326432,0.6606625258799171,,,,,,,,
GradDiff,suppressed_vs_forgotten,mean_all_choices,mean_difference,Qstar,each_layer,13.0,138,21,0.631832298136646,0.5781573498964803,0.6865251897860594,,,,,,,,
GradDiff,suppressed_vs_forgotten,mean_all_choices,mean_difference,Qstar,each_layer,14.0,138,21,0.6650276052449966,0.6120427881297447,0.7086180124223602,,,,,,,,
GradDiff,suppressed_vs_forgotten,mean_all_choices,mean_difference,Qstar,each_layer,15.0,138,21,0.6693581780538302,0.6203588681849551,0.7162957211870254,,,,,,,,
GradDiff,suppressed_vs_forgotten,mean_all_choices,mean_difference,Qstar,each_layer,16.0,138,21,0.6523982056590752,0.5983264320220841,0.7038388543823326,,,,,,,,
GradDiff,suppressed_vs_forgotten,mean_all_choices,mean_difference,Qstar,each_layer,17.0,138,21,0.65351966873706,0.6036231884057971,0.6950569358178054,,,,,,,,
GradDiff,suppressed_vs_forgotten,mean_all_choices,mean_difference,Qstar,each_layer,18.0,138,21,0.6654761904761904,0.6270272601794341,0.7017684610075915,,,,,,,,
GradDiff,suppressed_vs_forgotten,mean_all_choices,mean_difference,Qstar,each_layer,19.0,138,21,0.6583160800552105,0.6334972394755004,0.6784161490683229,,,,,,,,
GradDiff,suppressed_vs_forgotten,mean_all_choices,mean_difference,Qstar,each_layer,20.0,138,21,0.6647688060731539,0.6361628709454796,0.6858609385783299,,,,,,,,
GradDiff,suppressed_vs_forgotten,mean_all_choices,mean_difference,Qstar,each_layer,21.0,138,21,0.6901828847481021,0.6638198757763976,0.7140096618357488,,,,,,,,
GradDiff,suppressed_vs_forgotten,mean_all_choices,mean_difference,Qstar,each_layer,22.0,138,21,0.688664596273292,0.6630003450655625,0.7123533471359558,,,,,,,,
GradDiff,suppressed_vs_forgotten,mean_all_choices,mean_difference,Qstar,each_layer,23.0,138,21,0.6869392684610076,0.6600586611456176,0.7098343685300207,,,,,,,,
GradDiff,suppressed_vs_forgotten,mean_all_choices,mean_difference,Qstar,each_layer,24.0,138,21,0.6919772256728778,0.6623706004140787,0.7161663216011043,,,,,,,,
GradDiff,suppressed_vs_forgotten,mean_all_choices,mean_difference,Qstar,each_layer,25.0,138,21,0.7001207729468599,0.6724292615596963,0.7230503795721187,,,,,,,,
GradDiff,suppressed_vs_forgotten,mean_all_choices,mean_difference,Qstar,each_layer,26.0,138,21,0.7002070393374742,0.6746290545203588,0.7223084886128365,,,,,,,,
GradDiff,suppressed_vs_forgotten,mean_all_choices,mean_difference,Qstar,each_layer,27.0,138,21,0.7045031055900621,0.6808229813664596,0.7258885438233265,,,,,,,,
GradDiff,suppressed_vs_forgotten,mean_all_choices,mean_difference,Qstar,each_layer,28.0,138,21,0.7086093857832989,0.6850931677018633,0.7301501035196688,,,,,,,,
GradDiff,suppressed_vs_forgotten,mean_all_choices,mean_difference,Qstar,each_layer,29.0,138,21,0.704641131815045,0.6820048309178744,0.7230935127674258,,,,,,,,
GradDiff,suppressed_vs_forgotten,mean_all_choices,mean_difference,Qstar,each_layer,30.0,138,21,0.7153209109730849,0.693719806763285,0.7362232574189096,,,,,,,,
GradDiff,suppressed_vs_forgotten,mean_all_choices,mean_difference,Qstar,each_layer,31.0,138,21,0.7263457556935818,0.7054175293305728,0.7448498964803313,,,,,,,,
GradDiff,suppressed_vs_forgotten,mean_all_choices,mean_difference,Qstar,each_layer,32.0,138,21,0.7386473429951692,0.7195824706694273,0.7534592822636301,,,,,,,,
GradDiff,suppressed_vs_forgotten,correct_minus_mean_wrong,mean_difference,Qstar,per_fold_selected,16.7,138,21,0.7451000690131127,0.6606107660455487,0.8140614216701173,0.5530279503105591,0.5037914078674948,0.6004917184265011,0.9435718078657204,0.915953927723106,0.9647656846675158,0.3900636840924814,0.1083212273697977
GradDiff,suppressed_vs_forgotten,correct_minus_mean_wrong,logistic_regression,Qstar,per_fold_selected,16.7,138,21,0.7165976535541753,0.6353260869565217,0.7842563837129054,0.580771221532091,0.5230590062111801,0.6432065217391304,0.9432263024708624,0.9244053681398128,0.9630256902084552,0.7885068176328284,0.1380375111098715
GradDiff,suppressed_vs_forgotten,correct_minus_mean_wrong,mean_difference,Qstar,each_layer,0.0,138,21,0.63216011042098,0.63216011042098,0.63216011042098,,,,,,,,
GradDiff,suppressed_vs_forgotten,correct_minus_mean_wrong,mean_difference,Qstar,each_layer,1.0,138,21,0.6548481711525189,0.5994996549344376,0.707487922705314,,,,,,,,
GradDiff,suppressed_vs_forgotten,correct_minus_mean_wrong,mean_difference,Qstar,each_layer,2.0,138,21,0.6640441683919944,0.6046497584541063,0.7179865424430641,,,,,,,,
GradDiff,suppressed_vs_forgotten,correct_minus_mean_wrong,mean_difference,Qstar,each_layer,3.0,138,21,0.6665113871635611,0.6050293305728088,0.7220841959972395,,,,,,,,
GradDiff,suppressed_vs_forgotten,correct_minus_mean_wrong,mean_difference,Qstar,each_layer,4.0,138,21,0.6600586611456177,0.5996808143547274,0.7058229813664596,,,,,,,,
GradDiff,suppressed_vs_forgotten,correct_minus_mean_wrong,mean_difference,Qstar,each_layer,5.0,138,21,0.6329192546583852,0.5601708074534162,0.6848861283643892,,,,,,,,
GradDiff,suppressed_vs_forgotten,correct_minus_mean_wrong,mean_difference,Qstar,each_layer,6.0,138,21,0.591632160110421,0.5202898550724637,0.6518374741200827,,,,,,,,
GradDiff,suppressed_vs_forgotten,correct_minus_mean_wrong,mean_difference,Qstar,each_layer,7.0,138,21,0.5496376811594204,0.4737836438923395,0.6066166321601103,,,,,,,,
GradDiff,suppressed_vs_forgotten,correct_minus_mean_wrong,mean_difference,Qstar,each_layer,8.0,138,21,0.5581090407177364,0.4649240855762595,0.6374051069703243,,,,,,,,
GradDiff,suppressed_vs_forgotten,correct_minus_mean_wrong,mean_difference,Qstar,each_layer,9.0,138,21,0.5654589371980676,0.4641821946169772,0.6562111801242236,,,,,,,,
GradDiff,suppressed_vs_forgotten,correct_minus_mean_wrong,mean_difference,Qstar,each_layer,10.0,138,21,0.5623015873015873,0.4698153899240855,0.6590148378191856,,,,,,,,
GradDiff,suppressed_vs_forgotten,correct_minus_mean_wrong,mean_difference,Qstar,each_layer,11.0,138,21,0.6251380262249828,0.5673136645962733,0.6924861973775017,,,,,,,,
GradDiff,suppressed_vs_forgotten,correct_minus_mean_wrong,mean_difference,Qstar,each_layer,12.0,138,21,0.596583850931677,0.5445134575569358,0.6635006901311249,,,,,,,,
GradDiff,suppressed_vs_forgotten,correct_minus_mean_wrong,mean_difference,Qstar,each_layer,13.0,138,21,0.7601104209799862,0.7282781228433403,0.7964803312629399,,,,,,,,
GradDiff,suppressed_vs_forgotten,correct_minus_mean_wrong,mean_difference,Qstar,each_layer,14.0,138,21,0.7828674948240165,0.7650534851621809,0.8021825396825397,,,,,,,,
GradDiff,suppressed_vs_forgotten,correct_minus_mean_wrong,mean_difference,Qstar,each_layer,15.0,138,21,0.7764665286404416,0.7565303657694963,0.7937543133195307,,,,,,,,
GradDiff,suppressed_vs_forgotten,correct_minus_mean_wrong,mean_difference,Qstar,each_layer,16.0,138,21,0.7843512767425811,0.7670289855072464,0.7987491373360939,,,,,,,,
GradDiff,suppressed_vs_forgotten,correct_minus_mean_wrong,mean_difference,Qstar,each_layer,17.0,138,21,0.7730331262939958,0.7563578329882678,0.7851794340924776,,,,,,,,
GradDiff,suppressed_vs_forgotten,correct_minus_mean_wrong,mean_difference,Qstar,each_layer,18.0,138,21,0.7577467218771566,0.7404761904761905,0.7683661145617667,,,,,,,,
GradDiff,suppressed_vs_forgotten,correct_minus_mean_wrong,mean_difference,Qstar,each_layer,19.0,138,21,0.7590234644582472,0.7447722567287786,0.7674603174603174,,,,,,,,
GradDiff,suppressed_vs_forgotten,correct_minus_mean_wrong,mean_difference,Qstar,each_layer,20.0,138,21,0.7648205659075225,0.750327812284334,0.7743616287094548,,,,,,,,
GradDiff,suppressed_vs_forgotten,correct_minus_mean_wrong,mean_difference,Qstar,each_layer,21.0,138,21,0.7660973084886129,0.7537439613526571,0.774180469289165,,,,,,,,
GradDiff,suppressed_vs_forgotten,correct_minus_mean_wrong,mean_difference,Qstar,each_layer,22.0,138,21,0.768840579710145,0.7567977915804003,0.7762336093857833,,,,,,,,
GradDiff,suppressed_vs_forgotten,correct_minus_mean_wrong,mean_difference,Qstar,each_layer,23.0,138,21,0.7683057280883367,0.7570134575569358,0.77675983436853,,,,,,,,
GradDiff,suppressed_vs_forgotten,correct_minus_mean_wrong,mean_difference,Qstar,each_layer,24.0,138,21,0.7692028985507247,0.756651138716356,0.776923740510697,,,,,,,,
GradDiff,suppressed_vs_forgotten,correct_minus_mean_wrong,mean_difference,Qstar,each_layer,25.0,138,21,0.769271911663216,0.75716011042098,0.7769409937888199,,,,,,,,
GradDiff,suppressed_vs_forgotten,correct_minus_mean_wrong,mean_difference,Qstar,each_layer,26.0,138,21,0.7688923395445134,0.7573930296756384,0.7760869565217391,,,,,,,,
GradDiff,suppressed_vs_forgotten,correct_minus_mean_wrong,mean_difference,Qstar,each_layer,27.0,138,21,0.7727225672877847,0.7610248447204969,0.7803916494133886,,,,,,,,
GradDiff,suppressed_vs_forgotten,correct_minus_mean_wrong,mean_difference,Qstar,each_layer,28.0,138,21,0.7751897860593513,0.7611542443064182,0.78385955831608,,,,,,,,
GradDiff,suppressed_vs_forgotten,correct_minus_mean_wrong,mean_difference,Qstar,each_layer,29.0,138,21,0.7752070393374741,0.7641131815044859,0.7836438923395446,,,,,,,,
GradDiff,suppressed_vs_forgotten,correct_minus_mean_wrong,mean_difference,Qstar,each_layer,30.0,138,21,0.7744133885438234,0.7641131815044859,0.7815907522429262,,,,,,,,
GradDiff,suppressed_vs_forgotten,correct_minus_mean_wrong,mean_difference,Qstar,each_layer,31.0,138,21,0.7763975155279503,0.7648378191856453,0.786128364389234,,,,,,,,
GradDiff,suppressed_vs_forgotten,correct_minus_mean_wrong,mean_difference,Qstar,each_layer,32.0,138,21,0.7880607315389925,0.7737146307798481,0.799404761904762,,,,,,,,
GradDiff,suppressed_vs_retained,correct_only,mean_difference,Qstar,per_fold_selected,13.7,138,519,0.5938391834911061,0.5592419228728602,0.6253574320739438,0.5053227360308284,0.495831239004775,0.5141283404540504,0.2748654996970247,0.257980781472602,0.2903937197224839,0.5122791490078825,0.1655524739232081
GradDiff,suppressed_vs_retained,correct_only,logistic_regression,Qstar,per_fold_selected,13.7,138,519,0.5657730864818074,0.5284214347546843,0.5997783502275837,0.5350957108151129,0.5115753539415263,0.5690348286839239,0.2548136998314471,0.2342968714721588,0.2958156229541042,2.361046735126084,0.275754678758793
GradDiff,suppressed_vs_retained,correct_only,mean_difference,Qstar,each_layer,0.0,138,519,0.488327608835274,0.4883276088352741,0.4883276088352741,,,,,,,,
GradDiff,suppressed_vs_retained,correct_only,mean_difference,Qstar,each_layer,1.0,138,519,0.5311524391946609,0.4993615788444891,0.5724211834352573,,,,,,,,
GradDiff,suppressed_vs_retained,correct_only,mean_difference,Qstar,each_layer,2.0,138,519,0.5256199212532462,0.4895032252659797,0.5620727569741141,,,,,,,,
GradDiff,suppressed_vs_retained,correct_only,mean_difference,Qstar,each_layer,3.0,138,519,0.5265030297953144,0.495529655692385,0.5528259473346179,,,,,,,,
GradDiff,suppressed_vs_retained,correct_only,mean_difference,Qstar,each_layer,4.0,138,519,0.5256855435480717,0.4980711233978386,0.5454835804641032,,,,,,,,
GradDiff,suppressed_vs_retained,correct_only,mean_difference,Qstar,each_layer,5.0,138,519,0.5189962581329759,0.4951669877970456,0.5427180196029153,,,,,,,,
GradDiff,suppressed_vs_retained,correct_only,mean_difference,Qstar,each_layer,6.0,138,519,0.5306665549691435,0.507110245455307,0.5563301080673536,,,,,,,,
GradDiff,suppressed_vs_retained,correct_only,mean_difference,Qstar,each_layer,7.0,138,519,0.5408743123621232,0.5143873390857558,0.5706755605819441,,,,,,,,
GradDiff,suppressed_vs_retained,correct_only,mean_difference,Qstar,each_layer,8.0,138,519,0.5887597386277961,0.5616207310602888,0.6200196866884476,,,,,,,,
GradDiff,suppressed_vs_retained,correct_only,mean_difference,Qstar,each_layer,9.0,138,519,0.6010855603027003,0.5729904917483455,0.6314536734522911,,,,,,,,
GradDiff,suppressed_vs_retained,correct_only,mean_difference,Qstar,each_layer,10.0,138,519,0.6072149618832201,0.5832467677529252,0.6350562676272653,,,,,,,,
GradDiff,suppressed_vs_retained,correct_only,mean_difference,Qstar,each_layer,11.0,138,519,0.612093351204937,0.5933550445393874,0.6352897852615118,,,,,,,,
GradDiff,suppressed_vs_retained,correct_only,mean_difference,Qstar,each_layer,12.0,138,519,0.6184272988746473,0.6009710703415152,0.6352520873474631,,,,,,,,
GradDiff,suppressed_vs_retained,correct_only,mean_difference,Qstar,each_layer,13.0,138,519,0.6092960263606154,0.5928325095641004,0.6267609812627405,,,,,,,,
GradDiff,suppressed_vs_retained,correct_only,mean_difference,Qstar,each_layer,14.0,138,519,0.6010513529362485,0.5806023288933568,0.6175155678422831,,,,,,,,
GradDiff,suppressed_vs_retained,correct_only,mean_difference,Qstar,each_layer,15.0,138,519,0.6005654687107314,0.5797024657228226,0.6141004160732736,,,,,,,,
GradDiff,suppressed_vs_retained,correct_only,mean_difference,Qstar,each_layer,16.0,138,519,0.5940939934656949,0.5797897294127503,0.6058379408561615,,,,,,,,
GradDiff,suppressed_vs_retained,correct_only,mean_difference,Qstar,each_layer,17.0,138,519,0.5866535422077015,0.5711785484906873,0.5982603110776018,,,,,,,,
GradDiff,suppressed_vs_retained,correct_only,mean_difference,Qstar,each_layer,18.0,138,519,0.570926530954176,0.5582966825835637,0.5817779453240625,,,,,,,,
GradDiff,suppressed_vs_retained,correct_only,mean_difference,Qstar,each_layer,19.0,138,519,0.5691833514841809,0.5585755773365725,0.5783139258886935,,,,,,,,
GradDiff,suppressed_vs_retained,correct_only,mean_difference,Qstar,each_layer,20.0,138,519,0.5672412108011505,0.5570564910223116,0.5760227304459523,,,,,,,,
GradDiff,suppressed_vs_retained,correct_only,mean_difference,Qstar,each_layer,21.0,138,519,0.5647405825025831,0.5542986093658373,0.5733905085029739,,,,,,,,
GradDiff,suppressed_vs_retained,correct_only,mean_difference,Qstar,each_layer,22.0,138,519,0.5640340956689286,0.5540186674485493,0.5725227583703331,,,,,,,,
GradDiff,suppressed_vs_retained,correct_only,mean_difference,Qstar,each_layer,23.0,138,519,0.5624382173075313,0.5523166764401999,0.5711775013264081,,,,,,,,
GradDiff,suppressed_vs_retained,correct_only,mean_difference,Qstar,each_layer,24.0,138,519,0.5626497444919158,0.5524269777442685,0.5716731590851973,,,,,,,,
GradDiff,suppressed_vs_retained,correct_only,mean_difference,Qstar,each_layer,25.0,138,519,0.5595487420066461,0.5487280444556142,0.569113191477479,,,,,,,,
GradDiff,suppressed_vs_retained,correct_only,mean_difference,Qstar,each_layer,26.0,138,519,0.5586733126692915,0.5481601323615649,0.5680709139649828,,,,,,,,
GradDiff,suppressed_vs_retained,correct_only,mean_difference,Qstar,each_layer,27.0,138,519,0.5578816564742677,0.5468626958197202,0.5666017424813604,,,,,,,,
GradDiff,suppressed_vs_retained,correct_only,mean_difference,Qstar,each_layer,28.0,138,519,0.5590551785764151,0.548644969422803,0.5671905978609925,,,,,,,,
GradDiff,suppressed_vs_retained,correct_only,mean_difference,Qstar,each_layer,29.0,138,519,0.5579682220546759,0.5471656753511491,0.5661978861243752,,,,,,,,
GradDiff,suppressed_vs_retained,correct_only,mean_difference,Qstar,each_layer,30.0,138,519,0.55784256234118,0.5472962218312809,0.5662425651336181,,,,,,,,
GradDiff,suppressed_vs_retained,correct_only,mean_difference,Qstar,each_layer,31.0,138,519,0.5598370612381671,0.5491685515623691,0.5679661975370696,,,,,,,,
GradDiff,suppressed_vs_retained,correct_only,mean_difference,Qstar,each_layer,32.0,138,519,0.5596499678869621,0.5518105470386194,0.5662820083214655,,,,,,,,
GradDiff,suppressed_vs_retained,mean_all_choices,mean_difference,Qstar,per_fold_selected,14.7,138,519,0.5559814023624027,0.5274985339700092,0.5887230878780263,0.5008523917232134,0.4975674373795761,0.5071735988941946,0.2540212347806784,0.229162248537473,0.2726464770017037,0.5162592753322108,0.1667133334889065
GradDiff,suppressed_vs_retained,mean_all_choices,logistic_regression,Qstar,per_fold_selected,14.7,138,519,0.5244554745748513,0.4734316969646198,0.5620769456312307,0.5137105219066768,0.4796321311887409,0.5369245832286169,0.2316783592042194,0.192912567251209,0.2518586505194708,2.2765733170987863,0.2857732952600421
GradDiff,suppressed_vs_retained,mean_all_choices,mean_difference,Qstar,each_layer,0.0,138,519,0.488327608835274,0.4883276088352741,0.4883276088352741,,,,,,,,
GradDiff,suppressed_vs_retained,mean_all_choices,mean_difference,Qstar,each_layer,1.0,138,519,0.5164628186869956,0.4888351344558934,0.5390644634330234,,,,,,,,
GradDiff,suppressed_vs_retained,mean_all_choices,mean_difference,Qstar,each_layer,2.0,138,519,0.5208267012928989,0.4989570243779844,0.542221314679847,,,,,,,,
GradDiff,suppressed_vs_retained,mean_all_choices,mean_difference,Qstar,each_layer,3.0,138,519,0.5251500935466755,0.5080209293233923,0.5417734774231382,,,,,,,,
GradDiff,suppressed_vs_retained,mean_all_choices,mean_difference,Qstar,each_layer,4.0,138,519,0.5419005333556728,0.5280636536259808,0.5531976906537098,,,,,,,,
GradDiff,suppressed_vs_retained,mean_all_choices,mean_difference,Qstar,each_layer,5.0,138,519,0.5352203233643293,0.5205603725112395,0.547822247354165,,,,,,,,
GradDiff,suppressed_vs_retained,mean_all_choices,mean_difference,Qstar,each_layer,6.0,138,519,0.5323029236826673,0.5153744659462177,0.5457862109407724,,,,,,,,
GradDiff,suppressed_vs_retained,mean_all_choices,mean_difference,Qstar,each_layer,7.0,138,519,0.5386333808047806,0.5216846778922678,0.5532832090698389,,,,,,,,
GradDiff,suppressed_vs_retained,mean_all_choices,mean_difference,Qstar,each_layer,8.0,138,519,0.5623558403842395,0.5427368685599396,0.5779428806791209,,,,,,,,
GradDiff,suppressed_vs_retained,mean_all_choices,mean_difference,Qstar,each_layer,9.0,138,519,0.5633583256541287,0.545363156572003,0.5800714166038368,,,,,,,,
GradDiff,suppressed_vs_retained,mean_all_choices,mean_difference,Qstar,each_layer,10.0,138,519,0.5596576470916756,0.5426321521320265,0.5787341878193851,,,,,,,,
GradDiff,suppressed_vs_retained,mean_all_choices,mean_difference,Qstar,each_layer,11.0,138,519,0.5617994470972606,0.5469611292619586,0.5802372176146994,,,,,,,,
GradDiff,suppressed_vs_retained,mean_all_choices,mean_difference,Qstar,each_layer,12.0,138,519,0.5636878333472956,0.5426419256652983,0.584995183044316,,,,,,,,
GradDiff,suppressed_vs_retained,mean_all_choices,mean_difference,Qstar,each_layer,13.0,138,519,0.5574111306581777,0.534796221831281,0.5796902488062327,,,,,,,,
GradDiff,suppressed_vs_retained,mean_all_choices,mean_difference,Qstar,each_layer,14.0,138,519,0.5546347490994388,0.5344084219932423,0.5724934377705174,,,,,,,,
GradDiff,suppressed_vs_retained,mean_all_choices,mean_difference,Qstar,each_layer,15.0,138,519,0.5629687805422916,0.540913406495211,0.5789170925134736,,,,,,,,
GradDiff,suppressed_vs_retained,mean_all_choices,mean_difference,Qstar,each_layer,16.0,138,519,0.5765197844237803,0.5541680628857055,0.5866682025076094,,,,,,,,
GradDiff,suppressed_vs_retained,mean_all_choices,mean_difference,Qstar,each_layer,17.0,138,519,0.5778001172823994,0.5596436849012874,0.5865847784200385,,,,,,,,
GradDiff,suppressed_vs_retained,mean_all_choices,mean_difference,Qstar,each_layer,18.0,138,519,0.5794665047052582,0.5645328949205551,0.5863393929239619,,,,,,,,
GradDiff,suppressed_vs_retained,mean_all_choices,mean_difference,Qstar,each_layer,19.0,138,519,0.5781184552232553,0.5652205327971852,0.584850325319036,,,,,,,,
GradDiff,suppressed_vs_retained,mean_all_choices,mean_difference,Qstar,each_layer,20.0,138,519,0.5794302030102483,0.5651130239311943,0.5860392058306106,,,,,,,,
GradDiff,suppressed_vs_retained,mean_all_choices,mean_difference,Qstar,each_layer,21.0,138,519,0.5818407751808105,0.5651950517997264,0.5887918516656894,,,,,,,,
GradDiff,suppressed_vs_retained,mean_all_choices,mean_difference,Qstar,each_layer,22.0,138,519,0.5822666219876576,0.5661622825388847,0.5893150847504957,,,,,,,,
GradDiff,suppressed_vs_retained,mean_all_choices,mean_difference,Qstar,each_layer,23.0,138,519,0.5815363994303427,0.5656795398062048,0.5888093044036748,,,,,,,,
GradDiff,suppressed_vs_retained,mean_all_choices,mean_difference,Qstar,each_layer,24.0,138,519,0.5820020384797967,0.5660750188489571,0.5898219122615956,,,,,,,,
GradDiff,suppressed_vs_retained,mean_all_choices,mean_difference,Qstar,each_layer,25.0,138,519,0.5819294350897769,0.5642341040462427,0.5902121554829521,,,,,,,,
GradDiff,suppressed_vs_retained,mean_all_choices,mean_difference,Qstar,each_layer,26.0,138,519,0.5825933372427466,0.5651273351763425,0.5910285945659155,,,,,,,,
GradDiff,suppressed_vs_retained,mean_all_choices,mean_difference,Qstar,each_layer,27.0,138,519,0.5815475691826534,0.5639799921811735,0.5892529530032672,,,,,,,,
GradDiff,suppressed_vs_retained,mean_all_choices,mean_difference,Qstar,each_layer,28.0,138,519,0.582092094607802,0.5637450783278881,0.5900847504956578,,,,,,,,
GradDiff,suppressed_vs_retained,mean_all_choices,mean_difference,Qstar,each_layer,29.0,138,519,0.5821856412834047,0.5651873725950127,0.5900344866102595,,,,,,,,
GradDiff,suppressed_vs_retained,mean_all_choices,mean_difference,Qstar,each_layer,30.0,138,519,0.5840481974812208,0.5662341878193851,0.5925030018709334,,,,,,,,
GradDiff,suppressed_vs_retained,mean_all_choices,mean_difference,Qstar,each_layer,31.0,138,519,0.5843902711457373,0.5673755968836391,0.5931564323811119,,,,,,,,
GradDiff,suppressed_vs_retained,mean_all_choices,mean_difference,Qstar,each_layer,32.0,138,519,0.5845976096730056,0.5708958141353215,0.5934890815671162,,,,,,,,
GradDiff,suppressed_vs_retained,correct_minus_mean_wrong,mean_difference,Qstar,per_fold_selected,11.1,138,519,0.7314121359358855,0.70908554634051,0.7487748177934154,0.5525906844265728,0.5310719820725476,0.5684117659378404,0.4133636898549142,0.3787762071884487,0.4444725336014484,0.4640974675579917,0.1485113197680464
GradDiff,suppressed_vs_retained,correct_minus_mean_wrong,logistic_regression,Qstar,per_fold_selected,11.1,138,519,0.7394417916282706,0.7103634358158109,0.7695474155985591,0.645727569741141,0.615127858758482,0.6773665912708386,0.4412524381610526,0.3940924633027717,0.4843469679767216,1.564620153234627,0.2027469993937578
GradDiff,suppressed_vs_retained,correct_minus_mean_wrong,mean_difference,Qstar,each_layer,0.0,138,519,0.488327608835274,0.4883276088352741,0.4883276088352741,,,,,,,,
GradDiff,suppressed_vs_retained,correct_minus_mean_wrong,mean_difference,Qstar,each_layer,1.0,138,519,0.65370416911005,0.6456979000865656,0.6611372902180894,,,,,,,,
GradDiff,suppressed_vs_retained,correct_minus_mean_wrong,mean_difference,Qstar,each_layer,2.0,138,519,0.6419452123649159,0.630249783586049,0.652729259166178,,,,,,,,
GradDiff,suppressed_vs_retained,correct_minus_mean_wrong,mean_difference,Qstar,each_layer,3.0,138,519,0.6392505096199492,0.626754349222306,0.652855966043953,,,,,,,,
GradDiff,suppressed_vs_retained,correct_minus_mean_wrong,mean_difference,Qstar,each_layer,4.0,138,519,0.6400540336768031,0.6289607243584374,0.6508412219709028,,,,,,,,
GradDiff,suppressed_vs_retained,correct_minus_mean_wrong,mean_difference,Qstar,each_layer,5.0,138,519,0.655289575828656,0.6475992013627098,0.6645723381084024,,,,,,,,
GradDiff,suppressed_vs_retained,correct_minus_mean_wrong,mean_difference,Qstar,each_layer,6.0,138,519,0.6558927424534362,0.6461768032168886,0.6674447097260617,,,,,,,,
GradDiff,suppressed_vs_retained,correct_minus_mean_wrong,mean_difference,Qstar,each_layer,7.0,138,519,0.6686325430733574,0.6566652006366758,0.6783861802239536,,,,,,,,
GradDiff,suppressed_vs_retained,correct_minus_mean_wrong,mean_difference,Qstar,each_layer,8.0,138,519,0.7209223422970596,0.7112461953031192,0.7301115579012035,,,,,,,,
GradDiff,suppressed_vs_retained,correct_minus_mean_wrong,mean_difference,Qstar,each_layer,9.0,138,519,0.7315615313730418,0.7221796375415375,0.739545111837145,,,,,,,,
GradDiff,suppressed_vs_retained,correct_minus_mean_wrong,mean_difference,Qstar,each_layer,10.0,138,519,0.7407284074725644,0.7326072994331351,0.7469283181145459,,,,,,,,
GradDiff,suppressed_vs_retained,correct_minus_mean_wrong,mean_difference,Qstar,each_layer,11.0,138,519,0.7475733713104911,0.7410502359610175,0.7546755885063249,,,,,,,,
GradDiff,suppressed_vs_retained,correct_minus_mean_wrong,mean_difference,Qstar,each_layer,12.0,138,519,0.7440800312753064,0.7387984837061239,0.7504946105945101,,,,,,,,
GradDiff,suppressed_vs_retained,correct_minus_mean_wrong,mean_difference,Qstar,each_layer,13.0,138,519,0.7466707157018794,0.7405741252687722,0.7512339085755773,,,,,,,,
GradDiff,suppressed_vs_retained,correct_minus_mean_wrong,mean_difference,Qstar,each_layer,14.0,138,519,0.722491692496719,0.7186782692468795,0.7260105135293624,,,,,,,,
GradDiff,suppressed_vs_retained,correct_minus_mean_wrong,mean_difference,Qstar,each_layer,15.0,138,519,0.7091138197760464,0.705868657675016,0.7126392728491245,,,,,,,,
GradDiff,suppressed_vs_retained,correct_minus_mean_wrong,mean_difference,Qstar,each_layer,16.0,138,519,0.6639419452123649,0.6606528022116109,0.6687749574153193,,,,,,,,
GradDiff,suppressed_vs_retained,correct_minus_mean_wrong,mean_difference,Qstar,each_layer,17.0,138,519,0.639940939934657,0.6345609589232359,0.644543925050962,,,,,,,,
GradDiff,suppressed_vs_retained,correct_minus_mean_wrong,mean_difference,Qstar,each_layer,18.0,138,519,0.6299719359973193,0.6234697439334282,0.6342667057607998,,,,,,,,
GradDiff,suppressed_vs_retained,correct_minus_mean_wrong,mean_difference,Qstar,each_layer,19.0,138,519,0.6256932227527854,0.6200441205216275,0.6298557007623355,,,,,,,,
GradDiff,suppressed_vs_retained,correct_minus_mean_wrong,mean_difference,Qstar,each_layer,20.0,138,519,0.6223297310882131,0.6164837619725783,0.6267819245483232,,,,,,,,
GradDiff,suppressed_vs_retained,correct_minus_mean_wrong,mean_difference,Qstar,each_layer,21.0,138,519,0.6207813241741365,0.6141635949847812,0.6261099941358801,,,,,,,,
GradDiff,suppressed_vs_retained,correct_minus_mean_wrong,mean_difference,Qstar,each_layer,22.0,138,519,0.6215443578788641,0.61514234453101,0.6267721510150512,,,,,,,,
GradDiff,suppressed_vs_retained,correct_minus_mean_wrong,mean_difference,Qstar,each_layer,23.0,138,519,0.6205509480327274,0.6136864371282567,0.625921853620396,,,,,,,,
GradDiff,suppressed_vs_retained,correct_minus_mean_wrong,mean_difference,Qstar,each_layer,24.0,138,519,0.6205488537041692,0.6136009187121275,0.6260590321409624,,,,,,,,
GradDiff,suppressed_vs_retained,correct_minus_mean_wrong,mean_difference,Qstar,each_layer,25.0,138,519,0.6206444947083298,0.6134909664628186,0.6263860964508112,,,,,,,,
GradDiff,suppressed_vs_retained,correct_minus_mean_wrong,mean_difference,Qstar,each_layer,26.0,138,519,0.6204469297143336,0.6134424478512189,0.6261815503616207,,,,,,,,
GradDiff,suppressed_vs_retained,correct_minus_mean_wrong,mean_difference,Qstar,each_layer,27.0,138,519,0.6197369523330821,0.6129848370612382,0.6252237441009746,,,,,,,,
GradDiff,suppressed_vs_retained,correct_minus_mean_wrong,mean_difference,Qstar,each_layer,28.0,138,519,0.6220344307614979,0.6155455027784759,0.6277303063304571,,,,,,,,
GradDiff,suppressed_vs_retained,correct_minus_mean_wrong,mean_difference,Qstar,each_layer,29.0,138,519,0.6216379045544664,0.615020524419871,0.6272943369355785,,,,,,,,
GradDiff,suppressed_vs_retained,correct_minus_mean_wrong,mean_difference,Qstar,each_layer,30.0,138,519,0.6204853257379017,0.6133310993828712,0.6265141995476251,,,,,,,,
GradDiff,suppressed_vs_retained,correct_minus_mean_wrong,mean_difference,Qstar,each_layer,31.0,138,519,0.621176454162129,0.6135831169193823,0.6273180726592388,,,,,,,,
GradDiff,suppressed_vs_retained,correct_minus_mean_wrong,mean_difference,Qstar,each_layer,32.0,138,519,0.6250600374186702,0.6173518611599788,0.6307416017424814,,,,,,,,
GradDiff,suppressed_vs_rest,correct_only,mean_difference,Qstar,per_fold_selected,0.5,138,563,0.4979602672021005,0.4853407277267228,0.5268006538471439,0.4997371096867197,0.4982238010657193,0.5005034172522974,0.196848019757438,0.1907473403047738,0.212955495165385,0.4969913508211115,0.1584732235025321
GradDiff,suppressed_vs_rest,correct_only,logistic_regression,Qstar,per_fold_selected,0.5,138,563,0.5006335753082606,0.4932129572425155,0.5432264717996241,0.5023138852421036,0.5,0.5181740224470358,0.1984032674383573,0.1948711485101422,0.2177484454742045,0.5835874611324028,0.1632715309385743
GradDiff,suppressed_vs_rest,correct_only,mean_difference,Qstar,each_layer,0.0,138,563,0.5002059361083224,0.5002059361083224,0.5002059361083224,,,,,,,,
GradDiff,suppressed_vs_rest,correct_only,mean_difference,Qstar,each_layer,1.0,138,563,0.5298549437537003,0.4776652637269287,0.5619368934538059,,,,,,,,
GradDiff,suppressed_vs_rest,correct_only,mean_difference,Qstar,each_layer,2.0,138,563,0.5244697145210698,0.4811002136587124,0.5557449738718562,,,,,,,,
GradDiff,suppressed_vs_rest,correct_only,mean_difference,Qstar,each_layer,3.0,138,563,0.5282338404510001,0.4999745797616289,0.5530011970036296,,,,,,,,
GradDiff,suppressed_vs_rest,correct_only,mean_difference,Qstar,each_layer,4.0,138,563,0.5282203258938913,0.502195150204649,0.5467520014415528,,,,,,,,
GradDiff,suppressed_vs_rest,correct_only,mean_difference,Qstar,each_layer,5.0,138,563,0.5183489072515252,0.4873294591602955,0.5399911833603624,,,,,,,,
GradDiff,suppressed_vs_rest,correct_only,mean_difference,Qstar,each_layer,6.0,138,563,0.5267530311220943,0.4923398203207454,0.5487492599171108,,,,,,,,
GradDiff,suppressed_vs_rest,correct_only,mean_difference,Qstar,each_layer,7.0,138,563,0.5350065642134528,0.4984841171776456,0.559254897418076,,,,,,,,
GradDiff,suppressed_vs_rest,correct_only,mean_difference,Qstar,each_layer,8.0,138,563,0.5751094035575464,0.5432919530465673,0.6071160578680463,,,,,,,,
GradDiff,suppressed_vs_rest,correct_only,mean_difference,Qstar,each_layer,9.0,138,563,0.5874237392848869,0.5563521636162381,0.6194928179782222,,,,,,,,
GradDiff,suppressed_vs_rest,correct_only,mean_difference,Qstar,each_layer,10.0,138,563,0.5936822663268722,0.5686002136587124,0.6225355239786855,,,,,,,,
GradDiff,suppressed_vs_rest,correct_only,mean_difference,Qstar,each_layer,11.0,138,563,0.5995031791386721,0.5814972842175715,0.6238583416994877,,,,,,,,
GradDiff,suppressed_vs_rest,correct_only,mean_difference,Qstar,each_layer,12.0,138,563,0.6046155430277755,0.5915122145854249,0.6231237289880814,,,,,,,,
GradDiff,suppressed_vs_rest,correct_only,mean_difference,Qstar,each_layer,13.0,138,563,0.5944789816459444,0.5748075784487863,0.615213851777486,,,,,,,,
GradDiff,suppressed_vs_rest,correct_only,mean_difference,Qstar,each_layer,14.0,138,563,0.5844106365999949,0.5623912399927922,0.605403570417278,,,,,,,,
GradDiff,suppressed_vs_rest,correct_only,mean_difference,Qstar,each_layer,15.0,138,563,0.5852774989059644,0.5669421062115478,0.6040418179009962,,,,,,,,
GradDiff,suppressed_vs_rest,correct_only,mean_difference,Qstar,each_layer,16.0,138,563,0.5829401240765051,0.5638340798517261,0.5986108965943316,,,,,,,,
GradDiff,suppressed_vs_rest,correct_only,mean_difference,Qstar,each_layer,17.0,138,563,0.5780394882487709,0.5600979483615208,0.5926580559631375,,,,,,,,
GradDiff,suppressed_vs_rest,correct_only,mean_difference,Qstar,each_layer,18.0,138,563,0.5629926377841274,0.5478611604499705,0.5742161556876979,,,,,,,,
GradDiff,suppressed_vs_rest,correct_only,mean_difference,Qstar,each_layer,19.0,138,563,0.5597349859706026,0.5455701212448838,0.569496357505084,,,,,,,,
GradDiff,suppressed_vs_rest,correct_only,mean_difference,Qstar,each_layer,20.0,138,563,0.5579388369758282,0.5434261332921461,0.5676432543053518,,,,,,,,
GradDiff,suppressed_vs_rest,correct_only,mean_difference,Qstar,each_layer,21.0,138,563,0.5550917702782712,0.540168159703452,0.5651607588745592,,,,,,,,
GradDiff,suppressed_vs_rest,correct_only,mean_difference,Qstar,each_layer,22.0,138,563,0.5539700620382526,0.5389994722887225,0.5637568538111052,,,,,,,,
GradDiff,suppressed_vs_rest,correct_only,mean_difference,Qstar,each_layer,23.0,138,563,0.5518836718408113,0.536919195819497,0.5620102581923958,,,,,,,,
GradDiff,suppressed_vs_rest,correct_only,mean_difference,Qstar,each_layer,24.0,138,563,0.552281385950009,0.5373487656704508,0.5623220583314027,,,,,,,,
GradDiff,suppressed_vs_rest,correct_only,mean_difference,Qstar,each_layer,25.0,138,563,0.548313254562772,0.5339476021314387,0.558668944834865,,,,,,,,
GradDiff,suppressed_vs_rest,correct_only,mean_difference,Qstar,each_layer,26.0,138,563,0.5472713465647283,0.5334961515689757,0.5577921074986486,,,,,,,,
GradDiff,suppressed_vs_rest,correct_only,mean_difference,Qstar,each_layer,27.0,138,563,0.5459243957062321,0.5335276855355626,0.5567669318094062,,,,,,,,
GradDiff,suppressed_vs_rest,correct_only,mean_difference,Qstar,each_layer,28.0,138,563,0.5469038793214405,0.535297127191289,0.5569377944242799,,,,,,,,
GradDiff,suppressed_vs_rest,correct_only,mean_difference,Qstar,each_layer,29.0,138,563,0.5453323293948052,0.5334549643473112,0.5556819059386825,,,,,,,,
GradDiff,suppressed_vs_rest,correct_only,mean_difference,Qstar,each_layer,30.0,138,563,0.5446276417741396,0.5321614281669113,0.5556944551702834,,,,,,,,
GradDiff,suppressed_vs_rest,correct_only,mean_difference,Qstar,each_layer,31.0,138,563,0.5462358740700697,0.535137526707339,0.557507336473859,,,,,,,,
GradDiff,suppressed_vs_rest,correct_only,mean_difference,Qstar,each_layer,32.0,138,563,0.5458349422091795,0.5376341802455789,0.5569809122969599,,,,,,,,
GradDiff,suppressed_vs_rest,mean_all_choices,mean_difference,Qstar,per_fold_selected,0.7,138,563,0.4945089067366849,0.4830776829613612,0.504711110253044,0.5,0.5,0.5,0.1954581241370558,0.1903284160664256,0.2038860079482637,0.4966679028207669,0.1583386948642893
GradDiff,suppressed_vs_rest,mean_all_choices,logistic_regression,Qstar,per_fold_selected,0.7,138,563,0.4943512369037505,0.4840518572862769,0.5041933740057147,0.5001435117254871,0.4962645120601333,0.505065545601977,0.1955105555309396,0.1926611046320047,0.2010864730871589,0.5873986528425195,0.1643575931273669
GradDiff,suppressed_vs_rest,mean_all_choices,mean_difference,Qstar,each_layer,0.0,138,563,0.5002059361083224,0.5002059361083224,0.5002059361083224,,,,,,,,
GradDiff,suppressed_vs_rest,mean_all_choices,mean_difference,Qstar,each_layer,1.0,138,563,0.5124919556207688,0.4779706283625505,0.534202769840657,,,,,,,,
GradDiff,suppressed_vs_rest,mean_all_choices,mean_difference,Qstar,each_layer,2.0,138,563,0.5181822277138518,0.4935522691584936,0.5358689216670528,,,,,,,,
GradDiff,suppressed_vs_rest,mean_all_choices,mean_difference,Qstar,each_layer,3.0,138,563,0.524617087548588,0.5085457049450408,0.538056671042809,,,,,,,,
GradDiff,suppressed_vs_rest,mean_all_choices,mean_difference,Qstar,each_layer,4.0,138,563,0.544654670888357,0.528014389785569,0.557460357299148,,,,,,,,
GradDiff,suppressed_vs_rest,mean_all_choices,mean_difference,Qstar,each_layer,5.0,138,563,0.5343121733982032,0.5183164079594306,0.5467706644013695,,,,,,,,
GradDiff,suppressed_vs_rest,mean_all_choices,mean_difference,Qstar,each_layer,6.0,138,563,0.5332207120240945,0.5186298169742837,0.5465087394135969,,,,,,,,
GradDiff,suppressed_vs_rest,mean_all_choices,mean_difference,Qstar,each_layer,7.0,138,563,0.540748963883955,0.5241205884624295,0.5545560146214636,,,,,,,,
GradDiff,suppressed_vs_rest,mean_all_choices,mean_difference,Qstar,each_layer,8.0,138,563,0.5604538316987154,0.5431011403711998,0.5755518444152702,,,,,,,,
GradDiff,suppressed_vs_rest,mean_all_choices,mean_difference,Qstar,each_layer,9.0,138,563,0.5609358509022575,0.5444896002265297,0.5779259016140242,,,,,,,,
GradDiff,suppressed_vs_rest,mean_all_choices,mean_difference,Qstar,each_layer,10.0,138,563,0.5560159085643679,0.5407174299173682,0.5711428810461554,,,,,,,,
GradDiff,suppressed_vs_rest,mean_all_choices,mean_difference,Qstar,each_layer,11.0,138,563,0.5569812340721291,0.543306754704353,0.5718929389656858,,,,,,,,
GradDiff,suppressed_vs_rest,mean_all_choices,mean_difference,Qstar,each_layer,12.0,138,563,0.5550988493319947,0.540296226220815,0.5688260998275285,,,,,,,,
GradDiff,suppressed_vs_rest,mean_all_choices,mean_difference,Qstar,each_layer,13.0,138,563,0.547815146600767,0.5241904136741575,0.564998262414086,,,,,,,,
GradDiff,suppressed_vs_rest,mean_all_choices,mean_difference,Qstar,each_layer,14.0,138,563,0.5449822380106573,0.5171300229103921,0.5640638273225732,,,,,,,,
GradDiff,suppressed_vs_rest,mean_all_choices,mean_difference,Qstar,each_layer,15.0,138,563,0.5519570365794012,0.5245060751151955,0.568977655932247,,,,,,,,
GradDiff,suppressed_vs_rest,mean_all_choices,mean_difference,Qstar,each_layer,16.0,138,563,0.5670116096481066,0.5418787165032048,0.5820533117100419,,,,,,,,
GradDiff,suppressed_vs_rest,mean_all_choices,mean_difference,Qstar,each_layer,17.0,138,563,0.5682999974257987,0.5455646510670065,0.5802977063865935,,,,,,,,
GradDiff,suppressed_vs_rest,mean_all_choices,mean_difference,Qstar,each_layer,18.0,138,563,0.5709417715653717,0.5526646201765902,0.5796229438566685,,,,,,,,
GradDiff,suppressed_vs_rest,mean_all_choices,mean_difference,Qstar,each_layer,19.0,138,563,0.5670914098900817,0.5467870749350013,0.5752027183566298,,,,,,,,
GradDiff,suppressed_vs_rest,mean_all_choices,mean_difference,Qstar,each_layer,20.0,138,563,0.5677381779802817,0.5475908693077972,0.5756271398048756,,,,,,,,
GradDiff,suppressed_vs_rest,mean_all_choices,mean_difference,Qstar,each_layer,21.0,138,563,0.5684962802790434,0.5483705305428991,0.5768212474579761,,,,,,,,
GradDiff,suppressed_vs_rest,mean_all_choices,mean_difference,Qstar,each_layer,22.0,138,563,0.5690909207918243,0.5486086441681468,0.577197724406003,,,,,,,,
GradDiff,suppressed_vs_rest,mean_all_choices,mean_difference,Qstar,each_layer,23.0,138,563,0.5686359307024996,0.5487322058331403,0.5767469173938785,,,,,,,,
GradDiff,suppressed_vs_rest,mean_all_choices,mean_difference,Qstar,each_layer,24.0,138,563,0.5687273148505677,0.549355806111154,0.5771095580096275,,,,,,,,
GradDiff,suppressed_vs_rest,mean_all_choices,mean_difference,Qstar,each_layer,25.0,138,563,0.5683688573120189,0.5496801554817617,0.5763398718047726,,,,,,,,
GradDiff,suppressed_vs_rest,mean_all_choices,mean_difference,Qstar,each_layer,26.0,138,563,0.5690362190130511,0.5502603161119263,0.5772794552989935,,,,,,,,
GradDiff,suppressed_vs_rest,mean_all_choices,mean_difference,Qstar,each_layer,27.0,138,563,0.5679756480551909,0.5480024197492728,0.5766423404638711,,,,,,,,
GradDiff,suppressed_vs_rest,mean_all_choices,mean_difference,Qstar,each_layer,28.0,138,563,0.5682034648750225,0.5484107524390558,0.5767604319509871,,,,,,,,
GradDiff,suppressed_vs_rest,mean_all_choices,mean_difference,Qstar,each_layer,29.0,138,563,0.5684061832316524,0.5490813318917805,0.5765593224702036,,,,,,,,
GradDiff,suppressed_vs_rest,mean_all_choices,mean_difference,Qstar,each_layer,30.0,138,563,0.5697003629623909,0.5511889592503926,0.5782039153602595,,,,,,,,
GradDiff,suppressed_vs_rest,mean_all_choices,mean_difference,Qstar,each_layer,31.0,138,563,0.5692698277859294,0.5522855690272094,0.5782286920482921,,,,,,,,
GradDiff,suppressed_vs_rest,mean_all_choices,mean_difference,Qstar,each_layer,32.0,138,563,0.569574870646382,0.5561008572090509,0.5780941900275439,,,,,,,,
GradDiff,suppressed_vs_rest,correct_minus_mean_wrong,mean_difference,Qstar,per_fold_selected,11.0,138,563,0.710515290756043,0.6728249607434293,0.7347086004067239,0.5247412927639199,0.5106312907045589,0.5365858367441502,0.3509627723221951,0.3082698005083705,0.3738019296030686,0.4595251338071854,0.1474038803814994
GradDiff,suppressed_vs_rest,correct_minus_mean_wrong,logistic_regression,Qstar,per_fold_selected,11.0,138,563,0.6896594331608618,0.6482780201817385,0.7297555152264009,0.6114526218240792,0.5810673925914485,0.6474203284680927,0.359757560114547,0.3177067553359426,0.4175258605394622,1.7740578817755337,0.2114597490886594
GradDiff,suppressed_vs_rest,correct_minus_mean_wrong,mean_difference,Qstar,each_layer,0.0,138,563,0.5002059361083224,0.5002059361083224,0.5002059361083224,,,,,,,,
GradDiff,suppressed_vs_rest,correct_minus_mean_wrong,mean_difference,Qstar,each_layer,1.0,138,563,0.6399406646587895,0.6330984374597781,0.6473727057430433,,,,,,,,
GradDiff,suppressed_vs_rest,correct_minus_mean_wrong,mean_difference,Qstar,each_layer,2.0,138,563,0.6306548768244653,0.6208320462326563,0.6426937730069245,,,,,,,,
GradDiff,suppressed_vs_rest,correct_minus_mean_wrong,mean_difference,Qstar,each_layer,3.0,138,563,0.6262819522743068,0.6139109841171776,0.6416805029989446,,,,,,,,
GradDiff,suppressed_vs_rest,correct_minus_mean_wrong,mean_difference,Qstar,each_layer,4.0,138,563,0.6288117486549797,0.6182076479522228,0.6390139521713388,,,,,,,,
GradDiff,suppressed_vs_rest,correct_minus_mean_wrong,mean_difference,Qstar,each_layer,5.0,138,563,0.6414697402630833,0.628559798697454,0.6530304785440317,,,,,,,,
GradDiff,suppressed_vs_rest,correct_minus_mean_wrong,mean_difference,Qstar,each_layer,6.0,138,563,0.6449069426210519,0.6291785723479291,0.6567714366617757,,,,,,,,
GradDiff,suppressed_vs_rest,correct_minus_mean_wrong,mean_difference,Qstar,each_layer,7.0,138,563,0.6579677967410612,0.645983924112544,0.6698635029732026,,,,,,,,
GradDiff,suppressed_vs_rest,correct_minus_mean_wrong,mean_difference,Qstar,each_layer,8.0,138,563,0.7091474245115452,0.7010962880016475,0.7207992251653924,,,,,,,,
GradDiff,suppressed_vs_rest,correct_minus_mean_wrong,mean_difference,Qstar,each_layer,9.0,138,563,0.7220531829999742,0.7157319097999846,0.733690503771205,,,,,,,,
GradDiff,suppressed_vs_rest,correct_minus_mean_wrong,mean_difference,Qstar,each_layer,10.0,138,563,0.7297185110819369,0.7229029912219733,0.7402817463381985,,,,,,,,
GradDiff,suppressed_vs_rest,correct_minus_mean_wrong,mean_difference,Qstar,each_layer,11.0,138,563,0.7302655288696682,0.7251525214302262,0.7376824465209669,,,,,,,,
GradDiff,suppressed_vs_rest,correct_minus_mean_wrong,mean_difference,Qstar,each_layer,12.0,138,563,0.7262896748783689,0.720527325147373,0.7315513424460062,,,,,,,,
GradDiff,suppressed_vs_rest,correct_minus_mean_wrong,mean_difference,Qstar,each_layer,13.0,138,563,0.7237225525780626,0.7162039539732798,0.7287464282956213,,,,,,,,
GradDiff,suppressed_vs_rest,correct_minus_mean_wrong,mean_difference,Qstar,each_layer,14.0,138,563,0.696946353643782,0.6908117100419595,0.7022051252348959,,,,,,,,
GradDiff,suppressed_vs_rest,correct_minus_mean_wrong,mean_difference,Qstar,each_layer,15.0,138,563,0.6845959790974849,0.6782013411589054,0.688877197724406,,,,,,,,
GradDiff,suppressed_vs_rest,correct_minus_mean_wrong,mean_difference,Qstar,each_layer,16.0,138,563,0.6401420959147425,0.6325726568332175,0.6455109146137411,,,,,,,,
GradDiff,suppressed_vs_rest,correct_minus_mean_wrong,mean_difference,Qstar,each_layer,17.0,138,563,0.6173488300254845,0.6104470744201611,0.6213530002316782,,,,,,,,
GradDiff,suppressed_vs_rest,correct_minus_mean_wrong,mean_difference,Qstar,each_layer,18.0,138,563,0.6067637140577136,0.5995414703838134,0.6107534043812908,,,,,,,,
GradDiff,suppressed_vs_rest,correct_minus_mean_wrong,mean_difference,Qstar,each_layer,19.0,138,563,0.6018173861559453,0.5949542435709322,0.6059126187350374,,,,,,,,
GradDiff,suppressed_vs_rest,correct_minus_mean_wrong,mean_difference,Qstar,each_layer,20.0,138,563,0.5978286611578758,0.5909349499317837,0.6025413802867661,,,,,,,,
GradDiff,suppressed_vs_rest,correct_minus_mean_wrong,mean_difference,Qstar,each_layer,21.0,138,563,0.5956309367518727,0.5878909568306433,0.6006113728215822,,,,,,,,
GradDiff,suppressed_vs_rest,correct_minus_mean_wrong,mean_difference,Qstar,each_layer,22.0,138,563,0.5962210724122842,0.5882217417046361,0.601029680541612,,,,,,,,
GradDiff,suppressed_vs_rest,correct_minus_mean_wrong,mean_difference,Qstar,each_layer,23.0,138,563,0.5950002574201354,0.5871235230519731,0.5996177310989266,,,,,,,,
GradDiff,suppressed_vs_rest,correct_minus_mean_wrong,mean_difference,Qstar,each_layer,24.0,138,563,0.5948863490102195,0.586488017092697,0.599652482817206,,,,,,,,
GradDiff,suppressed_vs_rest,correct_minus_mean_wrong,mean_difference,Qstar,each_layer,25.0,138,563,0.5948696167014186,0.5865681391098412,0.5999025021237161,,,,,,,,
GradDiff,suppressed_vs_rest,correct_minus_mean_wrong,mean_difference,Qstar,each_layer,26.0,138,563,0.594585167451798,0.5863847272633665,0.599415334517466,,,,,,,,
GradDiff,suppressed_vs_rest,correct_minus_mean_wrong,mean_difference,Qstar,each_layer,27.0,138,563,0.5937524133137694,0.5860919118593456,0.598369243442222,,,,,,,,
GradDiff,suppressed_vs_rest,correct_minus_mean_wrong,mean_difference,Qstar,each_layer,28.0,138,563,0.5959121682498004,0.5883147347285504,0.600886490591294,,,,,,,,
GradDiff,suppressed_vs_rest,correct_minus_mean_wrong,mean_difference,Qstar,each_layer,29.0,138,563,0.5954726233686,0.5877455144541406,0.6004517723376323,,,,,,,,
GradDiff,suppressed_vs_rest,correct_minus_mean_wrong,mean_difference,Qstar,each_layer,30.0,138,563,0.5942633922825444,0.5858801837979767,0.5995652817463382,,,,,,,,
GradDiff,suppressed_vs_rest,correct_minus_mean_wrong,mean_difference,Qstar,each_layer,31.0,138,563,0.5945639302906274,0.5856793960923624,0.5998979972713465,,,,,,,,
GradDiff,suppressed_vs_rest,correct_minus_mean_wrong,mean_difference,Qstar,each_layer,32.0,138,563,0.5983357788246197,0.5886648261126985,0.6037599428527299,,,,,,,,
GradDiff,forgotten_vs_retained,correct_only,mean_difference,Qstar,per_fold_selected,18.6,21,519,0.6785072024956418,0.6100857876869438,0.7344572896596017,0.502140104596752,0.4985308285163776,0.5233519130195431,0.0765377394730897,0.0518804538106956,0.1164522443176303,0.166845296749924,0.0388297917576339
GradDiff,forgotten_vs_retained,correct_only,logistic_regression,Qstar,per_fold_selected,18.6,21,519,0.7245160106431783,0.6761193687494266,0.7652032296540967,0.5317024497660335,0.4927023121387283,0.5672137352050647,0.1282859353248304,0.0782522344138689,0.1982771056069941,0.3182746011955847,0.0427605602467887
GradDiff,forgotten_vs_retained,correct_only,mean_difference,Qstar,each_layer,0.0,21,519,0.366180383521424,0.3661803835214239,0.3661803835214239,,,,,,,,
GradDiff,forgotten_vs_retained,correct_only,mean_difference,Qstar,each_layer,1.0,21,519,0.401720341315717,0.3237934672905771,0.4863336085879438,,,,,,,,
GradDiff,forgotten_vs_retained,correct_only,mean_difference,Qstar,each_layer,2.0,21,519,0.4058353977429122,0.3236879530232131,0.5003371868978804,,,,,,,,
GradDiff,forgotten_vs_retained,correct_only,mean_difference,Qstar,each_layer,3.0,21,519,0.3941233140655106,0.3020712909441233,0.4944536195981282,,,,,,,,
GradDiff,forgotten_vs_retained,correct_only,mean_difference,Qstar,each_layer,4.0,21,519,0.5026883200293606,0.4179236627213505,0.6073263602165336,,,,,,,,
GradDiff,forgotten_vs_retained,correct_only,mean_difference,Qstar,each_layer,5.0,21,519,0.5081796495091292,0.4175956509771539,0.6324915129828425,,,,,,,,
GradDiff,forgotten_vs_retained,correct_only,mean_difference,Qstar,each_layer,6.0,21,519,0.6103082851637764,0.5084893109459583,0.7320258739333884,,,,,,,,
GradDiff,forgotten_vs_retained,correct_only,mean_difference,Qstar,each_layer,7.0,21,519,0.5986007890632169,0.5192402972749793,0.702032296540967,,,,,,,,
GradDiff,forgotten_vs_retained,correct_only,mean_difference,Qstar,each_layer,8.0,21,519,0.6228828332874575,0.5645999632993853,0.6987063033305808,,,,,,,,
GradDiff,forgotten_vs_retained,correct_only,mean_difference,Qstar,each_layer,9.0,21,519,0.6349114597669511,0.5551197357555739,0.7151137719056794,,,,,,,,
GradDiff,forgotten_vs_retained,correct_only,mean_difference,Qstar,each_layer,10.0,21,519,0.64352234149922,0.5713207633727865,0.7051541425818881,,,,,,,,
GradDiff,forgotten_vs_retained,correct_only,mean_difference,Qstar,each_layer,11.0,21,519,0.6642719515551886,0.5913340673456281,0.7110675291311129,,,,,,,,
GradDiff,forgotten_vs_retained,correct_only,mean_difference,Qstar,each_layer,12.0,21,519,0.6766354711441417,0.6160129369666942,0.7123841636847417,,,,,,,,
GradDiff,forgotten_vs_retained,correct_only,mean_difference,Qstar,each_layer,13.0,21,519,0.6976144600422056,0.6577575924396734,0.725259198091568,,,,,,,,
GradDiff,forgotten_vs_retained,correct_only,mean_difference,Qstar,each_layer,14.0,21,519,0.7139645839067803,0.6779039361409304,0.7343724194880265,,,,,,,,
GradDiff,forgotten_vs_retained,correct_only,mean_difference,Qstar,each_layer,15.0,21,519,0.7143224149004496,0.6874506835489494,0.7305440866134507,,,,,,,,
GradDiff,forgotten_vs_retained,correct_only,mean_difference,Qstar,each_layer,16.0,21,519,0.7241444169189835,0.7014771997430957,0.7386480411046885,,,,,,,,
GradDiff,forgotten_vs_retained,correct_only,mean_difference,Qstar,each_layer,17.0,21,519,0.7113129644921552,0.6889485273878337,0.7246628131021196,,,,,,,,
GradDiff,forgotten_vs_retained,correct_only,mean_difference,Qstar,each_layer,18.0,21,519,0.6933342508487017,0.6734287549316451,0.7042549775208735,,,,,,,,
GradDiff,forgotten_vs_retained,correct_only,mean_difference,Qstar,each_layer,19.0,21,519,0.6792825029819249,0.6647995228920084,0.6879277915405083,,,,,,,,
GradDiff,forgotten_vs_retained,correct_only,mean_difference,Qstar,each_layer,20.0,21,519,0.6754472887420864,0.6607028167721809,0.6848609964216901,,,,,,,,
GradDiff,forgotten_vs_retained,correct_only,mean_difference,Qstar,each_layer,21.0,21,519,0.6725800532158914,0.6546885035324341,0.6829158638407193,,,,,,,,
GradDiff,forgotten_vs_retained,correct_only,mean_difference,Qstar,each_layer,22.0,21,519,0.671924029727498,0.6544774749977063,0.6818056702449766,,,,,,,,
GradDiff,forgotten_vs_retained,correct_only,mean_difference,Qstar,each_layer,23.0,21,519,0.6689054041655198,0.6524635287641068,0.6789361409303606,,,,,,,,
GradDiff,forgotten_vs_retained,correct_only,mean_difference,Qstar,each_layer,24.0,21,519,0.6691439581612991,0.6521768052114872,0.6803605835397744,,,,,,,,
GradDiff,forgotten_vs_retained,correct_only,mean_difference,Qstar,each_layer,25.0,21,519,0.6680888154876594,0.6501261583631526,0.6791678135608772,,,,,,,,
GradDiff,forgotten_vs_retained,correct_only,mean_difference,Qstar,each_layer,26.0,21,519,0.6676851087255711,0.6499357739242132,0.6796885035324342,,,,,,,,
GradDiff,forgotten_vs_retained,correct_only,mean_difference,Qstar,each_layer,27.0,21,519,0.6671804752729609,0.6525896871272594,0.6784911459766951,,,,,,,,
GradDiff,forgotten_vs_retained,correct_only,mean_difference,Qstar,each_layer,28.0,21,519,0.6705523442517662,0.6555280300945041,0.6808032847050188,,,,,,,,
GradDiff,forgotten_vs_retained,correct_only,mean_difference,Qstar,each_layer,29.0,21,519,0.6697219928433802,0.6544866501513901,0.6798421873566382,,,,,,,,
GradDiff,forgotten_vs_retained,correct_only,mean_difference,Qstar,each_layer,30.0,21,519,0.6723736122580053,0.6579365079365079,0.6825534452702083,,,,,,,,
GradDiff,forgotten_vs_retained,correct_only,mean_difference,Qstar,each_layer,31.0,21,519,0.6786173043398478,0.6649990824846316,0.6898958620056886,,,,,,,,
GradDiff,forgotten_vs_retained,correct_only,mean_difference,Qstar,each_layer,32.0,21,519,0.6863657216258372,0.6727268556748326,0.6969148545738141,,,,,,,,
GradDiff,forgotten_vs_retained,mean_all_choices,mean_difference,Qstar,per_fold_selected,25.6,21,519,0.7392788329204514,0.5454238921001926,0.788570052298376,0.4996628131021194,0.4985308285163776,0.5,0.1451446441977406,0.0664203888606173,0.2195084076502492,0.1537213893854669,0.0362466592228261
GradDiff,forgotten_vs_retained,mean_all_choices,logistic_regression,Qstar,per_fold_selected,25.6,21,519,0.7674603174603174,0.6650105514267364,0.824474722451601,0.5500137627305257,0.5008085604183871,0.5867120836774016,0.1725223907682337,0.1014151132962126,0.2450803759013957,0.2851577160630295,0.042304772574243
GradDiff,forgotten_vs_retained,mean_all_choices,mean_difference,Qstar,each_layer,0.0,21,519,0.366180383521424,0.3661803835214239,0.3661803835214239,,,,,,,,
GradDiff,forgotten_vs_retained,mean_all_choices,mean_difference,Qstar,each_layer,1.0,21,519,0.4801357922745206,0.3764152674557299,0.5751330397284155,,,,,,,,
GradDiff,forgotten_vs_retained,mean_all_choices,mean_difference,Qstar,each_layer,2.0,21,519,0.511014771997431,0.4122488301679053,0.5959744013212221,,,,,,,,
GradDiff,forgotten_vs_retained,mean_all_choices,mean_difference,Qstar,each_layer,3.0,21,519,0.4981282686484999,0.3946554729791723,0.5820235801449675,,,,,,,,
GradDiff,forgotten_vs_retained,mean_all_choices,mean_difference,Qstar,each_layer,4.0,21,519,0.5064868336544637,0.3870630333058079,0.6306243692081842,,,,,,,,
GradDiff,forgotten_vs_retained,mean_all_choices,mean_difference,Qstar,each_layer,5.0,21,519,0.470304615102303,0.3643958161299201,0.5795715203229654,,,,,,,,
GradDiff,forgotten_vs_retained,mean_all_choices,mean_difference,Qstar,each_layer,6.0,21,519,0.5435911551518489,0.4220157812643362,0.6570212863565464,,,,,,,,
GradDiff,forgotten_vs_retained,mean_all_choices,mean_difference,Qstar,each_layer,7.0,21,519,0.5496513441600147,0.4320006422607578,0.6761560693641618,,,,,,,,
GradDiff,forgotten_vs_retained,mean_all_choices,mean_difference,Qstar,each_layer,8.0,21,519,0.6205202312138727,0.5146297825488577,0.7245412423158087,,,,,,,,
GradDiff,forgotten_vs_retained,mean_all_choices,mean_difference,Qstar,each_layer,9.0,21,519,0.6162767226351041,0.5130631250573447,0.7082553445270208,,,,,,,,
GradDiff,forgotten_vs_retained,mean_all_choices,mean_difference,Qstar,each_layer,10.0,21,519,0.6164785760161483,0.5208872373612258,0.6945247270391779,,,,,,,,
GradDiff,forgotten_vs_retained,mean_all_choices,mean_difference,Qstar,each_layer,11.0,21,519,0.6464583906780438,0.5464675658317277,0.7136778603541609,,,,,,,,
GradDiff,forgotten_vs_retained,mean_all_choices,mean_difference,Qstar,each_layer,12.0,21,519,0.6472933296632719,0.5529589870630334,0.6987521790989999,,,,,,,,
GradDiff,forgotten_vs_retained,mean_all_choices,mean_difference,Qstar,each_layer,13.0,21,519,0.6956922653454445,0.6392788329204514,0.73152582805762,,,,,,,,
GradDiff,forgotten_vs_retained,mean_all_choices,mean_difference,Qstar,each_layer,14.0,21,519,0.733140655105973,0.694829800899165,0.7573103036975869,,,,,,,,
GradDiff,forgotten_vs_retained,mean_all_choices,mean_difference,Qstar,each_layer,15.0,21,519,0.7482658959537573,0.716180383521424,0.7687425451876319,,,,,,,,
GradDiff,forgotten_vs_retained,mean_all_choices,mean_difference,Qstar,each_layer,16.0,21,519,0.7354069180658775,0.7094091201027617,0.7597164877511698,,,,,,,,
GradDiff,forgotten_vs_retained,mean_all_choices,mean_difference,Qstar,each_layer,17.0,21,519,0.7286173043398476,0.7088861363427837,0.7471258831085421,,,,,,,,
GradDiff,forgotten_vs_retained,mean_all_choices,mean_difference,Qstar,each_layer,18.0,21,519,0.7230525736306084,0.7064868336544637,0.7393270024772916,,,,,,,,
GradDiff,forgotten_vs_retained,mean_all_choices,mean_difference,Qstar,each_layer,19.0,21,519,0.7215386732727773,0.707358473254427,0.7352234149922011,,,,,,,,
GradDiff,forgotten_vs_retained,mean_all_choices,mean_difference,Qstar,each_layer,20.0,21,519,0.7267318102578219,0.7117717221763464,0.7414005872098357,,,,,,,,
GradDiff,forgotten_vs_retained,mean_all_choices,mean_difference,Qstar,each_layer,21.0,21,519,0.7482200201853381,0.7321887329112763,0.7621868978805395,,,,,,,,
GradDiff,forgotten_vs_retained,mean_all_choices,mean_difference,Qstar,each_layer,22.0,21,519,0.7473208551243232,0.7318446646481328,0.7612372694742636,,,,,,,,
GradDiff,forgotten_vs_retained,mean_all_choices,mean_difference,Qstar,each_layer,23.0,21,519,0.7474493072758969,0.7317208000734012,0.7618772364437104,,,,,,,,
GradDiff,forgotten_vs_retained,mean_all_choices,mean_difference,Qstar,each_layer,24.0,21,519,0.7522387374988532,0.7360950545921644,0.7663501238645747,,,,,,,,
GradDiff,forgotten_vs_retained,mean_all_choices,mean_difference,Qstar,each_layer,25.0,21,519,0.7571061565281217,0.7420244976603358,0.7705362877328196,,,,,,,,
GradDiff,forgotten_vs_retained,mean_all_choices,mean_difference,Qstar,each_layer,26.0,21,519,0.7570648683365445,0.743058996238187,0.7708826497843839,,,,,,,,
GradDiff,forgotten_vs_retained,mean_all_choices,mean_difference,Qstar,each_layer,27.0,21,519,0.7586384071933205,0.7450912927791541,0.7714675658317277,,,,,,,,
GradDiff,forgotten_vs_retained,mean_all_choices,mean_difference,Qstar,each_layer,28.0,21,519,0.7617579594458207,0.7486168455821635,0.7744357280484448,,,,,,,,
GradDiff,forgotten_vs_retained,mean_all_choices,mean_difference,Qstar,each_layer,29.0,21,519,0.7592118542985595,0.7469010918432883,0.7718712725938159,,,,,,,,
GradDiff,forgotten_vs_retained,mean_all_choices,mean_difference,Qstar,each_layer,30.0,21,519,0.7685980365171117,0.7563537939260483,0.7814593081934122,,,,,,,,
GradDiff,forgotten_vs_retained,mean_all_choices,mean_difference,Qstar,each_layer,31.0,21,519,0.7796265712450683,0.7686117992476375,0.7923915038076887,,,,,,,,
GradDiff,forgotten_vs_retained,mean_all_choices,mean_difference,Qstar,each_layer,32.0,21,519,0.7920956051013854,0.7798077805303238,0.8025736306083127,,,,,,,,
GradDiff,forgotten_vs_retained,correct_minus_mean_wrong,mean_difference,Qstar,per_fold_selected,15.5,21,519,0.7818148453986604,0.71904991283604,0.8627121754289384,0.5323080099091658,0.4980732177263969,0.5824112303881089,0.2142043616103728,0.1345681787701686,0.3463780793096929,0.1506062772227426,0.0352949338788814
GradDiff,forgotten_vs_retained,correct_minus_mean_wrong,logistic_regression,Qstar,per_fold_selected,15.5,21,519,0.8250573447105239,0.7718253968253967,0.8908019084319662,0.573066336361134,0.5074559592623177,0.6357039636663914,0.2139626925696151,0.1215689261633829,0.3403844054569053,0.266807826587418,0.0406820820621577
GradDiff,forgotten_vs_retained,correct_minus_mean_wrong,mean_difference,Qstar,each_layer,0.0,21,519,0.366180383521424,0.3661803835214239,0.3661803835214239,,,,,,,,
GradDiff,forgotten_vs_retained,correct_minus_mean_wrong,mean_difference,Qstar,each_layer,1.0,21,519,0.6785484906872191,0.6031929534819709,0.7201119368749426,,,,,,,,
GradDiff,forgotten_vs_retained,correct_minus_mean_wrong,mean_difference,Qstar,each_layer,2.0,21,519,0.7063904945407836,0.6500986329021011,0.7351408386090467,,,,,,,,
GradDiff,forgotten_vs_retained,correct_minus_mean_wrong,mean_difference,Qstar,each_layer,3.0,21,519,0.715657399761446,0.6693366363886595,0.7405817047435544,,,,,,,,
GradDiff,forgotten_vs_retained,correct_minus_mean_wrong,mean_difference,Qstar,each_layer,4.0,21,519,0.7459583448022754,0.7201555188549408,0.7665726213414075,,,,,,,,
GradDiff,forgotten_vs_retained,correct_minus_mean_wrong,mean_difference,Qstar,each_layer,5.0,21,519,0.7618955867510782,0.7323814111386366,0.7844894026974952,,,,,,,,
GradDiff,forgotten_vs_retained,correct_minus_mean_wrong,mean_difference,Qstar,each_layer,6.0,21,519,0.7415359207266722,0.7157491512982843,0.7623337003394807,,,,,,,,
GradDiff,forgotten_vs_retained,correct_minus_mean_wrong,mean_difference,Qstar,each_layer,7.0,21,519,0.714877511698321,0.6914946325350949,0.7358840260574364,,,,,,,,
GradDiff,forgotten_vs_retained,correct_minus_mean_wrong,mean_difference,Qstar,each_layer,8.0,21,519,0.6780071566198733,0.6441967152949812,0.7008418203504908,,,,,,,,
GradDiff,forgotten_vs_retained,correct_minus_mean_wrong,mean_difference,Qstar,each_layer,9.0,21,519,0.6750481695568401,0.650153683824204,0.7000458757684191,,,,,,,,
GradDiff,forgotten_vs_retained,correct_minus_mean_wrong,mean_difference,Qstar,each_layer,10.0,21,519,0.70376640058721,0.6702243325075695,0.7318951279933938,,,,,,,,
GradDiff,forgotten_vs_retained,correct_minus_mean_wrong,mean_difference,Qstar,each_layer,11.0,21,519,0.7883016790531242,0.7661207450224792,0.8075144508670521,,,,,,,,
GradDiff,forgotten_vs_retained,correct_minus_mean_wrong,mean_difference,Qstar,each_layer,12.0,21,519,0.7855904211395541,0.7654257271309294,0.8014083860904669,,,,,,,,
GradDiff,forgotten_vs_retained,correct_minus_mean_wrong,mean_difference,Qstar,each_layer,13.0,21,519,0.8558078722818607,0.842428204422424,0.8733874667400678,,,,,,,,
GradDiff,forgotten_vs_retained,correct_minus_mean_wrong,mean_difference,Qstar,each_layer,14.0,21,519,0.8831085420680796,0.876832736948344,0.8940430314707771,,,,,,,,
GradDiff,forgotten_vs_retained,correct_minus_mean_wrong,mean_difference,Qstar,each_layer,15.0,21,519,0.8856729975227084,0.8810372511239564,0.89404991283604,,,,,,,,
GradDiff,forgotten_vs_retained,correct_minus_mean_wrong,mean_difference,Qstar,each_layer,16.0,21,519,0.8760803743462702,0.8687631892834206,0.8822827782365354,,,,,,,,
GradDiff,forgotten_vs_retained,correct_minus_mean_wrong,mean_difference,Qstar,each_layer,17.0,21,519,0.8547573171850628,0.8491902926874025,0.8606775850995504,,,,,,,,
GradDiff,forgotten_vs_retained,correct_minus_mean_wrong,mean_difference,Qstar,each_layer,18.0,21,519,0.8446921735939078,0.8394462794751812,0.851045967519956,,,,,,,,
GradDiff,forgotten_vs_retained,correct_minus_mean_wrong,mean_difference,Qstar,each_layer,19.0,21,519,0.8395816129920177,0.834340306450133,0.8455569318286081,,,,,,,,
GradDiff,forgotten_vs_retained,correct_minus_mean_wrong,mean_difference,Qstar,each_layer,20.0,21,519,0.8417744747224516,0.8372625928984311,0.8470066061106524,,,,,,,,
GradDiff,forgotten_vs_retained,correct_minus_mean_wrong,mean_difference,Qstar,each_layer,21.0,21,519,0.8428709055876686,0.8381434076520782,0.8479814661895587,,,,,,,,
GradDiff,forgotten_vs_retained,correct_minus_mean_wrong,mean_difference,Qstar,each_layer,22.0,21,519,0.8448848518212679,0.8406551059730251,0.8501009266905221,,,,,,,,
GradDiff,forgotten_vs_retained,correct_minus_mean_wrong,mean_difference,Qstar,each_layer,23.0,21,519,0.8438297091476284,0.8394210478025507,0.848850812001101,,,,,,,,
GradDiff,forgotten_vs_retained,correct_minus_mean_wrong,mean_difference,Qstar,each_layer,24.0,21,519,0.8449032021286357,0.8407881457014404,0.8498600789063216,,,,,,,,
GradDiff,forgotten_vs_retained,correct_minus_mean_wrong,mean_difference,Qstar,each_layer,25.0,21,519,0.8452793834296723,0.8409143040645931,0.8503096614368291,,,,,,,,
GradDiff,forgotten_vs_retained,correct_minus_mean_wrong,mean_difference,Qstar,each_layer,26.0,21,519,0.8442747041012936,0.8397536471235894,0.8493095696852923,,,,,,,,
GradDiff,forgotten_vs_retained,correct_minus_mean_wrong,mean_difference,Qstar,each_layer,27.0,21,519,0.8468850353243417,0.8421896504266446,0.8521240480778053,,,,,,,,
GradDiff,forgotten_vs_retained,correct_minus_mean_wrong,mean_difference,Qstar,each_layer,28.0,21,519,0.8496100559684375,0.8453367281401963,0.8550371593724195,,,,,,,,
GradDiff,forgotten_vs_retained,correct_minus_mean_wrong,mean_difference,Qstar,each_layer,29.0,21,519,0.8501422148820993,0.8460753280117442,0.8555830810166071,,,,,,,,
GradDiff,forgotten_vs_retained,correct_minus_mean_wrong,mean_difference,Qstar,each_layer,30.0,21,519,0.8493531516652905,0.8456257454812368,0.8553697586934581,,,,,,,,
GradDiff,forgotten_vs_retained,correct_minus_mean_wrong,mean_difference,Qstar,each_layer,31.0,21,519,0.8519405450041289,0.8483347096063859,0.8577163042480962,,,,,,,,
GradDiff,forgotten_vs_retained,correct_minus_mean_wrong,mean_difference,Qstar,each_layer,32.0,21,519,0.8634874759152217,0.8591246903385632,0.868735663822369,,,,,,,,
GradDiff,suppressed_vs_forgotten,correct_only,mean_difference,full,per_fold_selected,16.8,278,153,0.7093642732872526,0.6849126581088071,0.7270507123712794,0.6273763342267363,0.6124030187614614,0.6406651149668501,0.8181233440413701,0.7881597609329434,0.8358516338815527,0.5859591813397623,0.201501445953406
GradDiff,suppressed_vs_forgotten,correct_only,logistic_regression,full,per_fold_selected,16.8,278,153,0.6842138054262471,0.6540191376310717,0.7101648093290074,0.6181590022099968,0.5957880754220154,0.63261625993323,0.788815705184496,0.7651578035156993,0.8056416529113012,1.8650114224332317,0.2996348480336867
GradDiff,suppressed_vs_retained,correct_only,mean_difference,full,per_fold_selected,13.7,278,716,0.6151654374824163,0.5906748623447611,0.6402873929906354,0.5209602708894336,0.5106706673767131,0.5301231361279691,0.3792202043713218,0.3461404418766099,0.4079705705732644,0.5778635587283978,0.1956743523907645
GradDiff,suppressed_vs_retained,correct_only,logistic_regression,full,per_fold_selected,13.7,278,716,0.5925106004581808,0.5699823660624572,0.6191480195731682,0.5595102688798681,0.5405132179172862,0.5873805564486958,0.3728393761112413,0.3466131092039488,0.4030863815168897,1.118036125991394,0.2722807366690791
GradDiff,suppressed_vs_rest,correct_only,mean_difference,full,per_fold_selected,15.1,278,995,0.5816526878999312,0.5545328260005061,0.6007013484689635,0.5066509706807418,0.5011011894002386,0.5131635244568165,0.284749834286086,0.2638511187820228,0.3064268050047089,0.5195391060043322,0.1688955413471897
GradDiff,suppressed_vs_rest,correct_only,logistic_regression,full,per_fold_selected,15.1,278,995,0.5827488160225589,0.5671735475940856,0.5960752503524819,0.5457427424894256,0.5330251979321066,0.558860218357977,0.2948614122677061,0.2771107704177032,0.3097865985872144,0.8016079723581815,0.214978649770822
GradDiff,forgotten_vs_retained,correct_only,mean_difference,full,per_fold_selected,18.2,153,716,0.7837057728119179,0.7722384251652243,0.792224869463614,0.5693527038375872,0.5358041680359295,0.6023964380910651,0.4364295903772782,0.3912085884515177,0.4850660732040217,0.3859423095461588,0.1228036321068973
GradDiff,forgotten_vs_retained,correct_only,logistic_regression,full,per_fold_selected,18.2,153,716,0.7501150180742688,0.7260956384415963,0.7678485686639646,0.6389902143352686,0.6164400536751014,0.6608471857085478,0.4122699894297367,0.3646588982888863,0.4492620827802726,1.45325194560173,0.184739985723029
PB&J,suppressed_vs_forgotten,correct_only,mean_difference,Qstar,per_fold_selected,7.6,189,60,0.6490255731922397,0.606358024691358,0.6745326278659612,0.5164285714285713,0.4953703703703703,0.5442460317460317,0.8500461826896718,0.828174566177468,0.8666188169134709,0.5353805607308508,0.1771592323318606
PB&J,suppressed_vs_forgotten,correct_only,logistic_regression,Qstar,per_fold_selected,7.6,189,60,0.5921428571428571,0.525163139329806,0.6360692239858906,0.5367460317460316,0.4950396825396825,0.5816898148148147,0.8247843132715229,0.7892553589894762,0.8475121144230477,1.4775987063150864,0.2662731237433556
PB&J,suppressed_vs_forgotten,correct_only,mean_difference,Qstar,each_layer,0.0,189,60,0.6737213403880069,0.673721340388007,0.673721340388007,,,,,,,,
PB&J,suppressed_vs_forgotten,correct_only,mean_difference,Qstar,each_layer,1.0,189,60,0.6548456790123457,0.6338778659611993,0.6695679012345679,,,,,,,,
PB&J,suppressed_vs_forgotten,correct_only,mean_difference,Qstar,each_layer,2.0,189,60,0.668641975308642,0.6500440917107584,0.6824669312169312,,,,,,,,
PB&J,suppressed_vs_forgotten,correct_only,mean_difference,Qstar,each_layer,3.0,189,60,0.6755026455026456,0.6595590828924163,0.6872067901234568,,,,,,,,
PB&J,suppressed_vs_forgotten,correct_only,mean_difference,Qstar,each_layer,4.0,189,60,0.6729188712522045,0.655163139329806,0.6845304232804232,,,,,,,,
PB&J,suppressed_vs_forgotten,correct_only,mean_difference,Qstar,each_layer,5.0,189,60,0.6619753086419753,0.64331569664903,0.672228835978836,,,,,,,,
PB&J,suppressed_vs_forgotten,correct_only,mean_difference,Qstar,each_layer,6.0,189,60,0.6671340388007055,0.6502116402116402,0.6748280423280424,,,,,,,,
PB&J,suppressed_vs_forgotten,correct_only,mean_difference,Qstar,each_layer,7.0,189,60,0.6683333333333334,0.651792328042328,0.679700176366843,,,,,,,,
PB&J,suppressed_vs_forgotten,correct_only,mean_difference,Qstar,each_layer,8.0,189,60,0.673478835978836,0.657852733686067,0.6842835097001764,,,,,,,,
PB&J,suppressed_vs_forgotten,correct_only,mean_difference,Qstar,each_layer,9.0,189,60,0.6778130511463846,0.6634281305114639,0.6885383597883598,,,,,,,,
PB&J,suppressed_vs_forgotten,correct_only,mean_difference,Qstar,each_layer,10.0,189,60,0.6779276895943565,0.6641446208112874,0.6886419753086419,,,,,,,,
PB&J,suppressed_vs_forgotten,correct_only,mean_difference,Qstar,each_layer,11.0,189,60,0.6763227513227512,0.6631635802469136,0.6867592592592593,,,,,,,,
PB&J,suppressed_vs_forgotten,correct_only,mean_difference,Qstar,each_layer,12.0,189,60,0.6737125220458554,0.6589792768959436,0.6854475308641975,,,,,,,,
PB&J,suppressed_vs_forgotten,correct_only,mean_difference,Qstar,each_layer,13.0,189,60,0.6674426807760141,0.651957671957672,0.6798170194003528,,,,,,,,
PB&J,suppressed_vs_forgotten,correct_only,mean_difference,Qstar,each_layer,14.0,189,60,0.6615255731922398,0.6436044973544973,0.6754828042328043,,,,,,,,
PB&J,suppressed_vs_forgotten,correct_only,mean_difference,Qstar,each_layer,15.0,189,60,0.6539638447971782,0.6349713403880071,0.6692239858906526,,,,,,,,
PB&J,suppressed_vs_forgotten,correct_only,mean_difference,Qstar,each_layer,16.0,189,60,0.6594135802469137,0.6435030864197531,0.6737477954144621,,,,,,,,
PB&J,suppressed_vs_forgotten,correct_only,mean_difference,Qstar,each_layer,17.0,189,60,0.6446340388007055,0.6278328924162258,0.6597574955908289,,,,,,,,
PB&J,suppressed_vs_forgotten,correct_only,mean_difference,Qstar,each_layer,18.0,189,60,0.632962962962963,0.6170282186948853,0.6439748677248678,,,,,,,,
PB&J,suppressed_vs_forgotten,correct_only,mean_difference,Qstar,each_layer,19.0,189,60,0.6214858906525573,0.6058664021164022,0.6317019400352734,,,,,,,,
PB&J,suppressed_vs_forgotten,correct_only,mean_difference,Qstar,each_layer,20.0,189,60,0.618668430335097,0.6015718694885361,0.6288932980599647,,,,,,,,
PB&J,suppressed_vs_forgotten,correct_only,mean_difference,Qstar,each_layer,21.0,189,60,0.6158553791887125,0.5985626102292769,0.6256701940035273,,,,,,,,
PB&J,suppressed_vs_forgotten,correct_only,mean_difference,Qstar,each_layer,22.0,189,60,0.6155820105820107,0.5988381834215167,0.6259104938271606,,,,,,,,
PB&J,suppressed_vs_forgotten,correct_only,mean_difference,Qstar,each_layer,23.0,189,60,0.6155246913580247,0.5989440035273368,0.6264638447971781,,,,,,,,
PB&J,suppressed_vs_forgotten,correct_only,mean_difference,Qstar,each_layer,24.0,189,60,0.6158024691358025,0.5986485890652558,0.626657848324515,,,,,,,,
PB&J,suppressed_vs_forgotten,correct_only,mean_difference,Qstar,each_layer,25.0,189,60,0.6149823633156966,0.5972111992945326,0.6259656084656084,,,,,,,,
PB&J,suppressed_vs_forgotten,correct_only,mean_difference,Qstar,each_layer,26.0,189,60,0.6163403880070546,0.5992901234567901,0.6275242504409171,,,,,,,,
PB&J,suppressed_vs_forgotten,correct_only,mean_difference,Qstar,each_layer,27.0,189,60,0.6148544973544974,0.5983575837742504,0.6256966490299823,,,,,,,,
PB&J,suppressed_vs_forgotten,correct_only,mean_difference,Qstar,each_layer,28.0,189,60,0.6147795414462082,0.5980533509700177,0.6255026455026454,,,,,,,,
PB&J,suppressed_vs_forgotten,correct_only,mean_difference,Qstar,each_layer,29.0,189,60,0.6144576719576718,0.5965850970017637,0.6246494708994709,,,,,,,,
PB&J,suppressed_vs_forgotten,correct_only,mean_difference,Qstar,each_layer,30.0,189,60,0.6147354497354498,0.5975374779541446,0.6249360670194004,,,,,,,,
PB&J,suppressed_vs_forgotten,correct_only,mean_difference,Qstar,each_layer,31.0,189,60,0.6170943562610229,0.5994069664902999,0.6273589065255732,,,,,,,,
PB&J,suppressed_vs_forgotten,correct_only,mean_difference,Qstar,each_layer,32.0,189,60,0.6221516754850089,0.60842151675485,0.6302138447971781,,,,,,,,
PB&J,suppressed_vs_forgotten,mean_all_choices,mean_difference,Qstar,per_fold_selected,10.0,189,60,0.6216225749559083,0.5808597883597884,0.6571516754850087,0.507830687830688,0.4951818783068783,0.5272585978835979,0.8277946820097535,0.8003882227487319,0.8565052873877934,0.5445780055743407,0.1789306233283828
PB&J,suppressed_vs_forgotten,mean_all_choices,logistic_regression,Qstar,per_fold_selected,10.0,189,60,0.605573192239859,0.554021164021164,0.6823015873015873,0.5651322751322752,0.5162400793650793,0.6415641534391534,0.8182000149459954,0.7948843590854869,0.8598528020903414,1.3514892236927118,0.2451061372023878
PB&J,suppressed_vs_forgotten,mean_all_choices,mean_difference,Qstar,each_layer,0.0,189,60,0.6737213403880069,0.673721340388007,0.673721340388007,,,,,,,,
PB&J,suppressed_vs_forgotten,mean_all_choices,mean_difference,Qstar,each_layer,1.0,189,60,0.631384479717813,0.6103461199294532,0.6480908289241623,,,,,,,,
PB&J,suppressed_vs_forgotten,mean_all_choices,mean_difference,Qstar,each_layer,2.0,189,60,0.6413492063492063,0.6229409171075838,0.6560912698412699,,,,,,,,
PB&J,suppressed_vs_forgotten,mean_all_choices,mean_difference,Qstar,each_layer,3.0,189,60,0.6460052910052909,0.6312588183421517,0.6557782186948854,,,,,,,,
PB&J,suppressed_vs_forgotten,mean_all_choices,mean_difference,Qstar,each_layer,4.0,189,60,0.6420767195767196,0.6255224867724868,0.6529210758377425,,,,,,,,
PB&J,suppressed_vs_forgotten,mean_all_choices,mean_difference,Qstar,each_layer,5.0,189,60,0.6269885361552029,0.6093783068783069,0.6356194885361552,,,,,,,,
PB&J,suppressed_vs_forgotten,mean_all_choices,mean_difference,Qstar,each_layer,6.0,189,60,0.6326146384479718,0.6141358024691358,0.6415410052910053,,,,,,,,
PB&J,suppressed_vs_forgotten,mean_all_choices,mean_difference,Qstar,each_layer,7.0,189,60,0.636036155202822,0.6172354497354497,0.6465035273368607,,,,,,,,
PB&J,suppressed_vs_forgotten,mean_all_choices,mean_difference,Qstar,each_layer,8.0,189,60,0.6474029982363315,0.6302777777777777,0.6566732804232804,,,,,,,,
PB&J,suppressed_vs_forgotten,mean_all_choices,mean_difference,Qstar,each_layer,9.0,189,60,0.6508068783068783,0.6354232804232804,0.6638536155202822,,,,,,,,
PB&J,suppressed_vs_forgotten,mean_all_choices,mean_difference,Qstar,each_layer,10.0,189,60,0.6482671957671957,0.6318959435626103,0.6605268959435626,,,,,,,,
PB&J,suppressed_vs_forgotten,mean_all_choices,mean_difference,Qstar,each_layer,11.0,189,60,0.6466181657848324,0.6304254850088183,0.6566710758377425,,,,,,,,
PB&J,suppressed_vs_forgotten,mean_all_choices,mean_difference,Qstar,each_layer,12.0,189,60,0.641005291005291,0.6260692239858907,0.6516953262786596,,,,,,,,
PB&J,suppressed_vs_forgotten,mean_all_choices,mean_difference,Qstar,each_layer,13.0,189,60,0.6370590828924162,0.6216909171075837,0.6508046737213404,,,,,,,,
PB&J,suppressed_vs_forgotten,mean_all_choices,mean_difference,Qstar,each_layer,14.0,189,60,0.6334082892416227,0.6172067901234568,0.650844356261023,,,,,,,,
PB&J,suppressed_vs_forgotten,mean_all_choices,mean_difference,Qstar,each_layer,15.0,189,60,0.6286067019400352,0.6103769841269842,0.6456018518518518,,,,,,,,
PB&J,suppressed_vs_forgotten,mean_all_choices,mean_difference,Qstar,each_layer,16.0,189,60,0.6258068783068783,0.6085648148148148,0.6449426807760141,,,,,,,,
PB&J,suppressed_vs_forgotten,mean_all_choices,mean_difference,Qstar,each_layer,17.0,189,60,0.6121031746031746,0.594673721340388,0.6309611992945326,,,,,,,,
PB&J,suppressed_vs_forgotten,mean_all_choices,mean_difference,Qstar,each_layer,18.0,189,60,0.603342151675485,0.5735956790123456,0.6282076719576719,,,,,,,,
PB&J,suppressed_vs_forgotten,mean_all_choices,mean_difference,Qstar,each_layer,19.0,189,60,0.5996560846560847,0.5668298059964727,0.6249889770723104,,,,,,,,
PB&J,suppressed_vs_forgotten,mean_all_choices,mean_difference,Qstar,each_layer,20.0,189,60,0.5992636684303352,0.5647795414462081,0.6238470017636684,,,,,,,,
PB&J,suppressed_vs_forgotten,mean_all_choices,mean_difference,Qstar,each_layer,21.0,189,60,0.6042813051146385,0.5677116402116402,0.6273478835978836,,,,,,,,
PB&J,suppressed_vs_forgotten,mean_all_choices,mean_difference,Qstar,each_layer,22.0,189,60,0.6044708994708995,0.5659149029982363,0.6286706349206349,,,,,,,,
PB&J,suppressed_vs_forgotten,mean_all_choices,mean_difference,Qstar,each_layer,23.0,189,60,0.6003350970017637,0.5591468253968254,0.6268650793650794,,,,,,,,
PB&J,suppressed_vs_forgotten,mean_all_choices,mean_difference,Qstar,each_layer,24.0,189,60,0.6018033509700176,0.562660934744268,0.626929012345679,,,,,,,,
PB&J,suppressed_vs_forgotten,mean_all_choices,mean_difference,Qstar,each_layer,25.0,189,60,0.6082098765432098,0.5700661375661377,0.6316534391534391,,,,,,,,
PB&J,suppressed_vs_forgotten,mean_all_choices,mean_difference,Qstar,each_layer,26.0,189,60,0.6088492063492063,0.5717857142857143,0.6315145502645502,,,,,,,,
PB&J,suppressed_vs_forgotten,mean_all_choices,mean_difference,Qstar,each_layer,27.0,189,60,0.6063359788359789,0.5667195767195767,0.6291644620811288,,,,,,,,
PB&J,suppressed_vs_forgotten,mean_all_choices,mean_difference,Qstar,each_layer,28.0,189,60,0.6070590828924163,0.5687588183421517,0.629700176366843,,,,,,,,
PB&J,suppressed_vs_forgotten,mean_all_choices,mean_difference,Qstar,each_layer,29.0,189,60,0.607958553791887,0.5696472663139329,0.6308487654320988,,,,,,,,
PB&J,suppressed_vs_forgotten,mean_all_choices,mean_difference,Qstar,each_layer,30.0,189,60,0.6121560846560847,0.5763888888888888,0.6330665784832451,,,,,,,,
PB&J,suppressed_vs_forgotten,mean_all_choices,mean_difference,Qstar,each_layer,31.0,189,60,0.6184479717813052,0.586031746031746,0.6365013227513228,,,,,,,,
PB&J,suppressed_vs_forgotten,mean_all_choices,mean_difference,Qstar,each_layer,32.0,189,60,0.6282495590828923,0.6046075837742504,0.6449404761904761,,,,,,,,
PB&J,suppressed_vs_forgotten,correct_minus_mean_wrong,mean_difference,Qstar,per_fold_selected,9.0,189,60,0.6860317460317461,0.6566181657848325,0.7266468253968253,0.5364351851851852,0.5197751322751323,0.5596660052910053,0.8644193655668049,0.8435121306080516,0.8816876739992263,0.5352678681631985,0.1742624959640666
PB&J,suppressed_vs_forgotten,correct_minus_mean_wrong,logistic_regression,Qstar,per_fold_selected,9.0,189,60,0.6828791887125221,0.6483796296296297,0.7267173721340386,0.6021626984126984,0.5624702380952381,0.6547056878306878,0.8661508790246296,0.8412489540551258,0.8892887636101849,1.1875424926066815,0.2358678235338833
PB&J,suppressed_vs_forgotten,correct_minus_mean_wrong,mean_difference,Qstar,each_layer,0.0,189,60,0.6737213403880069,0.673721340388007,0.673721340388007,,,,,,,,
PB&J,suppressed_vs_forgotten,correct_minus_mean_wrong,mean_difference,Qstar,each_layer,1.0,189,60,0.663121693121693,0.6307738095238096,0.6894223985890653,,,,,,,,
PB&J,suppressed_vs_forgotten,correct_minus_mean_wrong,mean_difference,Qstar,each_layer,2.0,189,60,0.6750485008818342,0.6435978835978836,0.6956657848324515,,,,,,,,
PB&J,suppressed_vs_forgotten,correct_minus_mean_wrong,mean_difference,Qstar,each_layer,3.0,189,60,0.6662918871252205,0.640352733686067,0.6832958553791887,,,,,,,,
PB&J,suppressed_vs_forgotten,correct_minus_mean_wrong,mean_difference,Qstar,each_layer,4.0,189,60,0.6994444444444445,0.6862301587301588,0.7093540564373898,,,,,,,,
PB&J,suppressed_vs_forgotten,correct_minus_mean_wrong,mean_difference,Qstar,each_layer,5.0,189,60,0.7072663139329808,0.6987014991181658,0.7156679894179895,,,,,,,,
PB&J,suppressed_vs_forgotten,correct_minus_mean_wrong,mean_difference,Qstar,each_layer,6.0,189,60,0.6944091710758378,0.6872045855379189,0.7031834215167548,,,,,,,,
PB&J,suppressed_vs_forgotten,correct_minus_mean_wrong,mean_difference,Qstar,each_layer,7.0,189,60,0.6816490299823632,0.6632495590828924,0.6929894179894179,,,,,,,,
PB&J,suppressed_vs_forgotten,correct_minus_mean_wrong,mean_difference,Qstar,each_layer,8.0,189,60,0.68755291005291,0.665652557319224,0.702363315696649,,,,,,,,
PB&J,suppressed_vs_forgotten,correct_minus_mean_wrong,mean_difference,Qstar,each_layer,9.0,189,60,0.6940784832451499,0.671329365079365,0.7086265432098766,,,,,,,,
PB&J,suppressed_vs_forgotten,correct_minus_mean_wrong,mean_difference,Qstar,each_layer,10.0,189,60,0.705194003527337,0.683044532627866,0.7184678130511464,,,,,,,,
PB&J,suppressed_vs_forgotten,correct_minus_mean_wrong,mean_difference,Qstar,each_layer,11.0,189,60,0.7136816578483245,0.6932010582010582,0.7273897707231041,,,,,,,,
PB&J,suppressed_vs_forgotten,correct_minus_mean_wrong,mean_difference,Qstar,each_layer,12.0,189,60,0.7068871252204585,0.6820017636684303,0.7222486772486773,,,,,,,,
PB&J,suppressed_vs_forgotten,correct_minus_mean_wrong,mean_difference,Qstar,each_layer,13.0,189,60,0.6885714285714286,0.6667482363315697,0.7042305996472663,,,,,,,,
PB&J,suppressed_vs_forgotten,correct_minus_mean_wrong,mean_difference,Qstar,each_layer,14.0,189,60,0.6765299823633157,0.6594223985890653,0.6890564373897707,,,,,,,,
PB&J,suppressed_vs_forgotten,correct_minus_mean_wrong,mean_difference,Qstar,each_layer,15.0,189,60,0.673664021164021,0.6562367724867725,0.683128306878307,,,,,,,,
PB&J,suppressed_vs_forgotten,correct_minus_mean_wrong,mean_difference,Qstar,each_layer,16.0,189,60,0.6825176366843033,0.670189594356261,0.6908355379188712,,,,,,,,
PB&J,suppressed_vs_forgotten,correct_minus_mean_wrong,mean_difference,Qstar,each_layer,17.0,189,60,0.675462962962963,0.6619201940035273,0.6839550264550265,,,,,,,,
PB&J,suppressed_vs_forgotten,correct_minus_mean_wrong,mean_difference,Qstar,each_layer,18.0,189,60,0.6727072310405644,0.6593386243386243,0.6832738095238096,,,,,,,,
PB&J,suppressed_vs_forgotten,correct_minus_mean_wrong,mean_difference,Qstar,each_layer,19.0,189,60,0.6732098765432097,0.660515873015873,0.6833664021164021,,,,,,,,
PB&J,suppressed_vs_forgotten,correct_minus_mean_wrong,mean_difference,Qstar,each_layer,20.0,189,60,0.6740299823633158,0.6608311287477955,0.6833664021164021,,,,,,,,
PB&J,suppressed_vs_forgotten,correct_minus_mean_wrong,mean_difference,Qstar,each_layer,21.0,189,60,0.673478835978836,0.6580621693121693,0.683097442680776,,,,,,,,
PB&J,suppressed_vs_forgotten,correct_minus_mean_wrong,mean_difference,Qstar,each_layer,22.0,189,60,0.6742504409171076,0.660650352733686,0.6837367724867724,,,,,,,,
PB&J,suppressed_vs_forgotten,correct_minus_mean_wrong,mean_difference,Qstar,each_layer,23.0,189,60,0.6740917107583774,0.6597222222222222,0.684400352733686,,,,,,,,
PB&J,suppressed_vs_forgotten,correct_minus_mean_wrong,mean_difference,Qstar,each_layer,24.0,189,60,0.6757936507936508,0.66168430335097,0.6855930335097001,,,,,,,,
PB&J,suppressed_vs_forgotten,correct_minus_mean_wrong,mean_difference,Qstar,each_layer,25.0,189,60,0.6741049382716049,0.6578946208112875,0.684781746031746,,,,,,,,
PB&J,suppressed_vs_forgotten,correct_minus_mean_wrong,mean_difference,Qstar,each_layer,26.0,189,60,0.674836860670194,0.6591534391534392,0.6857142857142857,,,,,,,,
PB&J,suppressed_vs_forgotten,correct_minus_mean_wrong,mean_difference,Qstar,each_layer,27.0,189,60,0.6751587301587301,0.659239417989418,0.6866468253968254,,,,,,,,
PB&J,suppressed_vs_forgotten,correct_minus_mean_wrong,mean_difference,Qstar,each_layer,28.0,189,60,0.673968253968254,0.6577865961199294,0.685,,,,,,,,
PB&J,suppressed_vs_forgotten,correct_minus_mean_wrong,mean_difference,Qstar,each_layer,29.0,189,60,0.6726278659611992,0.6566534391534391,0.6836067019400353,,,,,,,,
PB&J,suppressed_vs_forgotten,correct_minus_mean_wrong,mean_difference,Qstar,each_layer,30.0,189,60,0.6710978835978836,0.6536596119929453,0.6828703703703703,,,,,,,,
PB&J,suppressed_vs_forgotten,correct_minus_mean_wrong,mean_difference,Qstar,each_layer,31.0,189,60,0.6702204585537919,0.6511022927689594,0.6822486772486772,,,,,,,,
PB&J,suppressed_vs_forgotten,correct_minus_mean_wrong,mean_difference,Qstar,each_layer,32.0,189,60,0.6691137566137566,0.6513712522045856,0.6808046737213405,,,,,,,,
PB&J,suppressed_vs_retained,correct_only,mean_difference,Qstar,per_fold_selected,9.0,189,361,0.6490971580999283,0.6363873865951428,0.6684521977458265,0.5738575239267759,0.5600693986428058,0.5928118908382066,0.4848995651735722,0.4632521044179184,0.5095564705698703,0.6124395085553206,0.2120103679139137
PB&J,suppressed_vs_retained,correct_only,logistic_regression,Qstar,per_fold_selected,9.0,189,361,0.6240198449339724,0.5887137434228846,0.6587539755822304,0.5735413094138855,0.5456479283002829,0.6135483079042635,0.4453270556056011,0.4157925577389973,0.4745883141601159,2.661292763307756,0.3445806668908578
PB&J,suppressed_vs_retained,correct_only,mean_difference,Qstar,each_layer,0.0,189,361,0.5859971566342759,0.5859971566342758,0.5859971566342758,,,,,,,,
PB&J,suppressed_vs_retained,correct_only,mean_difference,Qstar,each_layer,1.0,189,361,0.6457254246727931,0.6389207668293541,0.6509654985416758,,,,,,,,
PB&J,suppressed_vs_retained,correct_only,mean_difference,Qstar,each_layer,2.0,189,361,0.6485160269093788,0.6434129915431854,0.6537740550205924,,,,,,,,
PB&J,suppressed_vs_retained,correct_only,mean_difference,Qstar,each_layer,3.0,189,361,0.6565148250743819,0.6533959166923157,0.6597524513036978,,,,,,,,
PB&J,suppressed_vs_retained,correct_only,mean_difference,Qstar,each_layer,4.0,189,361,0.6555005935892363,0.6520889211332425,0.6592522974101921,,,,,,,,
PB&J,suppressed_vs_retained,correct_only,mean_difference,Qstar,each_layer,5.0,189,361,0.6543940260006743,0.6512296823931173,0.6585671048967447,,,,,,,,
PB&J,suppressed_vs_retained,correct_only,mean_difference,Qstar,each_layer,6.0,189,361,0.6531687405648625,0.6489700127511762,0.6576180949449647,,,,,,,,
PB&J,suppressed_vs_retained,correct_only,mean_difference,Qstar,each_layer,7.0,189,361,0.6474101921470341,0.643163097802987,0.6518855618578611,,,,,,,,
PB&J,suppressed_vs_retained,correct_only,mean_difference,Qstar,each_layer,8.0,189,361,0.6492290668190945,0.6441176039513989,0.6543104838118688,,,,,,,,
PB&J,suppressed_vs_retained,correct_only,mean_difference,Qstar,each_layer,9.0,189,361,0.6514546600419178,0.6446203227366663,0.6578071641091032,,,,,,,,
PB&J,suppressed_vs_retained,correct_only,mean_difference,Qstar,each_layer,10.0,189,361,0.6569977575517744,0.6504239399668763,0.6630487036304211,,,,,,,,
PB&J,suppressed_vs_retained,correct_only,mean_difference,Qstar,each_layer,11.0,189,361,0.6480975831391343,0.6405344501604889,0.6554958302188219,,,,,,,,
PB&J,suppressed_vs_retained,correct_only,mean_difference,Qstar,each_layer,12.0,189,361,0.6436940303976314,0.6346963900980521,0.6508365211273798,,,,,,,,
PB&J,suppressed_vs_retained,correct_only,mean_difference,Qstar,each_layer,13.0,189,361,0.645677058142432,0.6368300136305677,0.6536586348913219,,,,,,,,
PB&J,suppressed_vs_retained,correct_only,mean_difference,Qstar,each_layer,14.0,189,361,0.6454447522314559,0.6331021266616834,0.6548692638027819,,,,,,,,
PB&J,suppressed_vs_retained,correct_only,mean_difference,Qstar,each_layer,15.0,189,361,0.6507614064400769,0.6383524600976125,0.6595238095238095,,,,,,,,
PB&J,suppressed_vs_retained,correct_only,mean_difference,Qstar,each_layer,16.0,189,361,0.6487256152076097,0.6372096176112797,0.6551114628676955,,,,,,,,
PB&J,suppressed_vs_retained,correct_only,mean_difference,Qstar,each_layer,17.0,189,361,0.640566328100954,0.6308102126661683,0.6474292456286915,,,,,,,,
PB&J,suppressed_vs_retained,correct_only,mean_difference,Qstar,each_layer,18.0,189,361,0.6173657828782482,0.6094857025604947,0.6237618901053804,,,,,,,,
PB&J,suppressed_vs_retained,correct_only,mean_difference,Qstar,each_layer,19.0,189,361,0.6052924709434405,0.5960464025560979,0.6118120593882367,,,,,,,,
PB&J,suppressed_vs_retained,correct_only,mean_difference,Qstar,each_layer,20.0,189,361,0.6001656187251756,0.5900643421419045,0.6072546131410398,,,,,,,,
PB&J,suppressed_vs_retained,correct_only,mean_difference,Qstar,each_layer,21.0,189,361,0.5955033783288632,0.5853174603174603,0.6031720382828416,,,,,,,,
PB&J,suppressed_vs_retained,correct_only,mean_difference,Qstar,each_layer,22.0,189,361,0.5942363217986487,0.5839708921426373,0.6014242477538876,,,,,,,,
PB&J,suppressed_vs_retained,correct_only,mean_difference,Qstar,each_layer,23.0,189,361,0.5938039543302701,0.5835726010933767,0.6008310249307479,,,,,,,,
PB&J,suppressed_vs_retained,correct_only,mean_difference,Qstar,each_layer,24.0,189,361,0.5952124463204795,0.5849235662255052,0.6020625393894091,,,,,,,,
PB&J,suppressed_vs_retained,correct_only,mean_difference,Qstar,each_layer,25.0,189,361,0.5938750384733764,0.5834744023802195,0.6006316961995632,,,,,,,,
PB&J,suppressed_vs_retained,correct_only,mean_difference,Qstar,each_layer,26.0,189,361,0.5940868252502602,0.5840368465022204,0.6007599407876416,,,,,,,,
PB&J,suppressed_vs_retained,correct_only,mean_difference,Qstar,each_layer,27.0,189,361,0.5908748479385599,0.5804800744551437,0.5976175819666124,,,,,,,,
PB&J,suppressed_vs_retained,correct_only,mean_difference,Qstar,each_layer,28.0,189,361,0.5911701769042488,0.5807640446144601,0.5982126368552961,,,,,,,,
PB&J,suppressed_vs_retained,correct_only,mean_difference,Qstar,each_layer,29.0,189,361,0.5904908470005423,0.580126852218265,0.5971397792727433,,,,,,,,
PB&J,suppressed_vs_retained,correct_only,mean_difference,Qstar,each_layer,30.0,189,361,0.5910030925266382,0.5804503949933313,0.5978920253851002,,,,,,,,
PB&J,suppressed_vs_retained,correct_only,mean_difference,Qstar,each_layer,31.0,189,361,0.5926306995559074,0.5824986442714974,0.5992550821498189,,,,,,,,
PB&J,suppressed_vs_retained,correct_only,mean_difference,Qstar,each_layer,32.0,189,361,0.5979671400724033,0.5891175306687773,0.6038469712292427,,,,,,,,
PB&J,suppressed_vs_retained,mean_all_choices,mean_difference,Qstar,per_fold_selected,10.8,189,361,0.6638020489821044,0.6465359304694485,0.6815712526931362,0.5725868032654737,0.5567082911958258,0.5911791540254143,0.4826120949873208,0.4638333840126999,0.5000783949066158,0.6089068161182535,0.210669980863226
PB&J,suppressed_vs_retained,mean_all_choices,logistic_regression,Qstar,per_fold_selected,10.8,189,361,0.6460852423456301,0.6070952234387137,0.688910140849199,0.587943176655088,0.5587041433994343,0.6211264638203695,0.4682465482302632,0.4148184814087652,0.5314221693952434,2.3689712729264727,0.329774314790097
PB&J,suppressed_vs_retained,mean_all_choices,mean_difference,Qstar,each_layer,0.0,189,361,0.5859971566342759,0.5859971566342758,0.5859971566342758,,,,,,,,
PB&J,suppressed_vs_retained,mean_all_choices,mean_difference,Qstar,each_layer,1.0,189,361,0.6599356578580956,0.6533079775462046,0.6649060516789049,,,,,,,,
PB&J,suppressed_vs_retained,mean_all_choices,mean_difference,Qstar,each_layer,2.0,189,361,0.6652830907678552,0.6602383150859604,0.6697372085183719,,,,,,,,
PB&J,suppressed_vs_retained,mean_all_choices,mean_difference,Qstar,each_layer,3.0,189,361,0.6725190168403465,0.6684921367746852,0.6757339254569171,,,,,,,,
PB&J,suppressed_vs_retained,mean_all_choices,mean_difference,Qstar,each_layer,4.0,189,361,0.6710269826613315,0.6671107593545267,0.6744588078383092,,,,,,,,
PB&J,suppressed_vs_retained,mean_all_choices,mean_difference,Qstar,each_layer,5.0,189,361,0.6641691949171173,0.6598781310000147,0.6680572044145452,,,,,,,,
PB&J,suppressed_vs_retained,mean_all_choices,mean_difference,Qstar,each_layer,6.0,189,361,0.6624587785252605,0.6581563558017852,0.667402057776019,,,,,,,,
PB&J,suppressed_vs_retained,mean_all_choices,mean_difference,Qstar,each_layer,7.0,189,361,0.6593926336308608,0.6558758006126427,0.6639654692286271,,,,,,,,
PB&J,suppressed_vs_retained,mean_all_choices,mean_difference,Qstar,each_layer,8.0,189,361,0.6605995984112327,0.6563799850503451,0.6658195195591318,,,,,,,,
PB&J,suppressed_vs_retained,mean_all_choices,mean_difference,Qstar,each_layer,9.0,189,361,0.6608165149716396,0.6558908235501033,0.6665373228392619,,,,,,,,
PB&J,suppressed_vs_retained,mean_all_choices,mean_difference,Qstar,each_layer,10.0,189,361,0.6627489777074265,0.6578401412888947,0.6684954344926644,,,,,,,,
PB&J,suppressed_vs_retained,mean_all_choices,mean_difference,Qstar,each_layer,11.0,189,361,0.6561051752187487,0.6495408843746794,0.6636331325389497,,,,,,,,
PB&J,suppressed_vs_retained,mean_all_choices,mean_difference,Qstar,each_layer,12.0,189,361,0.6505906579313783,0.6428274633953305,0.6584154098697035,,,,,,,,
PB&J,suppressed_vs_retained,mean_all_choices,mean_difference,Qstar,each_layer,13.0,189,361,0.6541184833428602,0.6453648741737384,0.6619578918055372,,,,,,,,
PB&J,suppressed_vs_retained,mean_all_choices,mean_difference,Qstar,each_layer,14.0,189,361,0.6617845784050769,0.6529397323718653,0.6712739450966597,,,,,,,,
PB&J,suppressed_vs_retained,mean_all_choices,mean_difference,Qstar,each_layer,15.0,189,361,0.6678963490597839,0.656647100206657,0.6785388178047458,,,,,,,,
PB&J,suppressed_vs_retained,mean_all_choices,mean_difference,Qstar,each_layer,16.0,189,361,0.6727373990531885,0.6623265033929854,0.6819244749300151,,,,,,,,
PB&J,suppressed_vs_retained,mean_all_choices,mean_difference,Qstar,each_layer,17.0,189,361,0.6634055899983877,0.6529093200838353,0.6726630171921031,,,,,,,,
PB&J,suppressed_vs_retained,mean_all_choices,mean_difference,Qstar,each_layer,18.0,189,361,0.6406520687684123,0.631364229286667,0.6478359641794545,,,,,,,,
PB&J,suppressed_vs_retained,mean_all_choices,mean_difference,Qstar,each_layer,19.0,189,361,0.6282489850356886,0.61865189289012,0.6348726348033827,,,,,,,,
PB&J,suppressed_vs_retained,mean_all_choices,mean_difference,Qstar,each_layer,20.0,189,361,0.623810989461959,0.6131861085462194,0.6310993126090079,,,,,,,,
PB&J,suppressed_vs_retained,mean_all_choices,mean_difference,Qstar,each_layer,21.0,189,361,0.6211918685602895,0.6100463146169517,0.6286765891336529,,,,,,,,
PB&J,suppressed_vs_retained,mean_all_choices,mean_difference,Qstar,each_layer,22.0,189,361,0.6188915270632721,0.6079196529335034,0.6262120945638951,,,,,,,,
PB&J,suppressed_vs_retained,mean_all_choices,mean_difference,Qstar,each_layer,23.0,189,361,0.6179938149467235,0.6072366588987087,0.6254133139867212,,,,,,,,
PB&J,suppressed_vs_retained,mean_all_choices,mean_difference,Qstar,each_layer,24.0,189,361,0.6175541192161691,0.6066298787905436,0.6254646118219526,,,,,,,,
PB&J,suppressed_vs_retained,mean_all_choices,mean_difference,Qstar,each_layer,25.0,189,361,0.6180436471295196,0.6078958360814316,0.6258489791730789,,,,,,,,
PB&J,suppressed_vs_retained,mean_all_choices,mean_difference,Qstar,each_layer,26.0,189,361,0.6184591595948936,0.6083153790910023,0.626066994972812,,,,,,,,
PB&J,suppressed_vs_retained,mean_all_choices,mean_difference,Qstar,each_layer,27.0,189,361,0.6168264227821013,0.607117941051459,0.6243796626068094,,,,,,,,
PB&J,suppressed_vs_retained,mean_all_choices,mean_difference,Qstar,each_layer,28.0,189,361,0.6188204429201659,0.609483504081842,0.6261094988934324,,,,,,,,
PB&J,suppressed_vs_retained,mean_all_choices,mean_difference,Qstar,each_layer,29.0,189,361,0.617513080947984,0.6077796831259435,0.6249164578111946,,,,,,,,
PB&J,suppressed_vs_retained,mean_all_choices,mean_difference,Qstar,each_layer,30.0,189,361,0.6169019038825133,0.6068951618813115,0.624776121590526,,,,,,,,
PB&J,suppressed_vs_retained,mean_all_choices,mean_difference,Qstar,each_layer,31.0,189,361,0.61780328013015,0.6078588283574433,0.6255771006463527,,,,,,,,
PB&J,suppressed_vs_retained,mean_all_choices,mean_difference,Qstar,each_layer,32.0,189,361,0.6125584428908528,0.6023901127086723,0.6198463996247929,,,,,,,,
PB&J,suppressed_vs_retained,correct_minus_mean_wrong,mean_difference,Qstar,per_fold_selected,12.9,189,361,0.573395476996585,0.5300019053481657,0.6118377083058523,0.5078804467308623,0.4876582904629996,0.5353471397792727,0.3906823253547191,0.3565129626475912,0.434157370839459,0.6495319353307607,0.2282374193507953
PB&J,suppressed_vs_retained,correct_minus_mean_wrong,logistic_regression,Qstar,per_fold_selected,12.9,189,361,0.5884920634920634,0.5413222383443991,0.6166747277550602,0.5526462354717203,0.5192738791423002,0.5878924284395198,0.4179887919482136,0.3732033731662647,0.4595751287939429,2.8211452679061284,0.3604295056211078
PB&J,suppressed_vs_retained,correct_minus_mean_wrong,mean_difference,Qstar,each_layer,0.0,189,361,0.5859971566342759,0.5859971566342758,0.5859971566342758,,,,,,,,
PB&J,suppressed_vs_retained,correct_minus_mean_wrong,mean_difference,Qstar,each_layer,1.0,189,361,0.5482961790441014,0.5276586935174193,0.5634927963182811,,,,,,,,
PB&J,suppressed_vs_retained,correct_minus_mean_wrong,mean_difference,Qstar,each_layer,2.0,189,361,0.5387247358161485,0.5197778803734482,0.5540840405106333,,,,,,,,
PB&J,suppressed_vs_retained,correct_minus_mean_wrong,mean_difference,Qstar,each_layer,3.0,189,361,0.5372444268566152,0.5198460332116842,0.5515975611543478,,,,,,,,
PB&J,suppressed_vs_retained,correct_minus_mean_wrong,mean_difference,Qstar,each_layer,4.0,189,361,0.5777440677717686,0.557454674698442,0.5904186636181096,,,,,,,,
PB&J,suppressed_vs_retained,correct_minus_mean_wrong,mean_difference,Qstar,each_layer,5.0,189,361,0.6098389247973736,0.6011197584604787,0.6174368670213545,,,,,,,,
PB&J,suppressed_vs_retained,correct_minus_mean_wrong,mean_difference,Qstar,each_layer,6.0,189,361,0.6070402614723944,0.5955968136716059,0.616866728224069,,,,,,,,
PB&J,suppressed_vs_retained,correct_minus_mean_wrong,mean_difference,Qstar,each_layer,7.0,189,361,0.6138643392105997,0.6045369271131044,0.6234200266748743,,,,,,,,
PB&J,suppressed_vs_retained,correct_minus_mean_wrong,mean_difference,Qstar,each_layer,8.0,189,361,0.5887320640783245,0.5699229799645312,0.6019782643743863,,,,,,,,
PB&J,suppressed_vs_retained,correct_minus_mean_wrong,mean_difference,Qstar,each_layer,9.0,189,361,0.5828863093406029,0.563431971742221,0.596934221518709,,,,,,,,
PB&J,suppressed_vs_retained,correct_minus_mean_wrong,mean_difference,Qstar,each_layer,10.0,189,361,0.5815195884447962,0.5604405751220156,0.5999080303096924,,,,,,,,
PB&J,suppressed_vs_retained,correct_minus_mean_wrong,mean_difference,Qstar,each_layer,11.0,189,361,0.5697350100397192,0.5443319556200443,0.5884649489220126,,,,,,,,
PB&J,suppressed_vs_retained,correct_minus_mean_wrong,mean_difference,Qstar,each_layer,12.0,189,361,0.5722178252649167,0.5555812044731712,0.5852144982338888,,,,,,,,
PB&J,suppressed_vs_retained,correct_minus_mean_wrong,mean_difference,Qstar,each_layer,13.0,189,361,0.5954183704876226,0.5755367952043853,0.6081453634085213,,,,,,,,
PB&J,suppressed_vs_retained,correct_minus_mean_wrong,mean_difference,Qstar,each_layer,14.0,189,361,0.556956719283589,0.5246372510222925,0.5793724076272553,,,,,,,,
PB&J,suppressed_vs_retained,correct_minus_mean_wrong,mean_difference,Qstar,each_layer,15.0,189,361,0.5690234357824384,0.5298538744522123,0.5878632985973706,,,,,,,,
PB&J,suppressed_vs_retained,correct_minus_mean_wrong,mean_difference,Qstar,each_layer,16.0,189,361,0.5719393513022322,0.5249761831479283,0.596303990971581,,,,,,,,
PB&J,suppressed_vs_retained,correct_minus_mean_wrong,mean_difference,Qstar,each_layer,17.0,189,361,0.5744163039176888,0.531251374049158,0.5958943411159477,,,,,,,,
PB&J,suppressed_vs_retained,correct_minus_mean_wrong,mean_difference,Qstar,each_layer,18.0,189,361,0.5736226531240382,0.5365658297791261,0.5925673100880857,,,,,,,,
PB&J,suppressed_vs_retained,correct_minus_mean_wrong,mean_difference,Qstar,each_layer,19.0,189,361,0.5764139881868414,0.529886851632004,0.5974523296545458,,,,,,,,
PB&J,suppressed_vs_retained,correct_minus_mean_wrong,mean_difference,Qstar,each_layer,20.0,189,361,0.580948716821293,0.54174471265884,0.5980323616057688,,,,,,,,
PB&J,suppressed_vs_retained,correct_minus_mean_wrong,mean_difference,Qstar,each_layer,21.0,189,361,0.5804350056427618,0.5500945345820693,0.5944107344384353,,,,,,,,
PB&J,suppressed_vs_retained,correct_minus_mean_wrong,mean_difference,Qstar,each_layer,22.0,189,361,0.5812381831772414,0.550297161031233,0.5952784006800628,,,,,,,,
PB&J,suppressed_vs_retained,correct_minus_mean_wrong,mean_difference,Qstar,each_layer,23.0,189,361,0.5836213340368466,0.5545350950475605,0.5967048469126032,,,,,,,,
PB&J,suppressed_vs_retained,correct_minus_mean_wrong,mean_difference,Qstar,each_layer,24.0,189,361,0.5839562356182855,0.5572362924856,0.59578111946533,,,,,,,,
PB&J,suppressed_vs_retained,correct_minus_mean_wrong,mean_difference,Qstar,each_layer,25.0,189,361,0.5831134854680561,0.5584736695540019,0.5938446261853464,,,,,,,,
PB&J,suppressed_vs_retained,correct_minus_mean_wrong,mean_difference,Qstar,each_layer,26.0,189,361,0.5831149511204913,0.5578302481349573,0.5941784285274591,,,,,,,,
PB&J,suppressed_vs_retained,correct_minus_mean_wrong,mean_difference,Qstar,each_layer,27.0,189,361,0.5826943088715942,0.5568339708921426,0.5942909173518592,,,,,,,,
PB&J,suppressed_vs_retained,correct_minus_mean_wrong,mean_difference,Qstar,each_layer,28.0,189,361,0.5831896993946855,0.5583545852936435,0.5943213296398893,,,,,,,,
PB&J,suppressed_vs_retained,correct_minus_mean_wrong,mean_difference,Qstar,each_layer,29.0,189,361,0.5834696390098052,0.5581373023201278,0.5943667648653799,,,,,,,,
PB&J,suppressed_vs_retained,correct_minus_mean_wrong,mean_difference,Qstar,each_layer,30.0,189,361,0.5841079306453267,0.5622513887056824,0.5929593721144968,,,,,,,,
PB&J,suppressed_vs_retained,correct_minus_mean_wrong,mean_difference,Qstar,each_layer,31.0,189,361,0.5856901024491052,0.565862023479752,0.5942377874510839,,,,,,,,
PB&J,suppressed_vs_retained,correct_minus_mean_wrong,mean_difference,Qstar,each_layer,32.0,189,361,0.5851075056061206,0.5691370238461652,0.5927468525113955,,,,,,,,
PB&J,suppressed_vs_rest,correct_only,mean_difference,Qstar,per_fold_selected,3.9,189,512,0.592928447420635,0.5146251860119047,0.645852451223545,0.5207801132605819,0.5039637328455688,0.5353502707506614,0.3491332392012608,0.2864165959793851,0.4026139303157819,0.5685380285397562,0.1916285234519157
PB&J,suppressed_vs_rest,correct_only,logistic_regression,Qstar,per_fold_selected,3.9,189,512,0.5679721085482803,0.5040396877066798,0.618741474454365,0.5375700128141534,0.501803927951389,0.5795450200479497,0.3261529439222392,0.2759278684842625,0.3798356510028456,1.720299974866191,0.2593014090904689
PB&J,suppressed_vs_rest,correct_only,mean_difference,Qstar,each_layer,0.0,189,512,0.6127025462962962,0.6127025462962963,0.6127025462962963,,,,,,,,
PB&J,suppressed_vs_rest,correct_only,mean_difference,Qstar,each_layer,1.0,189,512,0.6643280836640212,0.6547642299107143,0.6706067604993386,,,,,,,,
PB&J,suppressed_vs_rest,correct_only,mean_difference,Qstar,each_layer,2.0,189,512,0.6697751322751323,0.6632001281415344,0.6743257068452381,,,,,,,,
PB&J,suppressed_vs_rest,correct_only,mean_difference,Qstar,each_layer,3.0,189,512,0.675858238260582,0.6709973854993386,0.6793705047123015,,,,,,,,
PB&J,suppressed_vs_rest,correct_only,mean_difference,Qstar,each_layer,4.0,189,512,0.6724490534060846,0.6672957485945767,0.676412140376984,,,,,,,,
PB&J,suppressed_vs_rest,correct_only,mean_difference,Qstar,each_layer,5.0,189,512,0.669804584160053,0.6651181175595238,0.6740417803406085,,,,,,,,
PB&J,suppressed_vs_rest,correct_only,mean_difference,Qstar,each_layer,6.0,189,512,0.6691122065145503,0.6649796420304233,0.6739774512235449,,,,,,,,
PB&J,suppressed_vs_rest,correct_only,mean_difference,Qstar,each_layer,7.0,189,512,0.6658657820767195,0.6611010354662699,0.6708356584821429,,,,,,,,
PB&J,suppressed_vs_rest,correct_only,mean_difference,Qstar,each_layer,8.0,189,512,0.6677155671296297,0.6629983568948412,0.6719240864748678,,,,,,,,
PB&J,suppressed_vs_rest,correct_only,mean_difference,Qstar,each_layer,9.0,189,512,0.6684327463624339,0.6630172164351852,0.6727939504794973,,,,,,,,
PB&J,suppressed_vs_rest,correct_only,mean_difference,Qstar,each_layer,10.0,189,512,0.674356708829365,0.6684379133597883,0.6780229518022487,,,,,,,,
PB&J,suppressed_vs_rest,correct_only,mean_difference,Qstar,each_layer,11.0,189,512,0.6677005828373015,0.6614795180224867,0.6712565104166667,,,,,,,,
PB&J,suppressed_vs_rest,correct_only,mean_difference,Qstar,each_layer,12.0,189,512,0.6623124379960318,0.6564564215443122,0.6665695271164022,,,,,,,,
PB&J,suppressed_vs_rest,correct_only,mean_difference,Qstar,each_layer,13.0,189,512,0.6637204447751324,0.6580393311838625,0.6677501860119047,,,,,,,,
PB&J,suppressed_vs_rest,correct_only,mean_difference,Qstar,each_layer,14.0,189,512,0.6620695891203704,0.6572193287037037,0.6677618117559524,,,,,,,,
PB&J,suppressed_vs_rest,correct_only,mean_difference,Qstar,each_layer,15.0,189,512,0.667310474537037,0.6621256510416667,0.6724332940641534,,,,,,,,
PB&J,suppressed_vs_rest,correct_only,mean_difference,Qstar,each_layer,16.0,189,512,0.665250392691799,0.6594615472056878,0.6699151579034391,,,,,,,,
PB&J,suppressed_vs_rest,correct_only,mean_difference,Qstar,each_layer,17.0,189,512,0.6553865947420635,0.6500971395502646,0.6604523189484127,,,,,,,,
PB&J,suppressed_vs_rest,correct_only,mean_difference,Qstar,each_layer,18.0,189,512,0.6341202670304232,0.62953533192791,0.6386661913029101,,,,,,,,
PB&J,suppressed_vs_rest,correct_only,mean_difference,Qstar,each_layer,19.0,189,512,0.6211635044642858,0.6165343915343916,0.6259582196593915,,,,,,,,
PB&J,suppressed_vs_rest,correct_only,mean_difference,Qstar,each_layer,20.0,189,512,0.61630291005291,0.6116358196924604,0.6211759052579365,,,,,,,,
PB&J,suppressed_vs_rest,correct_only,mean_difference,Qstar,each_layer,21.0,189,512,0.6121693121693123,0.6074903377149471,0.6173636946097885,,,,,,,,
PB&J,suppressed_vs_rest,correct_only,mean_difference,Qstar,each_layer,22.0,189,512,0.6114200975529102,0.6067349227017196,0.616684234457672,,,,,,,,
PB&J,suppressed_vs_rest,correct_only,mean_difference,Qstar,each_layer,23.0,189,512,0.6110062210648148,0.6061190166170635,0.6161256820436508,,,,,,,,
PB&J,suppressed_vs_rest,correct_only,mean_difference,Qstar,each_layer,24.0,189,512,0.6119848503637566,0.6072015025628307,0.6170575500165343,,,,,,,,
PB&J,suppressed_vs_rest,correct_only,mean_difference,Qstar,each_layer,25.0,189,512,0.6111229952050264,0.606366515790344,0.6161104394014549,,,,,,,,
PB&J,suppressed_vs_rest,correct_only,mean_difference,Qstar,each_layer,26.0,189,512,0.6114381820436507,0.6065905051256614,0.6163956576554233,,,,,,,,
PB&J,suppressed_vs_rest,correct_only,mean_difference,Qstar,each_layer,27.0,189,512,0.6090882316468254,0.604461185515873,0.6136829840443122,,,,,,,,
PB&J,suppressed_vs_rest,correct_only,mean_difference,Qstar,each_layer,28.0,189,512,0.6092701099537038,0.6045743427579365,0.6139738859953704,,,,,,,,
PB&J,suppressed_vs_rest,correct_only,mean_difference,Qstar,each_layer,29.0,189,512,0.6087559937169311,0.6041180968915344,0.6134620949074073,,,,,,,,
PB&J,suppressed_vs_rest,correct_only,mean_difference,Qstar,each_layer,30.0,189,512,0.609139384920635,0.6043661127645502,0.6139247995205026,,,,,,,,
PB&J,suppressed_vs_rest,correct_only,mean_difference,Qstar,each_layer,31.0,189,512,0.6109648850859788,0.6058516245039683,0.6159719638723544,,,,,,,,
PB&J,suppressed_vs_rest,correct_only,mean_difference,Qstar,each_layer,32.0,189,512,0.6166434151785715,0.6114988942625662,0.6212368758267196,,,,,,,,
PB&J,suppressed_vs_rest,mean_all_choices,mean_difference,Qstar,per_fold_selected,4.4,189,512,0.6016350963128307,0.5413503172536376,0.6595710875496031,0.5186557022982805,0.5060138682208994,0.5359422794725529,0.3531191149606195,0.3087889525712935,0.3971816054090485,0.5662675704390407,0.1908852313246918
PB&J,suppressed_vs_rest,mean_all_choices,logistic_regression,Qstar,per_fold_selected,4.4,189,512,0.585981677827381,0.5267739593667328,0.6406580687830687,0.5458279079861111,0.5148828900049603,0.5770697699652777,0.3334461465262529,0.2828130784915058,0.3896796096169148,1.6424110467016668,0.2560472480178107
PB&J,suppressed_vs_rest,mean_all_choices,mean_difference,Qstar,each_layer,0.0,189,512,0.6127025462962962,0.6127025462962963,0.6127025462962963,,,,,,,,
PB&J,suppressed_vs_rest,mean_all_choices,mean_difference,Qstar,each_layer,1.0,189,512,0.6664853050595239,0.6575097139550264,0.6720747044477513,,,,,,,,
PB&J,suppressed_vs_rest,mean_all_choices,mean_difference,Qstar,each_layer,2.0,189,512,0.6730380911044974,0.6659445787863756,0.6772724454365079,,,,,,,,
PB&J,suppressed_vs_rest,mean_all_choices,mean_difference,Qstar,each_layer,3.0,189,512,0.6796394469246032,0.6750286768353174,0.6830098792989419,,,,,,,,
PB&J,suppressed_vs_rest,mean_all_choices,mean_difference,Qstar,each_layer,4.0,189,512,0.6772962136243386,0.673203693369709,0.6805201616236772,,,,,,,,
PB&J,suppressed_vs_rest,mean_all_choices,mean_difference,Qstar,each_layer,5.0,189,512,0.6699451264880952,0.6656779617228836,0.673601810515873,,,,,,,,
PB&J,suppressed_vs_rest,mean_all_choices,mean_difference,Qstar,each_layer,6.0,189,512,0.6691540591931217,0.6650328621031746,0.6730435164517196,,,,,,,,
PB&J,suppressed_vs_rest,mean_all_choices,mean_difference,Qstar,each_layer,7.0,189,512,0.6677760209986773,0.6638498780588624,0.6712960379464286,,,,,,,,
PB&J,suppressed_vs_rest,mean_all_choices,mean_difference,Qstar,each_layer,8.0,189,512,0.6703910383597884,0.665274677579365,0.6744864004629629,,,,,,,,
PB&J,suppressed_vs_rest,mean_all_choices,mean_difference,Qstar,each_layer,9.0,189,512,0.6695214327050266,0.6643025070271164,0.6735002790178571,,,,,,,,
PB&J,suppressed_vs_rest,mean_all_choices,mean_difference,Qstar,each_layer,10.0,189,512,0.6721550512566139,0.6663243530919312,0.675665767609127,,,,,,,,
PB&J,suppressed_vs_rest,mean_all_choices,mean_difference,Qstar,each_layer,11.0,189,512,0.666375248015873,0.6609566178902117,0.669981037119709,,,,,,,,
PB&J,suppressed_vs_rest,mean_all_choices,mean_difference,Qstar,each_layer,12.0,189,512,0.6596943204365079,0.6537907676091269,0.663524357225529,,,,,,,,
PB&J,suppressed_vs_rest,mean_all_choices,mean_difference,Qstar,each_layer,13.0,189,512,0.6606776000330687,0.6538016183035714,0.6653689752810846,,,,,,,,
PB&J,suppressed_vs_rest,mean_all_choices,mean_difference,Qstar,each_layer,14.0,189,512,0.6652994791666667,0.6595183841765873,0.6704700934193122,,,,,,,,
PB&J,suppressed_vs_rest,mean_all_choices,mean_difference,Qstar,each_layer,15.0,189,512,0.6712978463955026,0.6672869646990741,0.6772703786375661,,,,,,,,
PB&J,suppressed_vs_rest,mean_all_choices,mean_difference,Qstar,each_layer,16.0,189,512,0.6765366650132275,0.6715215773809524,0.6829142898478836,,,,,,,,
PB&J,suppressed_vs_rest,mean_all_choices,mean_difference,Qstar,each_layer,17.0,189,512,0.6690688037367725,0.6623106295469576,0.6750286768353174,,,,,,,,
PB&J,suppressed_vs_rest,mean_all_choices,mean_difference,Qstar,each_layer,18.0,189,512,0.6437856522817461,0.6373876178075397,0.6491110181051587,,,,,,,,
PB&J,suppressed_vs_rest,mean_all_choices,mean_difference,Qstar,each_layer,19.0,189,512,0.6304909680886243,0.6227236793154762,0.6351823433366401,,,,,,,,
PB&J,suppressed_vs_rest,mean_all_choices,mean_difference,Qstar,each_layer,20.0,189,512,0.6262240616732804,0.6178178736772487,0.6324027571097883,,,,,,,,
PB&J,suppressed_vs_rest,mean_all_choices,mean_difference,Qstar,each_layer,21.0,189,512,0.6235170717592593,0.6148096478174603,0.6292098110945767,,,,,,,,
PB&J,suppressed_vs_rest,mean_all_choices,mean_difference,Qstar,each_layer,22.0,189,512,0.6215308779761904,0.6133528129133597,0.6270159040178571,,,,,,,,
PB&J,suppressed_vs_rest,mean_all_choices,mean_difference,Qstar,each_layer,23.0,189,512,0.6192356977513227,0.6107966993220899,0.624344566385582,,,,,,,,
PB&J,suppressed_vs_rest,mean_all_choices,mean_difference,Qstar,each_layer,24.0,189,512,0.6182839368386243,0.6098865327380952,0.6235139715608465,,,,,,,,
PB&J,suppressed_vs_rest,mean_all_choices,mean_difference,Qstar,each_layer,25.0,189,512,0.6191633597883598,0.611728050595238,0.6241161851025132,,,,,,,,
PB&J,suppressed_vs_rest,mean_all_choices,mean_difference,Qstar,each_layer,26.0,189,512,0.6194031084656085,0.6115893167162699,0.6244466145833333,,,,,,,,
PB&J,suppressed_vs_rest,mean_all_choices,mean_difference,Qstar,each_layer,27.0,189,512,0.6170164723875661,0.6093845589451058,0.6224134011243386,,,,,,,,
PB&J,suppressed_vs_rest,mean_all_choices,mean_difference,Qstar,each_layer,28.0,189,512,0.6190589864417989,0.6120401372354497,0.6241164434523809,,,,,,,,
PB&J,suppressed_vs_rest,mean_all_choices,mean_difference,Qstar,each_layer,29.0,189,512,0.6167266038359788,0.6100211330191799,0.6215445705191799,,,,,,,,
PB&J,suppressed_vs_rest,mean_all_choices,mean_difference,Qstar,each_layer,30.0,189,512,0.6176106770833334,0.6108127170138888,0.622663742146164,,,,,,,,
PB&J,suppressed_vs_rest,mean_all_choices,mean_difference,Qstar,each_layer,31.0,189,512,0.6202954489087301,0.6134613198578043,0.6254608961640211,,,,,,,,
PB&J,suppressed_vs_rest,mean_all_choices,mean_difference,Qstar,each_layer,32.0,189,512,0.6211578207671957,0.6143717447916667,0.6267064008763228,,,,,,,,
PB&J,suppressed_vs_rest,correct_minus_mean_wrong,mean_difference,Qstar,per_fold_selected,0.8,189,512,0.5044854704034389,0.4967086226851851,0.5248843884341932,0.4994920841600529,0.4946491867146164,0.5025756190062831,0.2724882509718658,0.2680265157733615,0.2857445870173883,0.5854572835191095,0.1980495293125158
PB&J,suppressed_vs_rest,correct_minus_mean_wrong,logistic_regression,Qstar,per_fold_selected,0.8,189,512,0.5073076843584655,0.4958329458085317,0.5567318225033068,0.5040814112103175,0.4972931392609127,0.5249744233630952,0.2770988668509475,0.2676315847325559,0.321568948185907,0.8359726873627624,0.2110612158571484
PB&J,suppressed_vs_rest,correct_minus_mean_wrong,mean_difference,Qstar,each_layer,0.0,189,512,0.6127025462962962,0.6127025462962963,0.6127025462962963,,,,,,,,
PB&J,suppressed_vs_rest,correct_minus_mean_wrong,mean_difference,Qstar,each_layer,1.0,189,512,0.5713371155753968,0.5532756179728836,0.5844447544642857,,,,,,,,
PB&J,suppressed_vs_rest,correct_minus_mean_wrong,mean_difference,Qstar,each_layer,2.0,189,512,0.5656890707671958,0.5442142547123016,0.5850815868882274,,,,,,,,
PB&J,suppressed_vs_rest,correct_minus_mean_wrong,mean_difference,Qstar,each_layer,3.0,189,512,0.5563471395502645,0.5339600901124338,0.5780787553736773,,,,,,,,
PB&J,suppressed_vs_rest,correct_minus_mean_wrong,mean_difference,Qstar,each_layer,4.0,189,512,0.5924406828703704,0.5755226417824074,0.6044619605654762,,,,,,,,
PB&J,suppressed_vs_rest,correct_minus_mean_wrong,mean_difference,Qstar,each_layer,5.0,189,512,0.6168743799603175,0.6048877211474868,0.6258339533730158,,,,,,,,
PB&J,suppressed_vs_rest,correct_minus_mean_wrong,mean_difference,Qstar,each_layer,6.0,189,512,0.6083658854166667,0.5952680638227513,0.6180351459160053,,,,,,,,
PB&J,suppressed_vs_rest,correct_minus_mean_wrong,mean_difference,Qstar,each_layer,7.0,189,512,0.6098953166335978,0.5944498697916667,0.621916335978836,,,,,,,,
PB&J,suppressed_vs_rest,correct_minus_mean_wrong,mean_difference,Qstar,each_layer,8.0,189,512,0.5824203249007938,0.5609772858796296,0.5985948350694444,,,,,,,,
PB&J,suppressed_vs_rest,correct_minus_mean_wrong,mean_difference,Qstar,each_layer,9.0,189,512,0.5757409474206349,0.5537969680059525,0.5930087942294974,,,,,,,,
PB&J,suppressed_vs_rest,correct_minus_mean_wrong,mean_difference,Qstar,each_layer,10.0,189,512,0.5853892815806878,0.5671709656084656,0.5997109064980158,,,,,,,,
PB&J,suppressed_vs_rest,correct_minus_mean_wrong,mean_difference,Qstar,each_layer,11.0,189,512,0.592680431547619,0.5722105964781746,0.6075776599702382,,,,,,,,
PB&J,suppressed_vs_rest,correct_minus_mean_wrong,mean_difference,Qstar,each_layer,12.0,189,512,0.5906348172949736,0.5661822606646826,0.6091587611607143,,,,,,,,
PB&J,suppressed_vs_rest,correct_minus_mean_wrong,mean_difference,Qstar,each_layer,13.0,189,512,0.6033492476851852,0.5809076864252646,0.6229042658730158,,,,,,,,
PB&J,suppressed_vs_rest,correct_minus_mean_wrong,mean_difference,Qstar,each_layer,14.0,189,512,0.5629335110780425,0.5422138516865079,0.5872499173280423,,,,,,,,
PB&J,suppressed_vs_rest,correct_minus_mean_wrong,mean_difference,Qstar,each_layer,15.0,189,512,0.5774873925264551,0.5663106605489419,0.5917960999503968,,,,,,,,
PB&J,suppressed_vs_rest,correct_minus_mean_wrong,mean_difference,Qstar,each_layer,16.0,189,512,0.58086505869709,0.5718726748511904,0.5883763227513228,,,,,,,,
PB&J,suppressed_vs_rest,correct_minus_mean_wrong,mean_difference,Qstar,each_layer,17.0,189,512,0.5856631324404762,0.5725252666170635,0.5964306382275132,,,,,,,,
PB&J,suppressed_vs_rest,correct_minus_mean_wrong,mean_difference,Qstar,each_layer,18.0,189,512,0.5857793898809524,0.5715778976521164,0.5974738549933862,,,,,,,,
PB&J,suppressed_vs_rest,correct_minus_mean_wrong,mean_difference,Qstar,each_layer,19.0,189,512,0.581661292989418,0.5680245535714286,0.5924900276951058,,,,,,,,
PB&J,suppressed_vs_rest,correct_minus_mean_wrong,mean_difference,Qstar,each_layer,20.0,189,512,0.5835276124338624,0.571646877066799,0.5922055844907408,,,,,,,,
PB&J,suppressed_vs_rest,correct_minus_mean_wrong,mean_difference,Qstar,each_layer,21.0,189,512,0.5854559358465609,0.5747791108630953,0.5923466435185185,,,,,,,,
PB&J,suppressed_vs_rest,correct_minus_mean_wrong,mean_difference,Qstar,each_layer,22.0,189,512,0.5852931754298942,0.574674220816799,0.5920020047949736,,,,,,,,
PB&J,suppressed_vs_rest,correct_minus_mean_wrong,mean_difference,Qstar,each_layer,23.0,189,512,0.5868959780092593,0.5759130084325397,0.5931250516699735,,,,,,,,
PB&J,suppressed_vs_rest,correct_minus_mean_wrong,mean_difference,Qstar,each_layer,24.0,189,512,0.5878792576058202,0.5766632564484127,0.5943777901785715,,,,,,,,
PB&J,suppressed_vs_rest,correct_minus_mean_wrong,mean_difference,Qstar,each_layer,25.0,189,512,0.5885447668650794,0.5782590835813493,0.5950055803571428,,,,,,,,
PB&J,suppressed_vs_rest,correct_minus_mean_wrong,mean_difference,Qstar,each_layer,26.0,189,512,0.5888790715939153,0.5787272135416667,0.5956165777943121,,,,,,,,
PB&J,suppressed_vs_rest,correct_minus_mean_wrong,mean_difference,Qstar,each_layer,27.0,189,512,0.587952628968254,0.5786758019179894,0.5943966497189154,,,,,,,,
PB&J,suppressed_vs_rest,correct_minus_mean_wrong,mean_difference,Qstar,each_layer,28.0,189,512,0.5884992972883598,0.5793085007440476,0.5949634693287037,,,,,,,,
PB&J,suppressed_vs_rest,correct_minus_mean_wrong,mean_difference,Qstar,each_layer,29.0,189,512,0.588923507771164,0.5793312355324074,0.595620453042328,,,,,,,,
PB&J,suppressed_vs_rest,correct_minus_mean_wrong,mean_difference,Qstar,each_layer,30.0,189,512,0.5902865616732804,0.5814003596230158,0.5964662905092593,,,,,,,,
PB&J,suppressed_vs_rest,correct_minus_mean_wrong,mean_difference,Qstar,each_layer,31.0,189,512,0.5921709656084656,0.5843644076554233,0.5974518952546296,,,,,,,,
PB&J,suppressed_vs_rest,correct_minus_mean_wrong,mean_difference,Qstar,each_layer,32.0,189,512,0.5972191220238097,0.5909463872354498,0.6032991278108465,,,,,,,,
PB&J,forgotten_vs_retained,correct_only,mean_difference,Qstar,per_fold_selected,10.6,60,361,0.5798522622345337,0.5186588180978763,0.6232086795937212,0.5015350877192982,0.4937326869806094,0.5076754385964912,0.1961531534132818,0.157528413370434,0.2410935451823754,0.4225714503434706,0.1254622395002578
PB&J,forgotten_vs_retained,correct_only,logistic_regression,Qstar,per_fold_selected,10.6,60,361,0.6218790397045245,0.5798741920590951,0.6915385503231762,0.5384048938134811,0.5174047783933517,0.5748741920590951,0.2090088105680627,0.1750152416575301,0.2525913940037661,1.1027873770163832,0.1786466994323272
PB&J,forgotten_vs_retained,correct_only,mean_difference,Qstar,each_layer,0.0,60,361,0.421606648199446,0.421606648199446,0.421606648199446,,,,,,,,
PB&J,forgotten_vs_retained,correct_only,mean_difference,Qstar,each_layer,1.0,60,361,0.5513411819021237,0.4562927054478301,0.6163688827331486,,,,,,,,
PB&J,forgotten_vs_retained,correct_only,mean_difference,Qstar,each_layer,2.0,60,361,0.5790373961218837,0.4931128808864266,0.636410433979686,,,,,,,,
PB&J,forgotten_vs_retained,correct_only,mean_difference,Qstar,each_layer,3.0,60,361,0.5908795013850414,0.5056001846722068,0.6524203601108033,,,,,,,,
PB&J,forgotten_vs_retained,correct_only,mean_difference,Qstar,each_layer,4.0,60,361,0.5749884579870729,0.5033414127423823,0.6305620960295476,,,,,,,,
PB&J,forgotten_vs_retained,correct_only,mean_difference,Qstar,each_layer,5.0,60,361,0.5509072022160665,0.4693975069252077,0.6099238227146814,,,,,,,,
PB&J,forgotten_vs_retained,correct_only,mean_difference,Qstar,each_layer,6.0,60,361,0.5503739612188365,0.4768940443213296,0.6052770083102492,,,,,,,,
PB&J,forgotten_vs_retained,correct_only,mean_difference,Qstar,each_layer,7.0,60,361,0.5610664819944597,0.4963977377654663,0.605466297322253,,,,,,,,
PB&J,forgotten_vs_retained,correct_only,mean_difference,Qstar,each_layer,8.0,60,361,0.5742082179132042,0.518530701754386,0.6104328254847645,,,,,,,,
PB&J,forgotten_vs_retained,correct_only,mean_difference,Qstar,each_layer,9.0,60,361,0.5970360110803324,0.5494817636195752,0.6288746537396122,,,,,,,,
PB&J,forgotten_vs_retained,correct_only,mean_difference,Qstar,each_layer,10.0,60,361,0.5887765466297322,0.5407271468144044,0.6214727608494921,,,,,,,,
PB&J,forgotten_vs_retained,correct_only,mean_difference,Qstar,each_layer,11.0,60,361,0.5858841181902124,0.5409983841181902,0.615865650969529,,,,,,,,
PB&J,forgotten_vs_retained,correct_only,mean_difference,Qstar,each_layer,12.0,60,361,0.5842682363804248,0.5436703601108033,0.6098326408125577,,,,,,,,
PB&J,forgotten_vs_retained,correct_only,mean_difference,Qstar,each_layer,13.0,60,361,0.5853301015697138,0.5461068790397045,0.6145025392428439,,,,,,,,
PB&J,forgotten_vs_retained,correct_only,mean_difference,Qstar,each_layer,14.0,60,361,0.5959095106186518,0.559596029547553,0.6253081717451524,,,,,,,,
PB&J,forgotten_vs_retained,correct_only,mean_difference,Qstar,each_layer,15.0,60,361,0.5753000923361035,0.5463931209602955,0.6047680055401662,,,,,,,,
PB&J,forgotten_vs_retained,correct_only,mean_difference,Qstar,each_layer,16.0,60,361,0.5846675900277007,0.5556821329639889,0.6100888734995383,,,,,,,,
PB&J,forgotten_vs_retained,correct_only,mean_difference,Qstar,each_layer,17.0,60,361,0.5750092336103416,0.5494252077562327,0.6007190674053555,,,,,,,,
PB&J,forgotten_vs_retained,correct_only,mean_difference,Qstar,each_layer,18.0,60,361,0.5551154201292706,0.5329328254847645,0.5822403047091413,,,,,,,,
PB&J,forgotten_vs_retained,correct_only,mean_difference,Qstar,each_layer,19.0,60,361,0.5456071098799631,0.5220902585410896,0.5685076177285319,,,,,,,,
PB&J,forgotten_vs_retained,correct_only,mean_difference,Qstar,each_layer,20.0,60,361,0.5474492151431211,0.5243167128347184,0.5703347183748846,,,,,,,,
PB&J,forgotten_vs_retained,correct_only,mean_difference,Qstar,each_layer,21.0,60,361,0.5465489381348108,0.5265927977839335,0.5681186518928901,,,,,,,,
PB&J,forgotten_vs_retained,correct_only,mean_difference,Qstar,each_layer,22.0,60,361,0.5443905817174517,0.5252816251154201,0.5645567867036011,,,,,,,,
PB&J,forgotten_vs_retained,correct_only,mean_difference,Qstar,each_layer,23.0,60,361,0.548640350877193,0.5289069713758079,0.5705897968605724,,,,,,,,
PB&J,forgotten_vs_retained,correct_only,mean_difference,Qstar,each_layer,24.0,60,361,0.5495013850415512,0.5290939519852262,0.5715431671283472,,,,,,,,
PB&J,forgotten_vs_retained,correct_only,mean_difference,Qstar,each_layer,25.0,60,361,0.5447068328716527,0.5249157433056325,0.5665547091412743,,,,,,,,
PB&J,forgotten_vs_retained,correct_only,mean_difference,Qstar,each_layer,26.0,60,361,0.545724838411819,0.5271445060018467,0.567202216066482,,,,,,,,
PB&J,forgotten_vs_retained,correct_only,mean_difference,Qstar,each_layer,27.0,60,361,0.5427146814404432,0.5249342105263158,0.5628185595567867,,,,,,,,
PB&J,forgotten_vs_retained,correct_only,mean_difference,Qstar,each_layer,28.0,60,361,0.5421883656509696,0.5244078947368421,0.5625461680517082,,,,,,,,
PB&J,forgotten_vs_retained,correct_only,mean_difference,Qstar,each_layer,29.0,60,361,0.539769159741459,0.5214242843951985,0.5607271468144044,,,,,,,,
PB&J,forgotten_vs_retained,correct_only,mean_difference,Qstar,each_layer,30.0,60,361,0.5420821791320407,0.524365189289012,0.563311403508772,,,,,,,,
PB&J,forgotten_vs_retained,correct_only,mean_difference,Qstar,each_layer,31.0,60,361,0.5433494921514311,0.5266089566020314,0.5648280240073869,,,,,,,,
PB&J,forgotten_vs_retained,correct_only,mean_difference,Qstar,each_layer,32.0,60,361,0.5481394275161589,0.5334383656509696,0.56547783933518,,,,,,,,
PB&J,forgotten_vs_retained,mean_all_choices,mean_difference,Qstar,per_fold_selected,16.9,60,361,0.5915212373037858,0.5201892890120037,0.6468871191135734,0.5048684210526317,0.4943905817174515,0.5166787857802401,0.216319045884917,0.1658898022795309,0.2569051104315339,0.4158407939436697,0.1230544742635974
PB&J,forgotten_vs_retained,mean_all_choices,logistic_regression,Qstar,per_fold_selected,16.9,60,361,0.6261588180978762,0.5760237765466297,0.6836957525392428,0.5406798245614033,0.4973112880886426,0.5847189519852262,0.2257765945251189,0.1757190237468325,0.2976836512744981,1.027565152696991,0.1696624817412353
PB&J,forgotten_vs_retained,mean_all_choices,mean_difference,Qstar,each_layer,0.0,60,361,0.421606648199446,0.421606648199446,0.421606648199446,,,,,,,,
PB&J,forgotten_vs_retained,mean_all_choices,mean_difference,Qstar,each_layer,1.0,60,361,0.573617266851339,0.4677712373037858,0.6463527239150507,,,,,,,,
PB&J,forgotten_vs_retained,mean_all_choices,mean_difference,Qstar,each_layer,2.0,60,361,0.5847460757156048,0.4859406740535549,0.6490801015697137,,,,,,,,
PB&J,forgotten_vs_retained,mean_all_choices,mean_difference,Qstar,each_layer,3.0,60,361,0.5768467220683287,0.4866285780240074,0.6342105263157894,,,,,,,,
PB&J,forgotten_vs_retained,mean_all_choices,mean_difference,Qstar,each_layer,4.0,60,361,0.5694159741458911,0.479157433056325,0.6305886426592797,,,,,,,,
PB&J,forgotten_vs_retained,mean_all_choices,mean_difference,Qstar,each_layer,5.0,60,361,0.54716297322253,0.4525669436749769,0.6085953370267775,,,,,,,,
PB&J,forgotten_vs_retained,mean_all_choices,mean_difference,Qstar,each_layer,6.0,60,361,0.5439773776546629,0.4486657433056324,0.6078728070175439,,,,,,,,
PB&J,forgotten_vs_retained,mean_all_choices,mean_difference,Qstar,each_layer,7.0,60,361,0.5509649122807018,0.4540143120960295,0.6060803324099723,,,,,,,,
PB&J,forgotten_vs_retained,mean_all_choices,mean_difference,Qstar,each_layer,8.0,60,361,0.5741689750692521,0.4921664358264081,0.6284995383194829,,,,,,,,
PB&J,forgotten_vs_retained,mean_all_choices,mean_difference,Qstar,each_layer,9.0,60,361,0.6053070175438597,0.5350738688827332,0.6500357802400738,,,,,,,,
PB&J,forgotten_vs_retained,mean_all_choices,mean_difference,Qstar,each_layer,10.0,60,361,0.5869967682363806,0.5169148199445983,0.6321225761772853,,,,,,,,
PB&J,forgotten_vs_retained,mean_all_choices,mean_difference,Qstar,each_layer,11.0,60,361,0.5838619575253924,0.51543513388735,0.6281417359187442,,,,,,,,
PB&J,forgotten_vs_retained,mean_all_choices,mean_difference,Qstar,each_layer,12.0,60,361,0.5832317636195753,0.514882271468144,0.6232606186518929,,,,,,,,
PB&J,forgotten_vs_retained,mean_all_choices,mean_difference,Qstar,each_layer,13.0,60,361,0.5908633425669438,0.5339173591874423,0.6282075253924284,,,,,,,,
PB&J,forgotten_vs_retained,mean_all_choices,mean_difference,Qstar,each_layer,14.0,60,361,0.6105701754385965,0.5700484764542937,0.6393017082179132,,,,,,,,
PB&J,forgotten_vs_retained,mean_all_choices,mean_difference,Qstar,each_layer,15.0,60,361,0.6062696214219758,0.5681913665743306,0.6342670821791321,,,,,,,,
PB&J,forgotten_vs_retained,mean_all_choices,mean_difference,Qstar,each_layer,16.0,60,361,0.6194967682363804,0.5868432594644506,0.640646352723915,,,,,,,,
PB&J,forgotten_vs_retained,mean_all_choices,mean_difference,Qstar,each_layer,17.0,60,361,0.6194759926131118,0.5915524007386889,0.6371479686057249,,,,,,,,
PB&J,forgotten_vs_retained,mean_all_choices,mean_difference,Qstar,each_layer,18.0,60,361,0.6257548476454293,0.6043501846722068,0.6369390581717452,,,,,,,,
PB&J,forgotten_vs_retained,mean_all_choices,mean_difference,Qstar,each_layer,19.0,60,361,0.6234602954755308,0.6049365189289012,0.6345360110803324,,,,,,,,
PB&J,forgotten_vs_retained,mean_all_choices,mean_difference,Qstar,each_layer,20.0,60,361,0.6231094182825484,0.6033090951061865,0.6343686518928902,,,,,,,,
PB&J,forgotten_vs_retained,mean_all_choices,mean_difference,Qstar,each_layer,21.0,60,361,0.6275530932594645,0.6085803324099723,0.637409972299169,,,,,,,,
PB&J,forgotten_vs_retained,mean_all_choices,mean_difference,Qstar,each_layer,22.0,60,361,0.6274330563250231,0.6090777931671284,0.6363931209602954,,,,,,,,
PB&J,forgotten_vs_retained,mean_all_choices,mean_difference,Qstar,each_layer,23.0,60,361,0.6268975069252078,0.6067209141274238,0.6369286703601108,,,,,,,,
PB&J,forgotten_vs_retained,mean_all_choices,mean_difference,Qstar,each_layer,24.0,60,361,0.6291828254847647,0.6087511542012927,0.6396652816251154,,,,,,,,
PB&J,forgotten_vs_retained,mean_all_choices,mean_difference,Qstar,each_layer,25.0,60,361,0.6311103416435826,0.6125819482917821,0.6401200369344414,,,,,,,,
PB&J,forgotten_vs_retained,mean_all_choices,mean_difference,Qstar,each_layer,26.0,60,361,0.6315535549399816,0.6134360572483841,0.6406313481071099,,,,,,,,
PB&J,forgotten_vs_retained,mean_all_choices,mean_difference,Qstar,each_layer,27.0,60,361,0.630332409972299,0.6134533702677747,0.639600646352724,,,,,,,,
PB&J,forgotten_vs_retained,mean_all_choices,mean_difference,Qstar,each_layer,28.0,60,361,0.6312488457987073,0.6142728531855955,0.6406463527239151,,,,,,,,
PB&J,forgotten_vs_retained,mean_all_choices,mean_difference,Qstar,each_layer,29.0,60,361,0.6324307479224377,0.6169967682363805,0.6416759002770083,,,,,,,,
PB&J,forgotten_vs_retained,mean_all_choices,mean_difference,Qstar,each_layer,30.0,60,361,0.6361172668513388,0.6210607109879963,0.645466297322253,,,,,,,,
PB&J,forgotten_vs_retained,mean_all_choices,mean_difference,Qstar,each_layer,31.0,60,361,0.6392105263157895,0.6242093721144968,0.6483448753462604,,,,,,,,
PB&J,forgotten_vs_retained,mean_all_choices,mean_difference,Qstar,each_layer,32.0,60,361,0.6435641735918745,0.6292670821791321,0.651598568790397,,,,,,,,
PB&J,forgotten_vs_retained,correct_minus_mean_wrong,mean_difference,Qstar,per_fold_selected,9.7,60,361,0.6928231763619576,0.6652643120960295,0.7202504616805171,0.5142509233610341,0.499214566020314,0.5266741689750692,0.2687282324096064,0.246302377821846,0.3031764117491994,0.3902934153467442,0.1173965298342896
PB&J,forgotten_vs_retained,correct_minus_mean_wrong,logistic_regression,Qstar,per_fold_selected,9.7,60,361,0.7042543859649123,0.6562465373961218,0.7473580332409971,0.569396352723915,0.5310947599261311,0.6011547783933519,0.273077875560569,0.2369757595370904,0.3386755442717002,1.0084256031755603,0.1751173686870885
PB&J,forgotten_vs_retained,correct_minus_mean_wrong,mean_difference,Qstar,each_layer,0.0,60,361,0.421606648199446,0.421606648199446,0.421606648199446,,,,,,,,
PB&J,forgotten_vs_retained,correct_minus_mean_wrong,mean_difference,Qstar,each_layer,1.0,60,361,0.6831048014773777,0.6643432594644506,0.6953266389658356,,,,,,,,
PB&J,forgotten_vs_retained,correct_minus_mean_wrong,mean_difference,Qstar,each_layer,2.0,60,361,0.6997068328716528,0.6835410895660203,0.7124953831948292,,,,,,,,
PB&J,forgotten_vs_retained,correct_minus_mean_wrong,mean_difference,Qstar,each_layer,3.0,60,361,0.6992959372114497,0.6849976915974146,0.7101142659279778,,,,,,,,
PB&J,forgotten_vs_retained,correct_minus_mean_wrong,mean_difference,Qstar,each_layer,4.0,60,361,0.7046698984302863,0.6909383656509696,0.7168548014773777,,,,,,,,
PB&J,forgotten_vs_retained,correct_minus_mean_wrong,mean_difference,Qstar,each_layer,5.0,60,361,0.7150023084025854,0.7054339796860573,0.728612650046168,,,,,,,,
PB&J,forgotten_vs_retained,correct_minus_mean_wrong,mean_difference,Qstar,each_layer,6.0,60,361,0.7069898430286242,0.6959475992613112,0.7195256232686981,,,,,,,,
PB&J,forgotten_vs_retained,correct_minus_mean_wrong,mean_difference,Qstar,each_layer,7.0,60,361,0.7029132040627887,0.6900461680517082,0.7185503231763619,,,,,,,,
PB&J,forgotten_vs_retained,correct_minus_mean_wrong,mean_difference,Qstar,each_layer,8.0,60,361,0.7170914127423822,0.7049769159741459,0.7319840720221606,,,,,,,,
PB&J,forgotten_vs_retained,correct_minus_mean_wrong,mean_difference,Qstar,each_layer,9.0,60,361,0.7157548476454293,0.7059279778393353,0.727519621421976,,,,,,,,
PB&J,forgotten_vs_retained,correct_minus_mean_wrong,mean_difference,Qstar,each_layer,10.0,60,361,0.7080355493998154,0.6943801939058172,0.7208748845798707,,,,,,,,
PB&J,forgotten_vs_retained,correct_minus_mean_wrong,mean_difference,Qstar,each_layer,11.0,60,361,0.7132502308402586,0.7019263619575253,0.7211218836565098,,,,,,,,
PB&J,forgotten_vs_retained,correct_minus_mean_wrong,mean_difference,Qstar,each_layer,12.0,60,361,0.7021606648199445,0.6918236380424746,0.7103970452446906,,,,,,,,
PB&J,forgotten_vs_retained,correct_minus_mean_wrong,mean_difference,Qstar,each_layer,13.0,60,361,0.7084441366574331,0.6989312096029549,0.7181948291782086,,,,,,,,
PB&J,forgotten_vs_retained,correct_minus_mean_wrong,mean_difference,Qstar,each_layer,14.0,60,361,0.7042566943674977,0.6985076177285319,0.7113734995383195,,,,,,,,
PB&J,forgotten_vs_retained,correct_minus_mean_wrong,mean_difference,Qstar,each_layer,15.0,60,361,0.6988758079409048,0.6926477377654663,0.7056682825484765,,,,,,,,
PB&J,forgotten_vs_retained,correct_minus_mean_wrong,mean_difference,Qstar,each_layer,16.0,60,361,0.6914819944598337,0.6847045244690674,0.6972264542936288,,,,,,,,
PB&J,forgotten_vs_retained,correct_minus_mean_wrong,mean_difference,Qstar,each_layer,17.0,60,361,0.6773314866112651,0.6687038319482917,0.6855944136657434,,,,,,,,
PB&J,forgotten_vs_retained,correct_minus_mean_wrong,mean_difference,Qstar,each_layer,18.0,60,361,0.6694898430286242,0.6603716528162511,0.6778601108033241,,,,,,,,
PB&J,forgotten_vs_retained,correct_minus_mean_wrong,mean_difference,Qstar,each_layer,19.0,60,361,0.6671098799630656,0.6586241920590951,0.6750738688827331,,,,,,,,
PB&J,forgotten_vs_retained,correct_minus_mean_wrong,mean_difference,Qstar,each_layer,20.0,60,361,0.6680747922437673,0.6605459372114496,0.6773476454293629,,,,,,,,
PB&J,forgotten_vs_retained,correct_minus_mean_wrong,mean_difference,Qstar,each_layer,21.0,60,361,0.6683379501385042,0.6604328254847645,0.6777366112650046,,,,,,,,
PB&J,forgotten_vs_retained,correct_minus_mean_wrong,mean_difference,Qstar,each_layer,22.0,60,361,0.670701754385965,0.6634983841181902,0.6795948753462604,,,,,,,,
PB&J,forgotten_vs_retained,correct_minus_mean_wrong,mean_difference,Qstar,each_layer,23.0,60,361,0.671994459833795,0.6642059095106186,0.6804385964912281,,,,,,,,
PB&J,forgotten_vs_retained,correct_minus_mean_wrong,mean_difference,Qstar,each_layer,24.0,60,361,0.6735849492151431,0.6664519852262235,0.6820152354570638,,,,,,,,
PB&J,forgotten_vs_retained,correct_minus_mean_wrong,mean_difference,Qstar,each_layer,25.0,60,361,0.6711265004616805,0.663491458910434,0.6805609418282549,,,,,,,,
PB&J,forgotten_vs_retained,correct_minus_mean_wrong,mean_difference,Qstar,each_layer,26.0,60,361,0.6717059095106186,0.6641585872576177,0.6806752077562327,,,,,,,,
PB&J,forgotten_vs_retained,correct_minus_mean_wrong,mean_difference,Qstar,each_layer,27.0,60,361,0.6720498614958448,0.6646225761772853,0.6814092797783934,,,,,,,,
PB&J,forgotten_vs_retained,correct_minus_mean_wrong,mean_difference,Qstar,each_layer,28.0,60,361,0.6714312096029549,0.6634568328716528,0.6801904432132965,,,,,,,,
PB&J,forgotten_vs_retained,correct_minus_mean_wrong,mean_difference,Qstar,each_layer,29.0,60,361,0.6702493074792243,0.661845567867036,0.6791366574330563,,,,,,,,
PB&J,forgotten_vs_retained,correct_minus_mean_wrong,mean_difference,Qstar,each_layer,30.0,60,361,0.6694713758079408,0.6599053554939981,0.678910433979686,,,,,,,,
PB&J,forgotten_vs_retained,correct_minus_mean_wrong,mean_difference,Qstar,each_layer,31.0,60,361,0.6689542936288089,0.6588827331486612,0.6789150507848569,,,,,,,,
PB&J,forgotten_vs_retained,correct_minus_mean_wrong,mean_difference,Qstar,each_layer,32.0,60,361,0.6671445060018468,0.6570279316712835,0.6760353185595568,,,,,,,,
PB&J,suppressed_vs_forgotten,correct_only,mean_difference,full,per_fold_selected,12.1,350,184,0.6356288819875776,0.6169495341614907,0.655539596273292,0.5325939440993788,0.5148645186335403,0.5526447981366459,0.7637237896471654,0.7418075870822491,0.776705958155099,0.6216222252862464,0.2162220068489066
PB&J,suppressed_vs_forgotten,correct_only,logistic_regression,full,per_fold_selected,12.1,350,184,0.5984145962732919,0.562913043478261,0.6515091226708074,0.5663136645962733,0.5390481366459627,0.6064021739130435,0.7330092324195624,0.6988562368121845,0.7685741969460824,2.6377518284722377,0.3492228869568771
PB&J,suppressed_vs_retained,correct_only,mean_difference,full,per_fold_selected,10.9,350,543,0.6000378847671665,0.571682320441989,0.6136600894501446,0.5513634569850039,0.5274362667719021,0.5740592607208629,0.485647100013971,0.4429791125821344,0.5088576363843581,0.6577920918305935,0.2323182068915289
PB&J,suppressed_vs_retained,correct_only,logistic_regression,full,per_fold_selected,10.9,350,543,0.5889913180741909,0.5634802683504341,0.6192345435411734,0.558258353064983,0.533692515127598,0.5819823730597211,0.4670877632299426,0.4447059021977169,0.4896197057002233,1.185580375729644,0.3169335454963548
PB&J,suppressed_vs_rest,correct_only,mean_difference,full,per_fold_selected,5.6,350,923,0.6137416808543569,0.6068254914099985,0.6212965485219006,0.5068637981736572,0.5011840272403653,0.5113578006500542,0.3755542577794117,0.3655260691675771,0.3867577879941505,0.5727716455187466,0.1928076901002776
PB&J,suppressed_vs_rest,correct_only,logistic_regression,full,per_fold_selected,5.6,350,923,0.5873251818603931,0.5720366042408296,0.6129611515245319,0.5483644172728679,0.5335181860393128,0.5705318836093484,0.3427829585001739,0.3270303769394996,0.3679829322209293,0.8187723297952086,0.2435388276311868
PB&J,forgotten_vs_retained,correct_only,mean_difference,full,per_fold_selected,14.5,184,543,0.6239996196653055,0.5815844192889743,0.657624959964769,0.5279976379213707,0.5137556049323404,0.5451384718552326,0.3765418231559553,0.3337550711117955,0.4150548273089293,0.5473954799330436,0.1815433789856196
PB&J,forgotten_vs_retained,correct_only,logistic_regression,full,per_fold_selected,14.5,184,543,0.6139022339658899,0.5630815117303227,0.6507854411882457,0.5716165225398352,0.5406147409720554,0.6039639883097125,0.3599253156165075,0.3053820314120563,0.3878253587644917,2.3694003381112987,0.2874930327597099
RMU-LAT,suppressed_vs_forgotten,correct_only,mean_difference,Qstar,per_fold_selected,17.1,165,36,0.5834469696969697,0.5305450336700336,0.6295959595959596,0.4978156565656564,0.4909090909090909,0.5057007575757575,0.8592215040021234,0.8339975579341228,0.8807655727214363,0.4799323195453624,0.1493094753573665
RMU-LAT,suppressed_vs_forgotten,correct_only,logistic_regression,Qstar,per_fold_selected,17.1,165,36,0.5108459595959596,0.4490467171717172,0.5735900673400673,0.509810606060606,0.4570833333333333,0.5648484848484848,0.8305170640217752,0.8065478587576791,0.8541730094403227,1.2282426091149063,0.2176890781813639
RMU-LAT,suppressed_vs_forgotten,correct_only,mean_difference,Qstar,each_layer,0.0,165,36,0.6693602693602692,0.6693602693602694,0.6693602693602694,,,,,,,,
RMU-LAT,suppressed_vs_forgotten,correct_only,mean_difference,Qstar,each_layer,1.0,165,36,0.6334175084175085,0.6136742424242424,0.6489520202020203,,,,,,,,
RMU-LAT,suppressed_vs_forgotten,correct_only,mean_difference,Qstar,each_layer,2.0,165,36,0.6339478114478114,0.616712962962963,0.6464183501683501,,,,,,,,
RMU-LAT,suppressed_vs_forgotten,correct_only,mean_difference,Qstar,each_layer,3.0,165,36,0.6320622895622896,0.616830808080808,0.6446506734006734,,,,,,,,
RMU-LAT,suppressed_vs_forgotten,correct_only,mean_difference,Qstar,each_layer,4.0,165,36,0.6411447811447811,0.6296296296296297,0.652996632996633,,,,,,,,
RMU-LAT,suppressed_vs_forgotten,correct_only,mean_difference,Qstar,each_layer,5.0,165,36,0.6376010101010101,0.6265909090909091,0.6484638047138047,,,,,,,,
RMU-LAT,suppressed_vs_forgotten,correct_only,mean_difference,Qstar,each_layer,6.0,165,36,0.6376010101010101,0.6244654882154882,0.6476430976430977,,,,,,,,
RMU-LAT,suppressed_vs_forgotten,correct_only,mean_difference,Qstar,each_layer,7.0,165,36,0.6375084175084174,0.6270622895622896,0.649023569023569,,,,,,,,
RMU-LAT,suppressed_vs_forgotten,correct_only,mean_difference,Qstar,each_layer,8.0,165,36,0.6395791245791246,0.6265951178451178,0.6516708754208754,,,,,,,,
RMU-LAT,suppressed_vs_forgotten,correct_only,mean_difference,Qstar,each_layer,9.0,165,36,0.6362205387205387,0.6208880471380471,0.6471885521885522,,,,,,,,
RMU-LAT,suppressed_vs_forgotten,correct_only,mean_difference,Qstar,each_layer,10.0,165,36,0.643922558922559,0.6250462962962963,0.6536489898989899,,,,,,,,
RMU-LAT,suppressed_vs_forgotten,correct_only,mean_difference,Qstar,each_layer,11.0,165,36,0.639006734006734,0.6142592592592593,0.6528156565656565,,,,,,,,
RMU-LAT,suppressed_vs_forgotten,correct_only,mean_difference,Qstar,each_layer,12.0,165,36,0.6382070707070706,0.6145286195286196,0.6521422558922558,,,,,,,,
RMU-LAT,suppressed_vs_forgotten,correct_only,mean_difference,Qstar,each_layer,13.0,165,36,0.6407407407407407,0.6119023569023568,0.6548779461279461,,,,,,,,
RMU-LAT,suppressed_vs_forgotten,correct_only,mean_difference,Qstar,each_layer,14.0,165,36,0.6289983164983165,0.59125,0.6445328282828283,,,,,,,,
RMU-LAT,suppressed_vs_forgotten,correct_only,mean_difference,Qstar,each_layer,15.0,165,36,0.6227946127946128,0.5885311447811448,0.6376767676767677,,,,,,,,
RMU-LAT,suppressed_vs_forgotten,correct_only,mean_difference,Qstar,each_layer,16.0,165,36,0.6113383838383839,0.5832996632996633,0.6275336700336701,,,,,,,,
RMU-LAT,suppressed_vs_forgotten,correct_only,mean_difference,Qstar,each_layer,17.0,165,36,0.5941835016835018,0.5637626262626263,0.6111616161616161,,,,,,,,
RMU-LAT,suppressed_vs_forgotten,correct_only,mean_difference,Qstar,each_layer,18.0,165,36,0.5806818181818182,0.5529082491582492,0.5983417508417508,,,,,,,,
RMU-LAT,suppressed_vs_forgotten,correct_only,mean_difference,Qstar,each_layer,19.0,165,36,0.5692508417508417,0.5431607744107744,0.5869023569023569,,,,,,,,
RMU-LAT,suppressed_vs_forgotten,correct_only,mean_difference,Qstar,each_layer,20.0,165,36,0.5671380471380472,0.5405260942760942,0.5832070707070707,,,,,,,,
RMU-LAT,suppressed_vs_forgotten,correct_only,mean_difference,Qstar,each_layer,21.0,165,36,0.5648737373737374,0.5384175084175084,0.5824873737373737,,,,,,,,
RMU-LAT,suppressed_vs_forgotten,correct_only,mean_difference,Qstar,each_layer,22.0,165,36,0.5659175084175085,0.5389646464646465,0.5834175084175084,,,,,,,,
RMU-LAT,suppressed_vs_forgotten,correct_only,mean_difference,Qstar,each_layer,23.0,165,36,0.5664562289562289,0.5406481481481481,0.5827188552188552,,,,,,,,
RMU-LAT,suppressed_vs_forgotten,correct_only,mean_difference,Qstar,each_layer,24.0,165,36,0.5655976430976432,0.5389941077441077,0.5826304713804714,,,,,,,,
RMU-LAT,suppressed_vs_forgotten,correct_only,mean_difference,Qstar,each_layer,25.0,165,36,0.5645622895622896,0.5385227272727273,0.5823611111111111,,,,,,,,
RMU-LAT,suppressed_vs_forgotten,correct_only,mean_difference,Qstar,each_layer,26.0,165,36,0.5668939393939394,0.5402314814814815,0.5845159932659932,,,,,,,,
RMU-LAT,suppressed_vs_forgotten,correct_only,mean_difference,Qstar,each_layer,27.0,165,36,0.5698484848484848,0.5434217171717172,0.5870496632996632,,,,,,,,
RMU-LAT,suppressed_vs_forgotten,correct_only,mean_difference,Qstar,each_layer,28.0,165,36,0.5719781144781144,0.5447264309764309,0.5885648148148148,,,,,,,,
RMU-LAT,suppressed_vs_forgotten,correct_only,mean_difference,Qstar,each_layer,29.0,165,36,0.5710185185185186,0.543989898989899,0.58746632996633,,,,,,,,
RMU-LAT,suppressed_vs_forgotten,correct_only,mean_difference,Qstar,each_layer,30.0,165,36,0.5697390572390573,0.540340909090909,0.5871717171717172,,,,,,,,
RMU-LAT,suppressed_vs_forgotten,correct_only,mean_difference,Qstar,each_layer,31.0,165,36,0.5750757575757576,0.5449031986531987,0.5920580808080809,,,,,,,,
RMU-LAT,suppressed_vs_forgotten,correct_only,mean_difference,Qstar,each_layer,32.0,165,36,0.5832744107744108,0.5545664983164983,0.5994234006734006,,,,,,,,
RMU-LAT,suppressed_vs_forgotten,mean_all_choices,mean_difference,Qstar,per_fold_selected,19.0,165,36,0.5786363636363636,0.4948463804713804,0.6473063973063973,0.4955429292929292,0.4893181818181818,0.5009280303030303,0.8553265613196469,0.8198348424756059,0.8917724878255234,0.4897302570970616,0.1512537561420266
RMU-LAT,suppressed_vs_forgotten,mean_all_choices,logistic_regression,Qstar,per_fold_selected,19.0,165,36,0.4829040404040404,0.4066540404040404,0.5359553872053872,0.501060606060606,0.4788699494949495,0.533074494949495,0.8106957831852428,0.7800488325518183,0.8397822951961426,1.3075668768982909,0.2263498984658213
RMU-LAT,suppressed_vs_forgotten,mean_all_choices,mean_difference,Qstar,each_layer,0.0,165,36,0.6693602693602692,0.6693602693602694,0.6693602693602694,,,,,,,,
RMU-LAT,suppressed_vs_forgotten,mean_all_choices,mean_difference,Qstar,each_layer,1.0,165,36,0.6099242424242426,0.5807617845117845,0.6337415824915825,,,,,,,,
RMU-LAT,suppressed_vs_forgotten,mean_all_choices,mean_difference,Qstar,each_layer,2.0,165,36,0.6166329966329965,0.589263468013468,0.6364730639730639,,,,,,,,
RMU-LAT,suppressed_vs_forgotten,mean_all_choices,mean_difference,Qstar,each_layer,3.0,165,36,0.6186363636363637,0.5960774410774411,0.636830808080808,,,,,,,,
RMU-LAT,suppressed_vs_forgotten,mean_all_choices,mean_difference,Qstar,each_layer,4.0,165,36,0.6252525252525253,0.609743265993266,0.6400126262626262,,,,,,,,
RMU-LAT,suppressed_vs_forgotten,mean_all_choices,mean_difference,Qstar,each_layer,5.0,165,36,0.6206902356902356,0.6036784511784512,0.6323737373737374,,,,,,,,
RMU-LAT,suppressed_vs_forgotten,mean_all_choices,mean_difference,Qstar,each_layer,6.0,165,36,0.6227356902356902,0.6053493265993266,0.6339351851851852,,,,,,,,
RMU-LAT,suppressed_vs_forgotten,mean_all_choices,mean_difference,Qstar,each_layer,7.0,165,36,0.624486531986532,0.6094107744107744,0.6378914141414141,,,,,,,,
RMU-LAT,suppressed_vs_forgotten,mean_all_choices,mean_difference,Qstar,each_layer,8.0,165,36,0.6226515151515153,0.6045917508417509,0.6379082491582492,,,,,,,,
RMU-LAT,suppressed_vs_forgotten,mean_all_choices,mean_difference,Qstar,each_layer,9.0,165,36,0.6173737373737374,0.5975883838383839,0.6321212121212122,,,,,,,,
RMU-LAT,suppressed_vs_forgotten,mean_all_choices,mean_difference,Qstar,each_layer,10.0,165,36,0.6213047138047139,0.5959343434343435,0.633526936026936,,,,,,,,
RMU-LAT,suppressed_vs_forgotten,mean_all_choices,mean_difference,Qstar,each_layer,11.0,165,36,0.6083754208754207,0.5693223905723905,0.6267424242424242,,,,,,,,
RMU-LAT,suppressed_vs_forgotten,mean_all_choices,mean_difference,Qstar,each_layer,12.0,165,36,0.6074074074074074,0.5727146464646464,0.6241666666666666,,,,,,,,
RMU-LAT,suppressed_vs_forgotten,mean_all_choices,mean_difference,Qstar,each_layer,13.0,165,36,0.6017003367003367,0.5588594276094275,0.6208122895622895,,,,,,,,
RMU-LAT,suppressed_vs_forgotten,mean_all_choices,mean_difference,Qstar,each_layer,14.0,165,36,0.591026936026936,0.5392171717171718,0.6098779461279461,,,,,,,,
RMU-LAT,suppressed_vs_forgotten,mean_all_choices,mean_difference,Qstar,each_layer,15.0,165,36,0.5958670033670034,0.544793771043771,0.616574074074074,,,,,,,,
RMU-LAT,suppressed_vs_forgotten,mean_all_choices,mean_difference,Qstar,each_layer,16.0,165,36,0.5827946127946129,0.5283249158249158,0.6125,,,,,,,,
RMU-LAT,suppressed_vs_forgotten,mean_all_choices,mean_difference,Qstar,each_layer,17.0,165,36,0.5661026936026936,0.5089183501683502,0.6102861952861953,,,,,,,,
RMU-LAT,suppressed_vs_forgotten,mean_all_choices,mean_difference,Qstar,each_layer,18.0,165,36,0.5636531986531987,0.5025883838383839,0.633287037037037,,,,,,,,
RMU-LAT,suppressed_vs_forgotten,mean_all_choices,mean_difference,Qstar,each_layer,19.0,165,36,0.5599747474747474,0.4895959595959596,0.6319191919191919,,,,,,,,
RMU-LAT,suppressed_vs_forgotten,mean_all_choices,mean_difference,Qstar,each_layer,20.0,165,36,0.5628535353535353,0.4887626262626263,0.6332491582491583,,,,,,,,
RMU-LAT,suppressed_vs_forgotten,mean_all_choices,mean_difference,Qstar,each_layer,21.0,165,36,0.5658417508417509,0.494023569023569,0.6329124579124579,,,,,,,,
RMU-LAT,suppressed_vs_forgotten,mean_all_choices,mean_difference,Qstar,each_layer,22.0,165,36,0.5631481481481482,0.4909890572390572,0.630787037037037,,,,,,,,
RMU-LAT,suppressed_vs_forgotten,mean_all_choices,mean_difference,Qstar,each_layer,23.0,165,36,0.5561111111111112,0.484760101010101,0.6261321548821549,,,,,,,,
RMU-LAT,suppressed_vs_forgotten,mean_all_choices,mean_difference,Qstar,each_layer,24.0,165,36,0.5571632996632997,0.4900799663299663,0.6247811447811448,,,,,,,,
RMU-LAT,suppressed_vs_forgotten,mean_all_choices,mean_difference,Qstar,each_layer,25.0,165,36,0.5668518518518517,0.5010690235690236,0.628560606060606,,,,,,,,
RMU-LAT,suppressed_vs_forgotten,mean_all_choices,mean_difference,Qstar,each_layer,26.0,165,36,0.566986531986532,0.5023695286195287,0.6303198653198653,,,,,,,,
RMU-LAT,suppressed_vs_forgotten,mean_all_choices,mean_difference,Qstar,each_layer,27.0,165,36,0.5647895622895623,0.498253367003367,0.6283880471380471,,,,,,,,
RMU-LAT,suppressed_vs_forgotten,mean_all_choices,mean_difference,Qstar,each_layer,28.0,165,36,0.5684427609427609,0.5019107744107745,0.6301641414141413,,,,,,,,
RMU-LAT,suppressed_vs_forgotten,mean_all_choices,mean_difference,Qstar,each_layer,29.0,165,36,0.5680218855218856,0.5016624579124579,0.6282828282828283,,,,,,,,
RMU-LAT,suppressed_vs_forgotten,mean_all_choices,mean_difference,Qstar,each_layer,30.0,165,36,0.5763973063973065,0.5152441077441078,0.6287289562289562,,,,,,,,
RMU-LAT,suppressed_vs_forgotten,mean_all_choices,mean_difference,Qstar,each_layer,31.0,165,36,0.5898569023569025,0.5362415824915825,0.6343476430976431,,,,,,,,
RMU-LAT,suppressed_vs_forgotten,mean_all_choices,mean_difference,Qstar,each_layer,32.0,165,36,0.6002441077441077,0.5576052188552189,0.6350673400673401,,,,,,,,
RMU-LAT,suppressed_vs_forgotten,correct_minus_mean_wrong,mean_difference,Qstar,per_fold_selected,14.7,165,36,0.6507449494949495,0.5762310606060606,0.7019696969696969,0.5083333333333333,0.4845454545454545,0.5471590909090909,0.88470165820264,0.8495022641561716,0.9117938555710384,0.4766050252806815,0.1451196527884267
RMU-LAT,suppressed_vs_forgotten,correct_minus_mean_wrong,logistic_regression,Qstar,per_fold_selected,14.7,165,36,0.6750378787878788,0.5945517676767677,0.7259764309764309,0.574659090909091,0.5271969696969697,0.6361805555555555,0.9026933204216392,0.8625712593384705,0.9190700073384678,0.9399579697484308,0.1860164078872806
RMU-LAT,suppressed_vs_forgotten,correct_minus_mean_wrong,mean_difference,Qstar,each_layer,0.0,165,36,0.6693602693602692,0.6693602693602694,0.6693602693602694,,,,,,,,
RMU-LAT,suppressed_vs_forgotten,correct_minus_mean_wrong,mean_difference,Qstar,each_layer,1.0,165,36,0.6623232323232324,0.6244823232323232,0.6978282828282828,,,,,,,,
RMU-LAT,suppressed_vs_forgotten,correct_minus_mean_wrong,mean_difference,Qstar,each_layer,2.0,165,36,0.6548063973063972,0.6177946127946128,0.6797011784511784,,,,,,,,
RMU-LAT,suppressed_vs_forgotten,correct_minus_mean_wrong,mean_difference,Qstar,each_layer,3.0,165,36,0.642087542087542,0.6053787878787878,0.6659806397306397,,,,,,,,
RMU-LAT,suppressed_vs_forgotten,correct_minus_mean_wrong,mean_difference,Qstar,each_layer,4.0,165,36,0.6417592592592593,0.5988047138047138,0.6675252525252525,,,,,,,,
RMU-LAT,suppressed_vs_forgotten,correct_minus_mean_wrong,mean_difference,Qstar,each_layer,5.0,165,36,0.6557239057239057,0.6314351851851852,0.6796464646464646,,,,,,,,
RMU-LAT,suppressed_vs_forgotten,correct_minus_mean_wrong,mean_difference,Qstar,each_layer,6.0,165,36,0.6762794612794613,0.6502146464646464,0.7013720538720538,,,,,,,,
RMU-LAT,suppressed_vs_forgotten,correct_minus_mean_wrong,mean_difference,Qstar,each_layer,7.0,165,36,0.6370707070707071,0.6077441077441077,0.6601388888888888,,,,,,,,
RMU-LAT,suppressed_vs_forgotten,correct_minus_mean_wrong,mean_difference,Qstar,each_layer,8.0,165,36,0.6619276094276094,0.6332407407407408,0.6851304713804713,,,,,,,,
RMU-LAT,suppressed_vs_forgotten,correct_minus_mean_wrong,mean_difference,Qstar,each_layer,9.0,165,36,0.6629882154882154,0.6331649831649832,0.6891077441077441,,,,,,,,
RMU-LAT,suppressed_vs_forgotten,correct_minus_mean_wrong,mean_difference,Qstar,each_layer,10.0,165,36,0.6539814814814815,0.6166708754208754,0.6770580808080808,,,,,,,,
RMU-LAT,suppressed_vs_forgotten,correct_minus_mean_wrong,mean_difference,Qstar,each_layer,11.0,165,36,0.7077272727272728,0.6887163299663299,0.7247053872053872,,,,,,,,
RMU-LAT,suppressed_vs_forgotten,correct_minus_mean_wrong,mean_difference,Qstar,each_layer,12.0,165,36,0.689074074074074,0.6634469696969697,0.710770202020202,,,,,,,,
RMU-LAT,suppressed_vs_forgotten,correct_minus_mean_wrong,mean_difference,Qstar,each_layer,13.0,165,36,0.6793939393939394,0.6414309764309765,0.7048905723905724,,,,,,,,
RMU-LAT,suppressed_vs_forgotten,correct_minus_mean_wrong,mean_difference,Qstar,each_layer,14.0,165,36,0.6703703703703704,0.6453114478114478,0.6896506734006734,,,,,,,,
RMU-LAT,suppressed_vs_forgotten,correct_minus_mean_wrong,mean_difference,Qstar,each_layer,15.0,165,36,0.6726851851851852,0.6523611111111112,0.6948106060606061,,,,,,,,
RMU-LAT,suppressed_vs_forgotten,correct_minus_mean_wrong,mean_difference,Qstar,each_layer,16.0,165,36,0.6468602693602693,0.6169528619528619,0.6694570707070707,,,,,,,,
RMU-LAT,suppressed_vs_forgotten,correct_minus_mean_wrong,mean_difference,Qstar,each_layer,17.0,165,36,0.6212710437710439,0.5844318181818182,0.6454335016835017,,,,,,,,
RMU-LAT,suppressed_vs_forgotten,correct_minus_mean_wrong,mean_difference,Qstar,each_layer,18.0,165,36,0.6020454545454547,0.5631691919191919,0.6268939393939394,,,,,,,,
RMU-LAT,suppressed_vs_forgotten,correct_minus_mean_wrong,mean_difference,Qstar,each_layer,19.0,165,36,0.6061279461279462,0.5708670033670034,0.6297979797979798,,,,,,,,
RMU-LAT,suppressed_vs_forgotten,correct_minus_mean_wrong,mean_difference,Qstar,each_layer,20.0,165,36,0.6058922558922559,0.5676178451178451,0.6297853535353536,,,,,,,,
RMU-LAT,suppressed_vs_forgotten,correct_minus_mean_wrong,mean_difference,Qstar,each_layer,21.0,165,36,0.6030723905723906,0.5605260942760943,0.6276767676767677,,,,,,,,
RMU-LAT,suppressed_vs_forgotten,correct_minus_mean_wrong,mean_difference,Qstar,each_layer,22.0,165,36,0.6056565656565657,0.5636447811447811,0.6288299663299664,,,,,,,,
RMU-LAT,suppressed_vs_forgotten,correct_minus_mean_wrong,mean_difference,Qstar,each_layer,23.0,165,36,0.6063973063973064,0.564743265993266,0.6298063973063973,,,,,,,,
RMU-LAT,suppressed_vs_forgotten,correct_minus_mean_wrong,mean_difference,Qstar,each_layer,24.0,165,36,0.6072895622895623,0.5667592592592593,0.6304713804713805,,,,,,,,
RMU-LAT,suppressed_vs_forgotten,correct_minus_mean_wrong,mean_difference,Qstar,each_layer,25.0,165,36,0.6044276094276094,0.5621759259259259,0.6270412457912458,,,,,,,,
RMU-LAT,suppressed_vs_forgotten,correct_minus_mean_wrong,mean_difference,Qstar,each_layer,26.0,165,36,0.6054966329966329,0.5626557239057238,0.6282196969696969,,,,,,,,
RMU-LAT,suppressed_vs_forgotten,correct_minus_mean_wrong,mean_difference,Qstar,each_layer,27.0,165,36,0.6073063973063972,0.5626473063973064,0.6301683501683502,,,,,,,,
RMU-LAT,suppressed_vs_forgotten,correct_minus_mean_wrong,mean_difference,Qstar,each_layer,28.0,165,36,0.6065067340067339,0.5625042087542088,0.6303114478114478,,,,,,,,
RMU-LAT,suppressed_vs_forgotten,correct_minus_mean_wrong,mean_difference,Qstar,each_layer,29.0,165,36,0.6048989898989899,0.5608838383838384,0.6282828282828283,,,,,,,,
RMU-LAT,suppressed_vs_forgotten,correct_minus_mean_wrong,mean_difference,Qstar,each_layer,30.0,165,36,0.6028198653198653,0.5572937710437711,0.6259511784511784,,,,,,,,
RMU-LAT,suppressed_vs_forgotten,correct_minus_mean_wrong,mean_difference,Qstar,each_layer,31.0,165,36,0.6007323232323233,0.5534553872053872,0.6240361952861952,,,,,,,,
RMU-LAT,suppressed_vs_forgotten,correct_minus_mean_wrong,mean_difference,Qstar,each_layer,32.0,165,36,0.6002777777777778,0.5596254208754209,0.6221590909090908,,,,,,,,
RMU-LAT,suppressed_vs_retained,correct_only,mean_difference,Qstar,per_fold_selected,11.8,165,408,0.5335643196672608,0.4939598187759952,0.5657661170528818,0.512748440285205,0.5000774286987522,0.5274086452762924,0.3282151252295207,0.2994154290680246,0.3488169728093788,0.6161985087354273,0.2109115634292156
RMU-LAT,suppressed_vs_retained,correct_only,logistic_regression,Qstar,per_fold_selected,11.8,165,408,0.5572675282234105,0.5121750594177065,0.6081610219845514,0.535548128342246,0.5022565730837789,0.5774799465240642,0.3373221712454061,0.2973314990765731,0.3810403596270613,2.772576091038036,0.3371423443420903
RMU-LAT,suppressed_vs_retained,correct_only,mean_difference,Qstar,each_layer,0.0,165,408,0.489230540701129,0.4892305407011289,0.4892305407011289,,,,,,,,
RMU-LAT,suppressed_vs_retained,correct_only,mean_difference,Qstar,each_layer,1.0,165,408,0.5188547237076649,0.4824944295900178,0.5527009061200238,,,,,,,,
RMU-LAT,suppressed_vs_retained,correct_only,mean_difference,Qstar,each_layer,2.0,165,408,0.5149769756387405,0.476429367201426,0.5481391117052882,,,,,,,,
RMU-LAT,suppressed_vs_retained,correct_only,mean_difference,Qstar,each_layer,3.0,165,408,0.5263888888888888,0.4951678550207962,0.5517060308972074,,,,,,,,
RMU-LAT,suppressed_vs_retained,correct_only,mean_difference,Qstar,each_layer,4.0,165,408,0.5113302139037434,0.4830433006535947,0.5347214795008912,,,,,,,,
RMU-LAT,suppressed_vs_retained,correct_only,mean_difference,Qstar,each_layer,5.0,165,408,0.506402257872846,0.4842193998811646,0.530839275103981,,,,,,,,
RMU-LAT,suppressed_vs_retained,correct_only,mean_difference,Qstar,each_layer,6.0,165,408,0.5109900475341652,0.4864089423648247,0.5343475193107546,,,,,,,,
RMU-LAT,suppressed_vs_retained,correct_only,mean_difference,Qstar,each_layer,7.0,165,408,0.5188725490196078,0.491215834818776,0.5427644087938205,,,,,,,,
RMU-LAT,suppressed_vs_retained,correct_only,mean_difference,Qstar,each_layer,8.0,165,408,0.5362767379679144,0.495196449792038,0.5729927956030897,,,,,,,,
RMU-LAT,suppressed_vs_retained,correct_only,mean_difference,Qstar,each_layer,9.0,165,408,0.5382612893642305,0.4946408942364824,0.5756238859180035,,,,,,,,
RMU-LAT,suppressed_vs_retained,correct_only,mean_difference,Qstar,each_layer,10.0,165,408,0.5416443850267381,0.500700386215092,0.5763755199049316,,,,,,,,
RMU-LAT,suppressed_vs_retained,correct_only,mean_difference,Qstar,each_layer,11.0,165,408,0.5312009803921568,0.4912711675579322,0.5668913398692811,,,,,,,,
RMU-LAT,suppressed_vs_retained,correct_only,mean_difference,Qstar,each_layer,12.0,165,408,0.538853980986334,0.5008025103980986,0.5719659833630422,,,,,,,,
RMU-LAT,suppressed_vs_retained,correct_only,mean_difference,Qstar,each_layer,13.0,165,408,0.5477072192513369,0.5113955733808675,0.5779047831253713,,,,,,,,
RMU-LAT,suppressed_vs_retained,correct_only,mean_difference,Qstar,each_layer,14.0,165,408,0.5556595365418894,0.5196646613190731,0.5849650920974451,,,,,,,,
RMU-LAT,suppressed_vs_retained,correct_only,mean_difference,Qstar,each_layer,15.0,165,408,0.551624331550802,0.5185427807486631,0.5778839869281046,,,,,,,,
RMU-LAT,suppressed_vs_retained,correct_only,mean_difference,Qstar,each_layer,16.0,165,408,0.5219838086749852,0.4895807338086749,0.5479088680926916,,,,,,,,
RMU-LAT,suppressed_vs_retained,correct_only,mean_difference,Qstar,each_layer,17.0,165,408,0.5192572786690434,0.4904734848484848,0.5425467914438502,,,,,,,,
RMU-LAT,suppressed_vs_retained,correct_only,mean_difference,Qstar,each_layer,18.0,165,408,0.509434046345811,0.4817450237670826,0.5341273024361259,,,,,,,,
RMU-LAT,suppressed_vs_retained,correct_only,mean_difference,Qstar,each_layer,19.0,165,408,0.5133021390374332,0.4843330362448009,0.5354909387997623,,,,,,,,
RMU-LAT,suppressed_vs_retained,correct_only,mean_difference,Qstar,each_layer,20.0,165,408,0.5133920083184789,0.4840114379084967,0.5336170528817588,,,,,,,,
RMU-LAT,suppressed_vs_retained,correct_only,mean_difference,Qstar,each_layer,21.0,165,408,0.5149962863933453,0.4859083481877599,0.5346431224004753,,,,,,,,
RMU-LAT,suppressed_vs_retained,correct_only,mean_difference,Qstar,each_layer,22.0,165,408,0.5154590017825311,0.4872578728461081,0.5342721330956625,,,,,,,,
RMU-LAT,suppressed_vs_retained,correct_only,mean_difference,Qstar,each_layer,23.0,165,408,0.5148210041592394,0.4872704991087344,0.5334090909090908,,,,,,,,
RMU-LAT,suppressed_vs_retained,correct_only,mean_difference,Qstar,each_layer,24.0,165,408,0.5128951277480689,0.4862113784907902,0.5317130867498514,,,,,,,,
RMU-LAT,suppressed_vs_retained,correct_only,mean_difference,Qstar,each_layer,25.0,165,408,0.5124643493761141,0.4864999257278669,0.5301949643493761,,,,,,,,
RMU-LAT,suppressed_vs_retained,correct_only,mean_difference,Qstar,each_layer,26.0,165,408,0.5116889483065953,0.485017082590612,0.5302718360071301,,,,,,,,
RMU-LAT,suppressed_vs_retained,correct_only,mean_difference,Qstar,each_layer,27.0,165,408,0.5105236185383244,0.4829229797979797,0.5293007278669043,,,,,,,,
RMU-LAT,suppressed_vs_retained,correct_only,mean_difference,Qstar,each_layer,28.0,165,408,0.5115040106951871,0.4845788770053476,0.5300486482471777,,,,,,,,
RMU-LAT,suppressed_vs_retained,correct_only,mean_difference,Qstar,each_layer,29.0,165,408,0.5136534462269756,0.4868690582293524,0.5316310160427807,,,,,,,,
RMU-LAT,suppressed_vs_retained,correct_only,mean_difference,Qstar,each_layer,30.0,165,408,0.5118813131313131,0.4850122549019608,0.5304460041592395,,,,,,,,
RMU-LAT,suppressed_vs_retained,correct_only,mean_difference,Qstar,each_layer,31.0,165,408,0.5149799465240641,0.4895844474153297,0.533125,,,,,,,,
RMU-LAT,suppressed_vs_retained,correct_only,mean_difference,Qstar,each_layer,32.0,165,408,0.5170224301841949,0.4951960784313725,0.5380886066547831,,,,,,,,
RMU-LAT,suppressed_vs_retained,mean_all_choices,mean_difference,Qstar,per_fold_selected,9.5,165,408,0.5418360071301247,0.5088836898395721,0.5658214497920381,0.5054478609625668,0.4986753565062388,0.5172198083778966,0.3332110657666735,0.3087039768363637,0.3586143048111005,0.6052221049003774,0.2067116132227707
RMU-LAT,suppressed_vs_retained,mean_all_choices,logistic_regression,Qstar,per_fold_selected,9.5,165,408,0.5275564468211528,0.4735312685680333,0.5686660724896019,0.5142379679144385,0.4854734848484848,0.5468092691622104,0.3171803160614649,0.2735673841196202,0.3444952665525725,2.753061217660858,0.3557608099654493
RMU-LAT,suppressed_vs_retained,mean_all_choices,mean_difference,Qstar,each_layer,0.0,165,408,0.489230540701129,0.4892305407011289,0.4892305407011289,,,,,,,,
RMU-LAT,suppressed_vs_retained,mean_all_choices,mean_difference,Qstar,each_layer,1.0,165,408,0.5474873737373738,0.5175616458704694,0.571858660130719,,,,,,,,
RMU-LAT,suppressed_vs_retained,mean_all_choices,mean_difference,Qstar,each_layer,2.0,165,408,0.5520588235294118,0.5254701426024956,0.5713528669043375,,,,,,,,
RMU-LAT,suppressed_vs_retained,mean_all_choices,mean_difference,Qstar,each_layer,3.0,165,408,0.5568181818181819,0.5380291889483066,0.5709365715983363,,,,,,,,
RMU-LAT,suppressed_vs_retained,mean_all_choices,mean_difference,Qstar,each_layer,4.0,165,408,0.5495172311348783,0.53416146761735,0.5626455733808675,,,,,,,,
RMU-LAT,suppressed_vs_retained,mean_all_choices,mean_difference,Qstar,each_layer,5.0,165,408,0.5421694890077243,0.5252283868092692,0.5561111111111111,,,,,,,,
RMU-LAT,suppressed_vs_retained,mean_all_choices,mean_difference,Qstar,each_layer,6.0,165,408,0.5388822043969103,0.5221531491384432,0.5535914289958408,,,,,,,,
RMU-LAT,suppressed_vs_retained,mean_all_choices,mean_difference,Qstar,each_layer,7.0,165,408,0.5404070112893642,0.5215448603683898,0.5555860071301248,,,,,,,,
RMU-LAT,suppressed_vs_retained,mean_all_choices,mean_difference,Qstar,each_layer,8.0,165,408,0.5385167855020795,0.5144789809863339,0.5591332442067737,,,,,,,,
RMU-LAT,suppressed_vs_retained,mean_all_choices,mean_difference,Qstar,each_layer,9.0,165,408,0.5412551990493167,0.5111207664884135,0.564127302436126,,,,,,,,
RMU-LAT,suppressed_vs_retained,mean_all_choices,mean_difference,Qstar,each_layer,10.0,165,408,0.54467394533571,0.5132078134284016,0.5685223559120618,,,,,,,,
RMU-LAT,suppressed_vs_retained,mean_all_choices,mean_difference,Qstar,each_layer,11.0,165,408,0.537500742721331,0.5036337641117052,0.5626333184789067,,,,,,,,
RMU-LAT,suppressed_vs_retained,mean_all_choices,mean_difference,Qstar,each_layer,12.0,165,408,0.5383281342840165,0.5040975935828877,0.563185531788473,,,,,,,,
RMU-LAT,suppressed_vs_retained,mean_all_choices,mean_difference,Qstar,each_layer,13.0,165,408,0.5432598039215686,0.5126203208556149,0.5668608882947118,,,,,,,,
RMU-LAT,suppressed_vs_retained,mean_all_choices,mean_difference,Qstar,each_layer,14.0,165,408,0.5462544563279857,0.5176622846108141,0.5685386957813429,,,,,,,,
RMU-LAT,suppressed_vs_retained,mean_all_choices,mean_difference,Qstar,each_layer,15.0,165,408,0.5442602495543671,0.5179151812240047,0.5633934937611409,,,,,,,,
RMU-LAT,suppressed_vs_retained,mean_all_choices,mean_difference,Qstar,each_layer,16.0,165,408,0.5238116458704694,0.4946215834818775,0.5472630718954248,,,,,,,,
RMU-LAT,suppressed_vs_retained,mean_all_choices,mean_difference,Qstar,each_layer,17.0,165,408,0.5248351158645275,0.4966986036838978,0.547321375519905,,,,,,,,
RMU-LAT,suppressed_vs_retained,mean_all_choices,mean_difference,Qstar,each_layer,18.0,165,408,0.5281669637551991,0.5065103238265003,0.5469756387403446,,,,,,,,
RMU-LAT,suppressed_vs_retained,mean_all_choices,mean_difference,Qstar,each_layer,19.0,165,408,0.5254679144385028,0.5056918449197861,0.5406116310160428,,,,,,,,
RMU-LAT,suppressed_vs_retained,mean_all_choices,mean_difference,Qstar,each_layer,20.0,165,408,0.5235331253713607,0.5040363190730838,0.5386478758169935,,,,,,,,
RMU-LAT,suppressed_vs_retained,mean_all_choices,mean_difference,Qstar,each_layer,21.0,165,408,0.5279575163398693,0.5101648841354725,0.54303958704694,,,,,,,,
RMU-LAT,suppressed_vs_retained,mean_all_choices,mean_difference,Qstar,each_layer,22.0,165,408,0.5287358882947119,0.5114832144979204,0.5432479203802733,,,,,,,,
RMU-LAT,suppressed_vs_retained,mean_all_choices,mean_difference,Qstar,each_layer,23.0,165,408,0.5291986036838978,0.512524881164587,0.5427012774806892,,,,,,,,
RMU-LAT,suppressed_vs_retained,mean_all_choices,mean_difference,Qstar,each_layer,24.0,165,408,0.5287098930481283,0.5127450980392158,0.5419069370172311,,,,,,,,
RMU-LAT,suppressed_vs_retained,mean_all_choices,mean_difference,Qstar,each_layer,25.0,165,408,0.5298625965537729,0.5140905377302436,0.5418701723113487,,,,,,,,
RMU-LAT,suppressed_vs_retained,mean_all_choices,mean_difference,Qstar,each_layer,26.0,165,408,0.5300713012477718,0.5141087344028521,0.5420603089720737,,,,,,,,
RMU-LAT,suppressed_vs_retained,mean_all_choices,mean_difference,Qstar,each_layer,27.0,165,408,0.5301106654783124,0.5136753565062389,0.5422010546642899,,,,,,,,
RMU-LAT,suppressed_vs_retained,mean_all_choices,mean_difference,Qstar,each_layer,28.0,165,408,0.5312084076054665,0.5146676322043968,0.5426671122994653,,,,,,,,
RMU-LAT,suppressed_vs_retained,mean_all_choices,mean_difference,Qstar,each_layer,29.0,165,408,0.5324019607843138,0.5158010249554368,0.5440485739750446,,,,,,,,
RMU-LAT,suppressed_vs_retained,mean_all_choices,mean_difference,Qstar,each_layer,30.0,165,408,0.5322890671420083,0.5150456773618539,0.5437990196078432,,,,,,,,
RMU-LAT,suppressed_vs_retained,mean_all_choices,mean_difference,Qstar,each_layer,31.0,165,408,0.5372355912061794,0.520395127748069,0.5489861853832442,,,,,,,,
RMU-LAT,suppressed_vs_retained,mean_all_choices,mean_difference,Qstar,each_layer,32.0,165,408,0.5449309269162211,0.5296579768270945,0.5558158793820559,,,,,,,,
RMU-LAT,suppressed_vs_retained,correct_minus_mean_wrong,mean_difference,Qstar,per_fold_selected,7.7,165,408,0.6267431669637552,0.6003825014854426,0.6527291295306,0.5440329768270946,0.5252361853832442,0.5567641488413547,0.4346212576771934,0.3958553099652386,0.4627614468822825,0.5920059827011878,0.1972499491442144
RMU-LAT,suppressed_vs_retained,correct_minus_mean_wrong,logistic_regression,Qstar,per_fold_selected,7.7,165,408,0.6149858882947118,0.5766304590017826,0.6365704842543078,0.5736419340463457,0.5370733065953655,0.6048133912655972,0.3835380820372176,0.3487241185758515,0.4226372629349811,2.639731715182509,0.314201098912637
RMU-LAT,suppressed_vs_retained,correct_minus_mean_wrong,mean_difference,Qstar,each_layer,0.0,165,408,0.489230540701129,0.4892305407011289,0.4892305407011289,,,,,,,,
RMU-LAT,suppressed_vs_retained,correct_minus_mean_wrong,mean_difference,Qstar,each_layer,1.0,165,408,0.6088807189542484,0.6009595959595959,0.6169678401663696,,,,,,,,
RMU-LAT,suppressed_vs_retained,correct_minus_mean_wrong,mean_difference,Qstar,each_layer,2.0,165,408,0.6329359774212715,0.627430926916221,0.6395599376114082,,,,,,,,
RMU-LAT,suppressed_vs_retained,correct_minus_mean_wrong,mean_difference,Qstar,each_layer,3.0,165,408,0.6409670231729055,0.6358181075460487,0.6462741384432561,,,,,,,,
RMU-LAT,suppressed_vs_retained,correct_minus_mean_wrong,mean_difference,Qstar,each_layer,4.0,165,408,0.6311348781937018,0.6216068775995247,0.6412462863933452,,,,,,,,
RMU-LAT,suppressed_vs_retained,correct_minus_mean_wrong,mean_difference,Qstar,each_layer,5.0,165,408,0.6323054070112895,0.618980614973262,0.6424105020796198,,,,,,,,
RMU-LAT,suppressed_vs_retained,correct_minus_mean_wrong,mean_difference,Qstar,each_layer,6.0,165,408,0.6410427807486632,0.6252774064171123,0.6526615418894831,,,,,,,,
RMU-LAT,suppressed_vs_retained,correct_minus_mean_wrong,mean_difference,Qstar,each_layer,7.0,165,408,0.6435026737967915,0.6289798722519311,0.6551136363636364,,,,,,,,
RMU-LAT,suppressed_vs_retained,correct_minus_mean_wrong,mean_difference,Qstar,each_layer,8.0,165,408,0.6457746583481878,0.6343965389185977,0.6566336155674392,,,,,,,,
RMU-LAT,suppressed_vs_retained,correct_minus_mean_wrong,mean_difference,Qstar,each_layer,9.0,165,408,0.6333682412358883,0.6172270499108735,0.6464501633986928,,,,,,,,
RMU-LAT,suppressed_vs_retained,correct_minus_mean_wrong,mean_difference,Qstar,each_layer,10.0,165,408,0.6416176470588235,0.6240136660724895,0.6519050802139037,,,,,,,,
RMU-LAT,suppressed_vs_retained,correct_minus_mean_wrong,mean_difference,Qstar,each_layer,11.0,165,408,0.6331209150326796,0.6203505644682115,0.6429994800950684,,,,,,,,
RMU-LAT,suppressed_vs_retained,correct_minus_mean_wrong,mean_difference,Qstar,each_layer,12.0,165,408,0.6299636066547831,0.617586155674391,0.638826871657754,,,,,,,,
RMU-LAT,suppressed_vs_retained,correct_minus_mean_wrong,mean_difference,Qstar,each_layer,13.0,165,408,0.6307969399881164,0.6186330213903743,0.6420402554961379,,,,,,,,
RMU-LAT,suppressed_vs_retained,correct_minus_mean_wrong,mean_difference,Qstar,each_layer,14.0,165,408,0.6159714795008914,0.5997990938799762,0.6284417706476529,,,,,,,,
RMU-LAT,suppressed_vs_retained,correct_minus_mean_wrong,mean_difference,Qstar,each_layer,15.0,165,408,0.6107947118241237,0.5995120320855615,0.622397504456328,,,,,,,,
RMU-LAT,suppressed_vs_retained,correct_minus_mean_wrong,mean_difference,Qstar,each_layer,16.0,165,408,0.5793441770647653,0.5706992721330957,0.5881977866904338,,,,,,,,
RMU-LAT,suppressed_vs_retained,correct_minus_mean_wrong,mean_difference,Qstar,each_layer,17.0,165,408,0.5700802139037433,0.5622541592394533,0.5785019310754604,,,,,,,,
RMU-LAT,suppressed_vs_retained,correct_minus_mean_wrong,mean_difference,Qstar,each_layer,18.0,165,408,0.5648380867498514,0.5556153446226976,0.572909982174688,,,,,,,,
RMU-LAT,suppressed_vs_retained,correct_minus_mean_wrong,mean_difference,Qstar,each_layer,19.0,165,408,0.5606439393939393,0.5515515448603684,0.5675486482471777,,,,,,,,
RMU-LAT,suppressed_vs_retained,correct_minus_mean_wrong,mean_difference,Qstar,each_layer,20.0,165,408,0.55856357694593,0.5483262774806893,0.565643568033274,,,,,,,,
RMU-LAT,suppressed_vs_retained,correct_minus_mean_wrong,mean_difference,Qstar,each_layer,21.0,165,408,0.5569600415923947,0.5456814468211527,0.5645112893642305,,,,,,,,
RMU-LAT,suppressed_vs_retained,correct_minus_mean_wrong,mean_difference,Qstar,each_layer,22.0,165,408,0.5576128936423055,0.5467245989304813,0.5649168152109328,,,,,,,,
RMU-LAT,suppressed_vs_retained,correct_minus_mean_wrong,mean_difference,Qstar,each_layer,23.0,165,408,0.5575252525252525,0.54636252228164,0.5648477421271538,,,,,,,,
RMU-LAT,suppressed_vs_retained,correct_minus_mean_wrong,mean_difference,Qstar,each_layer,24.0,165,408,0.5572578728461082,0.5457356654783125,0.5651604278074867,,,,,,,,
RMU-LAT,suppressed_vs_retained,correct_minus_mean_wrong,mean_difference,Qstar,each_layer,25.0,165,408,0.558287284610814,0.5457341800356507,0.5663335561497326,,,,,,,,
RMU-LAT,suppressed_vs_retained,correct_minus_mean_wrong,mean_difference,Qstar,each_layer,26.0,165,408,0.5581914735591206,0.5453591057635175,0.5665010398098633,,,,,,,,
RMU-LAT,suppressed_vs_retained,correct_minus_mean_wrong,mean_difference,Qstar,each_layer,27.0,165,408,0.5585650623885918,0.5461270796197267,0.5667130867498514,,,,,,,,
RMU-LAT,suppressed_vs_retained,correct_minus_mean_wrong,mean_difference,Qstar,each_layer,28.0,165,408,0.558749257278669,0.54586564171123,0.5669919786096257,,,,,,,,
RMU-LAT,suppressed_vs_retained,correct_minus_mean_wrong,mean_difference,Qstar,each_layer,29.0,165,408,0.5595008912655971,0.5464449643493762,0.5676979352346999,,,,,,,,
RMU-LAT,suppressed_vs_retained,correct_minus_mean_wrong,mean_difference,Qstar,each_layer,30.0,165,408,0.5579233511586453,0.5441076203208556,0.5668300653594771,,,,,,,,
RMU-LAT,suppressed_vs_retained,correct_minus_mean_wrong,mean_difference,Qstar,each_layer,31.0,165,408,0.5580355020796197,0.5438966874628639,0.566988265002971,,,,,,,,
RMU-LAT,suppressed_vs_retained,correct_minus_mean_wrong,mean_difference,Qstar,each_layer,32.0,165,408,0.5599138443256091,0.5437225193107545,0.5689041146761735,,,,,,,,
RMU-LAT,suppressed_vs_rest,correct_only,mean_difference,Qstar,per_fold_selected,0.2,165,536,0.5009285956580734,0.4992537313432835,0.5163869572591587,0.5002563885119856,0.5,0.5025872060153777,0.2371264098756157,0.2351109357452879,0.2552948080003583,0.5456796109032088,0.1799546320591294
RMU-LAT,suppressed_vs_rest,correct_only,logistic_regression,Qstar,per_fold_selected,0.2,165,536,0.5011309927634555,0.4966180461329715,0.5216006614654002,0.5009664744459521,0.4968122455902307,0.5133357360922659,0.2378963335316185,0.2351109357452879,0.2641550991105669,0.5821370637882891,0.1819229918017089
RMU-LAT,suppressed_vs_rest,correct_only,mean_difference,Qstar,each_layer,0.0,165,536,0.5268995929443692,0.526899592944369,0.526899592944369,,,,,,,,
RMU-LAT,suppressed_vs_rest,correct_only,mean_difference,Qstar,each_layer,1.0,165,536,0.5456309362279511,0.5217839778380824,0.5595180348258707,,,,,,,,
RMU-LAT,suppressed_vs_rest,correct_only,mean_difference,Qstar,each_layer,2.0,165,536,0.5445499773857984,0.5239153663500679,0.5600378787878788,,,,,,,,
RMU-LAT,suppressed_vs_rest,correct_only,mean_difference,Qstar,each_layer,3.0,165,536,0.5525949796472184,0.5400633197648123,0.5642542966983265,,,,,,,,
RMU-LAT,suppressed_vs_rest,correct_only,mean_difference,Qstar,each_layer,4.0,165,536,0.544983604703754,0.5267147218453189,0.5545098371777477,,,,,,,,
RMU-LAT,suppressed_vs_rest,correct_only,mean_difference,Qstar,each_layer,5.0,165,536,0.5403262098597921,0.5201396426956129,0.549871947082768,,,,,,,,
RMU-LAT,suppressed_vs_rest,correct_only,mean_difference,Qstar,each_layer,6.0,165,536,0.5389484396200814,0.5211702849389417,0.5470779624604252,,,,,,,,
RMU-LAT,suppressed_vs_rest,correct_only,mean_difference,Qstar,each_layer,7.0,165,536,0.5401113749434645,0.5215632066938037,0.5493803708729081,,,,,,,,
RMU-LAT,suppressed_vs_rest,correct_only,mean_difference,Qstar,each_layer,8.0,165,536,0.5487528267752148,0.5284950248756218,0.5595132293080054,,,,,,,,
RMU-LAT,suppressed_vs_rest,correct_only,mean_difference,Qstar,each_layer,9.0,165,536,0.5431139755766621,0.5243552125734962,0.5536544549977386,,,,,,,,
RMU-LAT,suppressed_vs_rest,correct_only,mean_difference,Qstar,each_layer,10.0,165,536,0.5499706015377658,0.5318995929443691,0.5623349163274537,,,,,,,,
RMU-LAT,suppressed_vs_rest,correct_only,mean_difference,Qstar,each_layer,11.0,165,536,0.5388116236996833,0.522576605608322,0.5522749886928991,,,,,,,,
RMU-LAT,suppressed_vs_rest,correct_only,mean_difference,Qstar,each_layer,12.0,165,536,0.5375412709181366,0.5221559814563546,0.5508864767073722,,,,,,,,
RMU-LAT,suppressed_vs_rest,correct_only,mean_difference,Qstar,each_layer,13.0,165,536,0.5396856625961103,0.5201571687019448,0.5540567051108096,,,,,,,,
RMU-LAT,suppressed_vs_rest,correct_only,mean_difference,Qstar,each_layer,14.0,165,536,0.5432530529172319,0.5212810945273632,0.5576045906829489,,,,,,,,
RMU-LAT,suppressed_vs_rest,correct_only,mean_difference,Qstar,each_layer,15.0,165,536,0.5394798733604704,0.5165914744459521,0.5521073609226594,,,,,,,,
RMU-LAT,suppressed_vs_rest,correct_only,mean_difference,Qstar,each_layer,16.0,165,536,0.5263664631388513,0.5004700927182271,0.5468054613297151,,,,,,,,
RMU-LAT,suppressed_vs_rest,correct_only,mean_difference,Qstar,each_layer,17.0,165,536,0.5214167797376754,0.4927388625056536,0.5431142582541837,,,,,,,,
RMU-LAT,suppressed_vs_rest,correct_only,mean_difference,Qstar,each_layer,18.0,165,536,0.5124722976028947,0.4793249660786974,0.5345703301673451,,,,,,,,
RMU-LAT,suppressed_vs_rest,correct_only,mean_difference,Qstar,each_layer,19.0,165,536,0.5103799185888737,0.4748108887381275,0.53516197421981,,,,,,,,
RMU-LAT,suppressed_vs_rest,correct_only,mean_difference,Qstar,each_layer,20.0,165,536,0.5086391904115785,0.4737409543193125,0.5340075192220715,,,,,,,,
RMU-LAT,suppressed_vs_rest,correct_only,mean_difference,Qstar,each_layer,21.0,165,536,0.5110153776571688,0.473997908186341,0.5412327566711895,,,,,,,,
RMU-LAT,suppressed_vs_rest,correct_only,mean_difference,Qstar,each_layer,22.0,165,536,0.5129822478516508,0.4766776910900045,0.5428149027589326,,,,,,,,
RMU-LAT,suppressed_vs_rest,correct_only,mean_difference,Qstar,each_layer,23.0,165,536,0.5166689280868384,0.4812853346901854,0.5435478855721393,,,,,,,,
RMU-LAT,suppressed_vs_rest,correct_only,mean_difference,Qstar,each_layer,24.0,165,536,0.5157728403437358,0.4800845205789235,0.5415159995477159,,,,,,,,
RMU-LAT,suppressed_vs_rest,correct_only,mean_difference,Qstar,each_layer,25.0,165,536,0.5111188376300316,0.4725387268204432,0.5401147670737223,,,,,,,,
RMU-LAT,suppressed_vs_rest,correct_only,mean_difference,Qstar,each_layer,26.0,165,536,0.5126752600633198,0.4744417118950701,0.540702170963365,,,,,,,,
RMU-LAT,suppressed_vs_rest,correct_only,mean_difference,Qstar,each_layer,27.0,165,536,0.5090796019900498,0.469922263681592,0.5374527928539122,,,,,,,,
RMU-LAT,suppressed_vs_rest,correct_only,mean_difference,Qstar,each_layer,28.0,165,536,0.5101763907734056,0.4714419380370873,0.5382609678878335,,,,,,,,
RMU-LAT,suppressed_vs_rest,correct_only,mean_difference,Qstar,each_layer,29.0,165,536,0.5116847580280416,0.4733488805970149,0.5393458842152872,,,,,,,,
RMU-LAT,suppressed_vs_rest,correct_only,mean_difference,Qstar,each_layer,30.0,165,536,0.5097280642243328,0.4703971619176843,0.5385538218000905,,,,,,,,
RMU-LAT,suppressed_vs_rest,correct_only,mean_difference,Qstar,each_layer,31.0,165,536,0.5149536408864767,0.4772656603346902,0.5430042966983265,,,,,,,,
RMU-LAT,suppressed_vs_rest,correct_only,mean_difference,Qstar,each_layer,32.0,165,536,0.5224332881049298,0.4849525101763908,0.5508485979194934,,,,,,,,
RMU-LAT,suppressed_vs_rest,mean_all_choices,mean_difference,Qstar,per_fold_selected,0.4,165,536,0.5004658525554049,0.4992537313432835,0.5096722354138399,0.5001515151515152,0.5,0.5015909090909091,0.238590391388365,0.2351109357452879,0.2615862980361215,0.5456186284619101,0.1799232841506409
RMU-LAT,suppressed_vs_rest,mean_all_choices,logistic_regression,Qstar,per_fold_selected,0.4,165,536,0.4986872455902308,0.4944343622795115,0.4992537313432835,0.5000797150610584,0.4976616915422885,0.503175881953867,0.2363450586993601,0.2340765453161881,0.2485553729203859,0.6148953414671545,0.1848046745021272
RMU-LAT,suppressed_vs_rest,mean_all_choices,mean_difference,Qstar,each_layer,0.0,165,536,0.5268995929443692,0.526899592944369,0.526899592944369,,,,,,,,
RMU-LAT,suppressed_vs_rest,mean_all_choices,mean_difference,Qstar,each_layer,1.0,165,536,0.5629522840343736,0.5451331411126187,0.5759209633649932,,,,,,,,
RMU-LAT,suppressed_vs_rest,mean_all_choices,mean_difference,Qstar,each_layer,2.0,165,536,0.5668136589778381,0.5529497399366803,0.5779669832654907,,,,,,,,
RMU-LAT,suppressed_vs_rest,mean_all_choices,mean_difference,Qstar,each_layer,3.0,165,536,0.572003052917232,0.5610645635459068,0.5800814111261873,,,,,,,,
RMU-LAT,suppressed_vs_rest,mean_all_choices,mean_difference,Qstar,each_layer,4.0,165,536,0.5671121664405246,0.5559562980551787,0.5732801899592944,,,,,,,,
RMU-LAT,suppressed_vs_rest,mean_all_choices,mean_difference,Qstar,each_layer,5.0,165,536,0.5606750339213027,0.5481428086838535,0.5674471393034827,,,,,,,,
RMU-LAT,suppressed_vs_rest,mean_all_choices,mean_difference,Qstar,each_layer,6.0,165,536,0.5575118724559023,0.5464054726368159,0.5640835594753505,,,,,,,,
RMU-LAT,suppressed_vs_rest,mean_all_choices,mean_difference,Qstar,each_layer,7.0,165,536,0.5580715739484396,0.5462745929443691,0.5654076209859792,,,,,,,,
RMU-LAT,suppressed_vs_rest,mean_all_choices,mean_difference,Qstar,each_layer,8.0,165,536,0.5553516508367256,0.5420443238353686,0.564030698778833,,,,,,,,
RMU-LAT,suppressed_vs_rest,mean_all_choices,mean_difference,Qstar,each_layer,9.0,165,536,0.552518656716418,0.5410085933966531,0.5610682383536861,,,,,,,,
RMU-LAT,suppressed_vs_rest,mean_all_choices,mean_difference,Qstar,each_layer,10.0,165,536,0.5590999547715966,0.5491864540931705,0.5684531886024423,,,,,,,,
RMU-LAT,suppressed_vs_rest,mean_all_choices,mean_difference,Qstar,each_layer,11.0,165,536,0.5549700361827228,0.5468300542740842,0.5643789574853008,,,,,,,,
RMU-LAT,suppressed_vs_rest,mean_all_choices,mean_difference,Qstar,each_layer,12.0,165,536,0.5531722071460877,0.5460634328358208,0.5618916779737675,,,,,,,,
RMU-LAT,suppressed_vs_rest,mean_all_choices,mean_difference,Qstar,each_layer,13.0,165,536,0.5521743554952511,0.5435512777023971,0.5612607417458164,,,,,,,,
RMU-LAT,suppressed_vs_rest,mean_all_choices,mean_difference,Qstar,each_layer,14.0,165,536,0.553047263681592,0.5431987788331072,0.5644665875169607,,,,,,,,
RMU-LAT,suppressed_vs_rest,mean_all_choices,mean_difference,Qstar,each_layer,15.0,165,536,0.5524807779285391,0.5404864880144731,0.5627880483943917,,,,,,,,
RMU-LAT,suppressed_vs_rest,mean_all_choices,mean_difference,Qstar,each_layer,16.0,165,536,0.5428149027589326,0.5256006897331524,0.5542958502939845,,,,,,,,
RMU-LAT,suppressed_vs_rest,mean_all_choices,mean_difference,Qstar,each_layer,17.0,165,536,0.5390694255992764,0.5210060492989598,0.5520228403437358,,,,,,,,
RMU-LAT,suppressed_vs_rest,mean_all_choices,mean_difference,Qstar,each_layer,18.0,165,536,0.5360747399366802,0.5162381275440977,0.5476984396200815,,,,,,,,
RMU-LAT,suppressed_vs_rest,mean_all_choices,mean_difference,Qstar,each_layer,19.0,165,536,0.529162709181366,0.5046248869289914,0.5423154115784713,,,,,,,,
RMU-LAT,suppressed_vs_rest,mean_all_choices,mean_difference,Qstar,each_layer,20.0,165,536,0.5251990049751244,0.4986923337856173,0.5401311623699684,,,,,,,,
RMU-LAT,suppressed_vs_rest,mean_all_choices,mean_difference,Qstar,each_layer,21.0,165,536,0.5265275893260968,0.5002015490728178,0.5416200248756219,,,,,,,,
RMU-LAT,suppressed_vs_rest,mean_all_choices,mean_difference,Qstar,each_layer,22.0,165,536,0.5264529624604253,0.5013789009497965,0.5410018091361375,,,,,,,,
RMU-LAT,suppressed_vs_rest,mean_all_choices,mean_difference,Qstar,each_layer,23.0,165,536,0.5259933288104928,0.5021268656716418,0.5401065694255993,,,,,,,,
RMU-LAT,suppressed_vs_rest,mean_all_choices,mean_difference,Qstar,each_layer,24.0,165,536,0.5254172320217096,0.5021381727725012,0.539194369063772,,,,,,,,
RMU-LAT,suppressed_vs_rest,mean_all_choices,mean_difference,Qstar,each_layer,25.0,165,536,0.525806761646314,0.5026602781546812,0.5384743894165536,,,,,,,,
RMU-LAT,suppressed_vs_rest,mean_all_choices,mean_difference,Qstar,each_layer,26.0,165,536,0.5253883989145184,0.502543249660787,0.538347184531886,,,,,,,,
RMU-LAT,suppressed_vs_rest,mean_all_choices,mean_difference,Qstar,each_layer,27.0,165,536,0.5249700361827226,0.5017104816824967,0.5384636476707373,,,,,,,,
RMU-LAT,suppressed_vs_rest,mean_all_choices,mean_difference,Qstar,each_layer,28.0,165,536,0.5262415196743555,0.502174920850294,0.5389116915422886,,,,,,,,
RMU-LAT,suppressed_vs_rest,mean_all_choices,mean_difference,Qstar,each_layer,29.0,165,536,0.5265151515151515,0.5026817616463138,0.5391214382632293,,,,,,,,
RMU-LAT,suppressed_vs_rest,mean_all_choices,mean_difference,Qstar,each_layer,30.0,165,536,0.5254392808683853,0.5012957937584803,0.5385521257349616,,,,,,,,
RMU-LAT,suppressed_vs_rest,mean_all_choices,mean_difference,Qstar,each_layer,31.0,165,536,0.5307524875621891,0.5071090569877883,0.5434749547715965,,,,,,,,
RMU-LAT,suppressed_vs_rest,mean_all_choices,mean_difference,Qstar,each_layer,32.0,165,536,0.5362262550881953,0.5116547942107643,0.5492319651741293,,,,,,,,
RMU-LAT,suppressed_vs_rest,correct_minus_mean_wrong,mean_difference,Qstar,per_fold_selected,1.4,165,536,0.5114868837630031,0.4912980551786521,0.5442875113071008,0.5008387042062414,0.4980876865671642,0.5056175090456807,0.2493922232858208,0.2335287236211361,0.2778498379934747,0.5490746565188025,0.1805635136387055
RMU-LAT,suppressed_vs_rest,correct_minus_mean_wrong,logistic_regression,Qstar,per_fold_selected,1.4,165,536,0.5193170511080958,0.4992537313432835,0.5617689959294436,0.5106787087290818,0.4992609396200814,0.5405052860696518,0.2512550744711778,0.2351109357452879,0.2863615462882196,0.940442516679266,0.20032531646135
RMU-LAT,suppressed_vs_rest,correct_minus_mean_wrong,mean_difference,Qstar,each_layer,0.0,165,536,0.5268995929443692,0.526899592944369,0.526899592944369,,,,,,,,
RMU-LAT,suppressed_vs_rest,correct_minus_mean_wrong,mean_difference,Qstar,each_layer,1.0,165,536,0.568288104929896,0.5430379353233831,0.5842865219357757,,,,,,,,
RMU-LAT,suppressed_vs_rest,correct_minus_mean_wrong,mean_difference,Qstar,each_layer,2.0,165,536,0.5840829941203075,0.5660654115784712,0.5975726481230212,,,,,,,,
RMU-LAT,suppressed_vs_rest,correct_minus_mean_wrong,mean_difference,Qstar,each_layer,3.0,165,536,0.5920901175938489,0.5720039009497965,0.6043908299412031,,,,,,,,
RMU-LAT,suppressed_vs_rest,correct_minus_mean_wrong,mean_difference,Qstar,each_layer,4.0,165,536,0.5836177069199457,0.567747908186341,0.5936078132066938,,,,,,,,
RMU-LAT,suppressed_vs_rest,correct_minus_mean_wrong,mean_difference,Qstar,each_layer,5.0,165,536,0.5826368159203981,0.5660385572139304,0.5986191203075532,,,,,,,,
RMU-LAT,suppressed_vs_rest,correct_minus_mean_wrong,mean_difference,Qstar,each_layer,6.0,165,536,0.6030048620533696,0.5862777023971054,0.6265863862505654,,,,,,,,
RMU-LAT,suppressed_vs_rest,correct_minus_mean_wrong,mean_difference,Qstar,each_layer,7.0,165,536,0.5986329715061058,0.5780382180009046,0.6230664857530529,,,,,,,,
RMU-LAT,suppressed_vs_rest,correct_minus_mean_wrong,mean_difference,Qstar,each_layer,8.0,165,536,0.6099966078697422,0.5871087743102668,0.6297125169606513,,,,,,,,
RMU-LAT,suppressed_vs_rest,correct_minus_mean_wrong,mean_difference,Qstar,each_layer,9.0,165,536,0.5946958389868838,0.5674567503392131,0.617893487109905,,,,,,,,
RMU-LAT,suppressed_vs_rest,correct_minus_mean_wrong,mean_difference,Qstar,each_layer,10.0,165,536,0.595632066938037,0.5765032790592491,0.6169945725915875,,,,,,,,
RMU-LAT,suppressed_vs_rest,correct_minus_mean_wrong,mean_difference,Qstar,each_layer,11.0,165,536,0.580650723654455,0.5567424242424241,0.6010433627317956,,,,,,,,
RMU-LAT,suppressed_vs_rest,correct_minus_mean_wrong,mean_difference,Qstar,each_layer,12.0,165,536,0.5772144957033017,0.5580305857078245,0.5964461781999095,,,,,,,,
RMU-LAT,suppressed_vs_rest,correct_minus_mean_wrong,mean_difference,Qstar,each_layer,13.0,165,536,0.5765547263681592,0.5575130031659882,0.5931199118046133,,,,,,,,
RMU-LAT,suppressed_vs_rest,correct_minus_mean_wrong,mean_difference,Qstar,each_layer,14.0,165,536,0.5757151741293531,0.5548400045228403,0.5923513116236997,,,,,,,,
RMU-LAT,suppressed_vs_rest,correct_minus_mean_wrong,mean_difference,Qstar,each_layer,15.0,165,536,0.5695929443690637,0.550196460877431,0.5858514246947082,,,,,,,,
RMU-LAT,suppressed_vs_rest,correct_minus_mean_wrong,mean_difference,Qstar,each_layer,16.0,165,536,0.5415767752148349,0.5187468905472636,0.560556592039801,,,,,,,,
RMU-LAT,suppressed_vs_rest,correct_minus_mean_wrong,mean_difference,Qstar,each_layer,17.0,165,536,0.5317542966983265,0.5063503505201267,0.551473880597015,,,,,,,,
RMU-LAT,suppressed_vs_rest,correct_minus_mean_wrong,mean_difference,Qstar,each_layer,18.0,165,536,0.5270007914970601,0.4982598371777476,0.5458110018091361,,,,,,,,
RMU-LAT,suppressed_vs_rest,correct_minus_mean_wrong,mean_difference,Qstar,each_layer,19.0,165,536,0.5169244685662595,0.4836914857530529,0.5356351763907734,,,,,,,,
RMU-LAT,suppressed_vs_rest,correct_minus_mean_wrong,mean_difference,Qstar,each_layer,20.0,165,536,0.5120002261420171,0.4783248530076888,0.5323925825418362,,,,,,,,
RMU-LAT,suppressed_vs_rest,correct_minus_mean_wrong,mean_difference,Qstar,each_layer,21.0,165,536,0.5093017865219358,0.4752611940298508,0.5303047263681593,,,,,,,,
RMU-LAT,suppressed_vs_rest,correct_minus_mean_wrong,mean_difference,Qstar,each_layer,22.0,165,536,0.508630144730891,0.4742384667571235,0.528552973767526,,,,,,,,
RMU-LAT,suppressed_vs_rest,correct_minus_mean_wrong,mean_difference,Qstar,each_layer,23.0,165,536,0.5087143826322931,0.4746034034373586,0.5285871777476255,,,,,,,,
RMU-LAT,suppressed_vs_rest,correct_minus_mean_wrong,mean_difference,Qstar,each_layer,24.0,165,536,0.5077538444142922,0.473587460425147,0.5277855042966983,,,,,,,,
RMU-LAT,suppressed_vs_rest,correct_minus_mean_wrong,mean_difference,Qstar,each_layer,25.0,165,536,0.508030303030303,0.4743891338760742,0.5278974445952058,,,,,,,,
RMU-LAT,suppressed_vs_rest,correct_minus_mean_wrong,mean_difference,Qstar,each_layer,26.0,165,536,0.5080766621438263,0.4739012324739937,0.5280441542288556,,,,,,,,
RMU-LAT,suppressed_vs_rest,correct_minus_mean_wrong,mean_difference,Qstar,each_layer,27.0,165,536,0.5076192899140659,0.4723747738579828,0.5284644957033017,,,,,,,,
RMU-LAT,suppressed_vs_rest,correct_minus_mean_wrong,mean_difference,Qstar,each_layer,28.0,165,536,0.5089620081411126,0.4749426164631388,0.5299601424694708,,,,,,,,
RMU-LAT,suppressed_vs_rest,correct_minus_mean_wrong,mean_difference,Qstar,each_layer,29.0,165,536,0.5094419945725915,0.4751000678426051,0.5297238240615106,,,,,,,,
RMU-LAT,suppressed_vs_rest,correct_minus_mean_wrong,mean_difference,Qstar,each_layer,30.0,165,536,0.5061595431931252,0.4719756331976481,0.5273021257349616,,,,,,,,
RMU-LAT,suppressed_vs_rest,correct_minus_mean_wrong,mean_difference,Qstar,each_layer,31.0,165,536,0.5069244685662596,0.4746975350520127,0.5281060606060606,,,,,,,,
RMU-LAT,suppressed_vs_rest,correct_minus_mean_wrong,mean_difference,Qstar,each_layer,32.0,165,536,0.5116836273179557,0.4812666779737675,0.5332298733604705,,,,,,,,
RMU-LAT,forgotten_vs_retained,correct_only,mean_difference,Qstar,per_fold_selected,15.3,36,408,0.6580133442265795,0.6151109749455338,0.6932104438997821,0.498406862745098,0.4956801470588236,0.5,0.1360546476835319,0.1146195485879518,0.1677018536045807,0.2791350363862263,0.0752415471225339
RMU-LAT,forgotten_vs_retained,correct_only,logistic_regression,Qstar,per_fold_selected,15.3,36,408,0.5951320806100219,0.5188487200435731,0.6743872549019607,0.5331699346405229,0.4959763071895424,0.5690257352941176,0.1395384808488395,0.1014112208106353,0.2028658251954479,0.7166194058955729,0.0994317426774213
RMU-LAT,forgotten_vs_retained,correct_only,mean_difference,Qstar,each_layer,0.0,36,408,0.3282271241830065,0.3282271241830065,0.3282271241830065,,,,,,,,
RMU-LAT,forgotten_vs_retained,correct_only,mean_difference,Qstar,each_layer,1.0,36,408,0.6164045479302832,0.59224026416122,0.6365349264705882,,,,,,,,
RMU-LAT,forgotten_vs_retained,correct_only,mean_difference,Qstar,each_layer,2.0,36,408,0.6223209422657952,0.597458809912854,0.6434606481481482,,,,,,,,
RMU-LAT,forgotten_vs_retained,correct_only,mean_difference,Qstar,each_layer,3.0,36,408,0.617150054466231,0.5924019607843137,0.6405279820261438,,,,,,,,
RMU-LAT,forgotten_vs_retained,correct_only,mean_difference,Qstar,each_layer,4.0,36,408,0.6222562636165577,0.5928513071895425,0.6417960239651416,,,,,,,,
RMU-LAT,forgotten_vs_retained,correct_only,mean_difference,Qstar,each_layer,5.0,36,408,0.6187431917211329,0.5872923474945534,0.6397160947712418,,,,,,,,
RMU-LAT,forgotten_vs_retained,correct_only,mean_difference,Qstar,each_layer,6.0,36,408,0.6219056372549019,0.5855528322440087,0.6454912173202615,,,,,,,,
RMU-LAT,forgotten_vs_retained,correct_only,mean_difference,Qstar,each_layer,7.0,36,408,0.6292347494553376,0.5900956563180828,0.6509191176470588,,,,,,,,
RMU-LAT,forgotten_vs_retained,correct_only,mean_difference,Qstar,each_layer,8.0,36,408,0.6442299836601307,0.6042228349673203,0.6645561002178649,,,,,,,,
RMU-LAT,forgotten_vs_retained,correct_only,mean_difference,Qstar,each_layer,9.0,36,408,0.6461192810457517,0.6042943218954249,0.6649560866013071,,,,,,,,
RMU-LAT,forgotten_vs_retained,correct_only,mean_difference,Qstar,each_layer,10.0,36,408,0.6508782679738563,0.6095843545751635,0.6684044798474946,,,,,,,,
RMU-LAT,forgotten_vs_retained,correct_only,mean_difference,Qstar,each_layer,11.0,36,408,0.6567912581699347,0.6198410266884532,0.6760586873638345,,,,,,,,
RMU-LAT,forgotten_vs_retained,correct_only,mean_difference,Qstar,each_layer,12.0,36,408,0.664130582788671,0.627313112745098,0.682349537037037,,,,,,,,
RMU-LAT,forgotten_vs_retained,correct_only,mean_difference,Qstar,each_layer,13.0,36,408,0.6797181372549019,0.6448154956427015,0.6974485974945533,,,,,,,,
RMU-LAT,forgotten_vs_retained,correct_only,mean_difference,Qstar,each_layer,14.0,36,408,0.6805487472766886,0.6521173747276688,0.6996034177559913,,,,,,,,
RMU-LAT,forgotten_vs_retained,correct_only,mean_difference,Qstar,each_layer,15.0,36,408,0.6731175108932462,0.6473430691721134,0.6928666258169934,,,,,,,,
RMU-LAT,forgotten_vs_retained,correct_only,mean_difference,Qstar,each_layer,16.0,36,408,0.654884940087146,0.6329912173202614,0.6756791258169934,,,,,,,,
RMU-LAT,forgotten_vs_retained,correct_only,mean_difference,Qstar,each_layer,17.0,36,408,0.635171568627451,0.6126395697167756,0.6541921977124183,,,,,,,,
RMU-LAT,forgotten_vs_retained,correct_only,mean_difference,Qstar,each_layer,18.0,36,408,0.6101136982570805,0.5929959831154684,0.6269012118736383,,,,,,,,
RMU-LAT,forgotten_vs_retained,correct_only,mean_difference,Qstar,each_layer,19.0,36,408,0.6005344498910674,0.5853979438997822,0.6148863017429194,,,,,,,,
RMU-LAT,forgotten_vs_retained,correct_only,mean_difference,Qstar,each_layer,20.0,36,408,0.5967524509803921,0.5809878812636166,0.6122838371459695,,,,,,,,
RMU-LAT,forgotten_vs_retained,correct_only,mean_difference,Qstar,each_layer,21.0,36,408,0.5944784858387799,0.5786679602396514,0.6097528594771242,,,,,,,,
RMU-LAT,forgotten_vs_retained,correct_only,mean_difference,Qstar,each_layer,22.0,36,408,0.5956699346405229,0.5799802559912854,0.6103979438997821,,,,,,,,
RMU-LAT,forgotten_vs_retained,correct_only,mean_difference,Qstar,each_layer,23.0,36,408,0.5938282952069716,0.5784024373638345,0.6096983932461874,,,,,,,,
RMU-LAT,forgotten_vs_retained,correct_only,mean_difference,Qstar,each_layer,24.0,36,408,0.5923508986928104,0.5766510076252723,0.6078890931372549,,,,,,,,
RMU-LAT,forgotten_vs_retained,correct_only,mean_difference,Qstar,each_layer,25.0,36,408,0.5921875,0.5754578567538127,0.6069206154684096,,,,,,,,
RMU-LAT,forgotten_vs_retained,correct_only,mean_difference,Qstar,each_layer,26.0,36,408,0.592718545751634,0.5754170070806099,0.6073240059912853,,,,,,,,
RMU-LAT,forgotten_vs_retained,correct_only,mean_difference,Qstar,each_layer,27.0,36,408,0.5949380446623095,0.5781454248366014,0.6100541258169935,,,,,,,,
RMU-LAT,forgotten_vs_retained,correct_only,mean_difference,Qstar,each_layer,28.0,36,408,0.5964937363834424,0.5798049428104575,0.6112472766884531,,,,,,,,
RMU-LAT,forgotten_vs_retained,correct_only,mean_difference,Qstar,each_layer,29.0,36,408,0.5957992919389977,0.5791836873638344,0.6099571078431373,,,,,,,,
RMU-LAT,forgotten_vs_retained,correct_only,mean_difference,Qstar,each_layer,30.0,36,408,0.594781454248366,0.577738630174292,0.6087673611111111,,,,,,,,
RMU-LAT,forgotten_vs_retained,correct_only,mean_difference,Qstar,each_layer,31.0,36,408,0.5969532952069716,0.5797589869281046,0.6111706835511983,,,,,,,,
RMU-LAT,forgotten_vs_retained,correct_only,mean_difference,Qstar,each_layer,32.0,36,408,0.5995268246187364,0.5842167075163399,0.6135110294117647,,,,,,,,
RMU-LAT,forgotten_vs_retained,mean_all_choices,mean_difference,Qstar,per_fold_selected,23.9,36,408,0.5964154411764706,0.5162683823529411,0.6474094498910676,0.4996323529411764,0.4987745098039216,0.5,0.1223699729410982,0.0944628180092491,0.1607679100172792,0.2880711623847884,0.075458151629159
RMU-LAT,forgotten_vs_retained,mean_all_choices,logistic_regression,Qstar,per_fold_selected,23.9,36,408,0.5567810457516339,0.4692095588235294,0.6200708061002179,0.5130923202614379,0.4810457516339869,0.5617238562091503,0.1170774919125887,0.0797117958827909,0.1559562524265312,0.7359960661453345,0.1033582408750724
RMU-LAT,forgotten_vs_retained,mean_all_choices,mean_difference,Qstar,each_layer,0.0,36,408,0.3282271241830065,0.3282271241830065,0.3282271241830065,,,,,,,,
RMU-LAT,forgotten_vs_retained,mean_all_choices,mean_difference,Qstar,each_layer,1.0,36,408,0.5628812636165578,0.516375612745098,0.5948614515250544,,,,,,,,
RMU-LAT,forgotten_vs_retained,mean_all_choices,mean_difference,Qstar,each_layer,2.0,36,408,0.568287037037037,0.5204078159041394,0.6024782135076252,,,,,,,,
RMU-LAT,forgotten_vs_retained,mean_all_choices,mean_difference,Qstar,each_layer,3.0,36,408,0.558843954248366,0.505119825708061,0.5955337690631808,,,,,,,,
RMU-LAT,forgotten_vs_retained,mean_all_choices,mean_difference,Qstar,each_layer,4.0,36,408,0.5657747821350764,0.5171449482570806,0.6005923202614379,,,,,,,,
RMU-LAT,forgotten_vs_retained,mean_all_choices,mean_difference,Qstar,each_layer,5.0,36,408,0.5570295479302833,0.5076082516339869,0.5925994008714597,,,,,,,,
RMU-LAT,forgotten_vs_retained,mean_all_choices,mean_difference,Qstar,each_layer,6.0,36,408,0.5635178376906318,0.5093256399782135,0.5990689678649238,,,,,,,,
RMU-LAT,forgotten_vs_retained,mean_all_choices,mean_difference,Qstar,each_layer,7.0,36,408,0.5730426198257079,0.5184572440087145,0.6047964324618736,,,,,,,,
RMU-LAT,forgotten_vs_retained,mean_all_choices,mean_difference,Qstar,each_layer,8.0,36,408,0.5909381808278866,0.5312976579520697,0.619136369825708,,,,,,,,
RMU-LAT,forgotten_vs_retained,mean_all_choices,mean_difference,Qstar,each_layer,9.0,36,408,0.5904003267973856,0.5331120642701525,0.6189355255991285,,,,,,,,
RMU-LAT,forgotten_vs_retained,mean_all_choices,mean_difference,Qstar,each_layer,10.0,36,408,0.5873127723311546,0.5357332516339869,0.6147739651416122,,,,,,,,
RMU-LAT,forgotten_vs_retained,mean_all_choices,mean_difference,Qstar,each_layer,11.0,36,408,0.5823018790849673,0.530824482570806,0.616360294117647,,,,,,,,
RMU-LAT,forgotten_vs_retained,mean_all_choices,mean_difference,Qstar,each_layer,12.0,36,408,0.5910437091503268,0.541687091503268,0.6258050789760349,,,,,,,,
RMU-LAT,forgotten_vs_retained,mean_all_choices,mean_difference,Qstar,each_layer,13.0,36,408,0.6114345043572984,0.5598992374727669,0.6429602396514161,,,,,,,,
RMU-LAT,forgotten_vs_retained,mean_all_choices,mean_difference,Qstar,each_layer,14.0,36,408,0.6303002450980392,0.5793317674291939,0.6592881944444444,,,,,,,,
RMU-LAT,forgotten_vs_retained,mean_all_choices,mean_difference,Qstar,each_layer,15.0,36,408,0.628724128540305,0.5795717592592593,0.658692470043573,,,,,,,,
RMU-LAT,forgotten_vs_retained,mean_all_choices,mean_difference,Qstar,each_layer,16.0,36,408,0.6103417755991284,0.5647246051198257,0.6418249591503268,,,,,,,,
RMU-LAT,forgotten_vs_retained,mean_all_choices,mean_difference,Qstar,each_layer,17.0,36,408,0.5973311546840959,0.5463014025054467,0.6376821214596949,,,,,,,,
RMU-LAT,forgotten_vs_retained,mean_all_choices,mean_difference,Qstar,each_layer,18.0,36,408,0.5954690904139434,0.5431951252723312,0.638781658496732,,,,,,,,
RMU-LAT,forgotten_vs_retained,mean_all_choices,mean_difference,Qstar,each_layer,19.0,36,408,0.5972596677559913,0.5512561274509804,0.6349605119825708,,,,,,,,
RMU-LAT,forgotten_vs_retained,mean_all_choices,mean_difference,Qstar,each_layer,20.0,36,408,0.599833197167756,0.5577835648148147,0.634094158496732,,,,,,,,
RMU-LAT,forgotten_vs_retained,mean_all_choices,mean_difference,Qstar,each_layer,21.0,36,408,0.6109068627450981,0.571670751633987,0.6429789624183007,,,,,,,,
RMU-LAT,forgotten_vs_retained,mean_all_choices,mean_difference,Qstar,each_layer,22.0,36,408,0.6111621732026145,0.5728996459694989,0.6433755446623094,,,,,,,,
RMU-LAT,forgotten_vs_retained,mean_all_choices,mean_difference,Qstar,each_layer,23.0,36,408,0.6073495370370371,0.5682427832244009,0.6393824891067538,,,,,,,,
RMU-LAT,forgotten_vs_retained,mean_all_choices,mean_difference,Qstar,each_layer,24.0,36,408,0.6077818627450982,0.5691193491285403,0.6384191176470588,,,,,,,,
RMU-LAT,forgotten_vs_retained,mean_all_choices,mean_difference,Qstar,each_layer,25.0,36,408,0.6150837418300654,0.5796823937908497,0.644349128540305,,,,,,,,
RMU-LAT,forgotten_vs_retained,mean_all_choices,mean_difference,Qstar,each_layer,26.0,36,408,0.6141714324618736,0.5777675653594772,0.6431610838779956,,,,,,,,
RMU-LAT,forgotten_vs_retained,mean_all_choices,mean_difference,Qstar,each_layer,27.0,36,408,0.6123740468409586,0.5761948529411764,0.6407952069716776,,,,,,,,
RMU-LAT,forgotten_vs_retained,mean_all_choices,mean_difference,Qstar,each_layer,28.0,36,408,0.6146718409586056,0.5790764569716775,0.642665781590414,,,,,,,,
RMU-LAT,forgotten_vs_retained,mean_all_choices,mean_difference,Qstar,each_layer,29.0,36,408,0.6159143518518518,0.5813725490196079,0.6430861928104575,,,,,,,,
RMU-LAT,forgotten_vs_retained,mean_all_choices,mean_difference,Qstar,each_layer,30.0,36,408,0.622276688453159,0.5902760757080611,0.6467252178649238,,,,,,,,
RMU-LAT,forgotten_vs_retained,mean_all_choices,mean_difference,Qstar,each_layer,31.0,36,408,0.6274203431372549,0.5962724673202614,0.6497889433551198,,,,,,,,
RMU-LAT,forgotten_vs_retained,mean_all_choices,mean_difference,Qstar,each_layer,32.0,36,408,0.6325571895424836,0.6073988970588236,0.6506314678649237,,,,,,,,
RMU-LAT,forgotten_vs_retained,correct_minus_mean_wrong,mean_difference,Qstar,per_fold_selected,9.3,36,408,0.7816891339869281,0.7392803649237473,0.8106038943355119,0.5333946078431374,0.5031045751633987,0.5669934640522876,0.274954584685949,0.2302948054910097,0.320257446749862,0.2517144778838602,0.0686156160813453
RMU-LAT,forgotten_vs_retained,correct_minus_mean_wrong,logistic_regression,Qstar,per_fold_selected,9.3,36,408,0.795343137254902,0.7319359340958606,0.8389314406318082,0.5931372549019607,0.5589562908496732,0.6419321895424837,0.2925071049264751,0.238928184873888,0.3992958750138171,0.504555206623626,0.08526540681436
RMU-LAT,forgotten_vs_retained,correct_minus_mean_wrong,mean_difference,Qstar,each_layer,0.0,36,408,0.3282271241830065,0.3282271241830065,0.3282271241830065,,,,,,,,
RMU-LAT,forgotten_vs_retained,correct_minus_mean_wrong,mean_difference,Qstar,each_layer,1.0,36,408,0.7710137527233116,0.7384650735294117,0.7849383850762527,,,,,,,,
RMU-LAT,forgotten_vs_retained,correct_minus_mean_wrong,mean_difference,Qstar,each_layer,2.0,36,408,0.7779786220043574,0.7571776279956427,0.7875953159041394,,,,,,,,
RMU-LAT,forgotten_vs_retained,correct_minus_mean_wrong,mean_difference,Qstar,each_layer,3.0,36,408,0.77932325708061,0.7640488834422658,0.7880974264705882,,,,,,,,
RMU-LAT,forgotten_vs_retained,correct_minus_mean_wrong,mean_difference,Qstar,each_layer,4.0,36,408,0.7897671568627451,0.7770084422657952,0.7999387254901961,,,,,,,,
RMU-LAT,forgotten_vs_retained,correct_minus_mean_wrong,mean_difference,Qstar,each_layer,5.0,36,408,0.7983115468409586,0.7851732706971678,0.8092950027233116,,,,,,,,
RMU-LAT,forgotten_vs_retained,correct_minus_mean_wrong,mean_difference,Qstar,each_layer,6.0,36,408,0.8048270697167755,0.7899407679738563,0.8191533905228758,,,,,,,,
RMU-LAT,forgotten_vs_retained,correct_minus_mean_wrong,mean_difference,Qstar,each_layer,7.0,36,408,0.804347086056645,0.7869757625272331,0.8177219498910675,,,,,,,,
RMU-LAT,forgotten_vs_retained,correct_minus_mean_wrong,mean_difference,Qstar,each_layer,8.0,36,408,0.8173849400871459,0.7964392701525055,0.8330490876906318,,,,,,,,
RMU-LAT,forgotten_vs_retained,correct_minus_mean_wrong,mean_difference,Qstar,each_layer,9.0,36,408,0.8039760348583878,0.7885637935729848,0.8172130310457516,,,,,,,,
RMU-LAT,forgotten_vs_retained,correct_minus_mean_wrong,mean_difference,Qstar,each_layer,10.0,36,408,0.8034926470588235,0.7864651416122005,0.8161543436819172,,,,,,,,
RMU-LAT,forgotten_vs_retained,correct_minus_mean_wrong,mean_difference,Qstar,each_layer,11.0,36,408,0.8155024509803921,0.797998366013072,0.8265897331154684,,,,,,,,
RMU-LAT,forgotten_vs_retained,correct_minus_mean_wrong,mean_difference,Qstar,each_layer,12.0,36,408,0.8007318899782137,0.7864787581699346,0.8114174836601308,,,,,,,,
RMU-LAT,forgotten_vs_retained,correct_minus_mean_wrong,mean_difference,Qstar,each_layer,13.0,36,408,0.801191448801743,0.7855800653594771,0.8120404411764706,,,,,,,,
RMU-LAT,forgotten_vs_retained,correct_minus_mean_wrong,mean_difference,Qstar,each_layer,14.0,36,408,0.7599128540305011,0.7504510484749455,0.76994825708061,,,,,,,,
RMU-LAT,forgotten_vs_retained,correct_minus_mean_wrong,mean_difference,Qstar,each_layer,15.0,36,408,0.7553002450980393,0.746442674291939,0.7632829520697167,,,,,,,,
RMU-LAT,forgotten_vs_retained,correct_minus_mean_wrong,mean_difference,Qstar,each_layer,16.0,36,408,0.7203771786492374,0.7114634395424837,0.7293658088235294,,,,,,,,
RMU-LAT,forgotten_vs_retained,correct_minus_mean_wrong,mean_difference,Qstar,each_layer,17.0,36,408,0.6970213779956427,0.6875476579520697,0.7047130310457517,,,,,,,,
RMU-LAT,forgotten_vs_retained,correct_minus_mean_wrong,mean_difference,Qstar,each_layer,18.0,36,408,0.6808210784313726,0.667681100217865,0.6907135076252723,,,,,,,,
RMU-LAT,forgotten_vs_retained,correct_minus_mean_wrong,mean_difference,Qstar,each_layer,19.0,36,408,0.6808210784313724,0.668196827342048,0.6905007489106754,,,,,,,,
RMU-LAT,forgotten_vs_retained,correct_minus_mean_wrong,mean_difference,Qstar,each_layer,20.0,36,408,0.681651688453159,0.6682887391067538,0.6918283632897604,,,,,,,,
RMU-LAT,forgotten_vs_retained,correct_minus_mean_wrong,mean_difference,Qstar,each_layer,21.0,36,408,0.6824822984749456,0.6680555555555555,0.6940036083877995,,,,,,,,
RMU-LAT,forgotten_vs_retained,correct_minus_mean_wrong,mean_difference,Qstar,each_layer,22.0,36,408,0.6860634531590415,0.6717779820261438,0.696776279956427,,,,,,,,
RMU-LAT,forgotten_vs_retained,correct_minus_mean_wrong,mean_difference,Qstar,each_layer,23.0,36,408,0.6858489923747279,0.6711482162309368,0.6969549972766884,,,,,,,,
RMU-LAT,forgotten_vs_retained,correct_minus_mean_wrong,mean_difference,Qstar,each_layer,24.0,36,408,0.6869008714596949,0.6724485974945533,0.6983847358387799,,,,,,,,
RMU-LAT,forgotten_vs_retained,correct_minus_mean_wrong,mean_difference,Qstar,each_layer,25.0,36,408,0.6871561819172113,0.6726154003267973,0.6997089460784314,,,,,,,,
RMU-LAT,forgotten_vs_retained,correct_minus_mean_wrong,mean_difference,Qstar,each_layer,26.0,36,408,0.687833605664488,0.6731804874727668,0.6998161764705881,,,,,,,,
RMU-LAT,forgotten_vs_retained,correct_minus_mean_wrong,mean_difference,Qstar,each_layer,27.0,36,408,0.6897671568627451,0.6746391612200435,0.7021803513071896,,,,,,,,
RMU-LAT,forgotten_vs_retained,correct_minus_mean_wrong,mean_difference,Qstar,each_layer,28.0,36,408,0.6894335511982572,0.6748757489106754,0.702093545751634,,,,,,,,
RMU-LAT,forgotten_vs_retained,correct_minus_mean_wrong,mean_difference,Qstar,each_layer,29.0,36,408,0.6894029139433551,0.674385552832244,0.7012850626361655,,,,,,,,
RMU-LAT,forgotten_vs_retained,correct_minus_mean_wrong,mean_difference,Qstar,each_layer,30.0,36,408,0.6891135620915032,0.6734885620915032,0.7018773828976035,,,,,,,,
RMU-LAT,forgotten_vs_retained,correct_minus_mean_wrong,mean_difference,Qstar,each_layer,31.0,36,408,0.6888514433551197,0.672230732570806,0.7017939814814814,,,,,,,,
RMU-LAT,forgotten_vs_retained,correct_minus_mean_wrong,mean_difference,Qstar,each_layer,32.0,36,408,0.6896888616557734,0.6750936138344227,0.7029990468409586,,,,,,,,
RMU-LAT,suppressed_vs_forgotten,correct_only,mean_difference,full,per_fold_selected,16.8,325,151,0.5781100356597044,0.5542078451349974,0.602462047885889,0.5110127356087621,0.4937941925624045,0.5304409067753438,0.7516732639008545,0.7321428950322514,0.7677897400759771,0.6262450276568294,0.2175386555162249
RMU-LAT,suppressed_vs_forgotten,correct_only,logistic_regression,full,per_fold_selected,16.8,325,151,0.5969123790117166,0.5646663270504331,0.6256678553234845,0.5617167600611308,0.5336352521650535,0.5878785022924096,0.7473501417146735,0.7181234186918264,0.7704693432799548,2.2341878751401456,0.3264664801752065
RMU-LAT,suppressed_vs_retained,correct_only,mean_difference,full,per_fold_selected,16.1,325,584,0.5977563224446786,0.585084167544784,0.6061566122233931,0.5469399367755532,0.5304137249736565,0.5622686380400422,0.4841822447916648,0.4640450607248571,0.5041570515506147,0.6360588783374135,0.2219474638701785
RMU-LAT,suppressed_vs_retained,correct_only,logistic_regression,full,per_fold_selected,16.1,325,584,0.5821570073761856,0.5526011591148577,0.6107849051633298,0.5654433614330874,0.5374106296101159,0.5956731427818757,0.4718274835175798,0.4380503790372173,0.5026513448605318,1.2142864396562296,0.3080828369508581
RMU-LAT,suppressed_vs_rest,correct_only,mean_difference,full,per_fold_selected,14.3,325,948,0.5116627718273289,0.4820748945147679,0.5336058909444985,0.507026452450503,0.4994725738396624,0.5192309720869848,0.2916855969909264,0.263912354033972,0.3136695569299281,0.5708881073251872,0.1907952734328135
RMU-LAT,suppressed_vs_rest,correct_only,logistic_regression,full,per_fold_selected,14.3,325,948,0.5454634858812073,0.5276923888347939,0.5649953748782862,0.53215376501136,0.5197861489776047,0.5526262577085361,0.3202807492811667,0.2941220341731214,0.3479491900642141,0.8059879328167993,0.2331821658914784
RMU-LAT,forgotten_vs_retained,correct_only,mean_difference,full,per_fold_selected,16.2,151,584,0.7054567722035742,0.6788311938673681,0.7201218475006803,0.5376026263267714,0.5199079481538601,0.559641346502767,0.3786566654270074,0.3531172456963047,0.4031675264381654,0.4644104031446665,0.1494575213864277
RMU-LAT,forgotten_vs_retained,correct_only,logistic_regression,full,per_fold_selected,16.2,151,584,0.6609912228975777,0.6308308479996372,0.6859177968792524,0.5964191349904745,0.5606059489249751,0.6203100902658079,0.3458124719203054,0.3088660909694338,0.3850573323030989,1.987850277425906,0.23563253156863
RMU,suppressed_vs_forgotten,correct_only,mean_difference,Qstar,per_fold_selected,11.5,173,44,0.5825308723068838,0.4963199553336836,0.6465416447714135,0.4998127955859169,0.4840317919075144,0.514201261166579,0.8320220635679683,0.7973043324048554,0.8586668009361916,0.5193437374910773,0.1657024770226056
RMU,suppressed_vs_forgotten,correct_only,logistic_regression,Qstar,per_fold_selected,11.5,173,44,0.5523811087756174,0.4969308328954282,0.5980737651077246,0.5163885969521809,0.4718060299527062,0.5461836573830794,0.8302369189015634,0.7945013652757481,0.8537136619427738,1.127412313064151,0.2215437954288231
RMU,suppressed_vs_forgotten,correct_only,mean_difference,Qstar,each_layer,0.0,173,44,0.5980031529164477,0.5980031529164477,0.5980031529164477,,,,,,,,
RMU,suppressed_vs_forgotten,correct_only,mean_difference,Qstar,each_layer,1.0,173,44,0.5935036784025224,0.5664871255911718,0.6211540987913821,,,,,,,,
RMU,suppressed_vs_forgotten,correct_only,mean_difference,Qstar,each_layer,2.0,173,44,0.59599316868103,0.5689076458223857,0.6225269311613243,,,,,,,,
RMU,suppressed_vs_forgotten,correct_only,mean_difference,Qstar,each_layer,3.0,173,44,0.5891946925906464,0.5563321071991593,0.6181686810299527,,,,,,,,
RMU,suppressed_vs_forgotten,correct_only,mean_difference,Qstar,each_layer,4.0,173,44,0.5835982658959538,0.5449619022595902,0.6175906463478718,,,,,,,,
RMU,suppressed_vs_forgotten,correct_only,mean_difference,Qstar,each_layer,5.0,173,44,0.5714858118759854,0.5231378087230688,0.6098495796111403,,,,,,,,
RMU,suppressed_vs_forgotten,correct_only,mean_difference,Qstar,each_layer,6.0,173,44,0.5857593273778245,0.5384688649500788,0.6229538885969522,,,,,,,,
RMU,suppressed_vs_forgotten,correct_only,mean_difference,Qstar,each_layer,7.0,173,44,0.5902390961639516,0.5481542301629007,0.6243891224382554,,,,,,,,
RMU,suppressed_vs_forgotten,correct_only,mean_difference,Qstar,each_layer,8.0,173,44,0.6103060956384656,0.583929978980557,0.6389253809774041,,,,,,,,
RMU,suppressed_vs_forgotten,correct_only,mean_difference,Qstar,each_layer,9.0,173,44,0.6176760378349974,0.5899829217025748,0.6494942196531791,,,,,,,,
RMU,suppressed_vs_forgotten,correct_only,mean_difference,Qstar,each_layer,10.0,173,44,0.6250328428796637,0.5995894640042039,0.651904887020494,,,,,,,,
RMU,suppressed_vs_forgotten,correct_only,mean_difference,Qstar,each_layer,11.0,173,44,0.6220769837099315,0.6008210719915922,0.6498817656332107,,,,,,,,
RMU,suppressed_vs_forgotten,correct_only,mean_difference,Qstar,each_layer,12.0,173,44,0.6305504466631635,0.6130681818181818,0.6527620861797162,,,,,,,,
RMU,suppressed_vs_forgotten,correct_only,mean_difference,Qstar,each_layer,13.0,173,44,0.6407842879663689,0.6229867314766159,0.6614687335785602,,,,,,,,
RMU,suppressed_vs_forgotten,correct_only,mean_difference,Qstar,each_layer,14.0,173,44,0.6357593273778244,0.6130156332107198,0.6548311875985287,,,,,,,,
RMU,suppressed_vs_forgotten,correct_only,mean_difference,Qstar,each_layer,15.0,173,44,0.6264976353126643,0.6072221492380452,0.6430274566473988,,,,,,,,
RMU,suppressed_vs_forgotten,correct_only,mean_difference,Qstar,each_layer,16.0,173,44,0.623673147661587,0.6081220441408303,0.6393950341565948,,,,,,,,
RMU,suppressed_vs_forgotten,correct_only,mean_difference,Qstar,each_layer,17.0,173,44,0.6182080924855491,0.5992150551760378,0.6324126379400946,,,,,,,,
RMU,suppressed_vs_forgotten,correct_only,mean_difference,Qstar,each_layer,18.0,173,44,0.6174198633736205,0.5962986074619022,0.6319725433526011,,,,,,,,
RMU,suppressed_vs_forgotten,correct_only,mean_difference,Qstar,each_layer,19.0,173,44,0.6133342091434576,0.5899632159747766,0.6242544666316343,,,,,,,,
RMU,suppressed_vs_forgotten,correct_only,mean_difference,Qstar,each_layer,20.0,173,44,0.6118562795585918,0.590242380451918,0.6227042827115081,,,,,,,,
RMU,suppressed_vs_forgotten,correct_only,mean_difference,Qstar,each_layer,21.0,173,44,0.6096032580136627,0.5876149500788229,0.6233545717288492,,,,,,,,
RMU,suppressed_vs_forgotten,correct_only,mean_difference,Qstar,each_layer,22.0,173,44,0.6127430373095113,0.5896873357856016,0.6262381765633211,,,,,,,,
RMU,suppressed_vs_forgotten,correct_only,mean_difference,Qstar,each_layer,23.0,173,44,0.6141027325275881,0.5915955070940621,0.6270559642669469,,,,,,,,
RMU,suppressed_vs_forgotten,correct_only,mean_difference,Qstar,each_layer,24.0,173,44,0.6106739358906988,0.5879039674198634,0.6243464266946926,,,,,,,,
RMU,suppressed_vs_forgotten,correct_only,mean_difference,Qstar,each_layer,25.0,173,44,0.6104046242774566,0.5863012348922754,0.6239096163951655,,,,,,,,
RMU,suppressed_vs_forgotten,correct_only,mean_difference,Qstar,each_layer,26.0,173,44,0.6108250131371519,0.5866132422490804,0.6243102995270625,,,,,,,,
RMU,suppressed_vs_forgotten,correct_only,mean_difference,Qstar,each_layer,27.0,173,44,0.6143851812926957,0.5898285601681555,0.6290265370467683,,,,,,,,
RMU,suppressed_vs_forgotten,correct_only,mean_difference,Qstar,each_layer,28.0,173,44,0.6148449816079873,0.5901734104046242,0.6290528113504992,,,,,,,,
RMU,suppressed_vs_forgotten,correct_only,mean_difference,Qstar,each_layer,29.0,173,44,0.6139844981607988,0.5889023909616395,0.6267176826064109,,,,,,,,
RMU,suppressed_vs_forgotten,correct_only,mean_difference,Qstar,each_layer,30.0,173,44,0.6131699947451393,0.5865081450341566,0.6273154230162901,,,,,,,,
RMU,suppressed_vs_forgotten,correct_only,mean_difference,Qstar,each_layer,31.0,173,44,0.6116789280084078,0.5841533105622702,0.6258177877036258,,,,,,,,
RMU,suppressed_vs_forgotten,correct_only,mean_difference,Qstar,each_layer,32.0,173,44,0.6102272727272728,0.5783861008933263,0.6277456647398844,,,,,,,,
RMU,suppressed_vs_forgotten,mean_all_choices,mean_difference,Qstar,per_fold_selected,8.4,173,44,0.5383703363110877,0.4552959143457698,0.6204643983184445,0.4968273778244876,0.4823699421965318,0.5171324881765633,0.8156221523611145,0.7790847419627912,0.8583294394018136,0.5278278037083216,0.1689452810501821
RMU,suppressed_vs_forgotten,mean_all_choices,logistic_regression,Qstar,per_fold_selected,8.4,173,44,0.5229867314766159,0.4693395296899632,0.5910338938518129,0.5146643457698371,0.4847510509721492,0.5612191276931161,0.811672270388223,0.7798018467829168,0.847365377715696,1.14812892915594,0.2252206234088502
RMU,suppressed_vs_forgotten,mean_all_choices,mean_difference,Qstar,each_layer,0.0,173,44,0.5980031529164477,0.5980031529164477,0.5980031529164477,,,,,,,,
RMU,suppressed_vs_forgotten,mean_all_choices,mean_difference,Qstar,each_layer,1.0,173,44,0.5450735680504467,0.5092518392012612,0.5781167892800841,,,,,,,,
RMU,suppressed_vs_forgotten,mean_all_choices,mean_difference,Qstar,each_layer,2.0,173,44,0.5514910667367314,0.5174264319495533,0.5843635049921176,,,,,,,,
RMU,suppressed_vs_forgotten,mean_all_choices,mean_difference,Qstar,each_layer,3.0,173,44,0.5476090383604834,0.4977995270625328,0.5859104046242775,,,,,,,,
RMU,suppressed_vs_forgotten,mean_all_choices,mean_difference,Qstar,each_layer,4.0,173,44,0.5453625853914871,0.49488964792433,0.5883309248554913,,,,,,,,
RMU,suppressed_vs_forgotten,mean_all_choices,mean_difference,Qstar,each_layer,5.0,173,44,0.5378349973725697,0.4705530740935365,0.5893490541250658,,,,,,,,
RMU,suppressed_vs_forgotten,mean_all_choices,mean_difference,Qstar,each_layer,6.0,173,44,0.5644968470835522,0.4933427482921703,0.6252430373095113,,,,,,,,
RMU,suppressed_vs_forgotten,mean_all_choices,mean_difference,Qstar,each_layer,7.0,173,44,0.5729308985811877,0.5077837624802942,0.6298640304781923,,,,,,,,
RMU,suppressed_vs_forgotten,mean_all_choices,mean_difference,Qstar,each_layer,8.0,173,44,0.5859169732002101,0.5422490803993694,0.6295651602732527,,,,,,,,
RMU,suppressed_vs_forgotten,mean_all_choices,mean_difference,Qstar,each_layer,9.0,173,44,0.5891290068313191,0.5495631897004729,0.6343963478717815,,,,,,,,
RMU,suppressed_vs_forgotten,mean_all_choices,mean_difference,Qstar,each_layer,10.0,173,44,0.5894048870204939,0.555520888071466,0.627430373095113,,,,,,,,
RMU,suppressed_vs_forgotten,mean_all_choices,mean_difference,Qstar,each_layer,11.0,173,44,0.5873620599054126,0.5636527850761955,0.620878218602207,,,,,,,,
RMU,suppressed_vs_forgotten,mean_all_choices,mean_difference,Qstar,each_layer,12.0,173,44,0.6059576983709931,0.58408105622701,0.6307803468208093,,,,,,,,
RMU,suppressed_vs_forgotten,mean_all_choices,mean_difference,Qstar,each_layer,13.0,173,44,0.6091368891224382,0.5904065948502365,0.6300709406200735,,,,,,,,
RMU,suppressed_vs_forgotten,mean_all_choices,mean_difference,Qstar,each_layer,14.0,173,44,0.5953428796636888,0.579246584340515,0.6161192853389386,,,,,,,,
RMU,suppressed_vs_forgotten,mean_all_choices,mean_difference,Qstar,each_layer,15.0,173,44,0.585371781397793,0.5690094587493432,0.6056489753021544,,,,,,,,
RMU,suppressed_vs_forgotten,mean_all_choices,mean_difference,Qstar,each_layer,16.0,173,44,0.5585588544403575,0.5312631371518655,0.5711606673673147,,,,,,,,
RMU,suppressed_vs_forgotten,mean_all_choices,mean_difference,Qstar,each_layer,17.0,173,44,0.530537309511298,0.496518654755649,0.5533959537572255,,,,,,,,
RMU,suppressed_vs_forgotten,mean_all_choices,mean_difference,Qstar,each_layer,18.0,173,44,0.5133079348397267,0.4748029427220178,0.5532612979506043,,,,,,,,
RMU,suppressed_vs_forgotten,mean_all_choices,mean_difference,Qstar,each_layer,19.0,173,44,0.5021676300578034,0.4586836573830793,0.5469324750394114,,,,,,,,
RMU,suppressed_vs_forgotten,mean_all_choices,mean_difference,Qstar,each_layer,20.0,173,44,0.4941605359957961,0.4546177088807146,0.5378349973725696,,,,,,,,
RMU,suppressed_vs_forgotten,mean_all_choices,mean_difference,Qstar,each_layer,21.0,173,44,0.4873292170257488,0.4459636100893326,0.5334044929059379,,,,,,,,
RMU,suppressed_vs_forgotten,mean_all_choices,mean_difference,Qstar,each_layer,22.0,173,44,0.490055176037835,0.4496058854440357,0.5347346295323174,,,,,,,,
RMU,suppressed_vs_forgotten,mean_all_choices,mean_difference,Qstar,each_layer,23.0,173,44,0.489805570152391,0.4496518654755649,0.5351353126642144,,,,,,,,
RMU,suppressed_vs_forgotten,mean_all_choices,mean_difference,Qstar,each_layer,24.0,173,44,0.4834603258013662,0.4407974251182343,0.5290166841828691,,,,,,,,
RMU,suppressed_vs_forgotten,mean_all_choices,mean_difference,Qstar,each_layer,25.0,173,44,0.4858775617446137,0.4419764844981608,0.5330366526537047,,,,,,,,
RMU,suppressed_vs_forgotten,mean_all_choices,mean_difference,Qstar,each_layer,26.0,173,44,0.4868825538623226,0.4448403836048344,0.5320185233841304,,,,,,,,
RMU,suppressed_vs_forgotten,mean_all_choices,mean_difference,Qstar,each_layer,27.0,173,44,0.4924724119810824,0.451202049395691,0.5367150551760379,,,,,,,,
RMU,suppressed_vs_forgotten,mean_all_choices,mean_difference,Qstar,each_layer,28.0,173,44,0.4937335785601681,0.452929584866001,0.5366198108250131,,,,,,,,
RMU,suppressed_vs_forgotten,mean_all_choices,mean_difference,Qstar,each_layer,29.0,173,44,0.4926826064109301,0.451113373620599,0.5349579611140305,,,,,,,,
RMU,suppressed_vs_forgotten,mean_all_choices,mean_difference,Qstar,each_layer,30.0,173,44,0.4924724119810825,0.450952443510247,0.5368759852863899,,,,,,,,
RMU,suppressed_vs_forgotten,mean_all_choices,mean_difference,Qstar,each_layer,31.0,173,44,0.4922556489753021,0.4470605622700998,0.5357658959537572,,,,,,,,
RMU,suppressed_vs_forgotten,mean_all_choices,mean_difference,Qstar,each_layer,32.0,173,44,0.4755583289542827,0.4222149238045192,0.5222083552285864,,,,,,,,
RMU,suppressed_vs_forgotten,correct_minus_mean_wrong,mean_difference,Qstar,per_fold_selected,15.1,173,44,0.6855885444035733,0.6330136626379401,0.7323075407251708,0.5276898318444561,0.5026931161324225,0.5629581581713085,0.8799951821455849,0.8523398849498591,0.904624338108008,0.4966558471075432,0.15349891613152
RMU,suppressed_vs_forgotten,correct_minus_mean_wrong,logistic_regression,Qstar,per_fold_selected,15.1,173,44,0.7200735680504468,0.672907908565423,0.766835260115607,0.6115179978980557,0.551095310036784,0.6542367314766159,0.9009451840041868,0.875438851060346,0.9258727863155192,0.893579323195951,0.1796057938272862
RMU,suppressed_vs_forgotten,correct_minus_mean_wrong,mean_difference,Qstar,each_layer,0.0,173,44,0.5980031529164477,0.5980031529164477,0.5980031529164477,,,,,,,,
RMU,suppressed_vs_forgotten,correct_minus_mean_wrong,mean_difference,Qstar,each_layer,1.0,173,44,0.624323436678928,0.5888498423541776,0.6560923541776142,,,,,,,,
RMU,suppressed_vs_forgotten,correct_minus_mean_wrong,mean_difference,Qstar,each_layer,2.0,173,44,0.6133145034156595,0.583893851812927,0.6414575669994745,,,,,,,,
RMU,suppressed_vs_forgotten,correct_minus_mean_wrong,mean_difference,Qstar,each_layer,3.0,173,44,0.6177220178665265,0.5935332369942197,0.6439404887020493,,,,,,,,
RMU,suppressed_vs_forgotten,correct_minus_mean_wrong,mean_difference,Qstar,each_layer,4.0,173,44,0.6200735680504468,0.5893753284287967,0.6436383342091434,,,,,,,,
RMU,suppressed_vs_forgotten,correct_minus_mean_wrong,mean_difference,Qstar,each_layer,5.0,173,44,0.6325078822911192,0.6119318181818182,0.6511527850761955,,,,,,,,
RMU,suppressed_vs_forgotten,correct_minus_mean_wrong,mean_difference,Qstar,each_layer,6.0,173,44,0.6408368365738307,0.620753415659485,0.6591401734104045,,,,,,,,
RMU,suppressed_vs_forgotten,correct_minus_mean_wrong,mean_difference,Qstar,each_layer,7.0,173,44,0.6421177088807146,0.610710063058329,0.6602929584866001,,,,,,,,
RMU,suppressed_vs_forgotten,correct_minus_mean_wrong,mean_difference,Qstar,each_layer,8.0,173,44,0.6715580662112453,0.6500656857593273,0.6961146873357856,,,,,,,,
RMU,suppressed_vs_forgotten,correct_minus_mean_wrong,mean_difference,Qstar,each_layer,9.0,173,44,0.6840777719390436,0.6655084077771939,0.7045553074093537,,,,,,,,
RMU,suppressed_vs_forgotten,correct_minus_mean_wrong,mean_difference,Qstar,each_layer,10.0,173,44,0.6891158696794534,0.6708749343142406,0.7082764056752496,,,,,,,,
RMU,suppressed_vs_forgotten,correct_minus_mean_wrong,mean_difference,Qstar,each_layer,11.0,173,44,0.7111928533893851,0.6958913557540725,0.7281200735680504,,,,,,,,
RMU,suppressed_vs_forgotten,correct_minus_mean_wrong,mean_difference,Qstar,each_layer,12.0,173,44,0.7048476090383604,0.6850137940094587,0.7244613767735155,,,,,,,,
RMU,suppressed_vs_forgotten,correct_minus_mean_wrong,mean_difference,Qstar,each_layer,13.0,173,44,0.713524697845507,0.6926169206516027,0.7331877299001577,,,,,,,,
RMU,suppressed_vs_forgotten,correct_minus_mean_wrong,mean_difference,Qstar,each_layer,14.0,173,44,0.690606936416185,0.6722707566999474,0.7106805044666317,,,,,,,,
RMU,suppressed_vs_forgotten,correct_minus_mean_wrong,mean_difference,Qstar,each_layer,15.0,173,44,0.685746190225959,0.6726451655281135,0.7016946925906464,,,,,,,,
RMU,suppressed_vs_forgotten,correct_minus_mean_wrong,mean_difference,Qstar,each_layer,16.0,173,44,0.6593667892800841,0.6340449290593799,0.6772398843930635,,,,,,,,
RMU,suppressed_vs_forgotten,correct_minus_mean_wrong,mean_difference,Qstar,each_layer,17.0,173,44,0.6335588544403573,0.6023416973200211,0.6546965317919075,,,,,,,,
RMU,suppressed_vs_forgotten,correct_minus_mean_wrong,mean_difference,Qstar,each_layer,18.0,173,44,0.6217485549132947,0.582879006831319,0.6470112979506043,,,,,,,,
RMU,suppressed_vs_forgotten,correct_minus_mean_wrong,mean_difference,Qstar,each_layer,19.0,173,44,0.6273843930635838,0.5942722017866526,0.6475499211770888,,,,,,,,
RMU,suppressed_vs_forgotten,correct_minus_mean_wrong,mean_difference,Qstar,each_layer,20.0,173,44,0.62948633736206,0.5951523909616395,0.6505123489227536,,,,,,,,
RMU,suppressed_vs_forgotten,correct_minus_mean_wrong,mean_difference,Qstar,each_layer,21.0,173,44,0.6292761429322123,0.5876445086705202,0.6531956121912769,,,,,,,,
RMU,suppressed_vs_forgotten,correct_minus_mean_wrong,mean_difference,Qstar,each_layer,22.0,173,44,0.6303665265370468,0.5905051234892276,0.653320415133999,,,,,,,,
RMU,suppressed_vs_forgotten,correct_minus_mean_wrong,mean_difference,Qstar,each_layer,23.0,173,44,0.6301760378349972,0.5900584603258013,0.6534419337887546,,,,,,,,
RMU,suppressed_vs_forgotten,correct_minus_mean_wrong,mean_difference,Qstar,each_layer,24.0,173,44,0.6290396741986337,0.5873817656332108,0.6521085128744089,,,,,,,,
RMU,suppressed_vs_forgotten,correct_minus_mean_wrong,mean_difference,Qstar,each_layer,25.0,173,44,0.6295848660010509,0.5860976090383605,0.653668549658434,,,,,,,,
RMU,suppressed_vs_forgotten,correct_minus_mean_wrong,mean_difference,Qstar,each_layer,26.0,173,44,0.6304913294797687,0.5872996584340515,0.6551891749868628,,,,,,,,
RMU,suppressed_vs_forgotten,correct_minus_mean_wrong,mean_difference,Qstar,each_layer,27.0,173,44,0.6333420914345769,0.5902325275880189,0.6585227272727273,,,,,,,,
RMU,suppressed_vs_forgotten,correct_minus_mean_wrong,mean_difference,Qstar,each_layer,28.0,173,44,0.6330005254860747,0.5903146347871782,0.658378218602207,,,,,,,,
RMU,suppressed_vs_forgotten,correct_minus_mean_wrong,mean_difference,Qstar,each_layer,29.0,173,44,0.6322254335260116,0.5891158696794535,0.6563091171833947,,,,,,,,
RMU,suppressed_vs_forgotten,correct_minus_mean_wrong,mean_difference,Qstar,each_layer,30.0,173,44,0.6302811350499212,0.5833946400420389,0.6566835260115608,,,,,,,,
RMU,suppressed_vs_forgotten,correct_minus_mean_wrong,mean_difference,Qstar,each_layer,31.0,173,44,0.6291973200210195,0.580911718339464,0.6575604308985812,,,,,,,,
RMU,suppressed_vs_forgotten,correct_minus_mean_wrong,mean_difference,Qstar,each_layer,32.0,173,44,0.6263859695218076,0.568661324224908,0.6596919337887546,,,,,,,,
RMU,suppressed_vs_retained,correct_only,mean_difference,Qstar,per_fold_selected,11.1,173,389,0.5107560515327576,0.4713932270383524,0.5358121461580754,0.5021289953489755,0.4926948823870306,0.5191665304545522,0.31961339126968,0.2910643461912895,0.3439287707808826,0.6275470486795648,0.217152048593991
RMU,suppressed_vs_retained,correct_only,logistic_regression,Qstar,per_fold_selected,11.1,173,389,0.5351665007355455,0.48976774596193,0.5826340698693849,0.5201119663580842,0.491644686984561,0.5573307502563264,0.3336602435792287,0.308198594760298,0.3666166258433542,1.8837160545906304,0.2996610133487019
RMU,suppressed_vs_retained,correct_only,mean_difference,Qstar,each_layer,0.0,173,389,0.5032022229817079,0.5032022229817079,0.5032022229817079,,,,,,,,
RMU,suppressed_vs_retained,correct_only,mean_difference,Qstar,each_layer,1.0,173,389,0.4950049779336375,0.4530057060493038,0.5312695959701027,,,,,,,,
RMU,suppressed_vs_retained,correct_only,mean_difference,Qstar,each_layer,2.0,173,389,0.5089201598882566,0.4683949507407463,0.5413265078681071,,,,,,,,
RMU,suppressed_vs_retained,correct_only,mean_difference,Qstar,each_layer,3.0,173,389,0.5152035008989999,0.4840538954188151,0.5499751103318127,,,,,,,,
RMU,suppressed_vs_retained,correct_only,mean_difference,Qstar,each_layer,4.0,173,389,0.5286424357697965,0.502986017207305,0.5507920115309747,,,,,,,,
RMU,suppressed_vs_retained,correct_only,mean_difference,Qstar,each_layer,5.0,173,389,0.5160534644932167,0.4867843291677192,0.5410088859830304,,,,,,,,
RMU,suppressed_vs_retained,correct_only,mean_difference,Qstar,each_layer,6.0,173,389,0.5001775710655749,0.4670445933696896,0.5299675319850811,,,,,,,,
RMU,suppressed_vs_retained,correct_only,mean_difference,Qstar,each_layer,7.0,173,389,0.4994390537468237,0.470855313015439,0.5267745961929953,,,,,,,,
RMU,suppressed_vs_retained,correct_only,mean_difference,Qstar,each_layer,8.0,173,389,0.5006352437701531,0.4700859622271424,0.5300373716510394,,,,,,,,
RMU,suppressed_vs_retained,correct_only,mean_difference,Qstar,each_layer,9.0,173,389,0.5014049660460347,0.4739178566652303,0.5314806009183173,,,,,,,,
RMU,suppressed_vs_retained,correct_only,mean_difference,Qstar,each_layer,10.0,173,389,0.5091958036762411,0.4827982673819041,0.5411151314323075,,,,,,,,
RMU,suppressed_vs_retained,correct_only,mean_difference,Qstar,each_layer,11.0,173,389,0.501178358619255,0.477962984977042,0.5287078175847363,,,,,,,,
RMU,suppressed_vs_retained,correct_only,mean_difference,Qstar,each_layer,12.0,173,389,0.5033708783452456,0.4831381785220738,0.5249736243814731,,,,,,,,
RMU,suppressed_vs_retained,correct_only,mean_difference,Qstar,each_layer,13.0,173,389,0.507062721963832,0.4799184956238762,0.5266297160348902,,,,,,,,
RMU,suppressed_vs_retained,correct_only,mean_difference,Qstar,each_layer,14.0,173,389,0.5326470719348559,0.5124069423599863,0.5517073569401311,,,,,,,,
RMU,suppressed_vs_retained,correct_only,mean_difference,Qstar,each_layer,15.0,173,389,0.5411303624232878,0.5243733004442992,0.5578562194451462,,,,,,,,
RMU,suppressed_vs_retained,correct_only,mean_difference,Qstar,each_layer,16.0,173,389,0.5415107657102098,0.5235749736243814,0.5518340342065767,,,,,,,,
RMU,suppressed_vs_retained,correct_only,mean_difference,Qstar,each_layer,17.0,173,389,0.5406006211272419,0.5230742083599567,0.5500895285079573,,,,,,,,
RMU,suppressed_vs_retained,correct_only,mean_difference,Qstar,each_layer,18.0,173,389,0.5403688128742739,0.5231626224051592,0.5485864897395129,,,,,,,,
RMU,suppressed_vs_retained,correct_only,mean_difference,Qstar,each_layer,19.0,173,389,0.5422901466632986,0.5248684933949508,0.5516449470258704,,,,,,,,
RMU,suppressed_vs_retained,correct_only,mean_difference,Qstar,each_layer,20.0,173,389,0.5428637234943609,0.525351798742886,0.5520023180825298,,,,,,,,
RMU,suppressed_vs_retained,correct_only,mean_difference,Qstar,each_layer,21.0,173,389,0.5431846887677014,0.5262831181181925,0.5522545581526666,,,,,,,,
RMU,suppressed_vs_retained,correct_only,mean_difference,Qstar,each_layer,22.0,173,389,0.5433897499145579,0.5258235879756898,0.5524937961573324,,,,,,,,
RMU,suppressed_vs_retained,correct_only,mean_difference,Qstar,each_layer,23.0,173,389,0.5437017994858612,0.5261129768043152,0.5529867601824747,,,,,,,,
RMU,suppressed_vs_retained,correct_only,mean_difference,Qstar,each_layer,24.0,173,389,0.5438934870796619,0.526139723910427,0.553479724207617,,,,,,,,
RMU,suppressed_vs_retained,correct_only,mean_difference,Qstar,each_layer,25.0,173,389,0.5438191895626848,0.52630726481121,0.5534979270992764,,,,,,,,
RMU,suppressed_vs_retained,correct_only,mean_difference,Qstar,each_layer,26.0,173,389,0.5436230441178657,0.5261753867185759,0.5533307576860782,,,,,,,,
RMU,suppressed_vs_retained,correct_only,mean_difference,Qstar,each_layer,27.0,173,389,0.5435888672600563,0.5258514495445563,0.5533968824761877,,,,,,,,
RMU,suppressed_vs_retained,correct_only,mean_difference,Qstar,each_layer,28.0,173,389,0.5438994308810201,0.5265936817391563,0.5536977874199445,,,,,,,,
RMU,suppressed_vs_retained,correct_only,mean_difference,Qstar,each_layer,29.0,173,389,0.5438652540232106,0.5259383776394193,0.5536565522980222,,,,,,,,
RMU,suppressed_vs_retained,correct_only,mean_difference,Qstar,each_layer,30.0,173,389,0.5449395961186977,0.5273117672407388,0.5548991782694622,,,,,,,,
RMU,suppressed_vs_retained,correct_only,mean_difference,Qstar,each_layer,31.0,173,389,0.5460109663135059,0.5292565047476113,0.5562421058888212,,,,,,,,
RMU,suppressed_vs_retained,correct_only,mean_difference,Qstar,each_layer,32.0,173,389,0.545503514272553,0.5303520216354369,0.5545299196100866,,,,,,,,
RMU,suppressed_vs_retained,mean_all_choices,mean_difference,Qstar,per_fold_selected,7.2,173,389,0.4944585196962718,0.4683262255375426,0.5239581630681903,0.4967349956164464,0.4868428384623386,0.5033023388858344,0.3052064356545406,0.2890578241633857,0.3325989621408769,0.6299604086579645,0.2181279332575874
RMU,suppressed_vs_retained,mean_all_choices,logistic_regression,Qstar,per_fold_selected,7.2,173,389,0.5219248257723228,0.4817581021442264,0.5759621528448519,0.5159513054073733,0.4884235181360239,0.557587076689897,0.3304723434203723,0.3009533137719568,0.3864513075999032,1.5894860067769003,0.279694617953702
RMU,suppressed_vs_retained,mean_all_choices,mean_difference,Qstar,each_layer,0.0,173,389,0.5032022229817079,0.5032022229817079,0.5032022229817079,,,,,,,,
RMU,suppressed_vs_retained,mean_all_choices,mean_difference,Qstar,each_layer,1.0,173,389,0.4929335631603192,0.4582693136395381,0.5242964025142279,,,,,,,,
RMU,suppressed_vs_retained,mean_all_choices,mean_difference,Qstar,each_layer,2.0,173,389,0.4980013967933191,0.4651511211495311,0.5302988989107984,,,,,,,,
RMU,suppressed_vs_retained,mean_all_choices,mean_difference,Qstar,each_layer,3.0,173,389,0.4972859117048309,0.472362809634902,0.5295752410954426,,,,,,,,
RMU,suppressed_vs_retained,mean_all_choices,mean_difference,Qstar,each_layer,4.0,173,389,0.5015602478565166,0.4760951454002407,0.5329160289463126,,,,,,,,
RMU,suppressed_vs_retained,mean_all_choices,mean_difference,Qstar,each_layer,5.0,173,389,0.4743866739973549,0.4451595167689495,0.5152558806484687,,,,,,,,
RMU,suppressed_vs_retained,mean_all_choices,mean_difference,Qstar,each_layer,6.0,173,389,0.4683202817361844,0.4379756898524451,0.5085401280889192,,,,,,,,
RMU,suppressed_vs_retained,mean_all_choices,mean_difference,Qstar,each_layer,7.0,173,389,0.4728130525877825,0.4416218404980905,0.5118515684205833,,,,,,,,
RMU,suppressed_vs_retained,mean_all_choices,mean_difference,Qstar,each_layer,8.0,173,389,0.479983505951231,0.4522263250962153,0.5143546517675379,,,,,,,,
RMU,suppressed_vs_retained,mean_all_choices,mean_difference,Qstar,each_layer,9.0,173,389,0.4899824657859934,0.4641715083881896,0.5241693537601974,,,,,,,,
RMU,suppressed_vs_retained,mean_all_choices,mean_difference,Qstar,each_layer,10.0,173,389,0.4921512103065516,0.4603058085798772,0.5254740181583131,,,,,,,,
RMU,suppressed_vs_retained,mean_all_choices,mean_difference,Qstar,each_layer,11.0,173,389,0.4767872267708813,0.4482543798386257,0.5037490527066585,,,,,,,,
RMU,suppressed_vs_retained,mean_all_choices,mean_difference,Qstar,each_layer,12.0,173,389,0.4805399943533888,0.4484152339628809,0.5066083926475177,,,,,,,,
RMU,suppressed_vs_retained,mean_all_choices,mean_difference,Qstar,each_layer,13.0,173,389,0.5005505446007994,0.4669086289136217,0.5274373300444299,,,,,,,,
RMU,suppressed_vs_retained,mean_all_choices,mean_difference,Qstar,each_layer,14.0,173,389,0.5187482354339717,0.490542297576415,0.5401793542059824,,,,,,,,
RMU,suppressed_vs_retained,mean_all_choices,mean_difference,Qstar,each_layer,15.0,173,389,0.5254112367564676,0.5042821373909684,0.5443039808609597,,,,,,,,
RMU,suppressed_vs_retained,mean_all_choices,mean_difference,Qstar,each_layer,16.0,173,389,0.5118809159397892,0.4758622226845179,0.5372178551792799,,,,,,,,
RMU,suppressed_vs_retained,mean_all_choices,mean_difference,Qstar,each_layer,17.0,173,389,0.5085932508135577,0.4658298289671159,0.5310370447419647,,,,,,,,
RMU,suppressed_vs_retained,mean_all_choices,mean_difference,Qstar,each_layer,18.0,173,389,0.5093206235047625,0.4748911541376287,0.5297282939804152,,,,,,,,
RMU,suppressed_vs_retained,mean_all_choices,mean_difference,Qstar,each_layer,19.0,173,389,0.5087329301454746,0.4709117791283415,0.5315251794285035,,,,,,,,
RMU,suppressed_vs_retained,mean_all_choices,mean_difference,Qstar,each_layer,20.0,173,389,0.5115866977725606,0.4775030833469545,0.5334565433823202,,,,,,,,
RMU,suppressed_vs_retained,mean_all_choices,mean_difference,Qstar,each_layer,21.0,173,389,0.5182482131447166,0.4890819798802324,0.5361342258941706,,,,,,,,
RMU,suppressed_vs_retained,mean_all_choices,mean_difference,Qstar,each_layer,22.0,173,389,0.5215819427314741,0.4920910293178002,0.5387762455978721,,,,,,,,
RMU,suppressed_vs_retained,mean_all_choices,mean_difference,Qstar,each_layer,23.0,173,389,0.5235523128817036,0.4963319315868463,0.5407752202921379,,,,,,,,
RMU,suppressed_vs_retained,mean_all_choices,mean_difference,Qstar,each_layer,24.0,173,389,0.5268058011501255,0.5008845119396109,0.5430190053048427,,,,,,,,
RMU,suppressed_vs_retained,mean_all_choices,mean_difference,Qstar,each_layer,25.0,173,389,0.5278637977918779,0.503621632465043,0.5426928392053137,,,,,,,,
RMU,suppressed_vs_retained,mean_all_choices,mean_difference,Qstar,each_layer,26.0,173,389,0.5285324754446706,0.504783645630563,0.5431412247202699,,,,,,,,
RMU,suppressed_vs_retained,mean_all_choices,mean_difference,Qstar,each_layer,27.0,173,389,0.529528805147332,0.5053980860959627,0.5444470035811403,,,,,,,,
RMU,suppressed_vs_retained,mean_all_choices,mean_difference,Qstar,each_layer,28.0,173,389,0.5304619819605629,0.5073970607902284,0.544715589105012,,,,,,,,
RMU,suppressed_vs_retained,mean_all_choices,mean_difference,Qstar,each_layer,29.0,173,389,0.5315088339747686,0.5086701487436289,0.5457851018618958,,,,,,,,
RMU,suppressed_vs_retained,mean_all_choices,mean_difference,Qstar,each_layer,30.0,173,389,0.534948809010803,0.5127624559787212,0.5485671723850989,,,,,,,,
RMU,suppressed_vs_retained,mean_all_choices,mean_difference,Qstar,each_layer,31.0,173,389,0.5364540767047564,0.5157272983936877,0.5498458326522727,,,,,,,,
RMU,suppressed_vs_retained,mean_all_choices,mean_difference,Qstar,each_layer,32.0,173,389,0.5362505015082395,0.5183128519844866,0.5496916653045455,,,,,,,,
RMU,suppressed_vs_retained,correct_minus_mean_wrong,mean_difference,Qstar,per_fold_selected,10.9,173,389,0.6165141090984739,0.584712914394401,0.640167838090851,0.524147807480274,0.4989390314575687,0.54531164093496,0.4118396803450158,0.37004423560535,0.4453838932040567,0.6102448398508644,0.2078925143569824
RMU,suppressed_vs_retained,correct_minus_mean_wrong,logistic_regression,Qstar,per_fold_selected,10.9,173,389,0.5620978646893621,0.5249212446320044,0.5926029392097716,0.543663164777033,0.5034165713181865,0.5782950948779291,0.3710034969928207,0.3318500938362217,0.4035018382584033,3.170709224911157,0.3544585198128647
RMU,suppressed_vs_retained,correct_minus_mean_wrong,mean_difference,Qstar,each_layer,0.0,173,389,0.5032022229817079,0.5032022229817079,0.5032022229817079,,,,,,,,
RMU,suppressed_vs_retained,correct_minus_mean_wrong,mean_difference,Qstar,each_layer,1.0,173,389,0.6096661069587055,0.595390582046748,0.6186754238673343,,,,,,,,
RMU,suppressed_vs_retained,correct_minus_mean_wrong,mean_difference,Qstar,each_layer,2.0,173,389,0.6259224036732692,0.6119994204793676,0.6353410999004413,,,,,,,,
RMU,suppressed_vs_retained,correct_minus_mean_wrong,mean_difference,Qstar,each_layer,3.0,173,389,0.627672853173247,0.6163978334844049,0.6377264216829873,,,,,,,,
RMU,suppressed_vs_retained,correct_minus_mean_wrong,mean_difference,Qstar,each_layer,4.0,173,389,0.6306544125295332,0.6215165609165342,0.6375484791298275,,,,,,,,
RMU,suppressed_vs_retained,correct_minus_mean_wrong,mean_difference,Qstar,each_layer,5.0,173,389,0.631058591021888,0.6216350654561125,0.6382695365320892,,,,,,,,
RMU,suppressed_vs_retained,correct_minus_mean_wrong,mean_difference,Qstar,each_layer,6.0,173,389,0.6276334754892491,0.611320341174198,0.6374162295496085,,,,,,,,
RMU,suppressed_vs_retained,correct_minus_mean_wrong,mean_difference,Qstar,each_layer,7.0,173,389,0.6312012422544838,0.6129496857215032,0.6433696895849741,,,,,,,,
RMU,suppressed_vs_retained,correct_minus_mean_wrong,mean_difference,Qstar,each_layer,8.0,173,389,0.6442649746645468,0.6337080404772872,0.6550942092515268,,,,,,,,
RMU,suppressed_vs_retained,correct_minus_mean_wrong,mean_difference,Qstar,each_layer,9.0,173,389,0.6328157272983935,0.6204106423763318,0.6477209236667311,,,,,,,,
RMU,suppressed_vs_retained,correct_minus_mean_wrong,mean_difference,Qstar,each_layer,10.0,173,389,0.6292977398695336,0.6172674859206205,0.6431100197631395,,,,,,,,
RMU,suppressed_vs_retained,correct_minus_mean_wrong,mean_difference,Qstar,each_layer,11.0,173,389,0.6400916831359496,0.6288326374132577,0.6495270963044415,,,,,,,,
RMU,suppressed_vs_retained,correct_minus_mean_wrong,mean_difference,Qstar,each_layer,12.0,173,389,0.627214437493499,0.6160828120124225,0.6359001887156931,,,,,,,,
RMU,suppressed_vs_retained,correct_minus_mean_wrong,mean_difference,Qstar,each_layer,13.0,173,389,0.6342147495430702,0.6236407269269061,0.6432259238896236,,,,,,,,
RMU,suppressed_vs_retained,correct_minus_mean_wrong,mean_difference,Qstar,each_layer,14.0,173,389,0.6251690268511226,0.6143319910248599,0.6356568643475935,,,,,,,,
RMU,suppressed_vs_retained,correct_minus_mean_wrong,mean_difference,Qstar,each_layer,15.0,173,389,0.6170542520468966,0.6051647918926549,0.6254223813840141,,,,,,,,
RMU,suppressed_vs_retained,correct_minus_mean_wrong,mean_difference,Qstar,each_layer,16.0,173,389,0.5852155370967502,0.5741084297962762,0.59444774655631,,,,,,,,
RMU,suppressed_vs_retained,correct_minus_mean_wrong,mean_difference,Qstar,each_layer,17.0,173,389,0.5718375261898747,0.5612761341515966,0.5807788608704697,,,,,,,,
RMU,suppressed_vs_retained,correct_minus_mean_wrong,mean_difference,Qstar,each_layer,18.0,173,389,0.5644025736659881,0.554370551436171,0.5723189740998856,,,,,,,,
RMU,suppressed_vs_retained,correct_minus_mean_wrong,mean_difference,Qstar,each_layer,19.0,173,389,0.5649137405827898,0.55514844643892,0.5721503187363478,,,,,,,,
RMU,suppressed_vs_retained,correct_minus_mean_wrong,mean_difference,Qstar,each_layer,20.0,173,389,0.5654642851835892,0.5547754729036956,0.573224660831835,,,,,,,,
RMU,suppressed_vs_retained,correct_minus_mean_wrong,mean_difference,Qstar,each_layer,21.0,173,389,0.564348336478595,0.5524358440940904,0.5724809426868954,,,,,,,,
RMU,suppressed_vs_retained,correct_minus_mean_wrong,mean_difference,Qstar,each_layer,22.0,173,389,0.565716896741311,0.5541101386391667,0.5737079661797703,,,,,,,,
RMU,suppressed_vs_retained,correct_minus_mean_wrong,mean_difference,Qstar,each_layer,23.0,173,389,0.5657362140957249,0.5535287605688218,0.5741790124374043,,,,,,,,
RMU,suppressed_vs_retained,correct_minus_mean_wrong,mean_difference,Qstar,each_layer,24.0,173,389,0.5653090033731073,0.5522036643535373,0.5736697029585272,,,,,,,,
RMU,suppressed_vs_retained,correct_minus_mean_wrong,mean_difference,Qstar,each_layer,25.0,173,389,0.565648543025692,0.5524213560782798,0.5741533797940472,,,,,,,,
RMU,suppressed_vs_retained,correct_minus_mean_wrong,mean_difference,Qstar,each_layer,26.0,173,389,0.5656567157525596,0.5523641469902075,0.5742681694577767,,,,,,,,
RMU,suppressed_vs_retained,correct_minus_mean_wrong,mean_difference,Qstar,each_layer,27.0,173,389,0.5666515595048812,0.5541881510319925,0.575384118162771,,,,,,,,
RMU,suppressed_vs_retained,correct_minus_mean_wrong,mean_difference,Qstar,each_layer,28.0,173,389,0.5664650727372691,0.5539370254246103,0.5751352214808981,,,,,,,,
RMU,suppressed_vs_retained,correct_minus_mean_wrong,mean_difference,Qstar,each_layer,29.0,173,389,0.5662949314233919,0.5532739200855907,0.5752113764357994,,,,,,,,
RMU,suppressed_vs_retained,correct_minus_mean_wrong,mean_difference,Qstar,each_layer,30.0,173,389,0.5647688604246845,0.5506891094699615,0.5747641053835981,,,,,,,,
RMU,suppressed_vs_retained,correct_minus_mean_wrong,mean_difference,Qstar,each_layer,31.0,173,389,0.5648498447181896,0.5492529384667963,0.5749045276906846,,,,,,,,
RMU,suppressed_vs_retained,correct_minus_mean_wrong,mean_difference,Qstar,each_layer,32.0,173,389,0.5650719942939506,0.548121387283237,0.5762950057209089,,,,,,,,
RMU,suppressed_vs_rest,correct_only,mean_difference,Qstar,per_fold_selected,1.2,173,528,0.4956412024873008,0.4844242643194955,0.5117771829567349,0.5,0.5,0.5,0.2460641470782195,0.2370188946824744,0.2608360273187079,0.5598239009966393,0.1862135885162161
RMU,suppressed_vs_rest,correct_only,logistic_regression,Qstar,per_fold_selected,1.2,173,528,0.4954523559292346,0.4922422381327728,0.4991980863548782,0.4998716390786478,0.4975317207479419,0.5018407065598178,0.2463215892642536,0.2438638024189056,0.2589140814087351,0.6611824408164392,0.193462146338601
RMU,suppressed_vs_rest,correct_only,mean_difference,Qstar,each_layer,0.0,173,528,0.5428599579611142,0.5428599579611141,0.5428599579611141,,,,,,,,
RMU,suppressed_vs_rest,correct_only,mean_difference,Qstar,each_layer,1.0,173,528,0.5178774741636013,0.4801322473287791,0.5435247525836399,,,,,,,,
RMU,suppressed_vs_rest,correct_only,mean_difference,Qstar,each_layer,2.0,173,528,0.5261374583990192,0.4946775376598353,0.5501978783499737,,,,,,,,
RMU,suppressed_vs_rest,correct_only,mean_difference,Qstar,each_layer,3.0,173,528,0.5328921439831845,0.5086743519005079,0.5542731323349097,,,,,,,,
RMU,suppressed_vs_rest,correct_only,mean_difference,Qstar,each_layer,4.0,173,528,0.544972302504817,0.5118165944123314,0.5680575626204238,,,,,,,,
RMU,suppressed_vs_rest,correct_only,mean_difference,Qstar,each_layer,5.0,173,528,0.5283138465580662,0.494118387633561,0.5496277806971448,,,,,,,,
RMU,suppressed_vs_rest,correct_only,mean_difference,Qstar,each_layer,6.0,173,528,0.5242801935540374,0.4929699816079874,0.5412427198283413,,,,,,,,
RMU,suppressed_vs_rest,correct_only,mean_difference,Qstar,each_layer,7.0,173,528,0.5221246058854441,0.4914857571378525,0.5407413185321422,,,,,,,,
RMU,suppressed_vs_rest,correct_only,mean_difference,Qstar,each_layer,8.0,173,528,0.5269815204063759,0.4922652281485374,0.5479508779996497,,,,,,,,
RMU,suppressed_vs_rest,correct_only,mean_difference,Qstar,each_layer,9.0,173,528,0.5185113417411105,0.4862352754422841,0.5399525420388859,,,,,,,,
RMU,suppressed_vs_rest,correct_only,mean_difference,Qstar,each_layer,10.0,173,528,0.5231930942371694,0.4935723747591522,0.5457254992117708,,,,,,,,
RMU,suppressed_vs_rest,correct_only,mean_difference,Qstar,each_layer,11.0,173,528,0.5165588325451044,0.489924351900508,0.5404720069189,,,,,,,,
RMU,suppressed_vs_rest,correct_only,mean_difference,Qstar,each_layer,12.0,173,528,0.5144765939744262,0.4888457369942196,0.536277971185847,,,,,,,,
RMU,suppressed_vs_rest,correct_only,mean_difference,Qstar,each_layer,13.0,173,528,0.5155631459099668,0.491094105797863,0.53680728892976,,,,,,,,
RMU,suppressed_vs_rest,correct_only,mean_difference,Qstar,each_layer,14.0,173,528,0.51732845069189,0.4954501664039236,0.5446586530040287,,,,,,,,
RMU,suppressed_vs_rest,correct_only,mean_difference,Qstar,each_layer,15.0,173,528,0.5174970441408303,0.4972455771588719,0.5469899500788229,,,,,,,,
RMU,suppressed_vs_rest,correct_only,mean_difference,Qstar,each_layer,16.0,173,528,0.521168330705903,0.4972255977404098,0.5522776537046767,,,,,,,,
RMU,suppressed_vs_rest,correct_only,mean_difference,Qstar,each_layer,17.0,173,528,0.5160442940970398,0.4877099207391837,0.5451255692765808,,,,,,,,
RMU,suppressed_vs_rest,correct_only,mean_difference,Qstar,each_layer,18.0,173,528,0.5105217638815904,0.478644464880014,0.5409413864074268,,,,,,,,
RMU,suppressed_vs_rest,correct_only,mean_difference,Qstar,each_layer,19.0,173,528,0.5075489358906989,0.4730945655981783,0.5382605863548783,,,,,,,,
RMU,suppressed_vs_rest,correct_only,mean_difference,Qstar,each_layer,20.0,173,528,0.5118765326677176,0.4782883933263269,0.5384570962515327,,,,,,,,
RMU,suppressed_vs_rest,correct_only,mean_difference,Qstar,each_layer,21.0,173,528,0.515004816955684,0.4804428862322648,0.5398794666316342,,,,,,,,
RMU,suppressed_vs_rest,correct_only,mean_difference,Qstar,each_layer,22.0,173,528,0.5165024522683482,0.4820510925731301,0.5417621847083552,,,,,,,,
RMU,suppressed_vs_rest,correct_only,mean_difference,Qstar,each_layer,23.0,173,528,0.5207506787528464,0.4862196750744438,0.5470570042914696,,,,,,,,
RMU,suppressed_vs_rest,correct_only,mean_difference,Qstar,each_layer,24.0,173,528,0.5226719872131722,0.4890879532317393,0.5477636735855667,,,,,,,,
RMU,suppressed_vs_rest,correct_only,mean_difference,Qstar,each_layer,25.0,173,528,0.5202777412856894,0.4851793768610965,0.5449889976353126,,,,,,,,
RMU,suppressed_vs_rest,correct_only,mean_difference,Qstar,each_layer,26.0,173,528,0.5195502715011385,0.482641169644421,0.5452884152215799,,,,,,,,
RMU,suppressed_vs_rest,correct_only,mean_difference,Qstar,each_layer,27.0,173,528,0.5175545191802418,0.4793144596251533,0.5423779887020493,,,,,,,,
RMU,suppressed_vs_rest,correct_only,mean_difference,Qstar,each_layer,28.0,173,528,0.5186268392012611,0.4811314919425468,0.5431897552110703,,,,,,,,
RMU,suppressed_vs_rest,correct_only,mean_difference,Qstar,each_layer,29.0,173,528,0.5202366876861096,0.4829917673848309,0.5451964551585217,,,,,,,,
RMU,suppressed_vs_rest,correct_only,mean_difference,Qstar,each_layer,30.0,173,528,0.5222658302679979,0.4861069145209318,0.5456250547381327,,,,,,,,
RMU,suppressed_vs_rest,correct_only,mean_difference,Qstar,each_layer,31.0,173,528,0.5230502277106324,0.4900685868803643,0.5441739468383254,,,,,,,,
RMU,suppressed_vs_rest,correct_only,mean_difference,Qstar,each_layer,32.0,173,528,0.522749167980382,0.4957052461026449,0.5405053971798914,,,,,,,,
RMU,suppressed_vs_rest,mean_all_choices,mean_difference,Qstar,per_fold_selected,0.1,173,528,0.4955355578910493,0.4953910492205289,0.4969083902609914,0.5,0.5,0.5,0.2446634866412976,0.2432484334402987,0.2448124396098238,0.5590738452653166,0.185994452796896
RMU,suppressed_vs_rest,mean_all_choices,logistic_regression,Qstar,per_fold_selected,0.1,173,528,0.4954764407076547,0.4953910492205289,0.4962876598353476,0.5000197057277982,0.5,0.5002069101418812,0.2450363118945022,0.2448124396098238,0.2471630985989472,0.5836902772943271,0.1873085426330084
RMU,suppressed_vs_rest,mean_all_choices,mean_difference,Qstar,each_layer,0.0,173,528,0.5428599579611142,0.5428599579611141,0.5428599579611141,,,,,,,,
RMU,suppressed_vs_rest,mean_all_choices,mean_difference,Qstar,each_layer,1.0,173,528,0.5189393939393939,0.4852357571378525,0.5324151011560694,,,,,,,,
RMU,suppressed_vs_rest,mean_all_choices,mean_difference,Qstar,each_layer,2.0,173,528,0.5300813408653005,0.5022853170432651,0.543248872394465,,,,,,,,
RMU,suppressed_vs_rest,mean_all_choices,mean_difference,Qstar,each_layer,3.0,173,528,0.5326102425994044,0.5095285404624278,0.5435633429672447,,,,,,,,
RMU,suppressed_vs_rest,mean_all_choices,mean_difference,Qstar,each_layer,4.0,173,528,0.5367353082851636,0.5189445940620073,0.5489323327202663,,,,,,,,
RMU,suppressed_vs_rest,mean_all_choices,mean_difference,Qstar,each_layer,5.0,173,528,0.5234826589595377,0.5051916382028376,0.5403365300402873,,,,,,,,
RMU,suppressed_vs_rest,mean_all_choices,mean_difference,Qstar,each_layer,6.0,173,528,0.5244761560693642,0.5048062817481169,0.5387879882641443,,,,,,,,
RMU,suppressed_vs_rest,mean_all_choices,mean_difference,Qstar,each_layer,7.0,173,528,0.5257531967069539,0.5031414214398319,0.542572035382729,,,,,,,,
RMU,suppressed_vs_rest,mean_all_choices,mean_difference,Qstar,each_layer,8.0,173,528,0.5267976002802592,0.499403901734104,0.5420990979155719,,,,,,,,
RMU,suppressed_vs_rest,mean_all_choices,mean_difference,Qstar,each_layer,9.0,173,528,0.5241849492030127,0.4981553249255561,0.5394182978630233,,,,,,,,
RMU,suppressed_vs_rest,mean_all_choices,mean_difference,Qstar,each_layer,10.0,173,528,0.5309489402697496,0.506745380101594,0.5439503415659485,,,,,,,,
RMU,suppressed_vs_rest,mean_all_choices,mean_difference,Qstar,each_layer,11.0,173,528,0.5315247854265195,0.5100619635662988,0.5428706318970047,,,,,,,,
RMU,suppressed_vs_rest,mean_all_choices,mean_difference,Qstar,each_layer,12.0,173,528,0.5334696312839377,0.5141177855141005,0.5443658039936942,,,,,,,,
RMU,suppressed_vs_rest,mean_all_choices,mean_difference,Qstar,each_layer,13.0,173,528,0.5338205027150114,0.5152993081100018,0.5440447648449817,,,,,,,,
RMU,suppressed_vs_rest,mean_all_choices,mean_difference,Qstar,each_layer,14.0,173,528,0.5302827771939044,0.5083478389385181,0.5452744569977229,,,,,,,,
RMU,suppressed_vs_rest,mean_all_choices,mean_difference,Qstar,each_layer,15.0,173,528,0.5325620730425644,0.5115070502715011,0.5501042761429322,,,,,,,,
RMU,suppressed_vs_rest,mean_all_choices,mean_difference,Qstar,each_layer,16.0,173,528,0.53015852163251,0.5074936503765983,0.5510567196531792,,,,,,,,
RMU,suppressed_vs_rest,mean_all_choices,mean_difference,Qstar,each_layer,17.0,173,528,0.5221136582588894,0.4939155828516378,0.5434054234541952,,,,,,,,
RMU,suppressed_vs_rest,mean_all_choices,mean_difference,Qstar,each_layer,18.0,173,528,0.5143375591171835,0.4853416754247679,0.5379764954457874,,,,,,,,
RMU,suppressed_vs_rest,mean_all_choices,mean_difference,Qstar,each_layer,19.0,173,528,0.5053501050972149,0.4743297315641969,0.5313622131721842,,,,,,,,
RMU,suppressed_vs_rest,mean_all_choices,mean_difference,Qstar,each_layer,20.0,173,528,0.5061782930460677,0.4736392100192678,0.5315313540024522,,,,,,,,
RMU,suppressed_vs_rest,mean_all_choices,mean_difference,Qstar,each_layer,21.0,173,528,0.5063589288842179,0.4722570721667543,0.5304456231389035,,,,,,,,
RMU,suppressed_vs_rest,mean_all_choices,mean_difference,Qstar,each_layer,22.0,173,528,0.5083645340690138,0.4772012940094587,0.5303865059555088,,,,,,,,
RMU,suppressed_vs_rest,mean_all_choices,mean_difference,Qstar,each_layer,23.0,173,528,0.5096985023646874,0.4800183920126116,0.5303851375021895,,,,,,,,
RMU,suppressed_vs_rest,mean_all_choices,mean_difference,Qstar,each_layer,24.0,173,528,0.5115349667192153,0.4814183197582764,0.5312445261867228,,,,,,,,
RMU,suppressed_vs_rest,mean_all_choices,mean_difference,Qstar,each_layer,25.0,173,528,0.5107045892450517,0.4795320437029252,0.5300523296549309,,,,,,,,
RMU,suppressed_vs_rest,mean_all_choices,mean_difference,Qstar,each_layer,26.0,173,528,0.5110439656682432,0.4804133276405675,0.5298749781047469,,,,,,,,
RMU,suppressed_vs_rest,mean_all_choices,mean_difference,Qstar,each_layer,27.0,173,528,0.5114742073918374,0.4820357658959537,0.5308906441583465,,,,,,,,
RMU,suppressed_vs_rest,mean_all_choices,mean_difference,Qstar,each_layer,28.0,173,528,0.5119953144158347,0.4829383977053775,0.5306601966193729,,,,,,,,
RMU,suppressed_vs_rest,mean_all_choices,mean_difference,Qstar,each_layer,29.0,173,528,0.5128388290418637,0.4847110921352251,0.5311043965668243,,,,,,,,
RMU,suppressed_vs_rest,mean_all_choices,mean_difference,Qstar,each_layer,30.0,173,528,0.5138618847433876,0.484769661937292,0.531558175687511,,,,,,,,
RMU,suppressed_vs_rest,mean_all_choices,mean_difference,Qstar,each_layer,31.0,173,528,0.5146999255561395,0.4834009349273077,0.533386429322123,,,,,,,,
RMU,suppressed_vs_rest,mean_all_choices,mean_difference,Qstar,each_layer,32.0,173,528,0.5093569364161851,0.471045443597828,0.5280177132597653,,,,,,,,
RMU,suppressed_vs_rest,correct_minus_mean_wrong,mean_difference,Qstar,per_fold_selected,1.9,173,528,0.5161992030127868,0.4811832194780172,0.562232330530741,0.502687916009809,0.4990530303030303,0.514122985636714,0.2649944464664153,0.2412575057785504,0.3108922229894527,0.5611596088131284,0.1863823968698712
RMU,suppressed_vs_rest,correct_minus_mean_wrong,logistic_regression,Qstar,per_fold_selected,1.9,173,528,0.5095315510597302,0.4832532788141531,0.549240645253109,0.5051730272376949,0.4900850083201962,0.5365248401646523,0.2590325020486074,0.2382298504687253,0.2925625572650466,1.3164570469269408,0.2264209548069171
RMU,suppressed_vs_rest,correct_minus_mean_wrong,mean_difference,Qstar,each_layer,0.0,173,528,0.5428599579611142,0.5428599579611141,0.5428599579611141,,,,,,,,
RMU,suppressed_vs_rest,correct_minus_mean_wrong,mean_difference,Qstar,each_layer,1.0,173,528,0.5799559905412506,0.5708275858293922,0.5892037243825539,,,,,,,,
RMU,suppressed_vs_rest,correct_minus_mean_wrong,mean_difference,Qstar,each_layer,2.0,173,528,0.5819917016990717,0.5740100608688037,0.5909613658258889,,,,,,,,
RMU,suppressed_vs_rest,correct_minus_mean_wrong,mean_difference,Qstar,each_layer,3.0,173,528,0.5784725871431075,0.5702180767209669,0.5864372591522158,,,,,,,,
RMU,suppressed_vs_rest,correct_minus_mean_wrong,mean_difference,Qstar,each_layer,4.0,173,528,0.5804311175337187,0.5657030018392012,0.5905675249605885,,,,,,,,
RMU,suppressed_vs_rest,correct_minus_mean_wrong,mean_difference,Qstar,each_layer,5.0,173,528,0.5798240716412681,0.5637803249255562,0.5912161718339464,,,,,,,,
RMU,suppressed_vs_rest,correct_minus_mean_wrong,mean_difference,Qstar,each_layer,6.0,173,528,0.5773192546855841,0.5529044053249256,0.590773887721142,,,,,,,,
RMU,suppressed_vs_rest,correct_minus_mean_wrong,mean_difference,Qstar,each_layer,7.0,173,528,0.5789066605359957,0.5497087931336486,0.5966940904711858,,,,,,,,
RMU,suppressed_vs_rest,correct_minus_mean_wrong,mean_difference,Qstar,each_layer,8.0,173,528,0.5977962427745666,0.5739394486775267,0.6131552154492905,,,,,,,,
RMU,suppressed_vs_rest,correct_minus_mean_wrong,mean_difference,Qstar,each_layer,9.0,173,528,0.5905921571203363,0.5669693685409003,0.6057250613067087,,,,,,,,
RMU,suppressed_vs_rest,correct_minus_mean_wrong,mean_difference,Qstar,each_layer,10.0,173,528,0.586909922928709,0.5608600455421264,0.6002958596076371,,,,,,,,
RMU,suppressed_vs_rest,correct_minus_mean_wrong,mean_difference,Qstar,each_layer,11.0,173,528,0.585452246452969,0.5671927001226134,0.5992043812401471,,,,,,,,
RMU,suppressed_vs_rest,correct_minus_mean_wrong,mean_difference,Qstar,each_layer,12.0,173,528,0.575501401296199,0.5607968229987739,0.5874425249605886,,,,,,,,
RMU,suppressed_vs_rest,correct_minus_mean_wrong,mean_difference,Qstar,each_layer,13.0,173,528,0.5802855141005429,0.5636527850761954,0.6021169972849886,,,,,,,,
RMU,suppressed_vs_rest,correct_minus_mean_wrong,mean_difference,Qstar,each_layer,14.0,173,528,0.5699920082326152,0.5512477557365563,0.5918535973900858,,,,,,,,
RMU,suppressed_vs_rest,correct_minus_mean_wrong,mean_difference,Qstar,each_layer,15.0,173,528,0.5585517384830968,0.5319654273953407,0.5806454173235243,,,,,,,,
RMU,suppressed_vs_rest,correct_minus_mean_wrong,mean_difference,Qstar,each_layer,16.0,173,528,0.5340235811875985,0.5083940926607112,0.560425972149238,,,,,,,,
RMU,suppressed_vs_rest,correct_minus_mean_wrong,mean_difference,Qstar,each_layer,17.0,173,528,0.5194561219127694,0.4937103148537397,0.5461946050096339,,,,,,,,
RMU,suppressed_vs_rest,correct_minus_mean_wrong,mean_difference,Qstar,each_layer,18.0,173,528,0.5141344806445962,0.4899894902785076,0.5368209734629532,,,,,,,,
RMU,suppressed_vs_rest,correct_minus_mean_wrong,mean_difference,Qstar,each_layer,19.0,173,528,0.5094784550709406,0.4835465383604834,0.5334072298125766,,,,,,,,
RMU,suppressed_vs_rest,correct_minus_mean_wrong,mean_difference,Qstar,each_layer,20.0,173,528,0.50705957698371,0.4801659112804344,0.5306087427745665,,,,,,,,
RMU,suppressed_vs_rest,correct_minus_mean_wrong,mean_difference,Qstar,each_layer,21.0,173,528,0.5047463434927307,0.4767111140304781,0.5291642034506918,,,,,,,,
RMU,suppressed_vs_rest,correct_minus_mean_wrong,mean_difference,Qstar,each_layer,22.0,173,528,0.5052159966719216,0.4765198042564372,0.5280601353126642,,,,,,,,
RMU,suppressed_vs_rest,correct_minus_mean_wrong,mean_difference,Qstar,each_layer,23.0,173,528,0.506125197057278,0.4768695809248555,0.5294121671921528,,,,,,,,
RMU,suppressed_vs_rest,correct_minus_mean_wrong,mean_difference,Qstar,each_layer,24.0,173,528,0.5049466850586792,0.4764196334734629,0.528757225433526,,,,,,,,
RMU,suppressed_vs_rest,correct_minus_mean_wrong,mean_difference,Qstar,each_layer,25.0,173,528,0.5038694386057104,0.4764147070415134,0.5271372503941145,,,,,,,,
RMU,suppressed_vs_rest,correct_minus_mean_wrong,mean_difference,Qstar,each_layer,26.0,173,528,0.503495577158872,0.475485253547031,0.5270622591522158,,,,,,,,
RMU,suppressed_vs_rest,correct_minus_mean_wrong,mean_difference,Qstar,each_layer,27.0,173,528,0.5039531879488527,0.4755640764582238,0.5274366679803818,,,,,,,,
RMU,suppressed_vs_rest,correct_minus_mean_wrong,mean_difference,Qstar,each_layer,28.0,173,528,0.5059910886319846,0.4793015961639516,0.5280855885444036,,,,,,,,
RMU,suppressed_vs_rest,correct_minus_mean_wrong,mean_difference,Qstar,each_layer,29.0,173,528,0.5054371387283237,0.4795591390786478,0.5273854878262393,,,,,,,,
RMU,suppressed_vs_rest,correct_minus_mean_wrong,mean_difference,Qstar,each_layer,30.0,173,528,0.5025633867577509,0.4757173432299877,0.5249269245927484,,,,,,,,
RMU,suppressed_vs_rest,correct_minus_mean_wrong,mean_difference,Qstar,each_layer,31.0,173,528,0.5026728630232965,0.4755334231038711,0.5254532317393589,,,,,,,,
RMU,suppressed_vs_rest,correct_minus_mean_wrong,mean_difference,Qstar,each_layer,32.0,173,528,0.5046965317919077,0.4804661499386933,0.5234697954983359,,,,,,,,
RMU,forgotten_vs_retained,correct_only,mean_difference,Qstar,per_fold_selected,14.3,44,389,0.6695139051180183,0.6427421710680065,0.7024626080860014,0.4994113694788503,0.4974293059125964,0.5052911018929657,0.2092031982922905,0.1720248578252867,0.2420416437887699,0.3174600688976756,0.0883714428491409
RMU,forgotten_vs_retained,correct_only,logistic_regression,Qstar,per_fold_selected,14.3,44,389,0.650210329516242,0.5824827646646412,0.731772902547324,0.5368602477214302,0.4983575309651787,0.5807219852769337,0.1796672868605368,0.1356192672232336,0.2469932950655756,0.7950209109404685,0.122583175698326
RMU,forgotten_vs_retained,correct_only,mean_difference,Qstar,each_layer,0.0,44,389,0.4139401729376023,0.4139401729376022,0.4139401729376022,,,,,,,,
RMU,forgotten_vs_retained,correct_only,mean_difference,Qstar,each_layer,1.0,44,389,0.6046535405468567,0.5818021149801356,0.61990243047441,,,,,,,,
RMU,forgotten_vs_retained,correct_only,mean_difference,Qstar,each_layer,2.0,44,389,0.6091464127132508,0.5892892615096985,0.6234721897639636,,,,,,,,
RMU,forgotten_vs_retained,correct_only,mean_difference,Qstar,each_layer,3.0,44,389,0.609961439588689,0.5926297032016826,0.6261246786632391,,,,,,,,
RMU,forgotten_vs_retained,correct_only,mean_difference,Qstar,each_layer,4.0,44,389,0.6004557139518579,0.5834555386772611,0.6176355456882449,,,,,,,,
RMU,forgotten_vs_retained,correct_only,mean_difference,Qstar,each_layer,5.0,44,389,0.5954545454545455,0.5782528043935499,0.6108071395185791,,,,,,,,
RMU,forgotten_vs_retained,correct_only,mean_difference,Qstar,each_layer,6.0,44,389,0.6087608086001401,0.5920571395185791,0.6323250175274597,,,,,,,,
RMU,forgotten_vs_retained,correct_only,mean_difference,Qstar,each_layer,7.0,44,389,0.6119858611825193,0.596713601308717,0.6337053049777985,,,,,,,,
RMU,forgotten_vs_retained,correct_only,mean_difference,Qstar,each_layer,8.0,44,389,0.6392001635896238,0.6250029212432812,0.6535697592895536,,,,,,,,
RMU,forgotten_vs_retained,correct_only,mean_difference,Qstar,each_layer,9.0,44,389,0.6614395886889459,0.648117258705305,0.6769177962140687,,,,,,,,
RMU,forgotten_vs_retained,correct_only,mean_difference,Qstar,each_layer,10.0,44,389,0.6668877074082731,0.6499474176209394,0.685222890862351,,,,,,,,
RMU,forgotten_vs_retained,correct_only,mean_difference,Qstar,each_layer,11.0,44,389,0.6730369245150736,0.654367258705305,0.6907455012853471,,,,,,,,
RMU,forgotten_vs_retained,correct_only,mean_difference,Qstar,each_layer,12.0,44,389,0.6843246085534003,0.6652328230895069,0.6993923813975228,,,,,,,,
RMU,forgotten_vs_retained,correct_only,mean_difference,Qstar,each_layer,13.0,44,389,0.689100841318065,0.6711235101659266,0.7028657396587988,,,,,,,,
RMU,forgotten_vs_retained,correct_only,mean_difference,Qstar,each_layer,14.0,44,389,0.6890044402897874,0.6703727506426735,0.7039027810236037,,,,,,,,
RMU,forgotten_vs_retained,correct_only,mean_difference,Qstar,each_layer,15.0,44,389,0.6814179714886655,0.6629089740593597,0.6975782893199346,,,,,,,,
RMU,forgotten_vs_retained,correct_only,mean_difference,Qstar,each_layer,16.0,44,389,0.6739366674456648,0.6567320051413882,0.6866382332320635,,,,,,,,
RMU,forgotten_vs_retained,correct_only,mean_difference,Qstar,each_layer,17.0,44,389,0.6669023136246787,0.6507974994157514,0.6770974526758589,,,,,,,,
RMU,forgotten_vs_retained,correct_only,mean_difference,Qstar,each_layer,18.0,44,389,0.6556233933161953,0.6370603528861883,0.665891563449404,,,,,,,,
RMU,forgotten_vs_retained,correct_only,mean_difference,Qstar,each_layer,19.0,44,389,0.6532980836644076,0.6355646763262445,0.6645288034587521,,,,,,,,
RMU,forgotten_vs_retained,correct_only,mean_difference,Qstar,each_layer,20.0,44,389,0.6518286982939939,0.6327967983173639,0.6623700046739893,,,,,,,,
RMU,forgotten_vs_retained,correct_only,mean_difference,Qstar,each_layer,21.0,44,389,0.6494274363168964,0.6302275648516008,0.6594765132040196,,,,,,,,
RMU,forgotten_vs_retained,correct_only,mean_difference,Qstar,each_layer,22.0,44,389,0.6516563449404066,0.6324199579340968,0.6619873218041599,,,,,,,,
RMU,forgotten_vs_retained,correct_only,mean_difference,Qstar,each_layer,23.0,44,389,0.6513437719093245,0.631980310820285,0.6621231596167328,,,,,,,,
RMU,forgotten_vs_retained,correct_only,mean_difference,Qstar,each_layer,24.0,44,389,0.6499737088104697,0.6299573498480954,0.6613767819584015,,,,,,,,
RMU,forgotten_vs_retained,correct_only,mean_difference,Qstar,each_layer,25.0,44,389,0.6499357326478148,0.6292635545688244,0.6606639985978032,,,,,,,,
RMU,forgotten_vs_retained,correct_only,mean_difference,Qstar,each_layer,26.0,44,389,0.6502278569759289,0.6293482706239775,0.6609239892498248,,,,,,,,
RMU,forgotten_vs_retained,correct_only,mean_difference,Qstar,each_layer,27.0,44,389,0.6528189997663006,0.6335753096517878,0.6625628067305445,,,,,,,,
RMU,forgotten_vs_retained,correct_only,mean_difference,Qstar,each_layer,28.0,44,389,0.6532630287450341,0.6336089039495209,0.6630827880345875,,,,,,,,
RMU,forgotten_vs_retained,correct_only,mean_difference,Qstar,each_layer,29.0,44,389,0.652494741762094,0.633455538677261,0.6624021383500818,,,,,,,,
RMU,forgotten_vs_retained,correct_only,mean_difference,Qstar,each_layer,30.0,44,389,0.6517527459686842,0.6321424398223884,0.662313040430007,,,,,,,,
RMU,forgotten_vs_retained,correct_only,mean_difference,Qstar,each_layer,31.0,44,389,0.6511743397990184,0.6306175508296331,0.6627103295162421,,,,,,,,
RMU,forgotten_vs_retained,correct_only,mean_difference,Qstar,each_layer,32.0,44,389,0.6503184155176442,0.6272537391913998,0.6634391797148866,,,,,,,,
RMU,forgotten_vs_retained,mean_all_choices,mean_difference,Qstar,per_fold_selected,13.3,44,389,0.6122458518345407,0.5686828114045337,0.6509333372283244,0.4987686959569993,0.4954691516709512,0.5052911018929657,0.1713152443754827,0.1458941034027989,0.2277864652108309,0.3310015955450637,0.0916246358879638
RMU,forgotten_vs_retained,mean_all_choices,logistic_regression,Qstar,per_fold_selected,13.3,44,389,0.5385896237438653,0.4827748889927553,0.6284266183687777,0.5147347511100724,0.4791656929189062,0.558839682168731,0.1269742924560635,0.1053263583313279,0.1706719114840071,0.9573138631799096,0.1328299626978846
RMU,forgotten_vs_retained,mean_all_choices,mean_difference,Qstar,each_layer,0.0,44,389,0.4139401729376023,0.4139401729376022,0.4139401729376022,,,,,,,,
RMU,forgotten_vs_retained,mean_all_choices,mean_difference,Qstar,each_layer,1.0,44,389,0.5315202150035054,0.4990593596634727,0.5587126080860014,,,,,,,,
RMU,forgotten_vs_retained,mean_all_choices,mean_difference,Qstar,each_layer,2.0,44,389,0.5309827062397756,0.4971430240710446,0.5629148165459219,,,,,,,,
RMU,forgotten_vs_retained,mean_all_choices,mean_difference,Qstar,each_layer,3.0,44,389,0.5279446132273896,0.4898749707875672,0.5684359663472774,,,,,,,,
RMU,forgotten_vs_retained,mean_all_choices,mean_difference,Qstar,each_layer,4.0,44,389,0.527807314793176,0.4897318298667913,0.5769864454311755,,,,,,,,
RMU,forgotten_vs_retained,mean_all_choices,mean_difference,Qstar,each_layer,5.0,44,389,0.5289962608086001,0.4814968450572564,0.576257595232531,,,,,,,,
RMU,forgotten_vs_retained,mean_all_choices,mean_difference,Qstar,each_layer,6.0,44,389,0.5604288385136714,0.5114556555269922,0.6160390862351017,,,,,,,,
RMU,forgotten_vs_retained,mean_all_choices,mean_difference,Qstar,each_layer,7.0,44,389,0.5694992989016124,0.523076361299369,0.6183848445898574,,,,,,,,
RMU,forgotten_vs_retained,mean_all_choices,mean_difference,Qstar,each_layer,8.0,44,389,0.6042562514606218,0.5823323206356625,0.6402941691984109,,,,,,,,
RMU,forgotten_vs_retained,mean_all_choices,mean_difference,Qstar,each_layer,9.0,44,389,0.620071862584716,0.6003301004907688,0.6505711030614629,,,,,,,,
RMU,forgotten_vs_retained,mean_all_choices,mean_difference,Qstar,each_layer,10.0,44,389,0.6135867025005843,0.5890102827763496,0.6431569876139285,,,,,,,,
RMU,forgotten_vs_retained,mean_all_choices,mean_difference,Qstar,each_layer,11.0,44,389,0.6090032717924749,0.5852696307548493,0.6328858962374386,,,,,,,,
RMU,forgotten_vs_retained,mean_all_choices,mean_difference,Qstar,each_layer,12.0,44,389,0.6263612993690115,0.6042387240009348,0.6438420191633559,,,,,,,,
RMU,forgotten_vs_retained,mean_all_choices,mean_difference,Qstar,each_layer,13.0,44,389,0.6323410843655058,0.6151159733582613,0.6464390044402898,,,,,,,,
RMU,forgotten_vs_retained,mean_all_choices,mean_difference,Qstar,each_layer,14.0,44,389,0.6232092778686609,0.6023735101659267,0.6390920775882215,,,,,,,,
RMU,forgotten_vs_retained,mean_all_choices,mean_difference,Qstar,each_layer,15.0,44,389,0.6126928020565553,0.5888715237204954,0.6301355456882449,,,,,,,,
RMU,forgotten_vs_retained,mean_all_choices,mean_difference,Qstar,each_layer,16.0,44,389,0.582092778686609,0.5428181233933161,0.6021529562982005,,,,,,,,
RMU,forgotten_vs_retained,mean_all_choices,mean_difference,Qstar,each_layer,17.0,44,389,0.5579078055620472,0.5089667562514606,0.5850227856975929,,,,,,,,
RMU,forgotten_vs_retained,mean_all_choices,mean_difference,Qstar,each_layer,18.0,44,389,0.5395477915400795,0.4746728207525122,0.5740228441224585,,,,,,,,
RMU,forgotten_vs_retained,mean_all_choices,mean_difference,Qstar,each_layer,19.0,44,389,0.5310907922411778,0.4622502336994625,0.5727112058892264,,,,,,,,
RMU,forgotten_vs_retained,mean_all_choices,mean_difference,Qstar,each_layer,20.0,44,389,0.5271734050011685,0.4543789436784295,0.5680810352886188,,,,,,,,
RMU,forgotten_vs_retained,mean_all_choices,mean_difference,Qstar,each_layer,21.0,44,389,0.5312222481888291,0.4590587754148165,0.5690786398691282,,,,,,,,
RMU,forgotten_vs_retained,mean_all_choices,mean_difference,Qstar,each_layer,22.0,44,389,0.5315231362467866,0.4584993573264782,0.5707218392147698,,,,,,,,
RMU,forgotten_vs_retained,mean_all_choices,mean_difference,Qstar,each_layer,23.0,44,389,0.5293292825426501,0.4543847861649918,0.5690392030848329,,,,,,,,
RMU,forgotten_vs_retained,mean_all_choices,mean_difference,Qstar,each_layer,24.0,44,389,0.5288385136714185,0.4538983991586819,0.5700090558541715,,,,,,,,
RMU,forgotten_vs_retained,mean_all_choices,mean_difference,Qstar,each_layer,25.0,44,389,0.5372137181584481,0.4648793526524889,0.573929364337462,,,,,,,,
RMU,forgotten_vs_retained,mean_all_choices,mean_difference,Qstar,each_layer,26.0,44,389,0.535919607384903,0.4624970787567188,0.572835358728675,,,,,,,,
RMU,forgotten_vs_retained,mean_all_choices,mean_difference,Qstar,each_layer,27.0,44,389,0.5403598971722363,0.4675668964711381,0.5767688128067305,,,,,,,,
RMU,forgotten_vs_retained,mean_all_choices,mean_difference,Qstar,each_layer,28.0,44,389,0.5446687310119187,0.4726250292124328,0.581664816545922,,,,,,,,
RMU,forgotten_vs_retained,mean_all_choices,mean_difference,Qstar,each_layer,29.0,44,389,0.5427991353119889,0.4700630988548726,0.5794563566253798,,,,,,,,
RMU,forgotten_vs_retained,mean_all_choices,mean_difference,Qstar,each_layer,30.0,44,389,0.5536720028043935,0.4852959219443795,0.5877935849497545,,,,,,,,
RMU,forgotten_vs_retained,mean_all_choices,mean_difference,Qstar,each_layer,31.0,44,389,0.5596547090441693,0.4957977915400794,0.5930547440990885,,,,,,,,
RMU,forgotten_vs_retained,mean_all_choices,mean_difference,Qstar,each_layer,32.0,44,389,0.5645623977564853,0.5003724585183454,0.5961264314092077,,,,,,,,
RMU,forgotten_vs_retained,correct_minus_mean_wrong,mean_difference,Qstar,per_fold_selected,10.5,44,389,0.7382010983874736,0.6862672353353587,0.7822256952559009,0.5327544402897874,0.5122947826594999,0.5628695372750642,0.2900074909962286,0.2285680842480939,0.3528229832802151,0.3024512277518972,0.083811447287751
RMU,forgotten_vs_retained,correct_minus_mean_wrong,logistic_regression,Qstar,per_fold_selected,10.5,44,389,0.7893725169432111,0.7275531666277167,0.8388247838279972,0.6098781841551765,0.5625029212432812,0.671480632157046,0.3193851230975838,0.2448641308886007,0.4080325518198752,0.6147789308245264,0.1089779887477618
RMU,forgotten_vs_retained,correct_minus_mean_wrong,mean_difference,Qstar,each_layer,0.0,44,389,0.4139401729376023,0.4139401729376022,0.4139401729376022,,,,,,,,
RMU,forgotten_vs_retained,correct_minus_mean_wrong,mean_difference,Qstar,each_layer,1.0,44,389,0.737564267352185,0.71454925216172,0.7505331268988081,,,,,,,,
RMU,forgotten_vs_retained,correct_minus_mean_wrong,mean_difference,Qstar,each_layer,2.0,44,389,0.7419139985978032,0.7254162771675625,0.7548653306847394,,,,,,,,
RMU,forgotten_vs_retained,correct_minus_mean_wrong,mean_difference,Qstar,each_layer,3.0,44,389,0.7481537742463191,0.7346985276933864,0.7615038560411311,,,,,,,,
RMU,forgotten_vs_retained,correct_minus_mean_wrong,mean_difference,Qstar,each_layer,4.0,44,389,0.7439734751110072,0.7304992404767469,0.7560133792942276,,,,,,,,
RMU,forgotten_vs_retained,correct_minus_mean_wrong,mean_difference,Qstar,each_layer,5.0,44,389,0.754367258705305,0.7434315844823557,0.7629338046272494,,,,,,,,
RMU,forgotten_vs_retained,correct_minus_mean_wrong,mean_difference,Qstar,each_layer,6.0,44,389,0.7546155643842019,0.7461381163823324,0.7618836176676793,,,,,,,,
RMU,forgotten_vs_retained,correct_minus_mean_wrong,mean_difference,Qstar,each_layer,7.0,44,389,0.7548025239541949,0.7419578172470204,0.7640059009114278,,,,,,,,
RMU,forgotten_vs_retained,correct_minus_mean_wrong,mean_difference,Qstar,each_layer,8.0,44,389,0.7632332320635664,0.7504922294928722,0.7775663122224818,,,,,,,,
RMU,forgotten_vs_retained,correct_minus_mean_wrong,mean_difference,Qstar,each_layer,9.0,44,389,0.7683337228324374,0.7620881046973592,0.7805927202617434,,,,,,,,
RMU,forgotten_vs_retained,correct_minus_mean_wrong,mean_difference,Qstar,each_layer,10.0,44,389,0.770734984809535,0.7633895185791073,0.7826215237204954,,,,,,,,
RMU,forgotten_vs_retained,correct_minus_mean_wrong,mean_difference,Qstar,each_layer,11.0,44,389,0.7871611357793877,0.7780833722832438,0.795496903482122,,,,,,,,
RMU,forgotten_vs_retained,correct_minus_mean_wrong,mean_difference,Qstar,each_layer,12.0,44,389,0.7817334657630287,0.7721298784762796,0.7899523837345174,,,,,,,,
RMU,forgotten_vs_retained,correct_minus_mean_wrong,mean_difference,Qstar,each_layer,13.0,44,389,0.7881923346576303,0.7771675625146062,0.7994917036690816,,,,,,,,
RMU,forgotten_vs_retained,correct_minus_mean_wrong,mean_difference,Qstar,each_layer,14.0,44,389,0.7609312923580276,0.7538618836176676,0.7686273077821921,,,,,,,,
RMU,forgotten_vs_retained,correct_minus_mean_wrong,mean_difference,Qstar,each_layer,15.0,44,389,0.7557285580743166,0.7466493339565319,0.7646398107034353,,,,,,,,
RMU,forgotten_vs_retained,correct_minus_mean_wrong,mean_difference,Qstar,each_layer,16.0,44,389,0.7197680532834775,0.7094473007712082,0.7288107618602477,,,,,,,,
RMU,forgotten_vs_retained,correct_minus_mean_wrong,mean_difference,Qstar,each_layer,17.0,44,389,0.6947972657162887,0.683809009114279,0.7053137415283944,,,,,,,,
RMU,forgotten_vs_retained,correct_minus_mean_wrong,mean_difference,Qstar,each_layer,18.0,44,389,0.6802494741762093,0.6698805211498013,0.6914363753213368,,,,,,,,
RMU,forgotten_vs_retained,correct_minus_mean_wrong,mean_difference,Qstar,each_layer,19.0,44,389,0.6855135545688246,0.6752556087870998,0.6942451507361533,,,,,,,,
RMU,forgotten_vs_retained,correct_minus_mean_wrong,mean_difference,Qstar,each_layer,20.0,44,389,0.6895477915400794,0.67914962608086,0.698314442626782,,,,,,,,
RMU,forgotten_vs_retained,correct_minus_mean_wrong,mean_difference,Qstar,each_layer,21.0,44,389,0.6902313624678664,0.6794227623276466,0.6997195606450105,,,,,,,,
RMU,forgotten_vs_retained,correct_minus_mean_wrong,mean_difference,Qstar,each_layer,22.0,44,389,0.6920892731946716,0.6816107735452208,0.7008077237672353,,,,,,,,
RMU,forgotten_vs_retained,correct_minus_mean_wrong,mean_difference,Qstar,each_layer,23.0,44,389,0.6922791540079458,0.6820197476045805,0.7015175858845524,,,,,,,,
RMU,forgotten_vs_retained,correct_minus_mean_wrong,mean_difference,Qstar,each_layer,24.0,44,389,0.6925303809301238,0.6816838046272494,0.7016840967515774,,,,,,,,
RMU,forgotten_vs_retained,correct_minus_mean_wrong,mean_difference,Qstar,each_layer,25.0,44,389,0.6937368544052347,0.6820139051180182,0.7033287567188595,,,,,,,,
RMU,forgotten_vs_retained,correct_minus_mean_wrong,mean_difference,Qstar,each_layer,26.0,44,389,0.6943152605749007,0.6824447885019864,0.7034207758822155,,,,,,,,
RMU,forgotten_vs_retained,correct_minus_mean_wrong,mean_difference,Qstar,each_layer,27.0,44,389,0.6960534003271792,0.684203376957233,0.7048346576302874,,,,,,,,
RMU,forgotten_vs_retained,correct_minus_mean_wrong,mean_difference,Qstar,each_layer,28.0,44,389,0.6958080158915634,0.6833737438653891,0.7051136363636363,,,,,,,,
RMU,forgotten_vs_retained,correct_minus_mean_wrong,mean_difference,Qstar,each_layer,29.0,44,389,0.6952938770740827,0.6838426034120121,0.7048463426034121,,,,,,,,
RMU,forgotten_vs_retained,correct_minus_mean_wrong,mean_difference,Qstar,each_layer,30.0,44,389,0.6940406637064733,0.6806657513437719,0.7036778452909558,,,,,,,,
RMU,forgotten_vs_retained,correct_minus_mean_wrong,mean_difference,Qstar,each_layer,31.0,44,389,0.6943152605749007,0.6797499415751344,0.7042255784061696,,,,,,,,
RMU,forgotten_vs_retained,correct_minus_mean_wrong,mean_difference,Qstar,each_layer,32.0,44,389,0.6975607618602477,0.6805518228558075,0.7082773428371115,,,,,,,,
RMU,suppressed_vs_forgotten,correct_only,mean_difference,full,per_fold_selected,15.7,328,167,0.6072047977216298,0.5837830436687601,0.6251150138746897,0.5315443807506938,0.5127510223455528,0.5582070614867825,0.7377805034448276,0.724280697240893,0.7472684590143255,0.6293070236636085,0.2185698569659767
RMU,suppressed_vs_forgotten,correct_only,logistic_regression,full,per_fold_selected,15.7,328,167,0.5965728603768075,0.5529173360595881,0.625561377245509,0.5641631371403536,0.5262014842266686,0.5921594311377245,0.7250218354117031,0.6941994050000061,0.7496726388698562,2.471463101158001,0.3412316037559823
RMU,suppressed_vs_retained,correct_only,mean_difference,full,per_fold_selected,17.8,328,571,0.5725962154542734,0.5597209912007176,0.5890341345948485,0.5150068343940883,0.5020543227542608,0.5262403357396096,0.4322871851817985,0.4129058177641897,0.4555594123455137,0.6500966408350384,0.2288496106293046
RMU,suppressed_vs_retained,correct_only,logistic_regression,full,per_fold_selected,17.8,328,571,0.5725663149801374,0.5445789372517194,0.5946101725684507,0.5457674810986288,0.5280728743966512,0.5665754746700269,0.422974437531499,0.3963100268076441,0.4490255929608467,1.2399736701779172,0.3164809114142294
RMU,suppressed_vs_rest,correct_only,mean_difference,full,per_fold_selected,10.4,328,945,0.4948861949929023,0.463612320944638,0.5206199993547556,0.5026236449864498,0.4999669715447155,0.5090800022583559,0.2662614811366233,0.245239101025965,0.2806340678305515,0.5777212872717077,0.1938235365901959
RMU,suppressed_vs_rest,correct_only,logistic_regression,full,per_fold_selected,10.4,328,945,0.5533934217318363,0.5259111659568977,0.5749949993547554,0.5222250451671184,0.5048983739837398,0.541616982836495,0.2929492217703952,0.2736962755213887,0.3098293499311851,0.7809408319360951,0.2324513536592413
RMU,forgotten_vs_retained,correct_only,mean_difference,full,per_fold_selected,18.0,167,571,0.693221263252829,0.6655114464590958,0.7137664251182398,0.5338994515347588,0.5096480856151095,0.5623248686514886,0.3847707450355754,0.3367443500992302,0.4264447767079374,0.4959103712055613,0.1614116106806918
RMU,forgotten_vs_retained,correct_only,logistic_regression,full,per_fold_selected,18.0,167,571,0.6563980620195686,0.6329682141845906,0.6845614375452248,0.5969205197311157,0.5758676604758959,0.6163008483907841,0.3610041321095116,0.3350483052891236,0.3958291455523501,1.985983284740704,0.249224303741096
RR,suppressed_vs_forgotten,correct_only,mean_difference,Qstar,per_fold_selected,11.9,176,26,0.6758631993006994,0.6301081730769231,0.727420236013986,0.5197989510489511,0.4965635926573426,0.5576322115384615,0.9127231741403448,0.8922569930782464,0.9310259645280532,0.3800862270521993,0.1091308307162767
RR,suppressed_vs_forgotten,correct_only,logistic_regression,Qstar,per_fold_selected,11.9,176,26,0.6458260489510489,0.5843640734265735,0.7301518793706293,0.5393138111888113,0.5009943181818182,0.5815777972027972,0.918578531928377,0.8946810843118497,0.946393583654448,0.8918439078683568,0.14990309028407
RR,suppressed_vs_forgotten,correct_only,mean_difference,Qstar,each_layer,0.0,176,26,0.5996503496503498,0.5996503496503497,0.5996503496503497,,,,,,,,
RR,suppressed_vs_forgotten,correct_only,mean_difference,Qstar,each_layer,1.0,176,26,0.6428321678321679,0.5945148601398601,0.6796984265734266,,,,,,,,
RR,suppressed_vs_forgotten,correct_only,mean_difference,Qstar,each_layer,2.0,176,26,0.6516062062937062,0.6168378496503496,0.6786549388111888,,,,,,,,
RR,suppressed_vs_forgotten,correct_only,mean_difference,Qstar,each_layer,3.0,176,26,0.6518793706293706,0.6224814248251749,0.6750546328671329,,,,,,,,
RR,suppressed_vs_forgotten,correct_only,mean_difference,Qstar,each_layer,4.0,176,26,0.6393902972027973,0.6047366695804196,0.6612980769230768,,,,,,,,
RR,suppressed_vs_forgotten,correct_only,mean_difference,Qstar,each_layer,5.0,176,26,0.638395979020979,0.6029173951048951,0.6632867132867133,,,,,,,,
RR,suppressed_vs_forgotten,correct_only,mean_difference,Qstar,each_layer,6.0,176,26,0.648361013986014,0.6212631118881119,0.667455201048951,,,,,,,,
RR,suppressed_vs_forgotten,correct_only,mean_difference,Qstar,each_layer,7.0,176,26,0.6468968531468532,0.6243553321678322,0.6655430506993006,,,,,,,,
RR,suppressed_vs_forgotten,correct_only,mean_difference,Qstar,each_layer,8.0,176,26,0.6609812062937063,0.6318946678321679,0.6807255244755245,,,,,,,,
RR,suppressed_vs_forgotten,correct_only,mean_difference,Qstar,each_layer,9.0,176,26,0.671820367132867,0.6398164335664336,0.6935150786713287,,,,,,,,
RR,suppressed_vs_forgotten,correct_only,mean_difference,Qstar,each_layer,10.0,176,26,0.6710992132867133,0.6430124562937063,0.6942471590909091,,,,,,,,
RR,suppressed_vs_forgotten,correct_only,mean_difference,Qstar,each_layer,11.0,176,26,0.6811079545454545,0.6532779720279721,0.7027917395104896,,,,,,,,
RR,suppressed_vs_forgotten,correct_only,mean_difference,Qstar,each_layer,12.0,176,26,0.6776551573426572,0.6458205856643356,0.7005190122377623,,,,,,,,
RR,suppressed_vs_forgotten,correct_only,mean_difference,Qstar,each_layer,13.0,176,26,0.6948754370629369,0.6615821678321678,0.7219241695804195,,,,,,,,
RR,suppressed_vs_forgotten,correct_only,mean_difference,Qstar,each_layer,14.0,176,26,0.7078125,0.6799169580419581,0.7336538461538461,,,,,,,,
RR,suppressed_vs_forgotten,correct_only,mean_difference,Qstar,each_layer,15.0,176,26,0.6888876748251749,0.6619755244755244,0.7180343094405595,,,,,,,,
RR,suppressed_vs_forgotten,correct_only,mean_difference,Qstar,each_layer,16.0,176,26,0.6806271853146854,0.6475087412587412,0.7106588723776224,,,,,,,,
RR,suppressed_vs_forgotten,correct_only,mean_difference,Qstar,each_layer,17.0,176,26,0.6540428321678322,0.6153518356643356,0.6858883304195804,,,,,,,,
RR,suppressed_vs_forgotten,correct_only,mean_difference,Qstar,each_layer,18.0,176,26,0.6030048076923078,0.5657615821678321,0.6349595716783216,,,,,,,,
RR,suppressed_vs_forgotten,correct_only,mean_difference,Qstar,each_layer,19.0,176,26,0.5857736013986015,0.5562554632867133,0.6123907342657343,,,,,,,,
RR,suppressed_vs_forgotten,correct_only,mean_difference,Qstar,each_layer,20.0,176,26,0.5772836538461539,0.5440067744755245,0.6058347902097903,,,,,,,,
RR,suppressed_vs_forgotten,correct_only,mean_difference,Qstar,each_layer,21.0,176,26,0.5682583041958043,0.5331184440559441,0.5981643356643357,,,,,,,,
RR,suppressed_vs_forgotten,correct_only,mean_difference,Qstar,each_layer,22.0,176,26,0.5695804195804195,0.5345935314685315,0.5996612762237762,,,,,,,,
RR,suppressed_vs_forgotten,correct_only,mean_difference,Qstar,each_layer,23.0,176,26,0.5655812937062937,0.5324847027972028,0.5944656905594405,,,,,,,,
RR,suppressed_vs_forgotten,correct_only,mean_difference,Qstar,each_layer,24.0,176,26,0.562139423076923,0.5277097902097903,0.5919034090909091,,,,,,,,
RR,suppressed_vs_forgotten,correct_only,mean_difference,Qstar,each_layer,25.0,176,26,0.5619973776223776,0.5293214597902098,0.5911330856643356,,,,,,,,
RR,suppressed_vs_forgotten,correct_only,mean_difference,Qstar,each_layer,26.0,176,26,0.5639532342657342,0.5323208041958042,0.5925972465034965,,,,,,,,
RR,suppressed_vs_forgotten,correct_only,mean_difference,Qstar,each_layer,27.0,176,26,0.5633413461538461,0.5314576048951049,0.5884670017482517,,,,,,,,
RR,suppressed_vs_forgotten,correct_only,mean_difference,Qstar,each_layer,28.0,176,26,0.5638439685314685,0.5342875874125874,0.5899147727272727,,,,,,,,
RR,suppressed_vs_forgotten,correct_only,mean_difference,Qstar,each_layer,29.0,176,26,0.5621831293706293,0.5297913024475525,0.5894503933566434,,,,,,,,
RR,suppressed_vs_forgotten,correct_only,mean_difference,Qstar,each_layer,30.0,176,26,0.5603911713286713,0.5292722902097902,0.5879370629370629,,,,,,,,
RR,suppressed_vs_forgotten,correct_only,mean_difference,Qstar,each_layer,31.0,176,26,0.560041520979021,0.5308020104895105,0.5851890297202798,,,,,,,,
RR,suppressed_vs_forgotten,correct_only,mean_difference,Qstar,each_layer,32.0,176,26,0.5625546328671328,0.5319656905594405,0.5844405594405595,,,,,,,,
RR,suppressed_vs_forgotten,mean_all_choices,mean_difference,Qstar,per_fold_selected,11.9,176,26,0.6077687937062937,0.5139942089160839,0.6885052447552447,0.515450174825175,0.4886363636363636,0.5314302884615385,0.8830766141364215,0.8477137326455125,0.92088347191588,0.4053507015531103,0.1137872829185816
RR,suppressed_vs_forgotten,mean_all_choices,logistic_regression,Qstar,per_fold_selected,11.9,176,26,0.6007539335664336,0.5584380463286713,0.6655430506993008,0.551409527972028,0.5050426136363636,0.606288243006993,0.8954752521541703,0.8692271688758784,0.9192154538150548,0.8843940549434374,0.1449655774039579
RR,suppressed_vs_forgotten,mean_all_choices,mean_difference,Qstar,each_layer,0.0,176,26,0.5996503496503498,0.5996503496503497,0.5996503496503497,,,,,,,,
RR,suppressed_vs_forgotten,mean_all_choices,mean_difference,Qstar,each_layer,1.0,176,26,0.615340909090909,0.5418870192307692,0.6552884615384615,,,,,,,,
RR,suppressed_vs_forgotten,mean_all_choices,mean_difference,Qstar,each_layer,2.0,176,26,0.6232408216783216,0.5576813811188811,0.6605113636363636,,,,,,,,
RR,suppressed_vs_forgotten,mean_all_choices,mean_difference,Qstar,each_layer,3.0,176,26,0.6239182692307692,0.5634724650349651,0.6579053758741259,,,,,,,,
RR,suppressed_vs_forgotten,mean_all_choices,mean_difference,Qstar,each_layer,4.0,176,26,0.6057255244755245,0.5458205856643357,0.6463341346153846,,,,,,,,
RR,suppressed_vs_forgotten,mean_all_choices,mean_difference,Qstar,each_layer,5.0,176,26,0.6065013111888111,0.5493553321678322,0.6437062937062936,,,,,,,,
RR,suppressed_vs_forgotten,mean_all_choices,mean_difference,Qstar,each_layer,6.0,176,26,0.6172312062937062,0.5693946678321679,0.6526934003496504,,,,,,,,
RR,suppressed_vs_forgotten,mean_all_choices,mean_difference,Qstar,each_layer,7.0,176,26,0.6179742132867133,0.5682200611888112,0.6492296765734266,,,,,,,,
RR,suppressed_vs_forgotten,mean_all_choices,mean_difference,Qstar,each_layer,8.0,176,26,0.6449519230769231,0.595028409090909,0.6733719405594405,,,,,,,,
RR,suppressed_vs_forgotten,mean_all_choices,mean_difference,Qstar,each_layer,9.0,176,26,0.6545017482517482,0.6026496940559442,0.6866477272727273,,,,,,,,
RR,suppressed_vs_forgotten,mean_all_choices,mean_difference,Qstar,each_layer,10.0,176,26,0.6514641608391609,0.6035893793706294,0.6836593094405594,,,,,,,,
RR,suppressed_vs_forgotten,mean_all_choices,mean_difference,Qstar,each_layer,11.0,176,26,0.6584462412587413,0.6143411276223777,0.6901770104895105,,,,,,,,
RR,suppressed_vs_forgotten,mean_all_choices,mean_difference,Qstar,each_layer,12.0,176,26,0.6502950174825175,0.6034746503496503,0.6829545454545455,,,,,,,,
RR,suppressed_vs_forgotten,mean_all_choices,mean_difference,Qstar,each_layer,13.0,176,26,0.6583697552447553,0.607697770979021,0.695388986013986,,,,,,,,
RR,suppressed_vs_forgotten,mean_all_choices,mean_difference,Qstar,each_layer,14.0,176,26,0.672312062937063,0.6241586538461538,0.7065668706293706,,,,,,,,
RR,suppressed_vs_forgotten,mean_all_choices,mean_difference,Qstar,each_layer,15.0,176,26,0.645006555944056,0.5931654283216783,0.6826923076923077,,,,,,,,
RR,suppressed_vs_forgotten,mean_all_choices,mean_difference,Qstar,each_layer,16.0,176,26,0.63125,0.5506610576923077,0.6819602272727273,,,,,,,,
RR,suppressed_vs_forgotten,mean_all_choices,mean_difference,Qstar,each_layer,17.0,176,26,0.6028736888111887,0.4902425699300699,0.6741641171328672,,,,,,,,
RR,suppressed_vs_forgotten,mean_all_choices,mean_difference,Qstar,each_layer,18.0,176,26,0.5340362762237761,0.3898000437062937,0.618389423076923,,,,,,,,
RR,suppressed_vs_forgotten,mean_all_choices,mean_difference,Qstar,each_layer,19.0,176,26,0.5085118006993007,0.3590253496503496,0.596208479020979,,,,,,,,
RR,suppressed_vs_forgotten,mean_all_choices,mean_difference,Qstar,each_layer,20.0,176,26,0.4917722902097902,0.354326923076923,0.5770651223776223,,,,,,,,
RR,suppressed_vs_forgotten,mean_all_choices,mean_difference,Qstar,each_layer,21.0,176,26,0.4742569930069931,0.3442471590909091,0.5580364947552447,,,,,,,,
RR,suppressed_vs_forgotten,mean_all_choices,mean_difference,Qstar,each_layer,22.0,176,26,0.4695585664335664,0.3395159527972028,0.5523382867132867,,,,,,,,
RR,suppressed_vs_forgotten,mean_all_choices,mean_difference,Qstar,each_layer,23.0,176,26,0.456479458041958,0.3311461975524475,0.5363199300699301,,,,,,,,
RR,suppressed_vs_forgotten,mean_all_choices,mean_difference,Qstar,each_layer,24.0,176,26,0.452687937062937,0.3292996066433566,0.5320203234265733,,,,,,,,
RR,suppressed_vs_forgotten,mean_all_choices,mean_difference,Qstar,each_layer,25.0,176,26,0.4507102272727272,0.3291466346153845,0.5290756118881119,,,,,,,,
RR,suppressed_vs_forgotten,mean_all_choices,mean_difference,Qstar,each_layer,26.0,176,26,0.4493881118881118,0.3275404283216783,0.5279829545454545,,,,,,,,
RR,suppressed_vs_forgotten,mean_all_choices,mean_difference,Qstar,each_layer,27.0,176,26,0.4412805944055943,0.3219023164335664,0.5192362325174825,,,,,,,,
RR,suppressed_vs_forgotten,mean_all_choices,mean_difference,Qstar,each_layer,28.0,176,26,0.4450721153846153,0.3277152534965035,0.522426791958042,,,,,,,,
RR,suppressed_vs_forgotten,mean_all_choices,mean_difference,Qstar,each_layer,29.0,176,26,0.4459243881118881,0.326010708041958,0.5250273164335664,,,,,,,,
RR,suppressed_vs_forgotten,mean_all_choices,mean_difference,Qstar,each_layer,30.0,176,26,0.4490275349650349,0.3289281031468531,0.5289390297202797,,,,,,,,
RR,suppressed_vs_forgotten,mean_all_choices,mean_difference,Qstar,each_layer,31.0,176,26,0.4626420454545454,0.3432910839160839,0.5383140297202798,,,,,,,,
RR,suppressed_vs_forgotten,mean_all_choices,mean_difference,Qstar,each_layer,32.0,176,26,0.4783435314685315,0.3610030594405594,0.5555397727272727,,,,,,,,
RR,suppressed_vs_forgotten,correct_minus_mean_wrong,mean_difference,Qstar,per_fold_selected,10.5,176,26,0.6882648601398602,0.6103747814685315,0.7458970716783218,0.5372377622377622,0.4941761363636363,0.5740220716783216,0.9236156848530817,0.9004356560058183,0.9450491339741032,0.3948856039942541,0.1077881421800218
RR,suppressed_vs_forgotten,correct_minus_mean_wrong,logistic_regression,Qstar,per_fold_selected,10.5,176,26,0.6993662587412588,0.6414117132867133,0.7703562062937063,0.5757539335664336,0.5157342657342657,0.6448098776223776,0.9358877182415636,0.9209803996552464,0.9490907722551276,0.7284725380938804,0.1310733287822711
RR,suppressed_vs_forgotten,correct_minus_mean_wrong,mean_difference,Qstar,each_layer,0.0,176,26,0.5996503496503498,0.5996503496503497,0.5996503496503497,,,,,,,,
RR,suppressed_vs_forgotten,correct_minus_mean_wrong,mean_difference,Qstar,each_layer,1.0,176,26,0.7071787587412587,0.6699956293706294,0.7329108391608392,,,,,,,,
RR,suppressed_vs_forgotten,correct_minus_mean_wrong,mean_difference,Qstar,each_layer,2.0,176,26,0.692777534965035,0.6713723776223776,0.7075010926573426,,,,,,,,
RR,suppressed_vs_forgotten,correct_minus_mean_wrong,mean_difference,Qstar,each_layer,3.0,176,26,0.6822115384615385,0.6643520541958042,0.7008413461538462,,,,,,,,
RR,suppressed_vs_forgotten,correct_minus_mean_wrong,mean_difference,Qstar,each_layer,4.0,176,26,0.6966564685314685,0.6788789335664336,0.7114073426573426,,,,,,,,
RR,suppressed_vs_forgotten,correct_minus_mean_wrong,mean_difference,Qstar,each_layer,5.0,176,26,0.7046000874125874,0.6838505244755245,0.7242460664335665,,,,,,,,
RR,suppressed_vs_forgotten,correct_minus_mean_wrong,mean_difference,Qstar,each_layer,6.0,176,26,0.7075721153846154,0.6909527972027972,0.7268957604895104,,,,,,,,
RR,suppressed_vs_forgotten,correct_minus_mean_wrong,mean_difference,Qstar,each_layer,7.0,176,26,0.6860249125874126,0.6576813811188812,0.7108118444055944,,,,,,,,
RR,suppressed_vs_forgotten,correct_minus_mean_wrong,mean_difference,Qstar,each_layer,8.0,176,26,0.7428212412587413,0.7231588723776223,0.7610085227272727,,,,,,,,
RR,suppressed_vs_forgotten,correct_minus_mean_wrong,mean_difference,Qstar,each_layer,9.0,176,26,0.7366914335664336,0.7161604020979021,0.7519503933566434,,,,,,,,
RR,suppressed_vs_forgotten,correct_minus_mean_wrong,mean_difference,Qstar,each_layer,10.0,176,26,0.7199082167832168,0.6928321678321678,0.7448098776223776,,,,,,,,
RR,suppressed_vs_forgotten,correct_minus_mean_wrong,mean_difference,Qstar,each_layer,11.0,176,26,0.7234921328671329,0.7056545017482517,0.7379261363636364,,,,,,,,
RR,suppressed_vs_forgotten,correct_minus_mean_wrong,mean_difference,Qstar,each_layer,12.0,176,26,0.7095607517482518,0.6786166958041958,0.7310861013986014,,,,,,,,
RR,suppressed_vs_forgotten,correct_minus_mean_wrong,mean_difference,Qstar,each_layer,13.0,176,26,0.6977054195804197,0.678277972027972,0.7215362762237763,,,,,,,,
RR,suppressed_vs_forgotten,correct_minus_mean_wrong,mean_difference,Qstar,each_layer,14.0,176,26,0.6915537587412587,0.6659254807692307,0.7140625,,,,,,,,
RR,suppressed_vs_forgotten,correct_minus_mean_wrong,mean_difference,Qstar,each_layer,15.0,176,26,0.6797639860139861,0.6551737325174825,0.6965745192307692,,,,,,,,
RR,suppressed_vs_forgotten,correct_minus_mean_wrong,mean_difference,Qstar,each_layer,16.0,176,26,0.6471700174825175,0.6174606643356644,0.6711046765734267,,,,,,,,
RR,suppressed_vs_forgotten,correct_minus_mean_wrong,mean_difference,Qstar,each_layer,17.0,176,26,0.6205965909090909,0.5793050699300699,0.6490985576923076,,,,,,,,
RR,suppressed_vs_forgotten,correct_minus_mean_wrong,mean_difference,Qstar,each_layer,18.0,176,26,0.5934768356643356,0.5482736013986014,0.6232790646853147,,,,,,,,
RR,suppressed_vs_forgotten,correct_minus_mean_wrong,mean_difference,Qstar,each_layer,19.0,176,26,0.5899694055944056,0.549295236013986,0.613871284965035,,,,,,,,
RR,suppressed_vs_forgotten,correct_minus_mean_wrong,mean_difference,Qstar,each_layer,20.0,176,26,0.5817307692307694,0.5424114947552447,0.6076649912587413,,,,,,,,
RR,suppressed_vs_forgotten,correct_minus_mean_wrong,mean_difference,Qstar,each_layer,21.0,176,26,0.5755354020979021,0.5328288898601399,0.6069984702797203,,,,,,,,
RR,suppressed_vs_forgotten,correct_minus_mean_wrong,mean_difference,Qstar,each_layer,22.0,176,26,0.5775131118881119,0.5387893356643356,0.6078452797202797,,,,,,,,
RR,suppressed_vs_forgotten,correct_minus_mean_wrong,mean_difference,Qstar,each_layer,23.0,176,26,0.5765734265734266,0.5366859702797203,0.6066160402097902,,,,,,,,
RR,suppressed_vs_forgotten,correct_minus_mean_wrong,mean_difference,Qstar,each_layer,24.0,176,26,0.5761800699300699,0.5357517482517482,0.6069711538461539,,,,,,,,
RR,suppressed_vs_forgotten,correct_minus_mean_wrong,mean_difference,Qstar,each_layer,25.0,176,26,0.5724322552447553,0.530031687062937,0.6056162587412588,,,,,,,,
RR,suppressed_vs_forgotten,correct_minus_mean_wrong,mean_difference,Qstar,each_layer,26.0,176,26,0.5748361013986013,0.5346208479020979,0.6060861013986014,,,,,,,,
RR,suppressed_vs_forgotten,correct_minus_mean_wrong,mean_difference,Qstar,each_layer,27.0,176,26,0.5750109265734266,0.5346317744755245,0.6065231643356643,,,,,,,,
RR,suppressed_vs_forgotten,correct_minus_mean_wrong,mean_difference,Qstar,each_layer,28.0,176,26,0.5727928321678322,0.5324246066433567,0.6050152972027972,,,,,,,,
RR,suppressed_vs_forgotten,correct_minus_mean_wrong,mean_difference,Qstar,each_layer,29.0,176,26,0.5720935314685315,0.5313319493006993,0.6040155157342657,,,,,,,,
RR,suppressed_vs_forgotten,correct_minus_mean_wrong,mean_difference,Qstar,each_layer,30.0,176,26,0.5678977272727275,0.5226289335664336,0.6020596590909091,,,,,,,,
RR,suppressed_vs_forgotten,correct_minus_mean_wrong,mean_difference,Qstar,each_layer,31.0,176,26,0.566215034965035,0.5189084353146853,0.6026114510489511,,,,,,,,
RR,suppressed_vs_forgotten,correct_minus_mean_wrong,mean_difference,Qstar,each_layer,32.0,176,26,0.5598994755244755,0.5076868444055944,0.6013111888111888,,,,,,,,
RR,suppressed_vs_retained,correct_only,mean_difference,Qstar,per_fold_selected,7.0,176,425,0.5652192513368983,0.5131550802139038,0.5971099598930482,0.5054481951871657,0.4969241310160427,0.5126201537433155,0.3476277173622515,0.3028614148637158,0.373776857063206,0.6020529873365447,0.2059465544050415
RR,suppressed_vs_retained,correct_only,logistic_regression,Qstar,per_fold_selected,7.0,176,425,0.5200086898395722,0.4908205213903743,0.5593068181818182,0.511259692513369,0.4863626336898395,0.5492972927807487,0.3117555446780179,0.2882751168296522,0.3461772346165237,3.0503150199192186,0.3618593708526196
RR,suppressed_vs_retained,correct_only,mean_difference,Qstar,each_layer,0.0,176,425,0.5416176470588234,0.5416176470588235,0.5416176470588235,,,,,,,,
RR,suppressed_vs_retained,correct_only,mean_difference,Qstar,each_layer,1.0,176,425,0.5844939839572193,0.5703502673796791,0.5939451871657754,,,,,,,,
RR,suppressed_vs_retained,correct_only,mean_difference,Qstar,each_layer,2.0,176,425,0.5850073529411765,0.5712426470588235,0.5945467914438503,,,,,,,,
RR,suppressed_vs_retained,correct_only,mean_difference,Qstar,each_layer,3.0,176,425,0.585442513368984,0.5720180481283422,0.5943549465240642,,,,,,,,
RR,suppressed_vs_retained,correct_only,mean_difference,Qstar,each_layer,4.0,176,425,0.5682379679144385,0.5518880347593583,0.5781270053475936,,,,,,,,
RR,suppressed_vs_retained,correct_only,mean_difference,Qstar,each_layer,5.0,176,425,0.5508335561497326,0.5286651069518716,0.5623643048128343,,,,,,,,
RR,suppressed_vs_retained,correct_only,mean_difference,Qstar,each_layer,6.0,176,425,0.547322860962567,0.5245842245989305,0.5581854946524064,,,,,,,,
RR,suppressed_vs_retained,correct_only,mean_difference,Qstar,each_layer,7.0,176,425,0.540995989304813,0.5204749331550802,0.5512951203208556,,,,,,,,
RR,suppressed_vs_retained,correct_only,mean_difference,Qstar,each_layer,8.0,176,425,0.5434993315508022,0.5251223262032085,0.5555370989304812,,,,,,,,
RR,suppressed_vs_retained,correct_only,mean_difference,Qstar,each_layer,9.0,176,425,0.5386450534759357,0.520230949197861,0.5495571524064171,,,,,,,,
RR,suppressed_vs_retained,correct_only,mean_difference,Qstar,each_layer,10.0,176,425,0.5422406417112299,0.5234739304812834,0.5532901069518716,,,,,,,,
RR,suppressed_vs_retained,correct_only,mean_difference,Qstar,each_layer,11.0,176,425,0.5382854278074867,0.5163736631016043,0.5529247994652406,,,,,,,,
RR,suppressed_vs_retained,correct_only,mean_difference,Qstar,each_layer,12.0,176,425,0.5381811497326203,0.518105614973262,0.5525985962566845,,,,,,,,
RR,suppressed_vs_retained,correct_only,mean_difference,Qstar,each_layer,13.0,176,425,0.5425608288770053,0.5163001336898396,0.560149064171123,,,,,,,,
RR,suppressed_vs_retained,correct_only,mean_difference,Qstar,each_layer,14.0,176,425,0.5296537433155081,0.5017586898395722,0.5474171122994652,,,,,,,,
RR,suppressed_vs_retained,correct_only,mean_difference,Qstar,each_layer,15.0,176,425,0.522053475935829,0.4925614973262032,0.5410504679144384,,,,,,,,
RR,suppressed_vs_retained,correct_only,mean_difference,Qstar,each_layer,16.0,176,425,0.5221778074866311,0.4953131684491978,0.5399458556149733,,,,,,,,
RR,suppressed_vs_retained,correct_only,mean_difference,Qstar,each_layer,17.0,176,425,0.5191169786096257,0.4874385026737968,0.5375798796791443,,,,,,,,
RR,suppressed_vs_retained,correct_only,mean_difference,Qstar,each_layer,18.0,176,425,0.5154966577540108,0.4812774064171123,0.5347169117647058,,,,,,,,
RR,suppressed_vs_retained,correct_only,mean_difference,Qstar,each_layer,19.0,176,425,0.5119251336898395,0.4791821524064171,0.5296848262032086,,,,,,,,
RR,suppressed_vs_retained,correct_only,mean_difference,Qstar,each_layer,20.0,176,425,0.5096905080213904,0.4773562834224599,0.5275123663101604,,,,,,,,
RR,suppressed_vs_retained,correct_only,mean_difference,Qstar,each_layer,21.0,176,425,0.506389705882353,0.4747409759358288,0.5246901737967914,,,,,,,,
RR,suppressed_vs_retained,correct_only,mean_difference,Qstar,each_layer,22.0,176,425,0.5069064171122994,0.4754639037433155,0.525485628342246,,,,,,,,
RR,suppressed_vs_retained,correct_only,mean_difference,Qstar,each_layer,23.0,176,425,0.5067346256684491,0.4762723930481283,0.5245554812834224,,,,,,,,
RR,suppressed_vs_retained,correct_only,mean_difference,Qstar,each_layer,24.0,176,425,0.5056370320855615,0.4751794786096256,0.5240952540106952,,,,,,,,
RR,suppressed_vs_retained,correct_only,mean_difference,Qstar,each_layer,25.0,176,425,0.5070133689839572,0.4789100935828877,0.5240658422459893,,,,,,,,
RR,suppressed_vs_retained,correct_only,mean_difference,Qstar,each_layer,26.0,176,425,0.5080287433155081,0.4797536764705882,0.5247911096256684,,,,,,,,
RR,suppressed_vs_retained,correct_only,mean_difference,Qstar,each_layer,27.0,176,425,0.5080708556149733,0.4804174465240641,0.5242677139037433,,,,,,,,
RR,suppressed_vs_retained,correct_only,mean_difference,Qstar,each_layer,28.0,176,425,0.5082807486631017,0.4804608957219251,0.5243208556149732,,,,,,,,
RR,suppressed_vs_retained,correct_only,mean_difference,Qstar,each_layer,29.0,176,425,0.5080100267379678,0.4802329545454545,0.5238913770053476,,,,,,,,
RR,suppressed_vs_retained,correct_only,mean_difference,Qstar,each_layer,30.0,176,425,0.5078008021390374,0.4788816844919786,0.524019719251337,,,,,,,,
RR,suppressed_vs_retained,correct_only,mean_difference,Qstar,each_layer,31.0,176,425,0.5087259358288769,0.480413435828877,0.5235317513368983,,,,,,,,
RR,suppressed_vs_retained,correct_only,mean_difference,Qstar,each_layer,32.0,176,425,0.5137299465240641,0.4953790106951871,0.5260294117647059,,,,,,,,
RR,suppressed_vs_retained,mean_all_choices,mean_difference,Qstar,per_fold_selected,7.8,176,425,0.5591771390374333,0.5150728609625669,0.5785778743315508,0.5045514705882352,0.4970018382352941,0.5106387032085561,0.338414758088854,0.3039462471516809,0.3591583632037867,0.6032948470501618,0.2067799082340892
RR,suppressed_vs_retained,mean_all_choices,logistic_regression,Qstar,per_fold_selected,7.8,176,425,0.5252613636363637,0.4914642379679144,0.565082219251337,0.5114893048128342,0.4679329879679144,0.5533602941176471,0.3140196238822808,0.2810088970704082,0.3469226499440609,2.826776274041147,0.3607212942021258
RR,suppressed_vs_retained,mean_all_choices,mean_difference,Qstar,each_layer,0.0,176,425,0.5416176470588234,0.5416176470588235,0.5416176470588235,,,,,,,,
RR,suppressed_vs_retained,mean_all_choices,mean_difference,Qstar,each_layer,1.0,176,425,0.5749244652406417,0.554692179144385,0.5842129010695187,,,,,,,,
RR,suppressed_vs_retained,mean_all_choices,mean_difference,Qstar,each_layer,2.0,176,425,0.577250668449198,0.5582132352941177,0.5858539438502673,,,,,,,,
RR,suppressed_vs_retained,mean_all_choices,mean_difference,Qstar,each_layer,3.0,176,425,0.5792546791443851,0.563442513368984,0.5874451871657754,,,,,,,,
RR,suppressed_vs_retained,mean_all_choices,mean_difference,Qstar,each_layer,4.0,176,425,0.5706143048128343,0.5548188502673798,0.5780625,,,,,,,,
RR,suppressed_vs_retained,mean_all_choices,mean_difference,Qstar,each_layer,5.0,176,425,0.5584558823529411,0.5364395053475935,0.5668636363636363,,,,,,,,
RR,suppressed_vs_retained,mean_all_choices,mean_difference,Qstar,each_layer,6.0,176,425,0.5576029411764707,0.5331881684491979,0.5664204545454546,,,,,,,,
RR,suppressed_vs_retained,mean_all_choices,mean_difference,Qstar,each_layer,7.0,176,425,0.5531169786096255,0.5323749999999999,0.5616427139037433,,,,,,,,
RR,suppressed_vs_retained,mean_all_choices,mean_difference,Qstar,each_layer,8.0,176,425,0.5597733957219252,0.5411667780748664,0.5692810828877005,,,,,,,,
RR,suppressed_vs_retained,mean_all_choices,mean_difference,Qstar,each_layer,9.0,176,425,0.5546009358288769,0.5370972593582888,0.5633161764705883,,,,,,,,
RR,suppressed_vs_retained,mean_all_choices,mean_difference,Qstar,each_layer,10.0,176,425,0.5564585561497325,0.5382169117647059,0.5658459224598931,,,,,,,,
RR,suppressed_vs_retained,mean_all_choices,mean_difference,Qstar,each_layer,11.0,176,425,0.5556691176470588,0.5342944518716578,0.5680401069518717,,,,,,,,
RR,suppressed_vs_retained,mean_all_choices,mean_difference,Qstar,each_layer,12.0,176,425,0.5548562834224599,0.5354919786096256,0.5687553475935829,,,,,,,,
RR,suppressed_vs_retained,mean_all_choices,mean_difference,Qstar,each_layer,13.0,176,425,0.5617560160427808,0.537250334224599,0.577735628342246,,,,,,,,
RR,suppressed_vs_retained,mean_all_choices,mean_difference,Qstar,each_layer,14.0,176,425,0.5617974598930482,0.5396363636363637,0.5795604946524063,,,,,,,,
RR,suppressed_vs_retained,mean_all_choices,mean_difference,Qstar,each_layer,15.0,176,425,0.5594271390374331,0.5380040106951872,0.5770932486631016,,,,,,,,
RR,suppressed_vs_retained,mean_all_choices,mean_difference,Qstar,each_layer,16.0,176,425,0.5533482620320855,0.5312346256684493,0.5753325534759358,,,,,,,,
RR,suppressed_vs_retained,mean_all_choices,mean_difference,Qstar,each_layer,17.0,176,425,0.5456243315508021,0.5244849598930481,0.5665591577540107,,,,,,,,
RR,suppressed_vs_retained,mean_all_choices,mean_difference,Qstar,each_layer,18.0,176,425,0.5287794117647059,0.5091975267379679,0.5437550133689839,,,,,,,,
RR,suppressed_vs_retained,mean_all_choices,mean_difference,Qstar,each_layer,19.0,176,425,0.5232192513368984,0.5034642379679144,0.5381356951871659,,,,,,,,
RR,suppressed_vs_retained,mean_all_choices,mean_difference,Qstar,each_layer,20.0,176,425,0.5210915775401069,0.500927807486631,0.5365564839572192,,,,,,,,
RR,suppressed_vs_retained,mean_all_choices,mean_difference,Qstar,each_layer,21.0,176,425,0.517220588235294,0.4949491978609626,0.5340608288770053,,,,,,,,
RR,suppressed_vs_retained,mean_all_choices,mean_difference,Qstar,each_layer,22.0,176,425,0.5173616310160428,0.4962817513368983,0.5335106951871658,,,,,,,,
RR,suppressed_vs_retained,mean_all_choices,mean_difference,Qstar,each_layer,23.0,176,425,0.5171102941176471,0.4964562165775401,0.5326333556149733,,,,,,,,
RR,suppressed_vs_retained,mean_all_choices,mean_difference,Qstar,each_layer,24.0,176,425,0.5175755347593582,0.4969969919786096,0.5325989304812834,,,,,,,,
RR,suppressed_vs_retained,mean_all_choices,mean_difference,Qstar,each_layer,25.0,176,425,0.5182339572192514,0.4967459893048128,0.5327419786096257,,,,,,,,
RR,suppressed_vs_retained,mean_all_choices,mean_difference,Qstar,each_layer,26.0,176,425,0.5184759358288771,0.4973419117647059,0.532879679144385,,,,,,,,
RR,suppressed_vs_retained,mean_all_choices,mean_difference,Qstar,each_layer,27.0,176,425,0.5184024064171122,0.4984401737967914,0.5319966577540107,,,,,,,,
RR,suppressed_vs_retained,mean_all_choices,mean_difference,Qstar,each_layer,28.0,176,425,0.5196356951871658,0.4990748663101604,0.5330551470588235,,,,,,,,
RR,suppressed_vs_retained,mean_all_choices,mean_difference,Qstar,each_layer,29.0,176,425,0.5193268716577542,0.5010003342245989,0.5318973930481283,,,,,,,,
RR,suppressed_vs_retained,mean_all_choices,mean_difference,Qstar,each_layer,30.0,176,425,0.5184558823529412,0.4987590240641711,0.530610294117647,,,,,,,,
RR,suppressed_vs_retained,mean_all_choices,mean_difference,Qstar,each_layer,31.0,176,425,0.5184090909090908,0.4975985962566845,0.5306547459893048,,,,,,,,
RR,suppressed_vs_retained,mean_all_choices,mean_difference,Qstar,each_layer,32.0,176,425,0.5196671122994652,0.4963248663101604,0.5325865641711229,,,,,,,,
RR,suppressed_vs_retained,correct_minus_mean_wrong,mean_difference,Qstar,per_fold_selected,10.3,176,425,0.5269759358288771,0.4951804812834224,0.5549809491978609,0.508591577540107,0.4854436831550802,0.5254889705882353,0.3202099840377763,0.2914395291812,0.3438350339518157,0.6345489202356674,0.2172547173088622
RR,suppressed_vs_retained,correct_minus_mean_wrong,logistic_regression,Qstar,per_fold_selected,10.3,176,425,0.549624331550802,0.5136808155080214,0.6011510695187166,0.5233118315508021,0.4821719585561497,0.5716072860962567,0.3291860413378263,0.2972219818660417,0.3635623294873327,2.973765943291166,0.3533704903227247
RR,suppressed_vs_retained,correct_minus_mean_wrong,mean_difference,Qstar,each_layer,0.0,176,425,0.5416176470588234,0.5416176470588235,0.5416176470588235,,,,,,,,
RR,suppressed_vs_retained,correct_minus_mean_wrong,mean_difference,Qstar,each_layer,1.0,176,425,0.5525347593582887,0.5196326871657754,0.5758940508021391,,,,,,,,
RR,suppressed_vs_retained,correct_minus_mean_wrong,mean_difference,Qstar,each_layer,2.0,176,425,0.5445541443850268,0.511899398395722,0.5802032085561497,,,,,,,,
RR,suppressed_vs_retained,correct_minus_mean_wrong,mean_difference,Qstar,each_layer,3.0,176,425,0.5371945187165774,0.5071052807486631,0.5675434491978609,,,,,,,,
RR,suppressed_vs_retained,correct_minus_mean_wrong,mean_difference,Qstar,each_layer,4.0,176,425,0.524442513368984,0.5042322860962567,0.543394385026738,,,,,,,,
RR,suppressed_vs_retained,correct_minus_mean_wrong,mean_difference,Qstar,each_layer,5.0,176,425,0.5259070855614973,0.5108358957219251,0.5435785427807487,,,,,,,,
RR,suppressed_vs_retained,correct_minus_mean_wrong,mean_difference,Qstar,each_layer,6.0,176,425,0.5168148395721925,0.4943475935828876,0.5390999331550802,,,,,,,,
RR,suppressed_vs_retained,correct_minus_mean_wrong,mean_difference,Qstar,each_layer,7.0,176,425,0.5115213903743315,0.4953880347593583,0.5404792780748663,,,,,,,,
RR,suppressed_vs_retained,correct_minus_mean_wrong,mean_difference,Qstar,each_layer,8.0,176,425,0.5278308823529412,0.5043382352941177,0.5512329545454545,,,,,,,,
RR,suppressed_vs_retained,correct_minus_mean_wrong,mean_difference,Qstar,each_layer,9.0,176,425,0.5320140374331551,0.5004431818181818,0.5609893048128342,,,,,,,,
RR,suppressed_vs_retained,correct_minus_mean_wrong,mean_difference,Qstar,each_layer,10.0,176,425,0.5254692513368984,0.4908475935828877,0.5564244652406417,,,,,,,,
RR,suppressed_vs_retained,correct_minus_mean_wrong,mean_difference,Qstar,each_layer,11.0,176,425,0.5575594919786097,0.5166794786096257,0.5798803475935829,,,,,,,,
RR,suppressed_vs_retained,correct_minus_mean_wrong,mean_difference,Qstar,each_layer,12.0,176,425,0.5604585561497326,0.52207185828877,0.5818422459893048,,,,,,,,
RR,suppressed_vs_retained,correct_minus_mean_wrong,mean_difference,Qstar,each_layer,13.0,176,425,0.5491617647058824,0.508490307486631,0.5698686497326203,,,,,,,,
RR,suppressed_vs_retained,correct_minus_mean_wrong,mean_difference,Qstar,each_layer,14.0,176,425,0.5343181818181818,0.5000421122994653,0.5507232620320855,,,,,,,,
RR,suppressed_vs_retained,correct_minus_mean_wrong,mean_difference,Qstar,each_layer,15.0,176,425,0.5204986631016044,0.4948409090909091,0.5375437834224599,,,,,,,,
RR,suppressed_vs_retained,correct_minus_mean_wrong,mean_difference,Qstar,each_layer,16.0,176,425,0.5213816844919785,0.4901082887700534,0.5572630347593582,,,,,,,,
RR,suppressed_vs_retained,correct_minus_mean_wrong,mean_difference,Qstar,each_layer,17.0,176,425,0.5083850267379678,0.4746433823529412,0.5439448529411764,,,,,,,,
RR,suppressed_vs_retained,correct_minus_mean_wrong,mean_difference,Qstar,each_layer,18.0,176,425,0.4890447860962566,0.4558442513368984,0.5215290775401069,,,,,,,,
RR,suppressed_vs_retained,correct_minus_mean_wrong,mean_difference,Qstar,each_layer,19.0,176,425,0.4844766042780749,0.4526183155080214,0.518307486631016,,,,,,,,
RR,suppressed_vs_retained,correct_minus_mean_wrong,mean_difference,Qstar,each_layer,20.0,176,425,0.4839445187165775,0.4538927139037433,0.514610628342246,,,,,,,,
RR,suppressed_vs_retained,correct_minus_mean_wrong,mean_difference,Qstar,each_layer,21.0,176,425,0.4874338235294117,0.4587854278074866,0.5135441176470589,,,,,,,,
RR,suppressed_vs_retained,correct_minus_mean_wrong,mean_difference,Qstar,each_layer,22.0,176,425,0.4880086898395722,0.4587269385026738,0.5143920454545454,,,,,,,,
RR,suppressed_vs_retained,correct_minus_mean_wrong,mean_difference,Qstar,each_layer,23.0,176,425,0.4894598930481283,0.4613860294117647,0.5143051470588236,,,,,,,,
RR,suppressed_vs_retained,correct_minus_mean_wrong,mean_difference,Qstar,each_layer,24.0,176,425,0.4916136363636363,0.4647252673796791,0.5153619652406417,,,,,,,,
RR,suppressed_vs_retained,correct_minus_mean_wrong,mean_difference,Qstar,each_layer,25.0,176,425,0.4928602941176471,0.4669849598930481,0.5164876336898395,,,,,,,,
RR,suppressed_vs_retained,correct_minus_mean_wrong,mean_difference,Qstar,each_layer,26.0,176,425,0.4921878342245988,0.4665524732620321,0.5154461898395722,,,,,,,,
RR,suppressed_vs_retained,correct_minus_mean_wrong,mean_difference,Qstar,each_layer,27.0,176,425,0.4924872994652406,0.4672075534759358,0.5157827540106952,,,,,,,,
RR,suppressed_vs_retained,correct_minus_mean_wrong,mean_difference,Qstar,each_layer,28.0,176,425,0.4942139037433154,0.4684314839572192,0.5174341577540107,,,,,,,,
RR,suppressed_vs_retained,correct_minus_mean_wrong,mean_difference,Qstar,each_layer,29.0,176,425,0.4955534759358289,0.4700741978609625,0.5183038101604278,,,,,,,,
RR,suppressed_vs_retained,correct_minus_mean_wrong,mean_difference,Qstar,each_layer,30.0,176,425,0.4992707219251337,0.475797794117647,0.5202369652406417,,,,,,,,
RR,suppressed_vs_retained,correct_minus_mean_wrong,mean_difference,Qstar,each_layer,31.0,176,425,0.5037272727272727,0.4815989304812834,0.5232242647058823,,,,,,,,
RR,suppressed_vs_retained,correct_minus_mean_wrong,mean_difference,Qstar,each_layer,32.0,176,425,0.5149585561497326,0.496,0.5298141711229947,,,,,,,,
RR,suppressed_vs_rest,correct_only,mean_difference,Qstar,per_fold_selected,0.6,176,525,0.5162029220779221,0.4870716991341991,0.5715734577922077,0.5005165043290043,0.4985390963203464,0.5033323863636363,0.2676972620644507,0.2502188432109973,0.3051081549973168,0.5628038169901464,0.1877483761745788
RR,suppressed_vs_rest,correct_only,logistic_regression,Qstar,per_fold_selected,0.6,176,525,0.5036195887445888,0.4784327651515151,0.5513597132034632,0.5030854978354979,0.4906038961038961,0.5286619318181818,0.2554031579336123,0.2447416996010761,0.2843255124969588,0.9928883414828396,0.2160109641924766
RR,suppressed_vs_rest,correct_only,mean_difference,Qstar,each_layer,0.0,176,525,0.5639393939393941,0.563939393939394,0.563939393939394,,,,,,,,
RR,suppressed_vs_rest,correct_only,mean_difference,Qstar,each_layer,1.0,176,525,0.6112418831168831,0.603555735930736,0.6194507575757576,,,,,,,,
RR,suppressed_vs_rest,correct_only,mean_difference,Qstar,each_layer,2.0,176,525,0.6122992424242425,0.604006222943723,0.6205338203463203,,,,,,,,
RR,suppressed_vs_rest,correct_only,mean_difference,Qstar,each_layer,3.0,176,525,0.6112835497835498,0.6042169913419914,0.6192962662337662,,,,,,,,
RR,suppressed_vs_rest,correct_only,mean_difference,Qstar,each_layer,4.0,176,525,0.5948235930735931,0.5856994047619047,0.6029924242424243,,,,,,,,
RR,suppressed_vs_rest,correct_only,mean_difference,Qstar,each_layer,5.0,176,525,0.5789036796536795,0.5679788961038961,0.5887564935064935,,,,,,,,
RR,suppressed_vs_rest,correct_only,mean_difference,Qstar,each_layer,6.0,176,525,0.5772867965367965,0.5640465367965368,0.5872380952380952,,,,,,,,
RR,suppressed_vs_rest,correct_only,mean_difference,Qstar,each_layer,7.0,176,525,0.5733154761904762,0.5623390151515152,0.5823514610389611,,,,,,,,
RR,suppressed_vs_rest,correct_only,mean_difference,Qstar,each_layer,8.0,176,525,0.5781347402597403,0.5675811688311688,0.5864307359307359,,,,,,,,
RR,suppressed_vs_rest,correct_only,mean_difference,Qstar,each_layer,9.0,176,525,0.5745070346320347,0.5638988095238096,0.5836709956709957,,,,,,,,
RR,suppressed_vs_rest,correct_only,mean_difference,Qstar,each_layer,10.0,176,525,0.5786596320346321,0.5685784632034632,0.5873676948051948,,,,,,,,
RR,suppressed_vs_rest,correct_only,mean_difference,Qstar,each_layer,11.0,176,525,0.5782521645021644,0.5671252705627705,0.5876098484848485,,,,,,,,
RR,suppressed_vs_rest,correct_only,mean_difference,Qstar,each_layer,12.0,176,525,0.5783603896103896,0.5670673701298702,0.5874542748917749,,,,,,,,
RR,suppressed_vs_rest,correct_only,mean_difference,Qstar,each_layer,13.0,176,525,0.583939935064935,0.5713005952380952,0.5942307900432899,,,,,,,,
RR,suppressed_vs_rest,correct_only,mean_difference,Qstar,each_layer,14.0,176,525,0.5784745670995672,0.565982683982684,0.5899448051948052,,,,,,,,
RR,suppressed_vs_rest,correct_only,mean_difference,Qstar,each_layer,15.0,176,525,0.5733782467532467,0.5601934523809524,0.5849042207792208,,,,,,,,
RR,suppressed_vs_rest,correct_only,mean_difference,Qstar,each_layer,16.0,176,525,0.5763214285714285,0.5665221861471861,0.5861287878787879,,,,,,,,
RR,suppressed_vs_rest,correct_only,mean_difference,Qstar,each_layer,17.0,176,525,0.5718506493506493,0.560648538961039,0.5818214285714286,,,,,,,,
RR,suppressed_vs_rest,correct_only,mean_difference,Qstar,each_layer,18.0,176,525,0.560146103896104,0.5487911255411255,0.5701783008658009,,,,,,,,
RR,suppressed_vs_rest,correct_only,mean_difference,Qstar,each_layer,19.0,176,525,0.552689393939394,0.5409810606060607,0.5622272727272727,,,,,,,,
RR,suppressed_vs_rest,correct_only,mean_difference,Qstar,each_layer,20.0,176,525,0.5499967532467533,0.5376252705627705,0.5596420454545454,,,,,,,,
RR,suppressed_vs_rest,correct_only,mean_difference,Qstar,each_layer,21.0,176,525,0.5467873376623376,0.5335478896103896,0.5566680194805195,,,,,,,,
RR,suppressed_vs_rest,correct_only,mean_difference,Qstar,each_layer,22.0,176,525,0.5471217532467533,0.5336409632034632,0.556806277056277,,,,,,,,
RR,suppressed_vs_rest,correct_only,mean_difference,Qstar,each_layer,23.0,176,525,0.5470827922077921,0.5336228354978355,0.5562040043290043,,,,,,,,
RR,suppressed_vs_rest,correct_only,mean_difference,Qstar,each_layer,24.0,176,525,0.5461623376623377,0.5325175865800866,0.5554908008658009,,,,,,,,
RR,suppressed_vs_rest,correct_only,mean_difference,Qstar,each_layer,25.0,176,525,0.5466450216450215,0.5327792207792208,0.555764880952381,,,,,,,,
RR,suppressed_vs_rest,correct_only,mean_difference,Qstar,each_layer,26.0,176,525,0.5472754329004328,0.533601461038961,0.5562132034632035,,,,,,,,
RR,suppressed_vs_rest,correct_only,mean_difference,Qstar,each_layer,27.0,176,525,0.5466682900432901,0.5325938852813853,0.5550814393939394,,,,,,,,
RR,suppressed_vs_rest,correct_only,mean_difference,Qstar,each_layer,28.0,176,525,0.5466737012987013,0.5323939393939394,0.5550422077922078,,,,,,,,
RR,suppressed_vs_rest,correct_only,mean_difference,Qstar,each_layer,29.0,176,525,0.5463333333333333,0.5318208874458874,0.5546650432900433,,,,,,,,
RR,suppressed_vs_rest,correct_only,mean_difference,Qstar,each_layer,30.0,176,525,0.5456536796536796,0.5310768398268398,0.554129329004329,,,,,,,,
RR,suppressed_vs_rest,correct_only,mean_difference,Qstar,each_layer,31.0,176,525,0.5463284632034633,0.5313087121212121,0.5550435606060606,,,,,,,,
RR,suppressed_vs_rest,correct_only,mean_difference,Qstar,each_layer,32.0,176,525,0.5486314935064935,0.533071158008658,0.5577897727272727,,,,,,,,
RR,suppressed_vs_rest,mean_all_choices,mean_difference,Qstar,per_fold_selected,1.1,176,525,0.5096020021645022,0.4889821428571428,0.5623249458874457,0.5007529761904762,0.4990390963203463,0.5053238636363636,0.2598890236684337,0.2480556534136847,0.29560865069491,0.5642657923828329,0.1883464102777033
RR,suppressed_vs_rest,mean_all_choices,logistic_regression,Qstar,per_fold_selected,1.1,176,525,0.505536525974026,0.4956789772727272,0.5330627705627705,0.5030830627705627,0.4976306818181818,0.5149878246753247,0.2576770615700049,0.2471956098520701,0.2808322541264169,0.91314700159713,0.2139581909472638
RR,suppressed_vs_rest,mean_all_choices,mean_difference,Qstar,each_layer,0.0,176,525,0.5639393939393941,0.563939393939394,0.563939393939394,,,,,,,,
RR,suppressed_vs_rest,mean_all_choices,mean_difference,Qstar,each_layer,1.0,176,525,0.6006823593073594,0.5884272186147186,0.6091617965367966,,,,,,,,
RR,suppressed_vs_rest,mean_all_choices,mean_difference,Qstar,each_layer,2.0,176,525,0.6032408008658009,0.5904088203463204,0.6110560064935066,,,,,,,,
RR,suppressed_vs_rest,mean_all_choices,mean_difference,Qstar,each_layer,3.0,176,525,0.6043641774891775,0.5944220779220779,0.6112597402597402,,,,,,,,
RR,suppressed_vs_rest,mean_all_choices,mean_difference,Qstar,each_layer,4.0,176,525,0.5941049783549783,0.5837689393939394,0.6018173701298701,,,,,,,,
RR,suppressed_vs_rest,mean_all_choices,mean_difference,Qstar,each_layer,5.0,176,525,0.582865800865801,0.5683173701298702,0.5920037878787879,,,,,,,,
RR,suppressed_vs_rest,mean_all_choices,mean_difference,Qstar,each_layer,6.0,176,525,0.5823950216450218,0.5650343614718615,0.592183170995671,,,,,,,,
RR,suppressed_vs_rest,mean_all_choices,mean_difference,Qstar,each_layer,7.0,176,525,0.5795714285714286,0.5642329545454545,0.5884713203463203,,,,,,,,
RR,suppressed_vs_rest,mean_all_choices,mean_difference,Qstar,each_layer,8.0,176,525,0.5863647186147187,0.5745108225108225,0.5936739718614719,,,,,,,,
RR,suppressed_vs_rest,mean_all_choices,mean_difference,Qstar,each_layer,9.0,176,525,0.5815270562770563,0.5698211580086581,0.589756764069264,,,,,,,,
RR,suppressed_vs_rest,mean_all_choices,mean_difference,Qstar,each_layer,10.0,176,525,0.5845595238095239,0.5720227272727273,0.5937053571428572,,,,,,,,
RR,suppressed_vs_rest,mean_all_choices,mean_difference,Qstar,each_layer,11.0,176,525,0.5840703463203463,0.5687545995670996,0.5941747835497835,,,,,,,,
RR,suppressed_vs_rest,mean_all_choices,mean_difference,Qstar,each_layer,12.0,176,525,0.582672619047619,0.5672091450216451,0.5927681277056277,,,,,,,,
RR,suppressed_vs_rest,mean_all_choices,mean_difference,Qstar,each_layer,13.0,176,525,0.5879420995670995,0.5717876082251082,0.5996136363636364,,,,,,,,
RR,suppressed_vs_rest,mean_all_choices,mean_difference,Qstar,each_layer,14.0,176,525,0.5901942640692641,0.5731228354978355,0.6029320887445887,,,,,,,,
RR,suppressed_vs_rest,mean_all_choices,mean_difference,Qstar,each_layer,15.0,176,525,0.5868511904761906,0.5707040043290043,0.6002294372294372,,,,,,,,
RR,suppressed_vs_rest,mean_all_choices,mean_difference,Qstar,each_layer,16.0,176,525,0.587022186147186,0.5695700757575758,0.5999218073593073,,,,,,,,
RR,suppressed_vs_rest,mean_all_choices,mean_difference,Qstar,each_layer,17.0,176,525,0.5774843073593072,0.5565622294372294,0.5933143939393939,,,,,,,,
RR,suppressed_vs_rest,mean_all_choices,mean_difference,Qstar,each_layer,18.0,176,525,0.5548950216450217,0.5360773809523809,0.5691699134199134,,,,,,,,
RR,suppressed_vs_rest,mean_all_choices,mean_difference,Qstar,each_layer,19.0,176,525,0.5462819264069265,0.5230094696969697,0.5609545454545455,,,,,,,,
RR,suppressed_vs_rest,mean_all_choices,mean_difference,Qstar,each_layer,20.0,176,525,0.5437965367965368,0.5172859848484849,0.5602746212121212,,,,,,,,
RR,suppressed_vs_rest,mean_all_choices,mean_difference,Qstar,each_layer,21.0,176,525,0.5394664502164501,0.511017316017316,0.5574648268398268,,,,,,,,
RR,suppressed_vs_rest,mean_all_choices,mean_difference,Qstar,each_layer,22.0,176,525,0.5393571428571428,0.5122015692640692,0.5569515692640693,,,,,,,,
RR,suppressed_vs_rest,mean_all_choices,mean_difference,Qstar,each_layer,23.0,176,525,0.5384870129870131,0.512541396103896,0.5545776515151515,,,,,,,,
RR,suppressed_vs_rest,mean_all_choices,mean_difference,Qstar,each_layer,24.0,176,525,0.537310606060606,0.5130119047619048,0.5537261904761904,,,,,,,,
RR,suppressed_vs_rest,mean_all_choices,mean_difference,Qstar,each_layer,25.0,176,525,0.5376450216450217,0.5137643398268399,0.5535178571428572,,,,,,,,
RR,suppressed_vs_rest,mean_all_choices,mean_difference,Qstar,each_layer,26.0,176,525,0.5371174242424243,0.5135963203463204,0.5524134199134199,,,,,,,,
RR,suppressed_vs_rest,mean_all_choices,mean_difference,Qstar,each_layer,27.0,176,525,0.535870670995671,0.5137161796536797,0.550779761904762,,,,,,,,
RR,suppressed_vs_rest,mean_all_choices,mean_difference,Qstar,each_layer,28.0,176,525,0.5377797619047618,0.5161902056277057,0.5519082792207792,,,,,,,,
RR,suppressed_vs_rest,mean_all_choices,mean_difference,Qstar,each_layer,29.0,176,525,0.5359215367965369,0.5161409632034633,0.5491893939393939,,,,,,,,
RR,suppressed_vs_rest,mean_all_choices,mean_difference,Qstar,each_layer,30.0,176,525,0.5338906926406927,0.51248079004329,0.5480725108225107,,,,,,,,
RR,suppressed_vs_rest,mean_all_choices,mean_difference,Qstar,each_layer,31.0,176,525,0.5350535714285714,0.5126304112554112,0.5493373917748918,,,,,,,,
RR,suppressed_vs_rest,mean_all_choices,mean_difference,Qstar,each_layer,32.0,176,525,0.5349199134199134,0.5132318722943723,0.549834145021645,,,,,,,,
RR,suppressed_vs_rest,correct_minus_mean_wrong,mean_difference,Qstar,per_fold_selected,0.1,176,525,0.4973958333333333,0.4942471590909091,0.4977272727272727,0.5000468073593074,0.5,0.5004914772727272,0.2504231606510557,0.2502188432109973,0.2523641763316102,0.5641251025485399,0.1882171931594669
RR,suppressed_vs_rest,correct_minus_mean_wrong,logistic_regression,Qstar,per_fold_selected,0.1,176,525,0.4978265692640692,0.4977272727272727,0.4987698863636363,0.499944264069264,0.4994147727272727,0.5,0.2505219719145662,0.2502188432109973,0.2534016945984712,0.5968911510153264,0.189745508150079
RR,suppressed_vs_rest,correct_minus_mean_wrong,mean_difference,Qstar,each_layer,0.0,176,525,0.5639393939393941,0.563939393939394,0.563939393939394,,,,,,,,
RR,suppressed_vs_rest,correct_minus_mean_wrong,mean_difference,Qstar,each_layer,1.0,176,525,0.5603728354978355,0.5272505411255412,0.5796883116883117,,,,,,,,
RR,suppressed_vs_rest,correct_minus_mean_wrong,mean_difference,Qstar,each_layer,2.0,176,525,0.54800487012987,0.5248571428571429,0.5735827922077922,,,,,,,,
RR,suppressed_vs_rest,correct_minus_mean_wrong,mean_difference,Qstar,each_layer,3.0,176,525,0.5343933982683983,0.5112876082251082,0.5639253246753247,,,,,,,,
RR,suppressed_vs_rest,correct_minus_mean_wrong,mean_difference,Qstar,each_layer,4.0,176,525,0.5008744588744588,0.4720229978354978,0.5262040043290043,,,,,,,,
RR,suppressed_vs_rest,correct_minus_mean_wrong,mean_difference,Qstar,each_layer,5.0,176,525,0.4889264069264069,0.4579824134199134,0.5059450757575757,,,,,,,,
RR,suppressed_vs_rest,correct_minus_mean_wrong,mean_difference,Qstar,each_layer,6.0,176,525,0.4854469696969697,0.4576160714285714,0.5063100649350649,,,,,,,,
RR,suppressed_vs_rest,correct_minus_mean_wrong,mean_difference,Qstar,each_layer,7.0,176,525,0.4820827922077922,0.4628609307359307,0.4945551948051948,,,,,,,,
RR,suppressed_vs_rest,correct_minus_mean_wrong,mean_difference,Qstar,each_layer,8.0,176,525,0.5174545454545454,0.4947600108225108,0.5409491341991342,,,,,,,,
RR,suppressed_vs_rest,correct_minus_mean_wrong,mean_difference,Qstar,each_layer,9.0,176,525,0.5231542207792208,0.4919496753246753,0.5441766774891775,,,,,,,,
RR,suppressed_vs_rest,correct_minus_mean_wrong,mean_difference,Qstar,each_layer,10.0,176,525,0.5158360389610389,0.479045183982684,0.5388138528138529,,,,,,,,
RR,suppressed_vs_rest,correct_minus_mean_wrong,mean_difference,Qstar,each_layer,11.0,176,525,0.5571699134199134,0.5323571428571429,0.5790795454545454,,,,,,,,
RR,suppressed_vs_rest,correct_minus_mean_wrong,mean_difference,Qstar,each_layer,12.0,176,525,0.5515925324675324,0.5244918831168831,0.5729077380952381,,,,,,,,
RR,suppressed_vs_rest,correct_minus_mean_wrong,mean_difference,Qstar,each_layer,13.0,176,525,0.5615221861471861,0.5360305735930736,0.586564393939394,,,,,,,,
RR,suppressed_vs_rest,correct_minus_mean_wrong,mean_difference,Qstar,each_layer,14.0,176,525,0.5334502164502164,0.5101179653679654,0.5699707792207791,,,,,,,,
RR,suppressed_vs_rest,correct_minus_mean_wrong,mean_difference,Qstar,each_layer,15.0,176,525,0.5210270562770563,0.4915403138528138,0.5602086038961038,,,,,,,,
RR,suppressed_vs_rest,correct_minus_mean_wrong,mean_difference,Qstar,each_layer,16.0,176,525,0.5351195887445888,0.5117700216450217,0.5573660714285714,,,,,,,,
RR,suppressed_vs_rest,correct_minus_mean_wrong,mean_difference,Qstar,each_layer,17.0,176,525,0.5248452380952382,0.4956114718614718,0.5472678571428571,,,,,,,,
RR,suppressed_vs_rest,correct_minus_mean_wrong,mean_difference,Qstar,each_layer,18.0,176,525,0.5152180735930736,0.4841850649350649,0.5363825757575758,,,,,,,,
RR,suppressed_vs_rest,correct_minus_mean_wrong,mean_difference,Qstar,each_layer,19.0,176,525,0.5147597402597403,0.4852781385281385,0.5343560606060606,,,,,,,,
RR,suppressed_vs_rest,correct_minus_mean_wrong,mean_difference,Qstar,each_layer,20.0,176,525,0.5155319264069262,0.4876309523809524,0.5339004329004329,,,,,,,,
RR,suppressed_vs_rest,correct_minus_mean_wrong,mean_difference,Qstar,each_layer,21.0,176,525,0.5179772727272727,0.4916158008658008,0.5351931818181819,,,,,,,,
RR,suppressed_vs_rest,correct_minus_mean_wrong,mean_difference,Qstar,each_layer,22.0,176,525,0.5184778138528138,0.4924488636363636,0.5358560606060606,,,,,,,,
RR,suppressed_vs_rest,correct_minus_mean_wrong,mean_difference,Qstar,each_layer,23.0,176,525,0.5192862554112555,0.4933612012987012,0.5367954545454545,,,,,,,,
RR,suppressed_vs_rest,correct_minus_mean_wrong,mean_difference,Qstar,each_layer,24.0,176,525,0.5191347402597402,0.493549512987013,0.5365844155844156,,,,,,,,
RR,suppressed_vs_rest,correct_minus_mean_wrong,mean_difference,Qstar,each_layer,25.0,176,525,0.5209772727272727,0.4965830627705628,0.537625,,,,,,,,
RR,suppressed_vs_rest,correct_minus_mean_wrong,mean_difference,Qstar,each_layer,26.0,176,525,0.521443722943723,0.4972681277056276,0.5382180735930736,,,,,,,,
RR,suppressed_vs_rest,correct_minus_mean_wrong,mean_difference,Qstar,each_layer,27.0,176,525,0.5229063852813852,0.4996804653679653,0.5393271103896105,,,,,,,,
RR,suppressed_vs_rest,correct_minus_mean_wrong,mean_difference,Qstar,each_layer,28.0,176,525,0.5237359307359306,0.500790854978355,0.5399816017316017,,,,,,,,
RR,suppressed_vs_rest,correct_minus_mean_wrong,mean_difference,Qstar,each_layer,29.0,176,525,0.5237781385281385,0.5002957251082251,0.5406287878787879,,,,,,,,
RR,suppressed_vs_rest,correct_minus_mean_wrong,mean_difference,Qstar,each_layer,30.0,176,525,0.5255016233766232,0.5037383658008657,0.5410308441558441,,,,,,,,
RR,suppressed_vs_rest,correct_minus_mean_wrong,mean_difference,Qstar,each_layer,31.0,176,525,0.5286201298701299,0.5089561688311689,0.5430971320346321,,,,,,,,
RR,suppressed_vs_rest,correct_minus_mean_wrong,mean_difference,Qstar,each_layer,32.0,176,525,0.5317483766233766,0.5165343614718615,0.5439759199134199,,,,,,,,
RR,forgotten_vs_retained,correct_only,mean_difference,Qstar,per_fold_selected,6.9,26,425,0.551581447963801,0.4510260180995475,0.6366493212669684,0.4996470588235294,0.4976470588235294,0.5,0.0799385384405467,0.0563042572622927,0.1070898141549817,0.2286218216258373,0.0555535328410372
RR,forgotten_vs_retained,correct_only,logistic_regression,Qstar,per_fold_selected,6.9,26,425,0.5277352941176471,0.4739196832579185,0.5765169683257918,0.5051877828054299,0.4876176470588235,0.5365576923076922,0.0730018047279615,0.0553841332198255,0.1095483894580233,0.4206431489492856,0.067274593282464
RR,forgotten_vs_retained,correct_only,mean_difference,Qstar,each_layer,0.0,26,425,0.4477828054298642,0.4477828054298642,0.4477828054298642,,,,,,,,
RR,forgotten_vs_retained,correct_only,mean_difference,Qstar,each_layer,1.0,26,425,0.5691538461538461,0.5032805429864253,0.6210588235294118,,,,,,,,
RR,forgotten_vs_retained,correct_only,mean_difference,Qstar,each_layer,2.0,26,425,0.5779230769230769,0.522445701357466,0.6252194570135746,,,,,,,,
RR,forgotten_vs_retained,correct_only,mean_difference,Qstar,each_layer,3.0,26,425,0.5879638009049775,0.5282239819004525,0.6364660633484163,,,,,,,,
RR,forgotten_vs_retained,correct_only,mean_difference,Qstar,each_layer,4.0,26,425,0.5727737556561086,0.518762443438914,0.6201221719457013,,,,,,,,
RR,forgotten_vs_retained,correct_only,mean_difference,Qstar,each_layer,5.0,26,425,0.575076923076923,0.5335180995475113,0.6091040723981901,,,,,,,,
RR,forgotten_vs_retained,correct_only,mean_difference,Qstar,each_layer,6.0,26,425,0.5833122171945702,0.554762443438914,0.6110859728506788,,,,,,,,
RR,forgotten_vs_retained,correct_only,mean_difference,Qstar,each_layer,7.0,26,425,0.5791990950226245,0.5438755656108597,0.6106674208144796,,,,,,,,
RR,forgotten_vs_retained,correct_only,mean_difference,Qstar,each_layer,8.0,26,425,0.5991357466063347,0.5546131221719457,0.628631221719457,,,,,,,,
RR,forgotten_vs_retained,correct_only,mean_difference,Qstar,each_layer,9.0,26,425,0.6155656108597286,0.5807330316742081,0.6469230769230769,,,,,,,,
RR,forgotten_vs_retained,correct_only,mean_difference,Qstar,each_layer,10.0,26,425,0.6203212669683258,0.5816628959276018,0.6544298642533937,,,,,,,,
RR,forgotten_vs_retained,correct_only,mean_difference,Qstar,each_layer,11.0,26,425,0.6331990950226244,0.5980203619909502,0.6660135746606334,,,,,,,,
RR,forgotten_vs_retained,correct_only,mean_difference,Qstar,each_layer,12.0,26,425,0.6297058823529411,0.5914524886877828,0.6641538461538461,,,,,,,,
RR,forgotten_vs_retained,correct_only,mean_difference,Qstar,each_layer,13.0,26,425,0.6468868778280542,0.616210407239819,0.6786447963800905,,,,,,,,
RR,forgotten_vs_retained,correct_only,mean_difference,Qstar,each_layer,14.0,26,425,0.6573529411764707,0.6145361990950227,0.6923665158371041,,,,,,,,
RR,forgotten_vs_retained,correct_only,mean_difference,Qstar,each_layer,15.0,26,425,0.6399773755656109,0.5812420814479637,0.6773755656108597,,,,,,,,
RR,forgotten_vs_retained,correct_only,mean_difference,Qstar,each_layer,16.0,26,425,0.6195429864253393,0.5348438914027149,0.6579321266968325,,,,,,,,
RR,forgotten_vs_retained,correct_only,mean_difference,Qstar,each_layer,17.0,26,425,0.5952036199095023,0.4900407239819004,0.6354570135746606,,,,,,,,
RR,forgotten_vs_retained,correct_only,mean_difference,Qstar,each_layer,18.0,26,425,0.5539366515837103,0.4388891402714932,0.5909072398190045,,,,,,,,
RR,forgotten_vs_retained,correct_only,mean_difference,Qstar,each_layer,19.0,26,425,0.543497737556561,0.433420814479638,0.5731968325791855,,,,,,,,
RR,forgotten_vs_retained,correct_only,mean_difference,Qstar,each_layer,20.0,26,425,0.5374932126696834,0.4274547511312218,0.569631221719457,,,,,,,,
RR,forgotten_vs_retained,correct_only,mean_difference,Qstar,each_layer,21.0,26,425,0.5312714932126698,0.4244411764705882,0.5639185520361991,,,,,,,,
RR,forgotten_vs_retained,correct_only,mean_difference,Qstar,each_layer,22.0,26,425,0.531633484162896,0.4250723981900453,0.5642782805429865,,,,,,,,
RR,forgotten_vs_retained,correct_only,mean_difference,Qstar,each_layer,23.0,26,425,0.5272714932126698,0.4214592760180995,0.5591990950226244,,,,,,,,
RR,forgotten_vs_retained,correct_only,mean_difference,Qstar,each_layer,24.0,26,425,0.5239999999999999,0.4168325791855203,0.5569095022624434,,,,,,,,
RR,forgotten_vs_retained,correct_only,mean_difference,Qstar,each_layer,25.0,26,425,0.522054298642534,0.4168959276018099,0.554868778280543,,,,,,,,
RR,forgotten_vs_retained,correct_only,mean_difference,Qstar,each_layer,26.0,26,425,0.5235837104072397,0.4205090497737557,0.556893665158371,,,,,,,,
RR,forgotten_vs_retained,correct_only,mean_difference,Qstar,each_layer,27.0,26,425,0.5243438914027149,0.423972850678733,0.5582013574660634,,,,,,,,
RR,forgotten_vs_retained,correct_only,mean_difference,Qstar,each_layer,28.0,26,425,0.5246018099547511,0.4248868778280543,0.5587307692307693,,,,,,,,
RR,forgotten_vs_retained,correct_only,mean_difference,Qstar,each_layer,29.0,26,425,0.522737556561086,0.4227805429864253,0.5573733031674208,,,,,,,,
RR,forgotten_vs_retained,correct_only,mean_difference,Qstar,each_layer,30.0,26,425,0.522950226244344,0.4226742081447964,0.5585271493212669,,,,,,,,
RR,forgotten_vs_retained,correct_only,mean_difference,Qstar,each_layer,31.0,26,425,0.5227285067873304,0.4230995475113122,0.5592307692307693,,,,,,,,
RR,forgotten_vs_retained,correct_only,mean_difference,Qstar,each_layer,32.0,26,425,0.5266334841628961,0.4340791855203619,0.5620656108597285,,,,,,,,
RR,forgotten_vs_retained,mean_all_choices,mean_difference,Qstar,per_fold_selected,8.0,26,425,0.5442692307692307,0.4574717194570136,0.6220622171945701,0.5003733031674208,0.4976470588235294,0.5094785067873303,0.0759515209355828,0.0539105600194509,0.0930165057462782,0.2323662014007161,0.0559649081934397
RR,forgotten_vs_retained,mean_all_choices,logistic_regression,Qstar,per_fold_selected,8.0,26,425,0.5232692307692308,0.462512443438914,0.5737986425339366,0.5046176470588235,0.4905882352941176,0.5261380090497737,0.072089590039765,0.0545740930135272,0.09769296514921,0.4167617248887727,0.0647159335260554
RR,forgotten_vs_retained,mean_all_choices,mean_difference,Qstar,each_layer,0.0,26,425,0.4477828054298642,0.4477828054298642,0.4477828054298642,,,,,,,,
RR,forgotten_vs_retained,mean_all_choices,mean_difference,Qstar,each_layer,1.0,26,425,0.5708461538461539,0.4967262443438914,0.6278552036199095,,,,,,,,
RR,forgotten_vs_retained,mean_all_choices,mean_difference,Qstar,each_layer,2.0,26,425,0.5463529411764706,0.4758529411764706,0.6067307692307692,,,,,,,,
RR,forgotten_vs_retained,mean_all_choices,mean_difference,Qstar,each_layer,3.0,26,425,0.5339004524886877,0.460445701357466,0.5959276018099547,,,,,,,,
RR,forgotten_vs_retained,mean_all_choices,mean_difference,Qstar,each_layer,4.0,26,425,0.4973122171945701,0.4200452488687782,0.5687986425339366,,,,,,,,
RR,forgotten_vs_retained,mean_all_choices,mean_difference,Qstar,each_layer,5.0,26,425,0.5215565610859728,0.4544796380090498,0.5798891402714932,,,,,,,,
RR,forgotten_vs_retained,mean_all_choices,mean_difference,Qstar,each_layer,6.0,26,425,0.5411312217194569,0.4852873303167421,0.5921538461538461,,,,,,,,
RR,forgotten_vs_retained,mean_all_choices,mean_difference,Qstar,each_layer,7.0,26,425,0.5403710407239818,0.4794886877828054,0.5936357466063348,,,,,,,,
RR,forgotten_vs_retained,mean_all_choices,mean_difference,Qstar,each_layer,8.0,26,425,0.5771674208144797,0.5134321266968326,0.617341628959276,,,,,,,,
RR,forgotten_vs_retained,mean_all_choices,mean_difference,Qstar,each_layer,9.0,26,425,0.5980678733031674,0.5354819004524887,0.6459592760180995,,,,,,,,
RR,forgotten_vs_retained,mean_all_choices,mean_difference,Qstar,each_layer,10.0,26,425,0.5930995475113121,0.5377533936651584,0.6396877828054298,,,,,,,,
RR,forgotten_vs_retained,mean_all_choices,mean_difference,Qstar,each_layer,11.0,26,425,0.6111538461538462,0.5696855203619909,0.650052036199095,,,,,,,,
RR,forgotten_vs_retained,mean_all_choices,mean_difference,Qstar,each_layer,12.0,26,425,0.6037918552036199,0.5597081447963801,0.6461063348416289,,,,,,,,
RR,forgotten_vs_retained,mean_all_choices,mean_difference,Qstar,each_layer,13.0,26,425,0.6205158371040723,0.5828506787330316,0.6648959276018099,,,,,,,,
RR,forgotten_vs_retained,mean_all_choices,mean_difference,Qstar,each_layer,14.0,26,425,0.6371719457013574,0.5917466063348417,0.6808846153846154,,,,,,,,
RR,forgotten_vs_retained,mean_all_choices,mean_difference,Qstar,each_layer,15.0,26,425,0.6149638009049774,0.5608506787330317,0.6644072398190045,,,,,,,,
RR,forgotten_vs_retained,mean_all_choices,mean_difference,Qstar,each_layer,16.0,26,425,0.5760226244343891,0.488710407239819,0.6443280542986426,,,,,,,,
RR,forgotten_vs_retained,mean_all_choices,mean_difference,Qstar,each_layer,17.0,26,425,0.5617963800904977,0.4606244343891402,0.6343687782805429,,,,,,,,
RR,forgotten_vs_retained,mean_all_choices,mean_difference,Qstar,each_layer,18.0,26,425,0.5233981900452489,0.4007420814479638,0.5971153846153846,,,,,,,,
RR,forgotten_vs_retained,mean_all_choices,mean_difference,Qstar,each_layer,19.0,26,425,0.516262443438914,0.399839366515837,0.5825090497737557,,,,,,,,
RR,forgotten_vs_retained,mean_all_choices,mean_difference,Qstar,each_layer,20.0,26,425,0.5091085972850679,0.3940610859728506,0.5730361990950227,,,,,,,,
RR,forgotten_vs_retained,mean_all_choices,mean_difference,Qstar,each_layer,21.0,26,425,0.5034117647058823,0.3875135746606334,0.5657398190045249,,,,,,,,
RR,forgotten_vs_retained,mean_all_choices,mean_difference,Qstar,each_layer,22.0,26,425,0.5036425339366516,0.3876628959276018,0.5641990950226244,,,,,,,,
RR,forgotten_vs_retained,mean_all_choices,mean_difference,Qstar,each_layer,23.0,26,425,0.4957737556561087,0.3768755656108597,0.5574954751131221,,,,,,,,
RR,forgotten_vs_retained,mean_all_choices,mean_difference,Qstar,each_layer,24.0,26,425,0.4980678733031675,0.3810158371040724,0.5589932126696833,,,,,,,,
RR,forgotten_vs_retained,mean_all_choices,mean_difference,Qstar,each_layer,25.0,26,425,0.5019140271493212,0.3843031674208145,0.5605497737556561,,,,,,,,
RR,forgotten_vs_retained,mean_all_choices,mean_difference,Qstar,each_layer,26.0,26,425,0.5037556561085974,0.3875859728506787,0.5628710407239819,,,,,,,,
RR,forgotten_vs_retained,mean_all_choices,mean_difference,Qstar,each_layer,27.0,26,425,0.5029502262443438,0.3857194570135747,0.5605769230769231,,,,,,,,
RR,forgotten_vs_retained,mean_all_choices,mean_difference,Qstar,each_layer,28.0,26,425,0.5025429864253393,0.3857918552036199,0.562235294117647,,,,,,,,
RR,forgotten_vs_retained,mean_all_choices,mean_difference,Qstar,each_layer,29.0,26,425,0.5083981900452489,0.3942714932126697,0.5668054298642534,,,,,,,,
RR,forgotten_vs_retained,mean_all_choices,mean_difference,Qstar,each_layer,30.0,26,425,0.515710407239819,0.4023122171945701,0.5730429864253394,,,,,,,,
RR,forgotten_vs_retained,mean_all_choices,mean_difference,Qstar,each_layer,31.0,26,425,0.5224932126696833,0.4165927601809955,0.5783642533936652,,,,,,,,
RR,forgotten_vs_retained,mean_all_choices,mean_difference,Qstar,each_layer,32.0,26,425,0.533737556561086,0.439447963800905,0.5854140271493212,,,,,,,,
RR,forgotten_vs_retained,correct_minus_mean_wrong,mean_difference,Qstar,per_fold_selected,8.7,26,425,0.7058054298642534,0.6540701357466063,0.7716651583710407,0.5133257918552036,0.4976470588235294,0.5379027149321267,0.1577434612143451,0.1059932147902061,0.2499654255594279,0.2202756929352796,0.0539885305220516
RR,forgotten_vs_retained,correct_minus_mean_wrong,logistic_regression,Qstar,per_fold_selected,8.7,26,425,0.6985248868778281,0.627052036199095,0.7716244343891403,0.5264434389140271,0.4911052036199095,0.5611877828054298,0.1456724511540592,0.0843212031421125,0.2148654582767697,0.4863380314408901,0.071513125691815
RR,forgotten_vs_retained,correct_minus_mean_wrong,mean_difference,Qstar,each_layer,0.0,26,425,0.4477828054298642,0.4477828054298642,0.4477828054298642,,,,,,,,
RR,forgotten_vs_retained,correct_minus_mean_wrong,mean_difference,Qstar,each_layer,1.0,26,425,0.7104796380090497,0.6761809954751131,0.7350158371040724,,,,,,,,
RR,forgotten_vs_retained,correct_minus_mean_wrong,mean_difference,Qstar,each_layer,2.0,26,425,0.7112760180995474,0.6855203619909502,0.7273371040723982,,,,,,,,
RR,forgotten_vs_retained,correct_minus_mean_wrong,mean_difference,Qstar,each_layer,3.0,26,425,0.7089185520361991,0.6859796380090498,0.7283009049773755,,,,,,,,
RR,forgotten_vs_retained,correct_minus_mean_wrong,mean_difference,Qstar,each_layer,4.0,26,425,0.7406108597285066,0.7269185520361992,0.7617013574660634,,,,,,,,
RR,forgotten_vs_retained,correct_minus_mean_wrong,mean_difference,Qstar,each_layer,5.0,26,425,0.75810407239819,0.7412873303167421,0.7761244343891402,,,,,,,,
RR,forgotten_vs_retained,correct_minus_mean_wrong,mean_difference,Qstar,each_layer,6.0,26,425,0.7517285067873302,0.7364185520361991,0.7702466063348417,,,,,,,,
RR,forgotten_vs_retained,correct_minus_mean_wrong,mean_difference,Qstar,each_layer,7.0,26,425,0.7363529411764705,0.7174954751131222,0.760945701357466,,,,,,,,
RR,forgotten_vs_retained,correct_minus_mean_wrong,mean_difference,Qstar,each_layer,8.0,26,425,0.7397556561085972,0.7177601809954751,0.7639660633484162,,,,,,,,
RR,forgotten_vs_retained,correct_minus_mean_wrong,mean_difference,Qstar,each_layer,9.0,26,425,0.734787330316742,0.7111945701357466,0.76,,,,,,,,
RR,forgotten_vs_retained,correct_minus_mean_wrong,mean_difference,Qstar,each_layer,10.0,26,425,0.725683257918552,0.7056764705882352,0.7478144796380091,,,,,,,,
RR,forgotten_vs_retained,correct_minus_mean_wrong,mean_difference,Qstar,each_layer,11.0,26,425,0.7272986425339367,0.7072352941176471,0.745658371040724,,,,,,,,
RR,forgotten_vs_retained,correct_minus_mean_wrong,mean_difference,Qstar,each_layer,12.0,26,425,0.722606334841629,0.696237556561086,0.7444049773755657,,,,,,,,
RR,forgotten_vs_retained,correct_minus_mean_wrong,mean_difference,Qstar,each_layer,13.0,26,425,0.6978868778280543,0.6586787330316742,0.7252692307692308,,,,,,,,
RR,forgotten_vs_retained,correct_minus_mean_wrong,mean_difference,Qstar,each_layer,14.0,26,425,0.6896877828054297,0.6619932126696833,0.7170927601809954,,,,,,,,
RR,forgotten_vs_retained,correct_minus_mean_wrong,mean_difference,Qstar,each_layer,15.0,26,425,0.689,0.6657285067873303,0.7112873303167421,,,,,,,,
RR,forgotten_vs_retained,correct_minus_mean_wrong,mean_difference,Qstar,each_layer,16.0,26,425,0.6595248868778281,0.6356221719457014,0.677972850678733,,,,,,,,
RR,forgotten_vs_retained,correct_minus_mean_wrong,mean_difference,Qstar,each_layer,17.0,26,425,0.6329954751131222,0.606839366515837,0.6543981900452488,,,,,,,,
RR,forgotten_vs_retained,correct_minus_mean_wrong,mean_difference,Qstar,each_layer,18.0,26,425,0.6072036199095022,0.5755723981900452,0.6322081447963801,,,,,,,,
RR,forgotten_vs_retained,correct_minus_mean_wrong,mean_difference,Qstar,each_layer,19.0,26,425,0.6043438914027149,0.5769208144796381,0.6254592760180995,,,,,,,,
RR,forgotten_vs_retained,correct_minus_mean_wrong,mean_difference,Qstar,each_layer,20.0,26,425,0.6003212669683258,0.5678800904977376,0.6231085972850678,,,,,,,,
RR,forgotten_vs_retained,correct_minus_mean_wrong,mean_difference,Qstar,each_layer,21.0,26,425,0.5966244343891403,0.5570361990950227,0.6217669683257918,,,,,,,,
RR,forgotten_vs_retained,correct_minus_mean_wrong,mean_difference,Qstar,each_layer,22.0,26,425,0.5987466063348416,0.5595723981900452,0.6227217194570136,,,,,,,,
RR,forgotten_vs_retained,correct_minus_mean_wrong,mean_difference,Qstar,each_layer,23.0,26,425,0.5982986425339367,0.5582579185520362,0.623210407239819,,,,,,,,
RR,forgotten_vs_retained,correct_minus_mean_wrong,mean_difference,Qstar,each_layer,24.0,26,425,0.5989140271493214,0.5562692307692307,0.6245452488687783,,,,,,,,
RR,forgotten_vs_retained,correct_minus_mean_wrong,mean_difference,Qstar,each_layer,25.0,26,425,0.5951176470588235,0.5483484162895927,0.6220950226244344,,,,,,,,
RR,forgotten_vs_retained,correct_minus_mean_wrong,mean_difference,Qstar,each_layer,26.0,26,425,0.596398190045249,0.5507330316742082,0.6231493212669683,,,,,,,,
RR,forgotten_vs_retained,correct_minus_mean_wrong,mean_difference,Qstar,each_layer,27.0,26,425,0.596366515837104,0.55110407239819,0.6230588235294118,,,,,,,,
RR,forgotten_vs_retained,correct_minus_mean_wrong,mean_difference,Qstar,each_layer,28.0,26,425,0.594760180995475,0.5470746606334842,0.6226289592760181,,,,,,,,
RR,forgotten_vs_retained,correct_minus_mean_wrong,mean_difference,Qstar,each_layer,29.0,26,425,0.5947556561085973,0.5487217194570136,0.6217850678733032,,,,,,,,
RR,forgotten_vs_retained,correct_minus_mean_wrong,mean_difference,Qstar,each_layer,30.0,26,425,0.5910452488687782,0.5377081447963801,0.6210113122171946,,,,,,,,
RR,forgotten_vs_retained,correct_minus_mean_wrong,mean_difference,Qstar,each_layer,31.0,26,425,0.5901990950226244,0.5333710407239819,0.6216787330316742,,,,,,,,
RR,forgotten_vs_retained,correct_minus_mean_wrong,mean_difference,Qstar,each_layer,32.0,26,425,0.5895882352941177,0.5328574660633485,0.6234253393665158,,,,,,,,
RR,suppressed_vs_forgotten,correct_only,mean_difference,full,per_fold_selected,14.4,328,138,0.6942128402262283,0.6706505169671262,0.7093070652173913,0.5783050547896783,0.5415733253799929,0.597278190173206,0.8336200752354662,0.8173851894273946,0.8442302265738464,0.5587211269401928,0.1883919205902482
RR,suppressed_vs_forgotten,correct_only,logistic_regression,full,per_fold_selected,14.4,328,138,0.6353813184870979,0.6041639050901378,0.6710017895015906,0.5833543213149522,0.5512636974195829,0.6258400715800636,0.7949589534550513,0.7686678402227223,0.8215927433639523,1.9891934366836936,0.2987075940766931
RR,suppressed_vs_retained,correct_only,mean_difference,full,per_fold_selected,9.9,328,614,0.5167954784698499,0.482460946810201,0.54489062375864,0.5034683602129182,0.4948699551124176,0.5156485858425359,0.3688237192073391,0.3471259352222891,0.3991368565018909,0.6532671165840873,0.2299250486485526
RR,suppressed_vs_retained,correct_only,logistic_regression,full,per_fold_selected,9.9,328,614,0.5334207664654008,0.5092891599467705,0.5538096101136092,0.5248654365615317,0.4969374404147136,0.5443261152379438,0.3821593893693486,0.3587848569954062,0.3991967824250879,1.08997601974643,0.3084477391069139
RR,suppressed_vs_rest,correct_only,mean_difference,full,per_fold_selected,13.8,328,945,0.5460415053555299,0.5229248128790812,0.5647027035746548,0.5001461478900504,0.4994708994708994,0.5012730674925796,0.2894822834786647,0.2747549894752328,0.3044377445847669,0.5703511016494817,0.1911522916929431
RR,suppressed_vs_rest,correct_only,logistic_regression,full,per_fold_selected,13.8,328,945,0.5518733062330624,0.5345922861014325,0.578201542134469,0.5219738837269325,0.5033756371789908,0.537815121305975,0.2925795299791077,0.2776219514935241,0.3234503441485365,0.8208621203009583,0.2415557824142954
RR,forgotten_vs_retained,correct_only,mean_difference,full,per_fold_selected,15.5,138,614,0.734178940659963,0.7100437261011189,0.7505620662795638,0.5604441061228344,0.5341039984893546,0.583510657130718,0.4175756022602296,0.3743232532407304,0.4618065914369251,0.4207148361368916,0.1313415443596202
RR,forgotten_vs_retained,correct_only,logistic_regression,full,per_fold_selected,15.5,138,614,0.6565128876929613,0.6185340249256479,0.6933558159845159,0.6022051881225512,0.5735616414105651,0.6326712458103196,0.3490014220705104,0.2983839388741526,0.3976912339570345,1.8392040803043983,0.2132014427733821
RepNoise,suppressed_vs_forgotten,correct_only,mean_difference,Qstar,per_fold_selected,13.1,245,68,0.6926290516206483,0.6634033613445379,0.71687575030012,0.559188175270108,0.5319297719087636,0.5841889255702281,0.8716277644390928,0.8527483299786083,0.8855147521970214,0.4853401721002748,0.1555359815803621
RepNoise,suppressed_vs_forgotten,correct_only,logistic_regression,Qstar,per_fold_selected,13.1,245,68,0.6760414165666265,0.6337560024009604,0.7159183673469387,0.6117166866746698,0.5510654261704682,0.6461944777911164,0.8602786140224419,0.8339888608882214,0.8847937587503073,1.131300938532486,0.2074360355834431
RepNoise,suppressed_vs_forgotten,correct_only,mean_difference,Qstar,each_layer,0.0,245,68,0.6673469387755103,0.6673469387755102,0.6673469387755102,,,,,,,,
RepNoise,suppressed_vs_forgotten,correct_only,mean_difference,Qstar,each_layer,1.0,245,68,0.6343337334933973,0.6231647659063626,0.6472689075630252,,,,,,,,
RepNoise,suppressed_vs_forgotten,correct_only,mean_difference,Qstar,each_layer,2.0,245,68,0.6383073229291716,0.6268937575030012,0.6475345138055222,,,,,,,,
RepNoise,suppressed_vs_forgotten,correct_only,mean_difference,Qstar,each_layer,3.0,245,68,0.6378031212484994,0.627563025210084,0.6470423169267707,,,,,,,,
RepNoise,suppressed_vs_forgotten,correct_only,mean_difference,Qstar,each_layer,4.0,245,68,0.641329531812725,0.6288190276110445,0.6503301320528211,,,,,,,,
RepNoise,suppressed_vs_forgotten,correct_only,mean_difference,Qstar,each_layer,5.0,245,68,0.6388415366146457,0.62421968787515,0.6514255702280912,,,,,,,,
RepNoise,suppressed_vs_forgotten,correct_only,mean_difference,Qstar,each_layer,6.0,245,68,0.6518127250900361,0.6372569027611045,0.665172569027611,,,,,,,,
RepNoise,suppressed_vs_forgotten,correct_only,mean_difference,Qstar,each_layer,7.0,245,68,0.660234093637455,0.6464705882352941,0.6734348739495798,,,,,,,,
RepNoise,suppressed_vs_forgotten,correct_only,mean_difference,Qstar,each_layer,8.0,245,68,0.6813685474189677,0.6695828331332533,0.6915876350540217,,,,,,,,
RepNoise,suppressed_vs_forgotten,correct_only,mean_difference,Qstar,each_layer,9.0,245,68,0.6893367346938775,0.6758508403361345,0.698891056422569,,,,,,,,
RepNoise,suppressed_vs_forgotten,correct_only,mean_difference,Qstar,each_layer,10.0,245,68,0.6942917166866747,0.6806617647058824,0.7036524609843938,,,,,,,,
RepNoise,suppressed_vs_forgotten,correct_only,mean_difference,Qstar,each_layer,11.0,245,68,0.6924909963985595,0.6815651260504202,0.7018652460984394,,,,,,,,
RepNoise,suppressed_vs_forgotten,correct_only,mean_difference,Qstar,each_layer,12.0,245,68,0.694639855942377,0.6851980792316926,0.7031377551020408,,,,,,,,
RepNoise,suppressed_vs_forgotten,correct_only,mean_difference,Qstar,each_layer,13.0,245,68,0.7094627851140457,0.7005597238895558,0.7176590636254502,,,,,,,,
RepNoise,suppressed_vs_forgotten,correct_only,mean_difference,Qstar,each_layer,14.0,245,68,0.7147869147659063,0.7031002400960383,0.7261914765906362,,,,,,,,
RepNoise,suppressed_vs_forgotten,correct_only,mean_difference,Qstar,each_layer,15.0,245,68,0.7136974789915965,0.7006497599039616,0.7244402761104441,,,,,,,,
RepNoise,suppressed_vs_forgotten,correct_only,mean_difference,Qstar,each_layer,16.0,245,68,0.7183343337334934,0.7028631452581032,0.729234693877551,,,,,,,,
RepNoise,suppressed_vs_forgotten,correct_only,mean_difference,Qstar,each_layer,17.0,245,68,0.7043157262905162,0.6878841536614646,0.7164405762304922,,,,,,,,
RepNoise,suppressed_vs_forgotten,correct_only,mean_difference,Qstar,each_layer,18.0,245,68,0.6795018007202882,0.6608538415366146,0.6901905762304922,,,,,,,,
RepNoise,suppressed_vs_forgotten,correct_only,mean_difference,Qstar,each_layer,19.0,245,68,0.6635684273709483,0.646313025210084,0.6731767707082833,,,,,,,,
RepNoise,suppressed_vs_forgotten,correct_only,mean_difference,Qstar,each_layer,20.0,245,68,0.6613385354141658,0.6424909963985594,0.6720498199279712,,,,,,,,
RepNoise,suppressed_vs_forgotten,correct_only,mean_difference,Qstar,each_layer,21.0,245,68,0.656998799519808,0.6381677671068428,0.666452581032413,,,,,,,,
RepNoise,suppressed_vs_forgotten,correct_only,mean_difference,Qstar,each_layer,22.0,245,68,0.6574729891956783,0.6392527010804322,0.6667917166866747,,,,,,,,
RepNoise,suppressed_vs_forgotten,correct_only,mean_difference,Qstar,each_layer,23.0,245,68,0.6608223289315727,0.6422298919567827,0.6699354741896759,,,,,,,,
RepNoise,suppressed_vs_forgotten,correct_only,mean_difference,Qstar,each_layer,24.0,245,68,0.6601380552220889,0.6406467587034814,0.6689210684273709,,,,,,,,
RepNoise,suppressed_vs_forgotten,correct_only,mean_difference,Qstar,each_layer,25.0,245,68,0.6584423769507803,0.6391536614645859,0.6667361944777911,,,,,,,,
RepNoise,suppressed_vs_forgotten,correct_only,mean_difference,Qstar,each_layer,26.0,245,68,0.6592166866746698,0.6395858343337335,0.6677280912364947,,,,,,,,
RepNoise,suppressed_vs_forgotten,correct_only,mean_difference,Qstar,each_layer,27.0,245,68,0.6603091236494597,0.642531512605042,0.668718487394958,,,,,,,,
RepNoise,suppressed_vs_forgotten,correct_only,mean_difference,Qstar,each_layer,28.0,245,68,0.6601920768307322,0.6423409363745498,0.6692827130852341,,,,,,,,
RepNoise,suppressed_vs_forgotten,correct_only,mean_difference,Qstar,each_layer,29.0,245,68,0.6592947178871549,0.6417481992797118,0.6682773109243697,,,,,,,,
RepNoise,suppressed_vs_forgotten,correct_only,mean_difference,Qstar,each_layer,30.0,245,68,0.6588625450180072,0.6413415366146459,0.6671968787515006,,,,,,,,
RepNoise,suppressed_vs_forgotten,correct_only,mean_difference,Qstar,each_layer,31.0,245,68,0.6592887154861945,0.6411434573829532,0.6677581032412966,,,,,,,,
RepNoise,suppressed_vs_forgotten,correct_only,mean_difference,Qstar,each_layer,32.0,245,68,0.6611134453781513,0.6423859543817526,0.6696158463385354,,,,,,,,
RepNoise,suppressed_vs_forgotten,mean_all_choices,mean_difference,Qstar,per_fold_selected,13.8,245,68,0.6864405762304921,0.6403316326530613,0.7169507803121248,0.581655162064826,0.5479681872749099,0.6068982593037214,0.866326129577392,0.8436056172549325,0.8861393746580866,0.4859717104768686,0.1546023125946836
RepNoise,suppressed_vs_forgotten,mean_all_choices,logistic_regression,Qstar,per_fold_selected,13.8,245,68,0.6398799519807923,0.5805027010804322,0.6834423769507803,0.5921473589435775,0.5536337034813925,0.6189428271308524,0.8405629067953946,0.8126841838563996,0.8667607218038353,1.218670550174371,0.215309363899409
RepNoise,suppressed_vs_forgotten,mean_all_choices,mean_difference,Qstar,each_layer,0.0,245,68,0.6673469387755103,0.6673469387755102,0.6673469387755102,,,,,,,,
RepNoise,suppressed_vs_forgotten,mean_all_choices,mean_difference,Qstar,each_layer,1.0,245,68,0.6319987995198079,0.6128001200480192,0.6463610444177671,,,,,,,,
RepNoise,suppressed_vs_forgotten,mean_all_choices,mean_difference,Qstar,each_layer,2.0,245,68,0.6313865546218487,0.6130867346938775,0.6417226890756302,,,,,,,,
RepNoise,suppressed_vs_forgotten,mean_all_choices,mean_difference,Qstar,each_layer,3.0,245,68,0.6270408163265306,0.6097073829531813,0.6387785114045618,,,,,,,,
RepNoise,suppressed_vs_forgotten,mean_all_choices,mean_difference,Qstar,each_layer,4.0,245,68,0.6360054021608643,0.615514705882353,0.6486899759903961,,,,,,,,
RepNoise,suppressed_vs_forgotten,mean_all_choices,mean_difference,Qstar,each_layer,5.0,245,68,0.6453691476590637,0.6211044417767106,0.666766206482593,,,,,,,,
RepNoise,suppressed_vs_forgotten,mean_all_choices,mean_difference,Qstar,each_layer,6.0,245,68,0.6567617046818728,0.6348994597839136,0.6774609843937575,,,,,,,,
RepNoise,suppressed_vs_forgotten,mean_all_choices,mean_difference,Qstar,each_layer,7.0,245,68,0.6623379351740697,0.6416071428571428,0.6842001800720288,,,,,,,,
RepNoise,suppressed_vs_forgotten,mean_all_choices,mean_difference,Qstar,each_layer,8.0,245,68,0.6825810324129652,0.6626335534213685,0.6990051020408163,,,,,,,,
RepNoise,suppressed_vs_forgotten,mean_all_choices,mean_difference,Qstar,each_layer,9.0,245,68,0.6864045618247299,0.6675240096038416,0.7022478991596638,,,,,,,,
RepNoise,suppressed_vs_forgotten,mean_all_choices,mean_difference,Qstar,each_layer,10.0,245,68,0.6868397358943577,0.6723724489795918,0.6993457382953182,,,,,,,,
RepNoise,suppressed_vs_forgotten,mean_all_choices,mean_difference,Qstar,each_layer,11.0,245,68,0.694075630252101,0.6830837334933973,0.705501200480192,,,,,,,,
RepNoise,suppressed_vs_forgotten,mean_all_choices,mean_difference,Qstar,each_layer,12.0,245,68,0.6916986794717888,0.681734693877551,0.7027415966386554,,,,,,,,
RepNoise,suppressed_vs_forgotten,mean_all_choices,mean_difference,Qstar,each_layer,13.0,245,68,0.7068307322929173,0.6978616446578632,0.7175990396158464,,,,,,,,
RepNoise,suppressed_vs_forgotten,mean_all_choices,mean_difference,Qstar,each_layer,14.0,245,68,0.711749699879952,0.6994867947178871,0.7222133853541416,,,,,,,,
RepNoise,suppressed_vs_forgotten,mean_all_choices,mean_difference,Qstar,each_layer,15.0,245,68,0.7115516206482593,0.6970858343337335,0.7244402761104441,,,,,,,,
RepNoise,suppressed_vs_forgotten,mean_all_choices,mean_difference,Qstar,each_layer,16.0,245,68,0.7142256902761105,0.69937575030012,0.7257773109243697,,,,,,,,
RepNoise,suppressed_vs_forgotten,mean_all_choices,mean_difference,Qstar,each_layer,17.0,245,68,0.7059093637454982,0.6825105042016807,0.723157262905162,,,,,,,,
RepNoise,suppressed_vs_forgotten,mean_all_choices,mean_difference,Qstar,each_layer,18.0,245,68,0.6835744297719089,0.6530402160864345,0.7069987995198079,,,,,,,,
RepNoise,suppressed_vs_forgotten,mean_all_choices,mean_difference,Qstar,each_layer,19.0,245,68,0.6742106842737094,0.6360759303721489,0.7085729291716686,,,,,,,,
RepNoise,suppressed_vs_forgotten,mean_all_choices,mean_difference,Qstar,each_layer,20.0,245,68,0.666812725090036,0.6269612845138055,0.7034948979591837,,,,,,,,
RepNoise,suppressed_vs_forgotten,mean_all_choices,mean_difference,Qstar,each_layer,21.0,245,68,0.662265906362545,0.6249309723889557,0.6967001800720288,,,,,,,,
RepNoise,suppressed_vs_forgotten,mean_all_choices,mean_difference,Qstar,each_layer,22.0,245,68,0.662172869147659,0.6242977190876351,0.6952926170468187,,,,,,,,
RepNoise,suppressed_vs_forgotten,mean_all_choices,mean_difference,Qstar,each_layer,23.0,245,68,0.6572539015606242,0.6193307322929171,0.6894642857142858,,,,,,,,
RepNoise,suppressed_vs_forgotten,mean_all_choices,mean_difference,Qstar,each_layer,24.0,245,68,0.6552941176470589,0.6138970588235294,0.6865576230492196,,,,,,,,
RepNoise,suppressed_vs_forgotten,mean_all_choices,mean_difference,Qstar,each_layer,25.0,245,68,0.6478631452581032,0.6084648859543818,0.6766086434573829,,,,,,,,
RepNoise,suppressed_vs_forgotten,mean_all_choices,mean_difference,Qstar,each_layer,26.0,245,68,0.6461464585834334,0.6058448379351741,0.6750375150060024,,,,,,,,
RepNoise,suppressed_vs_forgotten,mean_all_choices,mean_difference,Qstar,each_layer,27.0,245,68,0.6467496998799519,0.6050120048019207,0.6758058223289316,,,,,,,,
RepNoise,suppressed_vs_forgotten,mean_all_choices,mean_difference,Qstar,each_layer,28.0,245,68,0.6503871548619448,0.6095198079231693,0.6790351140456182,,,,,,,,
RepNoise,suppressed_vs_forgotten,mean_all_choices,mean_difference,Qstar,each_layer,29.0,245,68,0.6469807923169267,0.6054351740696279,0.676593637454982,,,,,,,,
RepNoise,suppressed_vs_forgotten,mean_all_choices,mean_difference,Qstar,each_layer,30.0,245,68,0.6453211284513807,0.6059798919567827,0.6718457382953181,,,,,,,,
RepNoise,suppressed_vs_forgotten,mean_all_choices,mean_difference,Qstar,each_layer,31.0,245,68,0.6494477791116446,0.6130972388955582,0.6740516206482593,,,,,,,,
RepNoise,suppressed_vs_forgotten,mean_all_choices,mean_difference,Qstar,each_layer,32.0,245,68,0.6414945978391355,0.6122944177671068,0.6656902761104442,,,,,,,,
RepNoise,suppressed_vs_forgotten,correct_minus_mean_wrong,mean_difference,Qstar,per_fold_selected,11.1,245,68,0.7410144057623049,0.7018367346938775,0.7826830732292918,0.5586224489795919,0.5177063325330132,0.5876237995198079,0.915684500124806,0.8943834440871631,0.9332393110782716,0.4667859428220808,0.1535564898870418
RepNoise,suppressed_vs_forgotten,correct_minus_mean_wrong,logistic_regression,Qstar,per_fold_selected,11.1,245,68,0.7709033613445377,0.7337875150060025,0.7989360744297719,0.6631857743097238,0.6230814825930372,0.69796968787515,0.91261814299411,0.8979600718220246,0.9290613295708056,0.9277440298765182,0.1823923612594362
RepNoise,suppressed_vs_forgotten,correct_minus_mean_wrong,mean_difference,Qstar,each_layer,0.0,245,68,0.6673469387755103,0.6673469387755102,0.6673469387755102,,,,,,,,
RepNoise,suppressed_vs_forgotten,correct_minus_mean_wrong,mean_difference,Qstar,each_layer,1.0,245,68,0.6816326530612244,0.6660999399759905,0.6949579831932773,,,,,,,,
RepNoise,suppressed_vs_forgotten,correct_minus_mean_wrong,mean_difference,Qstar,each_layer,2.0,245,68,0.6774459783913567,0.6660819327731092,0.6872268907563025,,,,,,,,
RepNoise,suppressed_vs_forgotten,correct_minus_mean_wrong,mean_difference,Qstar,each_layer,3.0,245,68,0.682767106842737,0.6720558223289316,0.6909363745498199,,,,,,,,
RepNoise,suppressed_vs_forgotten,correct_minus_mean_wrong,mean_difference,Qstar,each_layer,4.0,245,68,0.7036194477791117,0.694593337334934,0.7113235294117647,,,,,,,,
RepNoise,suppressed_vs_forgotten,correct_minus_mean_wrong,mean_difference,Qstar,each_layer,5.0,245,68,0.7202460984393758,0.7108643457382954,0.7253406362545018,,,,,,,,
RepNoise,suppressed_vs_forgotten,correct_minus_mean_wrong,mean_difference,Qstar,each_layer,6.0,245,68,0.7187545018007202,0.7072283913565426,0.7265861344537815,,,,,,,,
RepNoise,suppressed_vs_forgotten,correct_minus_mean_wrong,mean_difference,Qstar,each_layer,7.0,245,68,0.7177430972388954,0.707046818727491,0.7280402160864345,,,,,,,,
RepNoise,suppressed_vs_forgotten,correct_minus_mean_wrong,mean_difference,Qstar,each_layer,8.0,245,68,0.7412785114045618,0.7336434573829532,0.74625,,,,,,,,
RepNoise,suppressed_vs_forgotten,correct_minus_mean_wrong,mean_difference,Qstar,each_layer,9.0,245,68,0.7448859543817526,0.7379741896758703,0.7496383553421369,,,,,,,,
RepNoise,suppressed_vs_forgotten,correct_minus_mean_wrong,mean_difference,Qstar,each_layer,10.0,245,68,0.7523529411764704,0.7446968787515006,0.759906962785114,,,,,,,,
RepNoise,suppressed_vs_forgotten,correct_minus_mean_wrong,mean_difference,Qstar,each_layer,11.0,245,68,0.7827430972388956,0.7768037214885954,0.7892872148859543,,,,,,,,
RepNoise,suppressed_vs_forgotten,correct_minus_mean_wrong,mean_difference,Qstar,each_layer,12.0,245,68,0.769936974789916,0.7619492797118848,0.7776770708283314,,,,,,,,
RepNoise,suppressed_vs_forgotten,correct_minus_mean_wrong,mean_difference,Qstar,each_layer,13.0,245,68,0.7600450180072029,0.7507007803121248,0.7663640456182473,,,,,,,,
RepNoise,suppressed_vs_forgotten,correct_minus_mean_wrong,mean_difference,Qstar,each_layer,14.0,245,68,0.7254771908763504,0.7141056422569028,0.731890756302521,,,,,,,,
RepNoise,suppressed_vs_forgotten,correct_minus_mean_wrong,mean_difference,Qstar,each_layer,15.0,245,68,0.7146158463385354,0.7027791116446579,0.7220633253301321,,,,,,,,
RepNoise,suppressed_vs_forgotten,correct_minus_mean_wrong,mean_difference,Qstar,each_layer,16.0,245,68,0.690765306122449,0.680672268907563,0.698608943577431,,,,,,,,
RepNoise,suppressed_vs_forgotten,correct_minus_mean_wrong,mean_difference,Qstar,each_layer,17.0,245,68,0.6679411764705883,0.6582412965186074,0.6751560624249701,,,,,,,,
RepNoise,suppressed_vs_forgotten,correct_minus_mean_wrong,mean_difference,Qstar,each_layer,18.0,245,68,0.6528811524609843,0.6443502400960384,0.6593412364945979,,,,,,,,
RepNoise,suppressed_vs_forgotten,correct_minus_mean_wrong,mean_difference,Qstar,each_layer,19.0,245,68,0.6559423769507802,0.6481467587034814,0.6624489795918368,,,,,,,,
RepNoise,suppressed_vs_forgotten,correct_minus_mean_wrong,mean_difference,Qstar,each_layer,20.0,245,68,0.664951980792317,0.6566911764705883,0.6709888955582233,,,,,,,,
RepNoise,suppressed_vs_forgotten,correct_minus_mean_wrong,mean_difference,Qstar,each_layer,21.0,245,68,0.6687304921968787,0.6600225090036015,0.6758733493397359,,,,,,,,
RepNoise,suppressed_vs_forgotten,correct_minus_mean_wrong,mean_difference,Qstar,each_layer,22.0,245,68,0.669171668667467,0.6605732292917167,0.676186974789916,,,,,,,,
RepNoise,suppressed_vs_forgotten,correct_minus_mean_wrong,mean_difference,Qstar,each_layer,23.0,245,68,0.6696848739495798,0.6610279111644658,0.6766701680672269,,,,,,,,
RepNoise,suppressed_vs_forgotten,correct_minus_mean_wrong,mean_difference,Qstar,each_layer,24.0,245,68,0.6713055222088835,0.6623664465786314,0.6776440576230492,,,,,,,,
RepNoise,suppressed_vs_forgotten,correct_minus_mean_wrong,mean_difference,Qstar,each_layer,25.0,245,68,0.6703091236494598,0.6619462785114045,0.6767827130852341,,,,,,,,
RepNoise,suppressed_vs_forgotten,correct_minus_mean_wrong,mean_difference,Qstar,each_layer,26.0,245,68,0.6707683073229292,0.6624729891956782,0.677360444177671,,,,,,,,
RepNoise,suppressed_vs_forgotten,correct_minus_mean_wrong,mean_difference,Qstar,each_layer,27.0,245,68,0.6714075630252101,0.6626065426170469,0.6774234693877551,,,,,,,,
RepNoise,suppressed_vs_forgotten,correct_minus_mean_wrong,mean_difference,Qstar,each_layer,28.0,245,68,0.6700570228091237,0.6613400360144058,0.6765021008403361,,,,,,,,
RepNoise,suppressed_vs_forgotten,correct_minus_mean_wrong,mean_difference,Qstar,each_layer,29.0,245,68,0.6689495798319329,0.6603031212484993,0.6755507202881152,,,,,,,,
RepNoise,suppressed_vs_forgotten,correct_minus_mean_wrong,mean_difference,Qstar,each_layer,30.0,245,68,0.6686764705882353,0.6597313925570228,0.675703781512605,,,,,,,,
RepNoise,suppressed_vs_forgotten,correct_minus_mean_wrong,mean_difference,Qstar,each_layer,31.0,245,68,0.6703481392557024,0.6604336734693877,0.677390456182473,,,,,,,,
RepNoise,suppressed_vs_forgotten,correct_minus_mean_wrong,mean_difference,Qstar,each_layer,32.0,245,68,0.6631392557022808,0.652375450180072,0.6706062424969989,,,,,,,,
RepNoise,suppressed_vs_retained,correct_only,mean_difference,Qstar,per_fold_selected,8.2,245,306,0.6477804455115379,0.6293747498999599,0.6616346538615446,0.6183289982659731,0.5979640189409097,0.6359433773509403,0.6017544996563894,0.5836496693723936,0.6171989428747852,0.653443211812234,0.2299736362429454
RepNoise,suppressed_vs_retained,correct_only,logistic_regression,Qstar,per_fold_selected,8.2,245,306,0.6131579298386022,0.5799546485260771,0.6475513538748833,0.5790349473122582,0.5576979124983327,0.607485160730959,0.5625151192882177,0.5326264597718213,0.5970446593812601,2.8710220269371893,0.3734325358507867
RepNoise,suppressed_vs_retained,correct_only,mean_difference,Qstar,each_layer,0.0,245,306,0.5128984927304254,0.5128984927304255,0.5128984927304255,,,,,,,,
RepNoise,suppressed_vs_retained,correct_only,mean_difference,Qstar,each_layer,1.0,245,306,0.6373936241163133,0.6271705348806189,0.6435230758970255,,,,,,,,
RepNoise,suppressed_vs_retained,correct_only,mean_difference,Qstar,each_layer,2.0,245,306,0.64468920901694,0.6367230225423502,0.6493564092303588,,,,,,,,
RepNoise,suppressed_vs_retained,correct_only,mean_difference,Qstar,each_layer,3.0,245,306,0.659486461251167,0.6539125650260104,0.6634086968120582,,,,,,,,
RepNoise,suppressed_vs_retained,correct_only,mean_difference,Qstar,each_layer,4.0,245,306,0.6575510204081633,0.6514332399626517,0.6623472722422302,,,,,,,,
RepNoise,suppressed_vs_retained,correct_only,mean_difference,Qstar,each_layer,5.0,245,306,0.6615166066426572,0.6551533946912098,0.6654415099373082,,,,,,,,
RepNoise,suppressed_vs_retained,correct_only,mean_difference,Qstar,each_layer,6.0,245,306,0.6588928904895291,0.6532439642523676,0.6633169934640523,,,,,,,,
RepNoise,suppressed_vs_retained,correct_only,mean_difference,Qstar,each_layer,7.0,245,306,0.6596605308790183,0.6537221555288781,0.6663478724823262,,,,,,,,
RepNoise,suppressed_vs_retained,correct_only,mean_difference,Qstar,each_layer,8.0,245,306,0.6543243964252368,0.6487741763372016,0.6596918767507003,,,,,,,,
RepNoise,suppressed_vs_retained,correct_only,mean_difference,Qstar,each_layer,9.0,245,306,0.6522008803521409,0.6463885554221689,0.6575840336134454,,,,,,,,
RepNoise,suppressed_vs_retained,correct_only,mean_difference,Qstar,each_layer,10.0,245,306,0.650751633986928,0.6460694277711084,0.6553988261971455,,,,,,,,
RepNoise,suppressed_vs_retained,correct_only,mean_difference,Qstar,each_layer,11.0,245,306,0.6458343337334933,0.6416233159930639,0.65015639589169,,,,,,,,
RepNoise,suppressed_vs_retained,correct_only,mean_difference,Qstar,each_layer,12.0,245,306,0.6454128317993864,0.6422492330265439,0.6498682806455915,,,,,,,,
RepNoise,suppressed_vs_retained,correct_only,mean_difference,Qstar,each_layer,13.0,245,306,0.6466973456049085,0.6418730825663599,0.6520231425903695,,,,,,,,
RepNoise,suppressed_vs_retained,correct_only,mean_difference,Qstar,each_layer,14.0,245,306,0.6384080298786181,0.6335364145658263,0.6438231959450447,,,,,,,,
RepNoise,suppressed_vs_retained,correct_only,mean_difference,Qstar,each_layer,15.0,245,306,0.6465106042416966,0.6415979725223423,0.652577364279045,,,,,,,,
RepNoise,suppressed_vs_retained,correct_only,mean_difference,Qstar,each_layer,16.0,245,306,0.6369954648526077,0.6303027877817793,0.645437508336668,,,,,,,,
RepNoise,suppressed_vs_retained,correct_only,mean_difference,Qstar,each_layer,17.0,245,306,0.6275330132052821,0.6193183940242764,0.6374456449246365,,,,,,,,
RepNoise,suppressed_vs_retained,correct_only,mean_difference,Qstar,each_layer,18.0,245,306,0.6095638255302122,0.6028504735227425,0.6169421101774043,,,,,,,,
RepNoise,suppressed_vs_retained,correct_only,mean_difference,Qstar,each_layer,19.0,245,306,0.5973155929038283,0.5918510737628385,0.6030478858209951,,,,,,,,
RepNoise,suppressed_vs_retained,correct_only,mean_difference,Qstar,each_layer,20.0,245,306,0.5926197145524876,0.586577964519141,0.5993240629585167,,,,,,,,
RepNoise,suppressed_vs_retained,correct_only,mean_difference,Qstar,each_layer,21.0,245,306,0.5898165933039883,0.5833770174736561,0.5965409497132186,,,,,,,,
RepNoise,suppressed_vs_retained,correct_only,mean_difference,Qstar,each_layer,22.0,245,306,0.5883973589435774,0.5819347739095638,0.5948812858476724,,,,,,,,
RepNoise,suppressed_vs_retained,correct_only,mean_difference,Qstar,each_layer,23.0,245,306,0.5877004134987329,0.5811051087101508,0.5941343203948246,,,,,,,,
RepNoise,suppressed_vs_retained,correct_only,mean_difference,Qstar,each_layer,24.0,245,306,0.5879118313992263,0.5811941443243964,0.5944271041750033,,,,,,,,
RepNoise,suppressed_vs_retained,correct_only,mean_difference,Qstar,each_layer,25.0,245,306,0.5859957316259837,0.5796278511404561,0.5919511137788449,,,,,,,,
RepNoise,suppressed_vs_retained,correct_only,mean_difference,Qstar,each_layer,26.0,245,306,0.5868500733626784,0.5806262505002001,0.5927851140456183,,,,,,,,
RepNoise,suppressed_vs_retained,correct_only,mean_difference,Qstar,each_layer,27.0,245,306,0.5854775243430705,0.5798386021075097,0.5911751367213551,,,,,,,,
RepNoise,suppressed_vs_retained,correct_only,mean_difference,Qstar,each_layer,28.0,245,306,0.5858436708016539,0.5800756969454448,0.5915059357076163,,,,,,,,
RepNoise,suppressed_vs_retained,correct_only,mean_difference,Qstar,each_layer,29.0,245,306,0.5871835400826997,0.5810700947045485,0.5927991196478591,,,,,,,,
RepNoise,suppressed_vs_retained,correct_only,mean_difference,Qstar,each_layer,30.0,245,306,0.586638655462185,0.5805032012805121,0.5924296385220755,,,,,,,,
RepNoise,suppressed_vs_retained,correct_only,mean_difference,Qstar,each_layer,31.0,245,306,0.5895098039215687,0.5826163798852875,0.5955742296918767,,,,,,,,
RepNoise,suppressed_vs_retained,correct_only,mean_difference,Qstar,each_layer,32.0,245,306,0.5914845938375349,0.5832286247832467,0.5980645591569961,,,,,,,,
RepNoise,suppressed_vs_retained,mean_all_choices,mean_difference,Qstar,per_fold_selected,8.5,245,306,0.6644277711084433,0.6392883820194745,0.6797872482326264,0.6220014672535681,0.6020691609977324,0.6415509537148193,0.5900591688806639,0.5599350546491983,0.6160151244833746,0.6505375759601143,0.2284332262089249
RepNoise,suppressed_vs_retained,mean_all_choices,logistic_regression,Qstar,per_fold_selected,8.5,245,306,0.6100033346672002,0.5745885020674937,0.6513632119514473,0.5822979191676672,0.5463683806856076,0.6197920835000666,0.549850907286977,0.5152306256343597,0.5852569184039029,2.8805694221688167,0.370802013010413
RepNoise,suppressed_vs_retained,mean_all_choices,mean_difference,Qstar,each_layer,0.0,245,306,0.5128984927304254,0.5128984927304255,0.5128984927304255,,,,,,,,
RepNoise,suppressed_vs_retained,mean_all_choices,mean_difference,Qstar,each_layer,1.0,245,306,0.6540722955849005,0.6458823529411765,0.6589389088968921,,,,,,,,
RepNoise,suppressed_vs_retained,mean_all_choices,mean_difference,Qstar,each_layer,2.0,245,306,0.6621982126183805,0.655812324929972,0.6667210217420302,,,,,,,,
RepNoise,suppressed_vs_retained,mean_all_choices,mean_difference,Qstar,each_layer,3.0,245,306,0.6751040416166466,0.6705835667600374,0.6785087368280646,,,,,,,,
RepNoise,suppressed_vs_retained,mean_all_choices,mean_difference,Qstar,each_layer,4.0,245,306,0.673031879418434,0.6686304521808724,0.6762361611311191,,,,,,,,
RepNoise,suppressed_vs_retained,mean_all_choices,mean_difference,Qstar,each_layer,5.0,245,306,0.670111377884487,0.6658966920101373,0.6733860210750967,,,,,,,,
RepNoise,suppressed_vs_retained,mean_all_choices,mean_difference,Qstar,each_layer,6.0,245,306,0.6688648792850473,0.6645058023209284,0.6722829131652661,,,,,,,,
RepNoise,suppressed_vs_retained,mean_all_choices,mean_difference,Qstar,each_layer,7.0,245,306,0.6678624783246632,0.6626353874883286,0.6713105242096838,,,,,,,,
RepNoise,suppressed_vs_retained,mean_all_choices,mean_difference,Qstar,each_layer,8.0,245,306,0.6619254368414031,0.657092837134854,0.6653951580632252,,,,,,,,
RepNoise,suppressed_vs_retained,mean_all_choices,mean_difference,Qstar,each_layer,9.0,245,306,0.6620414832599706,0.6564562491663332,0.6659046952114179,,,,,,,,
RepNoise,suppressed_vs_retained,mean_all_choices,mean_difference,Qstar,each_layer,10.0,245,306,0.660360810991063,0.6564265706282513,0.6643927571028412,,,,,,,,
RepNoise,suppressed_vs_retained,mean_all_choices,mean_difference,Qstar,each_layer,11.0,245,306,0.6591189809257035,0.6553404695211418,0.6641936774709883,,,,,,,,
RepNoise,suppressed_vs_retained,mean_all_choices,mean_difference,Qstar,each_layer,12.0,245,306,0.6585587568360677,0.6549993330665599,0.6638658796852074,,,,,,,,
RepNoise,suppressed_vs_retained,mean_all_choices,mean_difference,Qstar,each_layer,13.0,245,306,0.6582406295851675,0.6544117647058824,0.6633296651994132,,,,,,,,
RepNoise,suppressed_vs_retained,mean_all_choices,mean_difference,Qstar,each_layer,14.0,245,306,0.6534900626917433,0.6489722555688943,0.657781779378418,,,,,,,,
RepNoise,suppressed_vs_retained,mean_all_choices,mean_difference,Qstar,each_layer,15.0,245,306,0.6608276643990931,0.6548079231692677,0.665671601974123,,,,,,,,
RepNoise,suppressed_vs_retained,mean_all_choices,mean_difference,Qstar,each_layer,16.0,245,306,0.661828731492597,0.653671135120715,0.667484327064159,,,,,,,,
RepNoise,suppressed_vs_retained,mean_all_choices,mean_difference,Qstar,each_layer,17.0,245,306,0.6543177270908364,0.6430518874216353,0.660501533946912,,,,,,,,
RepNoise,suppressed_vs_retained,mean_all_choices,mean_difference,Qstar,each_layer,18.0,245,306,0.644764572495665,0.6368754168334,0.6496878751500601,,,,,,,,
RepNoise,suppressed_vs_retained,mean_all_choices,mean_difference,Qstar,each_layer,19.0,245,306,0.633718820861678,0.6267110177404295,0.637421635320795,,,,,,,,
RepNoise,suppressed_vs_retained,mean_all_choices,mean_difference,Qstar,each_layer,20.0,245,306,0.6292270241429905,0.6222048819527811,0.633404695211418,,,,,,,,
RepNoise,suppressed_vs_retained,mean_all_choices,mean_difference,Qstar,each_layer,21.0,245,306,0.626844070961718,0.6203678137921835,0.6310070694944645,,,,,,,,
RepNoise,suppressed_vs_retained,mean_all_choices,mean_difference,Qstar,each_layer,22.0,245,306,0.6255742296918768,0.6193514072295585,0.6298366013071895,,,,,,,,
RepNoise,suppressed_vs_retained,mean_all_choices,mean_difference,Qstar,each_layer,23.0,245,306,0.6270941710017341,0.6207419634520475,0.6312765106042416,,,,,,,,
RepNoise,suppressed_vs_retained,mean_all_choices,mean_difference,Qstar,each_layer,24.0,245,306,0.626171135120715,0.6198349339735895,0.630532212885154,,,,,,,,
RepNoise,suppressed_vs_retained,mean_all_choices,mean_difference,Qstar,each_layer,25.0,245,306,0.6257696411898094,0.6195588235294117,0.6301023742830465,,,,,,,,
RepNoise,suppressed_vs_retained,mean_all_choices,mean_difference,Qstar,each_layer,26.0,245,306,0.6258656796051755,0.6194977991196479,0.6302597705748967,,,,,,,,
RepNoise,suppressed_vs_retained,mean_all_choices,mean_difference,Qstar,each_layer,27.0,245,306,0.6254141656662665,0.6189145658263305,0.6297268907563025,,,,,,,,
RepNoise,suppressed_vs_retained,mean_all_choices,mean_difference,Qstar,each_layer,28.0,245,306,0.6268394024276377,0.6204785247432306,0.631171802054155,,,,,,,,
RepNoise,suppressed_vs_retained,mean_all_choices,mean_difference,Qstar,each_layer,29.0,245,306,0.627108176603975,0.6206525943710818,0.631484927304255,,,,,,,,
RepNoise,suppressed_vs_retained,mean_all_choices,mean_difference,Qstar,each_layer,30.0,245,306,0.6263692143524076,0.619155328798186,0.6313465386154461,,,,,,,,
RepNoise,suppressed_vs_retained,mean_all_choices,mean_difference,Qstar,each_layer,31.0,245,306,0.6293257302921169,0.6213695478191277,0.6342413632119515,,,,,,,,
RepNoise,suppressed_vs_retained,mean_all_choices,mean_difference,Qstar,each_layer,32.0,245,306,0.6249266373215951,0.6162361611311191,0.6308766840069361,,,,,,,,
RepNoise,suppressed_vs_retained,correct_minus_mean_wrong,mean_difference,Qstar,per_fold_selected,8.3,245,306,0.7211931439242364,0.6989449112978526,0.742922835800987,0.6562154861944778,0.6357361277844471,0.6772240562891824,0.6292015651951604,0.6131946566794324,0.649545208400593,0.6255008873738739,0.2151549303439184
RepNoise,suppressed_vs_retained,correct_minus_mean_wrong,logistic_regression,Qstar,per_fold_selected,8.3,245,306,0.6825763638788849,0.6559493797519007,0.7085562558356676,0.624516139789249,0.5944477791116447,0.6431919434440443,0.6320475026581172,0.6026136694117411,0.665145778935316,2.512994075123648,0.3315047600631248
RepNoise,suppressed_vs_retained,correct_minus_mean_wrong,mean_difference,Qstar,each_layer,0.0,245,306,0.5128984927304254,0.5128984927304255,0.5128984927304255,,,,,,,,
RepNoise,suppressed_vs_retained,correct_minus_mean_wrong,mean_difference,Qstar,each_layer,1.0,245,306,0.6179665199413099,0.5932379618514072,0.6325540216086435,,,,,,,,
RepNoise,suppressed_vs_retained,correct_minus_mean_wrong,mean_difference,Qstar,each_layer,2.0,245,306,0.6250226757369615,0.6083710150726958,0.6394937975190076,,,,,,,,
RepNoise,suppressed_vs_retained,correct_minus_mean_wrong,mean_difference,Qstar,each_layer,3.0,245,306,0.6396458583433373,0.6210087368280646,0.6586074429771909,,,,,,,,
RepNoise,suppressed_vs_retained,correct_minus_mean_wrong,mean_difference,Qstar,each_layer,4.0,245,306,0.6799933306655996,0.6748972922502334,0.6875713618780845,,,,,,,,
RepNoise,suppressed_vs_retained,correct_minus_mean_wrong,mean_difference,Qstar,each_layer,5.0,245,306,0.7142076830732292,0.7110404161664666,0.7200540216086435,,,,,,,,
RepNoise,suppressed_vs_retained,correct_minus_mean_wrong,mean_difference,Qstar,each_layer,6.0,245,306,0.7193877551020408,0.7146682006135788,0.7266990129385087,,,,,,,,
RepNoise,suppressed_vs_retained,correct_minus_mean_wrong,mean_difference,Qstar,each_layer,7.0,245,306,0.73843870881686,0.7313712151527277,0.7457759770574897,,,,,,,,
RepNoise,suppressed_vs_retained,correct_minus_mean_wrong,mean_difference,Qstar,each_layer,8.0,245,306,0.7264065626250501,0.7152791116446579,0.7402247565692943,,,,,,,,
RepNoise,suppressed_vs_retained,correct_minus_mean_wrong,mean_difference,Qstar,each_layer,9.0,245,306,0.7229985327464319,0.7084010270774976,0.7389332399626518,,,,,,,,
RepNoise,suppressed_vs_retained,correct_minus_mean_wrong,mean_difference,Qstar,each_layer,10.0,245,306,0.7123502734427105,0.6934003601440577,0.7307169534480459,,,,,,,,
RepNoise,suppressed_vs_retained,correct_minus_mean_wrong,mean_difference,Qstar,each_layer,11.0,245,306,0.6893490729625183,0.6634677204215019,0.7136114445778311,,,,,,,,
RepNoise,suppressed_vs_retained,correct_minus_mean_wrong,mean_difference,Qstar,each_layer,12.0,245,306,0.6914499132986529,0.67015672935841,0.7083733493397358,,,,,,,,
RepNoise,suppressed_vs_retained,correct_minus_mean_wrong,mean_difference,Qstar,each_layer,13.0,245,306,0.6596085100706949,0.636296185140723,0.6850073362678405,,,,,,,,
RepNoise,suppressed_vs_retained,correct_minus_mean_wrong,mean_difference,Qstar,each_layer,14.0,245,306,0.6260410830999066,0.5999726557289583,0.6604575163398693,,,,,,,,
RepNoise,suppressed_vs_retained,correct_minus_mean_wrong,mean_difference,Qstar,each_layer,15.0,245,306,0.6508003201280512,0.6276017073496065,0.6743080565559557,,,,,,,,
RepNoise,suppressed_vs_retained,correct_minus_mean_wrong,mean_difference,Qstar,each_layer,16.0,245,306,0.6194984660530879,0.5887601707349606,0.6424779911964786,,,,,,,,
RepNoise,suppressed_vs_retained,correct_minus_mean_wrong,mean_difference,Qstar,each_layer,17.0,245,306,0.604610510871015,0.5763865546218487,0.6233840202747766,,,,,,,,
RepNoise,suppressed_vs_retained,correct_minus_mean_wrong,mean_difference,Qstar,each_layer,18.0,245,306,0.5859123649459783,0.5615726290516206,0.6023839535814326,,,,,,,,
RepNoise,suppressed_vs_retained,correct_minus_mean_wrong,mean_difference,Qstar,each_layer,19.0,245,306,0.5911497932506335,0.5633810190742964,0.6082546351874083,,,,,,,,
RepNoise,suppressed_vs_retained,correct_minus_mean_wrong,mean_difference,Qstar,each_layer,20.0,245,306,0.5955608910230759,0.5731439242363613,0.6092550353474723,,,,,,,,
RepNoise,suppressed_vs_retained,correct_minus_mean_wrong,mean_difference,Qstar,each_layer,21.0,245,306,0.5936654661864745,0.5761514605842336,0.6050800320128051,,,,,,,,
RepNoise,suppressed_vs_retained,correct_minus_mean_wrong,mean_difference,Qstar,each_layer,22.0,245,306,0.5944357743097239,0.5769554488462051,0.6058500066693344,,,,,,,,
RepNoise,suppressed_vs_retained,correct_minus_mean_wrong,mean_difference,Qstar,each_layer,23.0,245,306,0.5972575696945444,0.5813692143524076,0.6077234227024143,,,,,,,,
RepNoise,suppressed_vs_retained,correct_minus_mean_wrong,mean_difference,Qstar,each_layer,24.0,245,306,0.5981332533013204,0.5837171535280778,0.607624716553288,,,,,,,,
RepNoise,suppressed_vs_retained,correct_minus_mean_wrong,mean_difference,Qstar,each_layer,25.0,245,306,0.5941963452047486,0.5807549686541283,0.6034116980125384,,,,,,,,
RepNoise,suppressed_vs_retained,correct_minus_mean_wrong,mean_difference,Qstar,each_layer,26.0,245,306,0.5938128584767239,0.5804631852741097,0.6031149126317193,,,,,,,,
RepNoise,suppressed_vs_retained,correct_minus_mean_wrong,mean_difference,Qstar,each_layer,27.0,245,306,0.592610377484327,0.5787394957983193,0.6021125116713352,,,,,,,,
RepNoise,suppressed_vs_retained,correct_minus_mean_wrong,mean_difference,Qstar,each_layer,28.0,245,306,0.5922388955582233,0.5784567160197412,0.6011991463251968,,,,,,,,
RepNoise,suppressed_vs_retained,correct_minus_mean_wrong,mean_difference,Qstar,each_layer,29.0,245,306,0.5923255969054287,0.578983926904095,0.6016993464052287,,,,,,,,
RepNoise,suppressed_vs_retained,correct_minus_mean_wrong,mean_difference,Qstar,each_layer,30.0,245,306,0.5922188875550219,0.5800406829398427,0.6004691876750701,,,,,,,,
RepNoise,suppressed_vs_retained,correct_minus_mean_wrong,mean_difference,Qstar,each_layer,31.0,245,306,0.5927597705748966,0.5819734560490862,0.6001277177537682,,,,,,,,
RepNoise,suppressed_vs_retained,correct_minus_mean_wrong,mean_difference,Qstar,each_layer,32.0,245,306,0.5922002134187008,0.5833716820061358,0.5986537948512738,,,,,,,,
RepNoise,suppressed_vs_rest,correct_only,mean_difference,Qstar,per_fold_selected,4.6,245,456,0.6213048245614036,0.5642421902971715,0.6618296858216971,0.5509438775510203,0.5210760159326889,0.5912653284998209,0.4606826721498452,0.4012568301180174,0.5013913578939059,0.6269347650012393,0.2177829618744486
RepNoise,suppressed_vs_rest,correct_only,logistic_regression,Qstar,per_fold_selected,4.6,245,456,0.5733568295739346,0.5256691953097028,0.6036175259577515,0.5470182151808092,0.5142294351951308,0.5753470730397422,0.4239784096783761,0.3722142975629786,0.4661939230989003,2.0240360140485496,0.3121634129342003
RepNoise,suppressed_vs_rest,correct_only,mean_difference,Qstar,each_layer,0.0,245,456,0.5592463301109916,0.5592463301109918,0.5592463301109918,,,,,,,,
RepNoise,suppressed_vs_rest,correct_only,mean_difference,Qstar,each_layer,1.0,245,456,0.6474449516648765,0.6400984604368063,0.6517951127819549,,,,,,,,
RepNoise,suppressed_vs_rest,correct_only,mean_difference,Qstar,each_layer,2.0,245,456,0.6574892588614393,0.6524646437522378,0.6613974668814895,,,,,,,,
RepNoise,suppressed_vs_rest,correct_only,mean_difference,Qstar,each_layer,3.0,245,456,0.6695649838882922,0.666171679197995,0.6727551020408163,,,,,,,,
RepNoise,suppressed_vs_rest,correct_only,mean_difference,Qstar,each_layer,4.0,245,456,0.667483888292159,0.6634570802005012,0.6705610007160759,,,,,,,,
RepNoise,suppressed_vs_rest,correct_only,mean_difference,Qstar,each_layer,5.0,245,456,0.667607411385607,0.663452157178661,0.6714232008592911,,,,,,,,
RepNoise,suppressed_vs_rest,correct_only,mean_difference,Qstar,each_layer,6.0,245,456,0.6649919441460794,0.6615279269602578,0.6686665324024347,,,,,,,,
RepNoise,suppressed_vs_rest,correct_only,mean_difference,Qstar,each_layer,7.0,245,456,0.6668309165771572,0.6632747046186895,0.670234962406015,,,,,,,,
RepNoise,suppressed_vs_rest,correct_only,mean_difference,Qstar,each_layer,8.0,245,456,0.6656149301825993,0.6618962585034014,0.6690523182957393,,,,,,,,
RepNoise,suppressed_vs_rest,correct_only,mean_difference,Qstar,each_layer,9.0,245,456,0.6646576262083781,0.6615644020766202,0.6681426781238812,,,,,,,,
RepNoise,suppressed_vs_rest,correct_only,mean_difference,Qstar,each_layer,10.0,245,456,0.6657142857142857,0.6627134801288938,0.668828544575725,,,,,,,,
RepNoise,suppressed_vs_rest,correct_only,mean_difference,Qstar,each_layer,11.0,245,456,0.6623899033297529,0.658810866451844,0.6654430719656284,,,,,,,,
RepNoise,suppressed_vs_rest,correct_only,mean_difference,Qstar,each_layer,12.0,245,456,0.6600631041890441,0.6559866183315431,0.66343828320802,,,,,,,,
RepNoise,suppressed_vs_rest,correct_only,mean_difference,Qstar,each_layer,13.0,245,456,0.659016290726817,0.6544918098818475,0.66265574650913,,,,,,,,
RepNoise,suppressed_vs_rest,correct_only,mean_difference,Qstar,each_layer,14.0,245,456,0.6532218940207661,0.6472395273899033,0.657844611528822,,,,,,,,
RepNoise,suppressed_vs_rest,correct_only,mean_difference,Qstar,each_layer,15.0,245,456,0.6579672395273899,0.6520251521661296,0.6615010741138561,,,,,,,,
RepNoise,suppressed_vs_rest,correct_only,mean_difference,Qstar,each_layer,16.0,245,456,0.6507424812030075,0.6450801109917651,0.6544354189044038,,,,,,,,
RepNoise,suppressed_vs_rest,correct_only,mean_difference,Qstar,each_layer,17.0,245,456,0.6419405656999643,0.6368389724310777,0.6460497225205872,,,,,,,,
RepNoise,suppressed_vs_rest,correct_only,mean_difference,Qstar,each_layer,18.0,245,456,0.6294132653061224,0.6255453365556749,0.6328978696741855,,,,,,,,
RepNoise,suppressed_vs_rest,correct_only,mean_difference,Qstar,each_layer,19.0,245,456,0.6189773540995345,0.6143937969924812,0.6224163086287146,,,,,,,,
RepNoise,suppressed_vs_rest,correct_only,mean_difference,Qstar,each_layer,20.0,245,456,0.6146066058002148,0.6101228517722879,0.6179907357679915,,,,,,,,
RepNoise,suppressed_vs_rest,correct_only,mean_difference,Qstar,each_layer,21.0,245,456,0.6117467776584318,0.6072867436448264,0.6155173648406731,,,,,,,,
RepNoise,suppressed_vs_rest,correct_only,mean_difference,Qstar,each_layer,22.0,245,456,0.6113498030791263,0.606859335839599,0.6150239437880416,,,,,,,,
RepNoise,suppressed_vs_rest,correct_only,mean_difference,Qstar,each_layer,23.0,245,456,0.6118313641245973,0.6070529001074114,0.6152745703544575,,,,,,,,
RepNoise,suppressed_vs_rest,correct_only,mean_difference,Qstar,each_layer,24.0,245,456,0.611765127103473,0.6066384711779449,0.6155050572860723,,,,,,,,
RepNoise,suppressed_vs_rest,correct_only,mean_difference,Qstar,each_layer,25.0,245,456,0.6108306480486932,0.6056469298245614,0.6143785803795202,,,,,,,,
RepNoise,suppressed_vs_rest,correct_only,mean_difference,Qstar,each_layer,26.0,245,456,0.6121124239169352,0.6070092642320085,0.6157274883637666,,,,,,,,
RepNoise,suppressed_vs_rest,correct_only,mean_difference,Qstar,each_layer,27.0,245,456,0.6111501969208736,0.6065055495882563,0.6145683404940924,,,,,,,,
RepNoise,suppressed_vs_rest,correct_only,mean_difference,Qstar,each_layer,28.0,245,456,0.6118353920515573,0.6071383816684569,0.6150713838166846,,,,,,,,
RepNoise,suppressed_vs_rest,correct_only,mean_difference,Qstar,each_layer,29.0,245,456,0.6124744897959185,0.607952470461869,0.6158778643036162,,,,,,,,
RepNoise,suppressed_vs_rest,correct_only,mean_difference,Qstar,each_layer,30.0,245,456,0.6120179914070891,0.6070600608664518,0.6154824561403508,,,,,,,,
RepNoise,suppressed_vs_rest,correct_only,mean_difference,Qstar,each_layer,31.0,245,456,0.6143841747225206,0.6093248746867168,0.6181493913354816,,,,,,,,
RepNoise,suppressed_vs_rest,correct_only,mean_difference,Qstar,each_layer,32.0,245,456,0.6163319011815253,0.610545784103115,0.6204598549946294,,,,,,,,
RepNoise,suppressed_vs_rest,mean_all_choices,mean_difference,Qstar,per_fold_selected,5.9,245,456,0.6337289652703189,0.5862667830290011,0.6682250268528463,0.5434602130325815,0.5206463703902614,0.5601955782312925,0.4563164633050447,0.4111017349792827,0.4849120262637617,0.6257445266341538,0.2174831426174679
RepNoise,suppressed_vs_rest,mean_all_choices,logistic_regression,Qstar,per_fold_selected,5.9,245,456,0.5861063372717508,0.5488774391335483,0.6243399794128177,0.5559407447189403,0.5315664160401002,0.5859620032223416,0.4314552492647034,0.4000281930281068,0.4642620859169928,1.9774118106755456,0.3160108049895476
RepNoise,suppressed_vs_rest,mean_all_choices,mean_difference,Qstar,each_layer,0.0,245,456,0.5592463301109916,0.5592463301109918,0.5592463301109918,,,,,,,,
RepNoise,suppressed_vs_rest,mean_all_choices,mean_difference,Qstar,each_layer,1.0,245,456,0.6531655030433224,0.6471108575008951,0.6571459899749373,,,,,,,,
RepNoise,suppressed_vs_rest,mean_all_choices,mean_difference,Qstar,each_layer,2.0,245,456,0.6625725026852847,0.6579728338703903,0.6662784192624418,,,,,,,,
RepNoise,suppressed_vs_rest,mean_all_choices,mean_difference,Qstar,each_layer,3.0,245,456,0.673248299319728,0.6703264858575009,0.6759633458646617,,,,,,,,
RepNoise,suppressed_vs_rest,mean_all_choices,mean_difference,Qstar,each_layer,4.0,245,456,0.6703007518796993,0.66656126924454,0.6727772556390977,,,,,,,,
RepNoise,suppressed_vs_rest,mean_all_choices,mean_difference,Qstar,each_layer,5.0,245,456,0.6668644826351592,0.6624579305406373,0.6701456766917293,,,,,,,,
RepNoise,suppressed_vs_rest,mean_all_choices,mean_difference,Qstar,each_layer,6.0,245,456,0.6663533834586467,0.6617485678481919,0.6696198084496956,,,,,,,,
RepNoise,suppressed_vs_rest,mean_all_choices,mean_difference,Qstar,each_layer,7.0,245,456,0.6676454529180094,0.6636743644826352,0.6706390977443609,,,,,,,,
RepNoise,suppressed_vs_rest,mean_all_choices,mean_difference,Qstar,each_layer,8.0,245,456,0.6659076262083781,0.661734693877551,0.6686582527747942,,,,,,,,
RepNoise,suppressed_vs_rest,mean_all_choices,mean_difference,Qstar,each_layer,9.0,245,456,0.6653920515574651,0.6620372359470104,0.6685895542427498,,,,,,,,
RepNoise,suppressed_vs_rest,mean_all_choices,mean_difference,Qstar,each_layer,10.0,245,456,0.6665932688865019,0.6624639724310777,0.6697413175796634,,,,,,,,
RepNoise,suppressed_vs_rest,mean_all_choices,mean_difference,Qstar,each_layer,11.0,245,456,0.6670954171142143,0.663501163623344,0.6700440834228428,,,,,,,,
RepNoise,suppressed_vs_rest,mean_all_choices,mean_difference,Qstar,each_layer,12.0,245,456,0.6659362692445399,0.6621976817042607,0.6691494360902256,,,,,,,,
RepNoise,suppressed_vs_rest,mean_all_choices,mean_difference,Qstar,each_layer,13.0,245,456,0.6645018796992481,0.660719656283566,0.6682288310060867,,,,,,,,
RepNoise,suppressed_vs_rest,mean_all_choices,mean_difference,Qstar,each_layer,14.0,245,456,0.6589813820264947,0.6546383816684569,0.6634646885069817,,,,,,,,
RepNoise,suppressed_vs_rest,mean_all_choices,mean_difference,Qstar,each_layer,15.0,245,456,0.6618774615109202,0.6570255997135696,0.6670354457572503,,,,,,,,
RepNoise,suppressed_vs_rest,mean_all_choices,mean_difference,Qstar,each_layer,16.0,245,456,0.6647122269960617,0.6584975832438239,0.6707644110275689,,,,,,,,
RepNoise,suppressed_vs_rest,mean_all_choices,mean_difference,Qstar,each_layer,17.0,245,456,0.6591845685642678,0.6516787504475474,0.6663254117436448,,,,,,,,
RepNoise,suppressed_vs_rest,mean_all_choices,mean_difference,Qstar,each_layer,18.0,245,456,0.6454018976011457,0.6376752148227712,0.6507845506623702,,,,,,,,
RepNoise,suppressed_vs_rest,mean_all_choices,mean_difference,Qstar,each_layer,19.0,245,456,0.6329949874686717,0.6245875850340136,0.6387585034013605,,,,,,,,
RepNoise,suppressed_vs_rest,mean_all_choices,mean_difference,Qstar,each_layer,20.0,245,456,0.6285861976369496,0.6195005370569281,0.634858798782671,,,,,,,,
RepNoise,suppressed_vs_rest,mean_all_choices,mean_difference,Qstar,each_layer,21.0,245,456,0.6254014500537057,0.6159615556749015,0.6323887844611529,,,,,,,,
RepNoise,suppressed_vs_rest,mean_all_choices,mean_difference,Qstar,each_layer,22.0,245,456,0.6234774436090226,0.6142850429645542,0.6302233261725743,,,,,,,,
RepNoise,suppressed_vs_rest,mean_all_choices,mean_difference,Qstar,each_layer,23.0,245,456,0.6225546007876834,0.6135689670605083,0.6287068116720372,,,,,,,,
RepNoise,suppressed_vs_rest,mean_all_choices,mean_difference,Qstar,each_layer,24.0,245,456,0.6219396706050843,0.6126282223415682,0.6284163533834587,,,,,,,,
RepNoise,suppressed_vs_rest,mean_all_choices,mean_difference,Qstar,each_layer,25.0,245,456,0.6212423916935196,0.6124008682420337,0.6281117973505191,,,,,,,,
RepNoise,suppressed_vs_rest,mean_all_choices,mean_difference,Qstar,each_layer,26.0,245,456,0.621154672395274,0.6121699337629789,0.6274955245255998,,,,,,,,
RepNoise,suppressed_vs_rest,mean_all_choices,mean_difference,Qstar,each_layer,27.0,245,456,0.6203034371643394,0.6116228070175439,0.6268257697815969,,,,,,,,
RepNoise,suppressed_vs_rest,mean_all_choices,mean_difference,Qstar,each_layer,28.0,245,456,0.6221947726459005,0.6136036519871106,0.628812880415324,,,,,,,,
RepNoise,suppressed_vs_rest,mean_all_choices,mean_difference,Qstar,each_layer,29.0,245,456,0.6217087361260293,0.6131775868242033,0.628076441102757,,,,,,,,
RepNoise,suppressed_vs_rest,mean_all_choices,mean_difference,Qstar,each_layer,30.0,245,456,0.6223361976369496,0.6134550662370211,0.6292850429645542,,,,,,,,
RepNoise,suppressed_vs_rest,mean_all_choices,mean_difference,Qstar,each_layer,31.0,245,456,0.6280858395989976,0.6184250805585392,0.6363475653419263,,,,,,,,
RepNoise,suppressed_vs_rest,mean_all_choices,mean_difference,Qstar,each_layer,32.0,245,456,0.6257192087361261,0.6132706766917294,0.6364898854278553,,,,,,,,
RepNoise,suppressed_vs_rest,correct_minus_mean_wrong,mean_difference,Qstar,per_fold_selected,8.0,245,456,0.6918468045112782,0.6594042024704618,0.7119611528822055,0.5874720282849982,0.5585679600787684,0.6087912862513426,0.5280852923543892,0.4946005504049558,0.5477445973149718,0.603634086393426,0.2067732144328538
RepNoise,suppressed_vs_rest,correct_minus_mean_wrong,logistic_regression,Qstar,per_fold_selected,8.0,245,456,0.6364285714285715,0.5938043770139635,0.6679832393483709,0.5947587719298244,0.5568413220551378,0.6261628401360544,0.4991621147299719,0.4562488344039356,0.5242588971454365,2.6574355976294006,0.3275912175748154
RepNoise,suppressed_vs_rest,correct_minus_mean_wrong,mean_difference,Qstar,each_layer,0.0,245,456,0.5592463301109916,0.5592463301109918,0.5592463301109918,,,,,,,,
RepNoise,suppressed_vs_rest,correct_minus_mean_wrong,mean_difference,Qstar,each_layer,1.0,245,456,0.5928011994271392,0.5663180272108844,0.6135566595059077,,,,,,,,
RepNoise,suppressed_vs_rest,correct_minus_mean_wrong,mean_difference,Qstar,each_layer,2.0,245,456,0.6274453992123166,0.5976908789831722,0.6561739169351951,,,,,,,,
RepNoise,suppressed_vs_rest,correct_minus_mean_wrong,mean_difference,Qstar,each_layer,3.0,245,456,0.635547798066595,0.6151729770855711,0.6534132205513785,,,,,,,,
RepNoise,suppressed_vs_rest,correct_minus_mean_wrong,mean_difference,Qstar,each_layer,4.0,245,456,0.6673442534908701,0.6600427407805227,0.6718758950948801,,,,,,,,
RepNoise,suppressed_vs_rest,correct_minus_mean_wrong,mean_difference,Qstar,each_layer,5.0,245,456,0.6879148764769066,0.6810116809881848,0.6922578768349444,,,,,,,,
RepNoise,suppressed_vs_rest,correct_minus_mean_wrong,mean_difference,Qstar,each_layer,6.0,245,456,0.688560687432868,0.6817857142857142,0.6932462853562478,,,,,,,,
RepNoise,suppressed_vs_rest,correct_minus_mean_wrong,mean_difference,Qstar,each_layer,7.0,245,456,0.7116747225205872,0.7034678213390619,0.7163146706050841,,,,,,,,
RepNoise,suppressed_vs_rest,correct_minus_mean_wrong,mean_difference,Qstar,each_layer,8.0,245,456,0.7013354815610455,0.6914086555674901,0.7095405925528105,,,,,,,,
RepNoise,suppressed_vs_rest,correct_minus_mean_wrong,mean_difference,Qstar,each_layer,9.0,245,456,0.6946236126029359,0.6835242123165055,0.7030332527747941,,,,,,,,
RepNoise,suppressed_vs_rest,correct_minus_mean_wrong,mean_difference,Qstar,each_layer,10.0,245,456,0.6935920157536699,0.6815545560329395,0.7044146079484426,,,,,,,,
RepNoise,suppressed_vs_rest,correct_minus_mean_wrong,mean_difference,Qstar,each_layer,11.0,245,456,0.6854493376297888,0.6679636591478697,0.7010409953455066,,,,,,,,
RepNoise,suppressed_vs_rest,correct_minus_mean_wrong,mean_difference,Qstar,each_layer,12.0,245,456,0.7012866988900823,0.6821191371285357,0.7175769781596849,,,,,,,,
RepNoise,suppressed_vs_rest,correct_minus_mean_wrong,mean_difference,Qstar,each_layer,13.0,245,456,0.6733776405298961,0.6481216433941999,0.6921433046902972,,,,,,,,
RepNoise,suppressed_vs_rest,correct_minus_mean_wrong,mean_difference,Qstar,each_layer,14.0,245,456,0.6064992839240959,0.5893365109201575,0.6201040547798067,,,,,,,,
RepNoise,suppressed_vs_rest,correct_minus_mean_wrong,mean_difference,Qstar,each_layer,15.0,245,456,0.623577246688149,0.6106129162191193,0.6329909595417114,,,,,,,,
RepNoise,suppressed_vs_rest,correct_minus_mean_wrong,mean_difference,Qstar,each_layer,16.0,245,456,0.6074892588614393,0.599609738632295,0.6143991675617616,,,,,,,,
RepNoise,suppressed_vs_rest,correct_minus_mean_wrong,mean_difference,Qstar,each_layer,17.0,245,456,0.6015297171500179,0.590625,0.6103728070175439,,,,,,,,
RepNoise,suppressed_vs_rest,correct_minus_mean_wrong,mean_difference,Qstar,each_layer,18.0,245,456,0.5939321518080916,0.5794074471894021,0.6048033029001074,,,,,,,,
RepNoise,suppressed_vs_rest,correct_minus_mean_wrong,mean_difference,Qstar,each_layer,19.0,245,456,0.5957030970282851,0.5855090852130326,0.6042481203007519,,,,,,,,
RepNoise,suppressed_vs_rest,correct_minus_mean_wrong,mean_difference,Qstar,each_layer,20.0,245,456,0.6016554779806659,0.5930482456140351,0.6091011009667026,,,,,,,,
RepNoise,suppressed_vs_rest,correct_minus_mean_wrong,mean_difference,Qstar,each_layer,21.0,245,456,0.6030697278911565,0.594638829215897,0.6097265485141425,,,,,,,,
RepNoise,suppressed_vs_rest,correct_minus_mean_wrong,mean_difference,Qstar,each_layer,22.0,245,456,0.6026069638381667,0.5938659147869675,0.6089722073039743,,,,,,,,
RepNoise,suppressed_vs_rest,correct_minus_mean_wrong,mean_difference,Qstar,each_layer,23.0,245,456,0.6043143573218762,0.5949923916935195,0.6110356247762263,,,,,,,,
RepNoise,suppressed_vs_rest,correct_minus_mean_wrong,mean_difference,Qstar,each_layer,24.0,245,456,0.6056507339778017,0.5957263694951664,0.6127598012889367,,,,,,,,
RepNoise,suppressed_vs_rest,correct_minus_mean_wrong,mean_difference,Qstar,each_layer,25.0,245,456,0.6040292696025779,0.5944448174006445,0.6108093895452918,,,,,,,,
RepNoise,suppressed_vs_rest,correct_minus_mean_wrong,mean_difference,Qstar,each_layer,26.0,245,456,0.6045314178302901,0.5949272735409954,0.6111667561761547,,,,,,,,
RepNoise,suppressed_vs_rest,correct_minus_mean_wrong,mean_difference,Qstar,each_layer,27.0,245,456,0.6034340315073397,0.5944562298603652,0.6094656283566058,,,,,,,,
RepNoise,suppressed_vs_rest,correct_minus_mean_wrong,mean_difference,Qstar,each_layer,28.0,245,456,0.6038833691371285,0.5949767275331185,0.6101132295023273,,,,,,,,
RepNoise,suppressed_vs_rest,correct_minus_mean_wrong,mean_difference,Qstar,each_layer,29.0,245,456,0.6038506981740065,0.5942382742570712,0.6101624597207304,,,,,,,,
RepNoise,suppressed_vs_rest,correct_minus_mean_wrong,mean_difference,Qstar,each_layer,30.0,245,456,0.603982277121375,0.5941897153598281,0.6105601056211959,,,,,,,,
RepNoise,suppressed_vs_rest,correct_minus_mean_wrong,mean_difference,Qstar,each_layer,31.0,245,456,0.6053450590762621,0.5955594343000358,0.6121372627998568,,,,,,,,
RepNoise,suppressed_vs_rest,correct_minus_mean_wrong,mean_difference,Qstar,each_layer,32.0,245,456,0.6042467776584318,0.5937564894378804,0.6116897153598281,,,,,,,,
RepNoise,forgotten_vs_retained,correct_only,mean_difference,Qstar,per_fold_selected,9.3,68,306,0.692940215301807,0.6512615340253749,0.7434640522875817,0.5602532679738561,0.5358251633986928,0.5952001633986927,0.3679766059293374,0.3144554803096483,0.4379061167980624,0.4451941286901101,0.1378712728851035
RepNoise,forgotten_vs_retained,correct_only,logistic_regression,Qstar,per_fold_selected,9.3,68,306,0.6569516532103037,0.6032439446366783,0.705718954248366,0.5935049019607843,0.550061274509804,0.6254289215686274,0.3192035506935401,0.26936656812009,0.3797819167779034,1.2327852117880185,0.1916501137141303
RepNoise,forgotten_vs_retained,correct_only,mean_difference,Qstar,each_layer,0.0,68,306,0.3548154555940022,0.3548154555940023,0.3548154555940023,,,,,,,,
RepNoise,forgotten_vs_retained,correct_only,mean_difference,Qstar,each_layer,1.0,68,306,0.6376249519415609,0.5977196270665128,0.6670391195693963,,,,,,,,
RepNoise,forgotten_vs_retained,correct_only,mean_difference,Qstar,each_layer,2.0,68,306,0.636161572472126,0.5834991349480969,0.6746611880046136,,,,,,,,
RepNoise,forgotten_vs_retained,correct_only,mean_difference,Qstar,each_layer,3.0,68,306,0.6282703767781622,0.5687043444828912,0.6776672433679354,,,,,,,,
RepNoise,forgotten_vs_retained,correct_only,mean_difference,Qstar,each_layer,4.0,68,306,0.6527080930411381,0.6112444732795078,0.6883650519031141,,,,,,,,
RepNoise,forgotten_vs_retained,correct_only,mean_difference,Qstar,each_layer,5.0,68,306,0.6807285659361784,0.6494761630142253,0.7064506439830833,,,,,,,,
RepNoise,forgotten_vs_retained,correct_only,mean_difference,Qstar,each_layer,6.0,68,306,0.7008794694348327,0.673088475586313,0.7257557189542483,,,,,,,,
RepNoise,forgotten_vs_retained,correct_only,mean_difference,Qstar,each_layer,7.0,68,306,0.7015018262206845,0.6770172529796232,0.7227953191080353,,,,,,,,
RepNoise,forgotten_vs_retained,correct_only,mean_difference,Qstar,each_layer,8.0,68,306,0.7085135524798154,0.6748570261437908,0.736018598615917,,,,,,,,
RepNoise,forgotten_vs_retained,correct_only,mean_difference,Qstar,each_layer,9.0,68,306,0.7207444252210689,0.6838691849288735,0.7461336985774701,,,,,,,,
RepNoise,forgotten_vs_retained,correct_only,mean_difference,Qstar,each_layer,10.0,68,306,0.7158016147635524,0.6827314013840831,0.7395148500576701,,,,,,,,
RepNoise,forgotten_vs_retained,correct_only,mean_difference,Qstar,each_layer,11.0,68,306,0.6993415993848519,0.6725177816224529,0.7168613033448673,,,,,,,,
RepNoise,forgotten_vs_retained,correct_only,mean_difference,Qstar,each_layer,12.0,68,306,0.7045415224913494,0.6821030372933486,0.7184520376778162,,,,,,,,
RepNoise,forgotten_vs_retained,correct_only,mean_difference,Qstar,each_layer,13.0,68,306,0.7185337370242213,0.6987180411380238,0.7315804017685505,,,,,,,,
RepNoise,forgotten_vs_retained,correct_only,mean_difference,Qstar,each_layer,14.0,68,306,0.7122861399461746,0.6973267493271819,0.7270340734332948,,,,,,,,
RepNoise,forgotten_vs_retained,correct_only,mean_difference,Qstar,each_layer,15.0,68,306,0.7054209919261822,0.6915176855055748,0.7200331603229527,,,,,,,,
RepNoise,forgotten_vs_retained,correct_only,mean_difference,Qstar,each_layer,16.0,68,306,0.7071631103421762,0.6982374567474048,0.7183739427143406,,,,,,,,
RepNoise,forgotten_vs_retained,correct_only,mean_difference,Qstar,each_layer,17.0,68,306,0.6923490965013457,0.6819648692810457,0.7025927527873894,,,,,,,,
RepNoise,forgotten_vs_retained,correct_only,mean_difference,Qstar,each_layer,18.0,68,306,0.6528498654363706,0.6371383602460592,0.667926999231065,,,,,,,,
RepNoise,forgotten_vs_retained,correct_only,mean_difference,Qstar,each_layer,19.0,68,306,0.6247500961168783,0.6110234044598232,0.6387110726643599,,,,,,,,
RepNoise,forgotten_vs_retained,correct_only,mean_difference,Qstar,each_layer,20.0,68,306,0.6197039600153789,0.6059292099192618,0.6333345347943099,,,,,,,,
RepNoise,forgotten_vs_retained,correct_only,mean_difference,Qstar,each_layer,21.0,68,306,0.6120842945021145,0.5980247981545559,0.6265390715109573,,,,,,,,
RepNoise,forgotten_vs_retained,correct_only,mean_difference,Qstar,each_layer,22.0,68,306,0.6094819300269128,0.5964905324875048,0.6231942041522491,,,,,,,,
RepNoise,forgotten_vs_retained,correct_only,mean_difference,Qstar,each_layer,23.0,68,306,0.6108924452133795,0.5980920799692425,0.6237564878892734,,,,,,,,
RepNoise,forgotten_vs_retained,correct_only,mean_difference,Qstar,each_layer,24.0,68,306,0.6105031718569781,0.5966130815071127,0.6240472414455979,,,,,,,,
RepNoise,forgotten_vs_retained,correct_only,mean_difference,Qstar,each_layer,25.0,68,306,0.6040080738177624,0.5901239907727797,0.6172794117647059,,,,,,,,
RepNoise,forgotten_vs_retained,correct_only,mean_difference,Qstar,each_layer,26.0,68,306,0.601972798923491,0.5874723663975394,0.6150206651287966,,,,,,,,
RepNoise,forgotten_vs_retained,correct_only,mean_difference,Qstar,each_layer,27.0,68,306,0.6014105151864667,0.5870230199923107,0.6142024702037677,,,,,,,,
RepNoise,forgotten_vs_retained,correct_only,mean_difference,Qstar,each_layer,28.0,68,306,0.6000648788927336,0.5851163014225298,0.6131968473663976,,,,,,,,
RepNoise,forgotten_vs_retained,correct_only,mean_difference,Qstar,each_layer,29.0,68,306,0.5972871011149559,0.581730584390619,0.6107939254133026,,,,,,,,
RepNoise,forgotten_vs_retained,correct_only,mean_difference,Qstar,each_layer,30.0,68,306,0.5954224336793541,0.5792784025374855,0.6093041138023837,,,,,,,,
RepNoise,forgotten_vs_retained,correct_only,mean_difference,Qstar,each_layer,31.0,68,306,0.5929834678969627,0.5748161764705882,0.6074682814302191,,,,,,,,
RepNoise,forgotten_vs_retained,correct_only,mean_difference,Qstar,each_layer,32.0,68,306,0.5949106113033449,0.5713896097654748,0.6144667916186082,,,,,,,,
RepNoise,forgotten_vs_retained,mean_all_choices,mean_difference,Qstar,per_fold_selected,10.3,68,306,0.6920871780084583,0.6442546136101499,0.7404640042291426,0.5583333333333333,0.5231004901960784,0.5973039215686274,0.3715553382525217,0.3230072708973526,0.4156707616473267,0.4457887857176001,0.1372315023871264
RepNoise,forgotten_vs_retained,mean_all_choices,logistic_regression,Qstar,per_fold_selected,10.3,68,306,0.6118199730872742,0.5560169165705499,0.6490412341407151,0.5803104575163397,0.5440359477124183,0.6218545751633987,0.2914598996239744,0.2497394244029945,0.3224068688900455,1.3125612536410975,0.1953918365741936
RepNoise,forgotten_vs_retained,mean_all_choices,mean_difference,Qstar,each_layer,0.0,68,306,0.3548154555940022,0.3548154555940023,0.3548154555940023,,,,,,,,
RepNoise,forgotten_vs_retained,mean_all_choices,mean_difference,Qstar,each_layer,1.0,68,306,0.6591911764705882,0.6282163110342176,0.6829632833525566,,,,,,,,
RepNoise,forgotten_vs_retained,mean_all_choices,mean_difference,Qstar,each_layer,2.0,68,306,0.6612793156478279,0.6237745098039216,0.6935529603998463,,,,,,,,
RepNoise,forgotten_vs_retained,mean_all_choices,mean_difference,Qstar,each_layer,3.0,68,306,0.6499014801999231,0.6124939926951173,0.6845215782391388,,,,,,,,
RepNoise,forgotten_vs_retained,mean_all_choices,mean_difference,Qstar,each_layer,4.0,68,306,0.6627162629757785,0.6327338043060361,0.6879865916955017,,,,,,,,
RepNoise,forgotten_vs_retained,mean_all_choices,mean_difference,Qstar,each_layer,5.0,68,306,0.6664047481737794,0.637388264129181,0.6942846501345636,,,,,,,,
RepNoise,forgotten_vs_retained,mean_all_choices,mean_difference,Qstar,each_layer,6.0,68,306,0.6752138600538253,0.6502835447904651,0.697673971549404,,,,,,,,
RepNoise,forgotten_vs_retained,mean_all_choices,mean_difference,Qstar,each_layer,7.0,68,306,0.6758386197616301,0.6542399557862361,0.6950259515570935,,,,,,,,
RepNoise,forgotten_vs_retained,mean_all_choices,mean_difference,Qstar,each_layer,8.0,68,306,0.6918180507497116,0.6708201172625913,0.7113754325259516,,,,,,,,
RepNoise,forgotten_vs_retained,mean_all_choices,mean_difference,Qstar,each_layer,9.0,68,306,0.7028330449826989,0.6817834486735871,0.7202277970011535,,,,,,,,
RepNoise,forgotten_vs_retained,mean_all_choices,mean_difference,Qstar,each_layer,10.0,68,306,0.6986014994232989,0.668221357170319,0.7215205690119185,,,,,,,,
RepNoise,forgotten_vs_retained,mean_all_choices,mean_difference,Qstar,each_layer,11.0,68,306,0.7019968281430219,0.6741001057285659,0.7219278642829681,,,,,,,,
RepNoise,forgotten_vs_retained,mean_all_choices,mean_difference,Qstar,each_layer,12.0,68,306,0.6986327374086889,0.6609212802768166,0.7166017877739331,,,,,,,,
RepNoise,forgotten_vs_retained,mean_all_choices,mean_difference,Qstar,each_layer,13.0,68,306,0.717257785467128,0.6912665801614764,0.7313617358708189,,,,,,,,
RepNoise,forgotten_vs_retained,mean_all_choices,mean_difference,Qstar,each_layer,14.0,68,306,0.7236519607843136,0.7060409457900807,0.7368103613994618,,,,,,,,
RepNoise,forgotten_vs_retained,mean_all_choices,mean_difference,Qstar,each_layer,15.0,68,306,0.722215013456363,0.7026119761630142,0.7376850249903883,,,,,,,,
RepNoise,forgotten_vs_retained,mean_all_choices,mean_difference,Qstar,each_layer,16.0,68,306,0.7067498077662437,0.6843233371780085,0.7230380142252979,,,,,,,,
RepNoise,forgotten_vs_retained,mean_all_choices,mean_difference,Qstar,each_layer,17.0,68,306,0.6807021337946944,0.6548815359477125,0.7004193098808151,,,,,,,,
RepNoise,forgotten_vs_retained,mean_all_choices,mean_difference,Qstar,each_layer,18.0,68,306,0.6468185313341024,0.6172770088427528,0.6675088908112264,,,,,,,,
RepNoise,forgotten_vs_retained,mean_all_choices,mean_difference,Qstar,each_layer,19.0,68,306,0.6288014225297963,0.6024690023068051,0.645738417916186,,,,,,,,
RepNoise,forgotten_vs_retained,mean_all_choices,mean_difference,Qstar,each_layer,20.0,68,306,0.625708861976163,0.6001153402537486,0.6430026912725875,,,,,,,,
RepNoise,forgotten_vs_retained,mean_all_choices,mean_difference,Qstar,each_layer,21.0,68,306,0.6307021337946942,0.6046965109573241,0.6487552864282968,,,,,,,,
RepNoise,forgotten_vs_retained,mean_all_choices,mean_difference,Qstar,each_layer,22.0,68,306,0.6292507689350251,0.6022635524798154,0.6470588235294117,,,,,,,,
RepNoise,forgotten_vs_retained,mean_all_choices,mean_difference,Qstar,each_layer,23.0,68,306,0.6255406574394463,0.5991409554017685,0.6438413110342176,,,,,,,,
RepNoise,forgotten_vs_retained,mean_all_choices,mean_difference,Qstar,each_layer,24.0,68,306,0.6264561707035756,0.5993259803921569,0.6449718858131488,,,,,,,,
RepNoise,forgotten_vs_retained,mean_all_choices,mean_difference,Qstar,each_layer,25.0,68,306,0.6257809496347558,0.5993932622068435,0.6433306901191849,,,,,,,,
RepNoise,forgotten_vs_retained,mean_all_choices,mean_difference,Qstar,each_layer,26.0,68,306,0.6243031526336024,0.5970119665513265,0.6420391195693964,,,,,,,,
RepNoise,forgotten_vs_retained,mean_all_choices,mean_difference,Qstar,each_layer,27.0,68,306,0.6240508458285274,0.5949574682814303,0.6436562860438293,,,,,,,,
RepNoise,forgotten_vs_retained,mean_all_choices,mean_difference,Qstar,each_layer,28.0,68,306,0.6257400999615533,0.5965253748558247,0.6443723567858516,,,,,,,,
RepNoise,forgotten_vs_retained,mean_all_choices,mean_difference,Qstar,each_layer,29.0,68,306,0.6218377547097271,0.5920126874279124,0.639260140330642,,,,,,,,
RepNoise,forgotten_vs_retained,mean_all_choices,mean_difference,Qstar,each_layer,30.0,68,306,0.6240460399846214,0.5928380911188005,0.6417459630911188,,,,,,,,
RepNoise,forgotten_vs_retained,mean_all_choices,mean_difference,Qstar,each_layer,31.0,68,306,0.6262326989619377,0.5939362264513649,0.6434748654363706,,,,,,,,
RepNoise,forgotten_vs_retained,mean_all_choices,mean_difference,Qstar,each_layer,32.0,68,306,0.634460303729335,0.6039395905420992,0.6524473760092272,,,,,,,,
RepNoise,forgotten_vs_retained,correct_minus_mean_wrong,mean_difference,Qstar,per_fold_selected,10.3,68,306,0.7842993079584776,0.7600069684736639,0.8079164263744714,0.56875,0.5431781045751634,0.5945465686274509,0.4228437506795504,0.3920975155482013,0.4599677479710659,0.4046719011013751,0.1290230614129544
RepNoise,forgotten_vs_retained,correct_minus_mean_wrong,logistic_regression,Qstar,per_fold_selected,10.3,68,306,0.8154435793925412,0.7797517781622453,0.8572892637447136,0.6784313725490196,0.6314133986928104,0.7075571895424836,0.4919926718830658,0.399941187400506,0.5647379105349013,0.8189871296450975,0.1515043243000086
RepNoise,forgotten_vs_retained,correct_minus_mean_wrong,mean_difference,Qstar,each_layer,0.0,68,306,0.3548154555940022,0.3548154555940023,0.3548154555940023,,,,,,,,
RepNoise,forgotten_vs_retained,correct_minus_mean_wrong,mean_difference,Qstar,each_layer,1.0,68,306,0.7700788158400614,0.7618319876970396,0.7797866205305651,,,,,,,,
RepNoise,forgotten_vs_retained,correct_minus_mean_wrong,mean_difference,Qstar,each_layer,2.0,68,306,0.746683967704729,0.7405949634755863,0.7526528258362168,,,,,,,,
RepNoise,forgotten_vs_retained,correct_minus_mean_wrong,mean_difference,Qstar,each_layer,3.0,68,306,0.7524653979238753,0.7449190215301807,0.760285707420223,,,,,,,,
RepNoise,forgotten_vs_retained,correct_minus_mean_wrong,mean_difference,Qstar,each_layer,4.0,68,306,0.7637326989619377,0.7552335640138408,0.7702205882352942,,,,,,,,
RepNoise,forgotten_vs_retained,correct_minus_mean_wrong,mean_difference,Qstar,each_layer,5.0,68,306,0.7921160130718954,0.7835339773164167,0.7978986447520184,,,,,,,,
RepNoise,forgotten_vs_retained,correct_minus_mean_wrong,mean_difference,Qstar,each_layer,6.0,68,306,0.7928104575163399,0.78212346212995,0.7986123125720876,,,,,,,,
RepNoise,forgotten_vs_retained,correct_minus_mean_wrong,mean_difference,Qstar,each_layer,7.0,68,306,0.795876585928489,0.7864331026528258,0.8013588523644752,,,,,,,,
RepNoise,forgotten_vs_retained,correct_minus_mean_wrong,mean_difference,Qstar,each_layer,8.0,68,306,0.7850634371395617,0.7772623510188389,0.7928068531334103,,,,,,,,
RepNoise,forgotten_vs_retained,correct_minus_mean_wrong,mean_difference,Qstar,each_layer,9.0,68,306,0.7808583237216455,0.7692462033833142,0.7877907535563244,,,,,,,,
RepNoise,forgotten_vs_retained,correct_minus_mean_wrong,mean_difference,Qstar,each_layer,10.0,68,306,0.786284121491734,0.7756379757785468,0.7942413975394079,,,,,,,,
RepNoise,forgotten_vs_retained,correct_minus_mean_wrong,mean_difference,Qstar,each_layer,11.0,68,306,0.8104070549788543,0.8012819588619762,0.8185073048827375,,,,,,,,
RepNoise,forgotten_vs_retained,correct_minus_mean_wrong,mean_difference,Qstar,each_layer,12.0,68,306,0.8015618992695117,0.793787245290273,0.8094446847366397,,,,,,,,
RepNoise,forgotten_vs_retained,correct_minus_mean_wrong,mean_difference,Qstar,each_layer,13.0,68,306,0.79139753940792,0.778847078046905,0.7997368800461361,,,,,,,,
RepNoise,forgotten_vs_retained,correct_minus_mean_wrong,mean_difference,Qstar,each_layer,14.0,68,306,0.7579176278354478,0.7424235870818916,0.7667759996155324,,,,,,,,
RepNoise,forgotten_vs_retained,correct_minus_mean_wrong,mean_difference,Qstar,each_layer,15.0,68,306,0.7444011918492888,0.7326725297962322,0.7521241830065359,,,,,,,,
RepNoise,forgotten_vs_retained,correct_minus_mean_wrong,mean_difference,Qstar,each_layer,16.0,68,306,0.7094290657439446,0.7002342848904267,0.7174079680891965,,,,,,,,
RepNoise,forgotten_vs_retained,correct_minus_mean_wrong,mean_difference,Qstar,each_layer,17.0,68,306,0.6797914263744713,0.6718305459438677,0.6892925797770089,,,,,,,,
RepNoise,forgotten_vs_retained,correct_minus_mean_wrong,mean_difference,Qstar,each_layer,18.0,68,306,0.6581459054209919,0.6490304209919262,0.668622645136486,,,,,,,,
RepNoise,forgotten_vs_retained,correct_minus_mean_wrong,mean_difference,Qstar,each_layer,19.0,68,306,0.6554666474432912,0.6471885813148789,0.6654748173779316,,,,,,,,
RepNoise,forgotten_vs_retained,correct_minus_mean_wrong,mean_difference,Qstar,each_layer,20.0,68,306,0.6618271818531334,0.653236735870819,0.6718305459438677,,,,,,,,
RepNoise,forgotten_vs_retained,correct_minus_mean_wrong,mean_difference,Qstar,each_layer,21.0,68,306,0.6618752402921954,0.6512615340253748,0.6724805363321799,,,,,,,,
RepNoise,forgotten_vs_retained,correct_minus_mean_wrong,mean_difference,Qstar,each_layer,22.0,68,306,0.6649557862360631,0.6558378988850443,0.6757797481737793,,,,,,,,
RepNoise,forgotten_vs_retained,correct_minus_mean_wrong,mean_difference,Qstar,each_layer,23.0,68,306,0.6667916186082277,0.6573853806228375,0.677580738177624,,,,,,,,
RepNoise,forgotten_vs_retained,correct_minus_mean_wrong,mean_difference,Qstar,each_layer,24.0,68,306,0.6700331603229527,0.6614030661284122,0.6806648885044214,,,,,,,,
RepNoise,forgotten_vs_retained,correct_minus_mean_wrong,mean_difference,Qstar,each_layer,25.0,68,306,0.667966647443291,0.657413014225298,0.6797613898500576,,,,,,,,
RepNoise,forgotten_vs_retained,correct_minus_mean_wrong,mean_difference,Qstar,each_layer,26.0,68,306,0.6676014033064206,0.6573877835447904,0.6787041041906958,,,,,,,,
RepNoise,forgotten_vs_retained,correct_minus_mean_wrong,mean_difference,Qstar,each_layer,27.0,68,306,0.6694324298346789,0.6594134467512496,0.6800953960015378,,,,,,,,
RepNoise,forgotten_vs_retained,correct_minus_mean_wrong,mean_difference,Qstar,each_layer,28.0,68,306,0.6679089773164167,0.6579716935793926,0.6792543733179547,,,,,,,,
RepNoise,forgotten_vs_retained,correct_minus_mean_wrong,mean_difference,Qstar,each_layer,29.0,68,306,0.6675653594771241,0.6575259515570935,0.6788975394079201,,,,,,,,
RepNoise,forgotten_vs_retained,correct_minus_mean_wrong,mean_difference,Qstar,each_layer,30.0,68,306,0.6672025182622069,0.655894367550942,0.6787749903883122,,,,,,,,
RepNoise,forgotten_vs_retained,correct_minus_mean_wrong,mean_difference,Qstar,each_layer,31.0,68,306,0.6669814494425219,0.6536139946174548,0.6790056708958093,,,,,,,,
RepNoise,forgotten_vs_retained,correct_minus_mean_wrong,mean_difference,Qstar,each_layer,32.0,68,306,0.6624903883121877,0.6457936851211074,0.6766880526720492,,,,,,,,
RepNoise,suppressed_vs_forgotten,correct_only,mean_difference,full,per_fold_selected,17.3,399,188,0.6587052738228552,0.6409034554471285,0.6791933290673491,0.5516600677224976,0.5278683743934304,0.5746358915906787,0.7917718406958452,0.7700321571052076,0.8052449704171506,0.5953202047224521,0.2040486843173322
RepNoise,suppressed_vs_forgotten,correct_only,logistic_regression,full,per_fold_selected,17.3,399,188,0.621044299578734,0.5827540926785048,0.6585529648589559,0.5938496507225511,0.5637336359515811,0.6321048632218844,0.7521544703799294,0.72170303519733,0.7839524424466828,2.553313705762921,0.3160137886289018
RepNoise,suppressed_vs_retained,correct_only,mean_difference,full,per_fold_selected,10.3,399,481,0.6447420526367894,0.6355466368624264,0.655016048437101,0.6068807674070832,0.5947654348970138,0.6173927542348595,0.580188384792112,0.5699173700487735,0.5891662980071638,0.6607174068166358,0.2334122683035737
RepNoise,suppressed_vs_retained,correct_only,logistic_regression,full,per_fold_selected,10.3,399,481,0.621932690353743,0.5796131440868283,0.6508137547611231,0.5891286167601957,0.5649402873087084,0.6080581521370995,0.5723021968600273,0.5411346388929871,0.598447699798395,1.2867001880195894,0.3186147552544329
RepNoise,suppressed_vs_rest,correct_only,mean_difference,full,per_fold_selected,11.1,399,874,0.619937572764864,0.6017586156466682,0.6308348818269931,0.5231529911735862,0.5160210308379645,0.5336738585594422,0.4171715764601503,0.3990341678630529,0.4315486255729761,0.6026306510714011,0.2066877115796358
RepNoise,suppressed_vs_rest,correct_only,logistic_regression,full,per_fold_selected,11.1,399,874,0.6253611718082391,0.6031263083337635,0.6500741269650098,0.58332924703062,0.5684210526315789,0.6013736787621228,0.4416594014332764,0.4164568060001076,0.4761895266777997,0.8237863319145191,0.2464535058927956
RepNoise,forgotten_vs_retained,correct_only,mean_difference,full,per_fold_selected,11.9,188,481,0.6844992701375678,0.6578681381872871,0.7043863626310434,0.5719998230636529,0.556255252797806,0.5894389735480161,0.4583176710504953,0.4201950772594656,0.4871443021164578,0.5523281926887166,0.1849671256915729
RepNoise,forgotten_vs_retained,correct_only,logistic_regression,full,per_fold_selected,11.9,188,481,0.6237315875613748,0.5990901601273941,0.643946565223161,0.5887836179059583,0.5693898737116823,0.6075430176494007,0.3850167949942238,0.3585705952987916,0.4218686263601635,2.6824346807846093,0.3030861797898647
TAR,suppressed_vs_forgotten,correct_only,mean_difference,Qstar,per_fold_selected,12.2,190,54,0.5361062378167641,0.4614717348927875,0.5907407407407407,0.5098440545808967,0.4868884015594542,0.5388304093567251,0.8009260072391784,0.7685445635160589,0.8406813017130885,0.5673438086781821,0.1849963300448086
TAR,suppressed_vs_forgotten,correct_only,logistic_regression,Qstar,per_fold_selected,12.2,190,54,0.5635526315789473,0.5028606237816764,0.6246052631578947,0.5426120857699805,0.4802461013645224,0.5958235867446393,0.812113724737465,0.7861124641494114,0.8360071421123505,1.4552837280327806,0.2525377841994803
TAR,suppressed_vs_forgotten,correct_only,mean_difference,Qstar,each_layer,0.0,190,54,0.5565302144249513,0.5565302144249513,0.5565302144249513,,,,,,,,
TAR,suppressed_vs_forgotten,correct_only,mean_difference,Qstar,each_layer,1.0,190,54,0.4664083820662769,0.3879775828460038,0.5418737816764132,,,,,,,,
TAR,suppressed_vs_forgotten,correct_only,mean_difference,Qstar,each_layer,2.0,190,54,0.4751851851851851,0.3961330409356725,0.5461330409356725,,,,,,,,
TAR,suppressed_vs_forgotten,correct_only,mean_difference,Qstar,each_layer,3.0,190,54,0.4605945419103314,0.3836817738791422,0.5386354775828459,,,,,,,,
TAR,suppressed_vs_forgotten,correct_only,mean_difference,Qstar,each_layer,4.0,190,54,0.4558723196881091,0.3708601364522417,0.5265277777777777,,,,,,,,
TAR,suppressed_vs_forgotten,correct_only,mean_difference,Qstar,each_layer,5.0,190,54,0.4844931773879143,0.4045662768031189,0.5533747563352827,,,,,,,,
TAR,suppressed_vs_forgotten,correct_only,mean_difference,Qstar,each_layer,6.0,190,54,0.5174853801169591,0.4437134502923976,0.5780896686159844,,,,,,,,
TAR,suppressed_vs_forgotten,correct_only,mean_difference,Qstar,each_layer,7.0,190,54,0.5177046783625731,0.4383625730994152,0.574766081871345,,,,,,,,
TAR,suppressed_vs_forgotten,correct_only,mean_difference,Qstar,each_layer,8.0,190,54,0.5162183235867446,0.4465448343079922,0.5732651072124756,,,,,,,,
TAR,suppressed_vs_forgotten,correct_only,mean_difference,Qstar,each_layer,9.0,190,54,0.5113206627680311,0.4338060428849902,0.5736720272904483,,,,,,,,
TAR,suppressed_vs_forgotten,correct_only,mean_difference,Qstar,each_layer,10.0,190,54,0.5125584795321638,0.4300925925925926,0.5690253411306042,,,,,,,,
TAR,suppressed_vs_forgotten,correct_only,mean_difference,Qstar,each_layer,11.0,190,54,0.509766081871345,0.4352826510721247,0.5531018518518518,,,,,,,,
TAR,suppressed_vs_forgotten,correct_only,mean_difference,Qstar,each_layer,12.0,190,54,0.5434551656920077,0.4769980506822612,0.5765692007797271,,,,,,,,
TAR,suppressed_vs_forgotten,correct_only,mean_difference,Qstar,each_layer,13.0,190,54,0.5552436647173489,0.4816301169590643,0.5897636452241716,,,,,,,,
TAR,suppressed_vs_forgotten,correct_only,mean_difference,Qstar,each_layer,14.0,190,54,0.5646442495126706,0.5111988304093568,0.6001169590643275,,,,,,,,
TAR,suppressed_vs_forgotten,correct_only,mean_difference,Qstar,each_layer,15.0,190,54,0.5544834307992202,0.4930360623781676,0.5909649122807017,,,,,,,,
TAR,suppressed_vs_forgotten,correct_only,mean_difference,Qstar,each_layer,16.0,190,54,0.5410672514619883,0.4778849902534113,0.5861330409356725,,,,,,,,
TAR,suppressed_vs_forgotten,correct_only,mean_difference,Qstar,each_layer,17.0,190,54,0.5316228070175438,0.4652412280701754,0.58182261208577,,,,,,,,
TAR,suppressed_vs_forgotten,correct_only,mean_difference,Qstar,each_layer,18.0,190,54,0.530682261208577,0.4727071150097466,0.5735867446393762,,,,,,,,
TAR,suppressed_vs_forgotten,correct_only,mean_difference,Qstar,each_layer,19.0,190,54,0.5121539961013646,0.4586549707602339,0.5544152046783626,,,,,,,,
TAR,suppressed_vs_forgotten,correct_only,mean_difference,Qstar,each_layer,20.0,190,54,0.5139230019493177,0.4574390838206628,0.5571393762183235,,,,,,,,
TAR,suppressed_vs_forgotten,correct_only,mean_difference,Qstar,each_layer,21.0,190,54,0.509995126705653,0.4531018518518518,0.5546954191033139,,,,,,,,
TAR,suppressed_vs_forgotten,correct_only,mean_difference,Qstar,each_layer,22.0,190,54,0.5128021442495125,0.4589717348927875,0.5534307992202729,,,,,,,,
TAR,suppressed_vs_forgotten,correct_only,mean_difference,Qstar,each_layer,23.0,190,54,0.5113547758284599,0.4584405458089668,0.5537841130604289,,,,,,,,
TAR,suppressed_vs_forgotten,correct_only,mean_difference,Qstar,each_layer,24.0,190,54,0.5153167641325535,0.4629922027290448,0.5610380116959064,,,,,,,,
TAR,suppressed_vs_forgotten,correct_only,mean_difference,Qstar,each_layer,25.0,190,54,0.5173001949317737,0.46567738791423,0.5614254385964912,,,,,,,,
TAR,suppressed_vs_forgotten,correct_only,mean_difference,Qstar,each_layer,26.0,190,54,0.5128508771929825,0.4617178362573099,0.5568786549707603,,,,,,,,
TAR,suppressed_vs_forgotten,correct_only,mean_difference,Qstar,each_layer,27.0,190,54,0.5091617933723197,0.4546613060428849,0.5538888888888889,,,,,,,,
TAR,suppressed_vs_forgotten,correct_only,mean_difference,Qstar,each_layer,28.0,190,54,0.5096588693957115,0.4581505847953216,0.5545077972709551,,,,,,,,
TAR,suppressed_vs_forgotten,correct_only,mean_difference,Qstar,each_layer,29.0,190,54,0.5130653021442495,0.4621028265107212,0.5554897660818713,,,,,,,,
TAR,suppressed_vs_forgotten,correct_only,mean_difference,Qstar,each_layer,30.0,190,54,0.516359649122807,0.4656578947368421,0.5629264132553606,,,,,,,,
TAR,suppressed_vs_forgotten,correct_only,mean_difference,Qstar,each_layer,31.0,190,54,0.5105311890838207,0.4579142300194931,0.5613206627680312,,,,,,,,
TAR,suppressed_vs_forgotten,correct_only,mean_difference,Qstar,each_layer,32.0,190,54,0.4970516569200779,0.4368250487329435,0.5615521442495127,,,,,,,,
TAR,suppressed_vs_forgotten,mean_all_choices,mean_difference,Qstar,per_fold_selected,13.7,190,54,0.5136988304093567,0.4355506822612086,0.5660501949317739,0.5088352826510721,0.4954361598440546,0.5265618908382067,0.787821953938442,0.7383548382704721,0.8179378160729595,0.5702369477405733,0.1859955312257994
TAR,suppressed_vs_forgotten,mean_all_choices,logistic_regression,Qstar,per_fold_selected,13.7,190,54,0.4985867446393762,0.4394249512670565,0.5664376218323587,0.510906432748538,0.4677339181286549,0.5434527290448343,0.7654967762109779,0.7350922403064395,0.8060844416157324,1.644825042591822,0.2696985766836807
TAR,suppressed_vs_forgotten,mean_all_choices,mean_difference,Qstar,each_layer,0.0,190,54,0.5565302144249513,0.5565302144249513,0.5565302144249513,,,,,,,,
TAR,suppressed_vs_forgotten,mean_all_choices,mean_difference,Qstar,each_layer,1.0,190,54,0.3988791423001949,0.320333820662768,0.4666642300194931,,,,,,,,
TAR,suppressed_vs_forgotten,mean_all_choices,mean_difference,Qstar,each_layer,2.0,190,54,0.4025097465886939,0.3165399610136452,0.4717056530214424,,,,,,,,
TAR,suppressed_vs_forgotten,mean_all_choices,mean_difference,Qstar,each_layer,3.0,190,54,0.3877387914230019,0.3039985380116959,0.457819200779727,,,,,,,,
TAR,suppressed_vs_forgotten,mean_all_choices,mean_difference,Qstar,each_layer,4.0,190,54,0.4187183235867446,0.326374269005848,0.4786281676413255,,,,,,,,
TAR,suppressed_vs_forgotten,mean_all_choices,mean_difference,Qstar,each_layer,5.0,190,54,0.4660282651072124,0.3777046783625731,0.521264619883041,,,,,,,,
TAR,suppressed_vs_forgotten,mean_all_choices,mean_difference,Qstar,each_layer,6.0,190,54,0.4764327485380116,0.3853460038986355,0.5319785575048733,,,,,,,,
TAR,suppressed_vs_forgotten,mean_all_choices,mean_difference,Qstar,each_layer,7.0,190,54,0.4774463937621832,0.3842495126705653,0.529775828460039,,,,,,,,
TAR,suppressed_vs_forgotten,mean_all_choices,mean_difference,Qstar,each_layer,8.0,190,54,0.4865886939571149,0.4015960038986355,0.548640350877193,,,,,,,,
TAR,suppressed_vs_forgotten,mean_all_choices,mean_difference,Qstar,each_layer,9.0,190,54,0.5111695906432749,0.4272295321637427,0.5716471734892787,,,,,,,,
TAR,suppressed_vs_forgotten,mean_all_choices,mean_difference,Qstar,each_layer,10.0,190,54,0.5173927875243665,0.4417227095516569,0.5700170565302144,,,,,,,,
TAR,suppressed_vs_forgotten,mean_all_choices,mean_difference,Qstar,each_layer,11.0,190,54,0.513620857699805,0.4393250487329435,0.5600316764132554,,,,,,,,
TAR,suppressed_vs_forgotten,mean_all_choices,mean_difference,Qstar,each_layer,12.0,190,54,0.532504873294347,0.4610575048732943,0.5744907407407407,,,,,,,,
TAR,suppressed_vs_forgotten,mean_all_choices,mean_difference,Qstar,each_layer,13.0,190,54,0.5437865497076022,0.4811842105263158,0.57557261208577,,,,,,,,
TAR,suppressed_vs_forgotten,mean_all_choices,mean_difference,Qstar,each_layer,14.0,190,54,0.5429727095516569,0.5028825536062378,0.5731603313840157,,,,,,,,
TAR,suppressed_vs_forgotten,mean_all_choices,mean_difference,Qstar,each_layer,15.0,190,54,0.5368079922027291,0.4938718323586744,0.5681676413255361,,,,,,,,
TAR,suppressed_vs_forgotten,mean_all_choices,mean_difference,Qstar,each_layer,16.0,190,54,0.5165302144249513,0.46828216374269,0.5499049707602339,,,,,,,,
TAR,suppressed_vs_forgotten,mean_all_choices,mean_difference,Qstar,each_layer,17.0,190,54,0.5077436647173489,0.4502046783625731,0.5464035087719298,,,,,,,,
TAR,suppressed_vs_forgotten,mean_all_choices,mean_difference,Qstar,each_layer,18.0,190,54,0.4907309941520468,0.4272977582846003,0.5427461013645224,,,,,,,,
TAR,suppressed_vs_forgotten,mean_all_choices,mean_difference,Qstar,each_layer,19.0,190,54,0.4609844054580897,0.3934941520467836,0.5194030214424952,,,,,,,,
TAR,suppressed_vs_forgotten,mean_all_choices,mean_difference,Qstar,each_layer,20.0,190,54,0.4540155945419102,0.3886720272904483,0.5066374269005848,,,,,,,,
TAR,suppressed_vs_forgotten,mean_all_choices,mean_difference,Qstar,each_layer,21.0,190,54,0.4528167641325535,0.3837110136452241,0.5056603313840156,,,,,,,,
TAR,suppressed_vs_forgotten,mean_all_choices,mean_difference,Qstar,each_layer,22.0,190,54,0.4464132553606236,0.3792470760233918,0.4951803118908382,,,,,,,,
TAR,suppressed_vs_forgotten,mean_all_choices,mean_difference,Qstar,each_layer,23.0,190,54,0.4426608187134502,0.3757285575048733,0.488859649122807,,,,,,,,
TAR,suppressed_vs_forgotten,mean_all_choices,mean_difference,Qstar,each_layer,24.0,190,54,0.4433869395711501,0.372599902534113,0.4915204678362573,,,,,,,,
TAR,suppressed_vs_forgotten,mean_all_choices,mean_difference,Qstar,each_layer,25.0,190,54,0.4445906432748538,0.3735014619883041,0.4916106237816764,,,,,,,,
TAR,suppressed_vs_forgotten,mean_all_choices,mean_difference,Qstar,each_layer,26.0,190,54,0.4432894736842105,0.3718421052631579,0.4899610136452241,,,,,,,,
TAR,suppressed_vs_forgotten,mean_all_choices,mean_difference,Qstar,each_layer,27.0,190,54,0.4435867446393762,0.3720053606237816,0.4895784600389863,,,,,,,,
TAR,suppressed_vs_forgotten,mean_all_choices,mean_difference,Qstar,each_layer,28.0,190,54,0.445233918128655,0.3717007797270955,0.4938693957115009,,,,,,,,
TAR,suppressed_vs_forgotten,mean_all_choices,mean_difference,Qstar,each_layer,29.0,190,54,0.44635477582846,0.3729459064327485,0.494193469785575,,,,,,,,
TAR,suppressed_vs_forgotten,mean_all_choices,mean_difference,Qstar,each_layer,30.0,190,54,0.4544103313840156,0.3774171539961014,0.5011525341130604,,,,,,,,
TAR,suppressed_vs_forgotten,mean_all_choices,mean_difference,Qstar,each_layer,31.0,190,54,0.4582212475633528,0.3812670565302144,0.5061744639376218,,,,,,,,
TAR,suppressed_vs_forgotten,mean_all_choices,mean_difference,Qstar,each_layer,32.0,190,54,0.461588693957115,0.3886111111111111,0.5052997076023392,,,,,,,,
TAR,suppressed_vs_forgotten,correct_minus_mean_wrong,mean_difference,Qstar,per_fold_selected,8.8,190,54,0.7071832358674464,0.6703825536062379,0.7266593567251463,0.5791033138401559,0.5581359649122807,0.6008820662768031,0.8823503584679898,0.8672216894508613,0.8989560330005514,0.5002079434910638,0.1564064917974109
TAR,suppressed_vs_forgotten,correct_minus_mean_wrong,logistic_regression,Qstar,per_fold_selected,8.8,190,54,0.6648489278752436,0.6184527290448343,0.7003094541910331,0.5726023391812867,0.5254337231968811,0.6223343079922027,0.8690276573855918,0.8435546546200308,0.892035728634526,1.2413768903804951,0.2234999137156906
TAR,suppressed_vs_forgotten,correct_minus_mean_wrong,mean_difference,Qstar,each_layer,0.0,190,54,0.5565302144249513,0.5565302144249513,0.5565302144249513,,,,,,,,
TAR,suppressed_vs_forgotten,correct_minus_mean_wrong,mean_difference,Qstar,each_layer,1.0,190,54,0.6994834307992204,0.6792397660818714,0.7197076023391813,,,,,,,,
TAR,suppressed_vs_forgotten,correct_minus_mean_wrong,mean_difference,Qstar,each_layer,2.0,190,54,0.6858674463937622,0.662962962962963,0.706254873294347,,,,,,,,
TAR,suppressed_vs_forgotten,correct_minus_mean_wrong,mean_difference,Qstar,each_layer,3.0,190,54,0.6765350877192983,0.6576632553606238,0.6977119883040935,,,,,,,,
TAR,suppressed_vs_forgotten,correct_minus_mean_wrong,mean_difference,Qstar,each_layer,4.0,190,54,0.660930799220273,0.6456262183235867,0.6709186159844055,,,,,,,,
TAR,suppressed_vs_forgotten,correct_minus_mean_wrong,mean_difference,Qstar,each_layer,5.0,190,54,0.686803118908382,0.671712962962963,0.697041910331384,,,,,,,,
TAR,suppressed_vs_forgotten,correct_minus_mean_wrong,mean_difference,Qstar,each_layer,6.0,190,54,0.7077095516569201,0.6931432748538011,0.718774366471735,,,,,,,,
TAR,suppressed_vs_forgotten,correct_minus_mean_wrong,mean_difference,Qstar,each_layer,7.0,190,54,0.7093762183235868,0.6887402534113061,0.7252071150097467,,,,,,,,
TAR,suppressed_vs_forgotten,correct_minus_mean_wrong,mean_difference,Qstar,each_layer,8.0,190,54,0.7146003898635478,0.7027363547758284,0.7245540935672515,,,,,,,,
TAR,suppressed_vs_forgotten,correct_minus_mean_wrong,mean_difference,Qstar,each_layer,9.0,190,54,0.7181140350877193,0.7000121832358674,0.7312329434697855,,,,,,,,
TAR,suppressed_vs_forgotten,correct_minus_mean_wrong,mean_difference,Qstar,each_layer,10.0,190,54,0.7254093567251462,0.7054093567251463,0.7386671539961014,,,,,,,,
TAR,suppressed_vs_forgotten,correct_minus_mean_wrong,mean_difference,Qstar,each_layer,11.0,190,54,0.7249463937621832,0.7065497076023393,0.7357431773879143,,,,,,,,
TAR,suppressed_vs_forgotten,correct_minus_mean_wrong,mean_difference,Qstar,each_layer,12.0,190,54,0.7174220272904483,0.6963377192982456,0.7297246588693957,,,,,,,,
TAR,suppressed_vs_forgotten,correct_minus_mean_wrong,mean_difference,Qstar,each_layer,13.0,190,54,0.7098732943469785,0.6939230019493178,0.7265497076023392,,,,,,,,
TAR,suppressed_vs_forgotten,correct_minus_mean_wrong,mean_difference,Qstar,each_layer,14.0,190,54,0.6454093567251462,0.6182821637426901,0.6646174463937622,,,,,,,,
TAR,suppressed_vs_forgotten,correct_minus_mean_wrong,mean_difference,Qstar,each_layer,15.0,190,54,0.6159307992202729,0.5874463937621832,0.6366520467836257,,,,,,,,
TAR,suppressed_vs_forgotten,correct_minus_mean_wrong,mean_difference,Qstar,each_layer,16.0,190,54,0.5872076023391813,0.5536915204678363,0.6261281676413255,,,,,,,,
TAR,suppressed_vs_forgotten,correct_minus_mean_wrong,mean_difference,Qstar,each_layer,17.0,190,54,0.555692007797271,0.5251949317738791,0.5968786549707602,,,,,,,,
TAR,suppressed_vs_forgotten,correct_minus_mean_wrong,mean_difference,Qstar,each_layer,18.0,190,54,0.5282602339181286,0.5018737816764133,0.569088693957115,,,,,,,,
TAR,suppressed_vs_forgotten,correct_minus_mean_wrong,mean_difference,Qstar,each_layer,19.0,190,54,0.5333723196881092,0.5136135477582846,0.562609649122807,,,,,,,,
TAR,suppressed_vs_forgotten,correct_minus_mean_wrong,mean_difference,Qstar,each_layer,20.0,190,54,0.5426803118908383,0.5196442495126706,0.5703045808966861,,,,,,,,
TAR,suppressed_vs_forgotten,correct_minus_mean_wrong,mean_difference,Qstar,each_layer,21.0,190,54,0.5362037037037037,0.511364522417154,0.5648294346978557,,,,,,,,
TAR,suppressed_vs_forgotten,correct_minus_mean_wrong,mean_difference,Qstar,each_layer,22.0,190,54,0.536793372319688,0.5127387914230019,0.5635112085769981,,,,,,,,
TAR,suppressed_vs_forgotten,correct_minus_mean_wrong,mean_difference,Qstar,each_layer,23.0,190,54,0.5360526315789473,0.5121320662768031,0.5639059454191033,,,,,,,,
TAR,suppressed_vs_forgotten,correct_minus_mean_wrong,mean_difference,Qstar,each_layer,24.0,190,54,0.5382407407407407,0.5132529239766083,0.5659429824561404,,,,,,,,
TAR,suppressed_vs_forgotten,correct_minus_mean_wrong,mean_difference,Qstar,each_layer,25.0,190,54,0.5338060428849902,0.5094956140350877,0.5620687134502924,,,,,,,,
TAR,suppressed_vs_forgotten,correct_minus_mean_wrong,mean_difference,Qstar,each_layer,26.0,190,54,0.5320126705653021,0.5064035087719299,0.5608162768031189,,,,,,,,
TAR,suppressed_vs_forgotten,correct_minus_mean_wrong,mean_difference,Qstar,each_layer,27.0,190,54,0.5327729044834307,0.5074537037037037,0.5630263157894736,,,,,,,,
TAR,suppressed_vs_forgotten,correct_minus_mean_wrong,mean_difference,Qstar,each_layer,28.0,190,54,0.5319688109161793,0.5064181286549707,0.5629215399610137,,,,,,,,
TAR,suppressed_vs_forgotten,correct_minus_mean_wrong,mean_difference,Qstar,each_layer,29.0,190,54,0.5293079922027291,0.5030994152046784,0.5602680311890839,,,,,,,,
TAR,suppressed_vs_forgotten,correct_minus_mean_wrong,mean_difference,Qstar,each_layer,30.0,190,54,0.5257407407407408,0.4993445419103314,0.5595004873294347,,,,,,,,
TAR,suppressed_vs_forgotten,correct_minus_mean_wrong,mean_difference,Qstar,each_layer,31.0,190,54,0.5221491228070175,0.4930531189083821,0.5575925925925925,,,,,,,,
TAR,suppressed_vs_forgotten,correct_minus_mean_wrong,mean_difference,Qstar,each_layer,32.0,190,54,0.4874756335282651,0.4437792397660818,0.5326559454191033,,,,,,,,
TAR,suppressed_vs_retained,correct_only,mean_difference,Qstar,per_fold_selected,19.4,190,408,0.5975283797729618,0.5636235810113519,0.6224616228070176,0.5126618937048504,0.4985100619195046,0.5302908926728586,0.3896089518083562,0.3709906577207307,0.4077850522237326,0.6162119052814337,0.212979336413623
TAR,suppressed_vs_retained,correct_only,logistic_regression,Qstar,per_fold_selected,19.4,190,408,0.6063802889576884,0.5680711429308566,0.6349280830753354,0.5589093137254901,0.5391644091847265,0.5896587977296182,0.3869562789363862,0.3492112847338182,0.4169092383755405,2.584101140388457,0.3415937242075318
TAR,suppressed_vs_retained,correct_only,mean_difference,Qstar,each_layer,0.0,190,408,0.5355650154798759,0.5355650154798761,0.5355650154798761,,,,,,,,
TAR,suppressed_vs_retained,correct_only,mean_difference,Qstar,each_layer,1.0,190,408,0.624030572755418,0.6136164860681115,0.6304640737874098,,,,,,,,
TAR,suppressed_vs_retained,correct_only,mean_difference,Qstar,each_layer,2.0,190,408,0.6235797213622292,0.6147578044375644,0.6293927373581012,,,,,,,,
TAR,suppressed_vs_retained,correct_only,mean_difference,Qstar,each_layer,3.0,190,408,0.6286590557275542,0.621296762125903,0.6337225877192982,,,,,,,,
TAR,suppressed_vs_retained,correct_only,mean_difference,Qstar,each_layer,4.0,190,408,0.6233152734778122,0.6169498194014448,0.6284813596491228,,,,,,,,
TAR,suppressed_vs_retained,correct_only,mean_difference,Qstar,each_layer,5.0,190,408,0.6076554437564499,0.6013032120743034,0.613140479876161,,,,,,,,
TAR,suppressed_vs_retained,correct_only,mean_difference,Qstar,each_layer,6.0,190,408,0.6036216460268318,0.5974129256965944,0.6081617647058823,,,,,,,,
TAR,suppressed_vs_retained,correct_only,mean_difference,Qstar,each_layer,7.0,190,408,0.6028373323013415,0.5967482585139319,0.6076122291021672,,,,,,,,
TAR,suppressed_vs_retained,correct_only,mean_difference,Qstar,each_layer,8.0,190,408,0.6068672600619194,0.6010981037151703,0.6119898090815273,,,,,,,,
TAR,suppressed_vs_retained,correct_only,mean_difference,Qstar,each_layer,9.0,190,408,0.6062293601651187,0.5994456269349845,0.6108813854489165,,,,,,,,
TAR,suppressed_vs_retained,correct_only,mean_difference,Qstar,each_layer,10.0,190,408,0.6099987100103199,0.6029427889576884,0.6152937951496388,,,,,,,,
TAR,suppressed_vs_retained,correct_only,mean_difference,Qstar,each_layer,11.0,190,408,0.6078450722394221,0.600219620743034,0.6137677373581011,,,,,,,,
TAR,suppressed_vs_retained,correct_only,mean_difference,Qstar,each_layer,12.0,190,408,0.6068846749226007,0.5978882868937049,0.6130930727554179,,,,,,,,
TAR,suppressed_vs_retained,correct_only,mean_difference,Qstar,each_layer,13.0,190,408,0.6105830753353972,0.5986745356037151,0.6179660087719298,,,,,,,,
TAR,suppressed_vs_retained,correct_only,mean_difference,Qstar,each_layer,14.0,190,408,0.6209500773993807,0.6071429953560371,0.6303511996904024,,,,,,,,
TAR,suppressed_vs_retained,correct_only,mean_difference,Qstar,each_layer,15.0,190,408,0.6217389060887513,0.6074664602683179,0.6311848555211558,,,,,,,,
TAR,suppressed_vs_retained,correct_only,mean_difference,Qstar,each_layer,16.0,190,408,0.6305811403508772,0.618952528379773,0.6456175825593395,,,,,,,,
TAR,suppressed_vs_retained,correct_only,mean_difference,Qstar,each_layer,17.0,190,408,0.6257888286893705,0.6083762254901961,0.6451119066047472,,,,,,,,
TAR,suppressed_vs_retained,correct_only,mean_difference,Qstar,each_layer,18.0,190,408,0.6122890866873065,0.5833810629514964,0.6384571723426212,,,,,,,,
TAR,suppressed_vs_retained,correct_only,mean_difference,Qstar,each_layer,19.0,190,408,0.5984500773993808,0.5662551599587203,0.6250577270381837,,,,,,,,
TAR,suppressed_vs_retained,correct_only,mean_difference,Qstar,each_layer,20.0,190,408,0.5921607327141383,0.5608994453044376,0.6185107069143447,,,,,,,,
TAR,suppressed_vs_retained,correct_only,mean_difference,Qstar,each_layer,21.0,190,408,0.5868575851393188,0.5596381578947368,0.6107075593395253,,,,,,,,
TAR,suppressed_vs_retained,correct_only,mean_difference,Qstar,each_layer,22.0,190,408,0.5870968782249741,0.5590347652218782,0.6113809339525283,,,,,,,,
TAR,suppressed_vs_retained,correct_only,mean_difference,Qstar,each_layer,23.0,190,408,0.5847142672858616,0.5552096233230134,0.6105914602683179,,,,,,,,
TAR,suppressed_vs_retained,correct_only,mean_difference,Qstar,each_layer,24.0,190,408,0.5922632868937049,0.5627596104231166,0.6154940660474716,,,,,,,,
TAR,suppressed_vs_retained,correct_only,mean_difference,Qstar,each_layer,25.0,190,408,0.587281346749226,0.5563706140350877,0.6095675309597524,,,,,,,,
TAR,suppressed_vs_retained,correct_only,mean_difference,Qstar,each_layer,26.0,190,408,0.5871142930856553,0.5574351780185759,0.6086355134158926,,,,,,,,
TAR,suppressed_vs_retained,correct_only,mean_difference,Qstar,each_layer,27.0,190,408,0.5837654798761609,0.5571687951496388,0.6026322239422085,,,,,,,,
TAR,suppressed_vs_retained,correct_only,mean_difference,Qstar,each_layer,28.0,190,408,0.5828128224974201,0.5564483359133128,0.6005366357069144,,,,,,,,
TAR,suppressed_vs_retained,correct_only,mean_difference,Qstar,each_layer,29.0,190,408,0.5835732714138286,0.5556233875128999,0.6021494453044376,,,,,,,,
TAR,suppressed_vs_retained,correct_only,mean_difference,Qstar,each_layer,30.0,190,408,0.5855740454076369,0.5603947368421053,0.6018701625386997,,,,,,,,
TAR,suppressed_vs_retained,correct_only,mean_difference,Qstar,each_layer,31.0,190,408,0.5829624613003095,0.5597013673890608,0.5993098555211558,,,,,,,,
TAR,suppressed_vs_retained,correct_only,mean_difference,Qstar,each_layer,32.0,190,408,0.5628515221878225,0.5448764834881321,0.5759558823529412,,,,,,,,
TAR,suppressed_vs_retained,mean_all_choices,mean_difference,Qstar,per_fold_selected,17.8,190,408,0.5798348813209494,0.5618833849329206,0.6058946078431372,0.5077902476780186,0.4943072755417956,0.5210668214654283,0.3825949857568098,0.3594443741190368,0.4060913729718031,0.6187056932243016,0.2140593602509868
TAR,suppressed_vs_retained,mean_all_choices,logistic_regression,Qstar,per_fold_selected,17.8,190,408,0.5756404798761611,0.5500680469556243,0.608420407636739,0.5412209752321983,0.5162764447884417,0.5741627966976264,0.3677649981629474,0.340824743297029,0.3977414069449783,2.600566975602684,0.3518939074945004
TAR,suppressed_vs_retained,mean_all_choices,mean_difference,Qstar,each_layer,0.0,190,408,0.5355650154798759,0.5355650154798761,0.5355650154798761,,,,,,,,
TAR,suppressed_vs_retained,mean_all_choices,mean_difference,Qstar,each_layer,1.0,190,408,0.6012545149638803,0.589281153250774,0.6091321594427245,,,,,,,,
TAR,suppressed_vs_retained,mean_all_choices,mean_difference,Qstar,each_layer,2.0,190,408,0.602046568627451,0.5910336042311661,0.6097519994840042,,,,,,,,
TAR,suppressed_vs_retained,mean_all_choices,mean_difference,Qstar,each_layer,3.0,190,408,0.606889189886481,0.5967301986584107,0.6128295923632611,,,,,,,,
TAR,suppressed_vs_retained,mean_all_choices,mean_difference,Qstar,each_layer,4.0,190,408,0.6042872807017544,0.5962061403508772,0.6094424019607844,,,,,,,,
TAR,suppressed_vs_retained,mean_all_choices,mean_difference,Qstar,each_layer,5.0,190,408,0.5938764189886481,0.5858165634674922,0.5989944530443757,,,,,,,,
TAR,suppressed_vs_retained,mean_all_choices,mean_difference,Qstar,each_layer,6.0,190,408,0.5900593395252838,0.581343846749226,0.5945410861713106,,,,,,,,
TAR,suppressed_vs_retained,mean_all_choices,mean_difference,Qstar,each_layer,7.0,190,408,0.5903308823529412,0.581062628998968,0.5950732069143447,,,,,,,,
TAR,suppressed_vs_retained,mean_all_choices,mean_difference,Qstar,each_layer,8.0,190,408,0.5963809339525283,0.5883088235294118,0.6024722652218782,,,,,,,,
TAR,suppressed_vs_retained,mean_all_choices,mean_difference,Qstar,each_layer,9.0,190,408,0.596173245614035,0.5870027089783282,0.6016666666666667,,,,,,,,
TAR,suppressed_vs_retained,mean_all_choices,mean_difference,Qstar,each_layer,10.0,190,408,0.6003760319917442,0.5911687306501547,0.6063538441692466,,,,,,,,
TAR,suppressed_vs_retained,mean_all_choices,mean_difference,Qstar,each_layer,11.0,190,408,0.5991782765737874,0.587749935500516,0.6058097910216718,,,,,,,,
TAR,suppressed_vs_retained,mean_all_choices,mean_difference,Qstar,each_layer,12.0,190,408,0.5995233488132096,0.5871752450980392,0.6068769349845201,,,,,,,,
TAR,suppressed_vs_retained,mean_all_choices,mean_difference,Qstar,each_layer,13.0,190,408,0.6011132610939114,0.5851960784313726,0.6104234391124871,,,,,,,,
TAR,suppressed_vs_retained,mean_all_choices,mean_difference,Qstar,each_layer,14.0,190,408,0.5967576109391124,0.5778089525283797,0.6074064757481941,,,,,,,,
TAR,suppressed_vs_retained,mean_all_choices,mean_difference,Qstar,each_layer,15.0,190,408,0.59640737874097,0.5767463235294118,0.6082285216718266,,,,,,,,
TAR,suppressed_vs_retained,mean_all_choices,mean_difference,Qstar,each_layer,16.0,190,408,0.5956004901960784,0.5810132868937049,0.6102550954592363,,,,,,,,
TAR,suppressed_vs_retained,mean_all_choices,mean_difference,Qstar,each_layer,17.0,190,408,0.583889963880289,0.5656859520123839,0.6015673374613003,,,,,,,,
TAR,suppressed_vs_retained,mean_all_choices,mean_difference,Qstar,each_layer,18.0,190,408,0.5684565273477813,0.5498839009287926,0.5841466718266254,,,,,,,,
TAR,suppressed_vs_retained,mean_all_choices,mean_difference,Qstar,each_layer,19.0,190,408,0.5589389834881321,0.5373039215686275,0.5738899638802889,,,,,,,,
TAR,suppressed_vs_retained,mean_all_choices,mean_difference,Qstar,each_layer,20.0,190,408,0.5574729102167183,0.5337716073271414,0.5727767027863777,,,,,,,,
TAR,suppressed_vs_retained,mean_all_choices,mean_difference,Qstar,each_layer,21.0,190,408,0.5601102941176471,0.536688273993808,0.5757365841073272,,,,,,,,
TAR,suppressed_vs_retained,mean_all_choices,mean_difference,Qstar,each_layer,22.0,190,408,0.5582449690402476,0.5341802115583075,0.5727783152734779,,,,,,,,
TAR,suppressed_vs_retained,mean_all_choices,mean_difference,Qstar,each_layer,23.0,190,408,0.5557946336429309,0.5309436274509803,0.5705614680082559,,,,,,,,
TAR,suppressed_vs_retained,mean_all_choices,mean_difference,Qstar,each_layer,24.0,190,408,0.5591931114551084,0.5354656862745099,0.573547471620227,,,,,,,,
TAR,suppressed_vs_retained,mean_all_choices,mean_difference,Qstar,each_layer,25.0,190,408,0.5579579463364294,0.5352312306501548,0.5714499484004127,,,,,,,,
TAR,suppressed_vs_retained,mean_all_choices,mean_difference,Qstar,each_layer,26.0,190,408,0.5584687822497421,0.5354814886480909,0.5718930598555212,,,,,,,,
TAR,suppressed_vs_retained,mean_all_choices,mean_difference,Qstar,each_layer,27.0,190,408,0.5582733488132094,0.5337574174406604,0.5719037022703818,,,,,,,,
TAR,suppressed_vs_retained,mean_all_choices,mean_difference,Qstar,each_layer,28.0,190,408,0.5588454592363261,0.5343208204334365,0.5721259029927761,,,,,,,,
TAR,suppressed_vs_retained,mean_all_choices,mean_difference,Qstar,each_layer,29.0,190,408,0.559610423116615,0.5359961945304438,0.5723400412796698,,,,,,,,
TAR,suppressed_vs_retained,mean_all_choices,mean_difference,Qstar,each_layer,30.0,190,408,0.5621517027863776,0.5390176728586171,0.5754950335397316,,,,,,,,
TAR,suppressed_vs_retained,mean_all_choices,mean_difference,Qstar,each_layer,31.0,190,408,0.5620472136222909,0.5403125,0.5759229876160991,,,,,,,,
TAR,suppressed_vs_retained,mean_all_choices,mean_difference,Qstar,each_layer,32.0,190,408,0.5556359649122806,0.5372116873065016,0.5697574819401445,,,,,,,,
TAR,suppressed_vs_retained,correct_minus_mean_wrong,mean_difference,Qstar,per_fold_selected,10.0,190,408,0.613234004127967,0.5938261093911249,0.6372162022703819,0.534142156862745,0.513673245614035,0.5592163312693498,0.4199214592155466,0.3877516979966529,0.4574947086106897,0.6152137157933242,0.2117467154724165
TAR,suppressed_vs_retained,correct_minus_mean_wrong,logistic_regression,Qstar,per_fold_selected,10.0,190,408,0.6148513286893704,0.5929771349329205,0.6530066434468524,0.5727438080495355,0.550640802373581,0.5878715170278638,0.4078275813632642,0.3729656085503456,0.4412870333783925,2.878237751494676,0.3391444675494622
TAR,suppressed_vs_retained,correct_minus_mean_wrong,mean_difference,Qstar,each_layer,0.0,190,408,0.5355650154798759,0.5355650154798761,0.5355650154798761,,,,,,,,
TAR,suppressed_vs_retained,correct_minus_mean_wrong,mean_difference,Qstar,each_layer,1.0,190,408,0.6273864809081526,0.617281669246646,0.6392653508771929,,,,,,,,
TAR,suppressed_vs_retained,correct_minus_mean_wrong,mean_difference,Qstar,each_layer,2.0,190,408,0.6251257739938081,0.6154250515995872,0.6375196723426213,,,,,,,,
TAR,suppressed_vs_retained,correct_minus_mean_wrong,mean_difference,Qstar,each_layer,3.0,190,408,0.6152876676986584,0.6027151057791538,0.6274448529411765,,,,,,,,
TAR,suppressed_vs_retained,correct_minus_mean_wrong,mean_difference,Qstar,each_layer,4.0,190,408,0.6005695304437564,0.586155508255934,0.6089115712074303,,,,,,,,
TAR,suppressed_vs_retained,correct_minus_mean_wrong,mean_difference,Qstar,each_layer,5.0,190,408,0.5874574303405573,0.5763819014447885,0.5961597007223942,,,,,,,,
TAR,suppressed_vs_retained,correct_minus_mean_wrong,mean_difference,Qstar,each_layer,6.0,190,408,0.5858868679050568,0.5748710010319917,0.5959404024767802,,,,,,,,
TAR,suppressed_vs_retained,correct_minus_mean_wrong,mean_difference,Qstar,each_layer,7.0,190,408,0.580109649122807,0.5690534700722394,0.5916118421052631,,,,,,,,
TAR,suppressed_vs_retained,correct_minus_mean_wrong,mean_difference,Qstar,each_layer,8.0,190,408,0.5712680598555212,0.5576606037151702,0.5876638286893705,,,,,,,,
TAR,suppressed_vs_retained,correct_minus_mean_wrong,mean_difference,Qstar,each_layer,9.0,190,408,0.5696433178534572,0.5547449045407636,0.5838315918472653,,,,,,,,
TAR,suppressed_vs_retained,correct_minus_mean_wrong,mean_difference,Qstar,each_layer,10.0,190,408,0.5823381062951495,0.5667392285861713,0.598861584107327,,,,,,,,
TAR,suppressed_vs_retained,correct_minus_mean_wrong,mean_difference,Qstar,each_layer,11.0,190,408,0.5895755933952528,0.5719220846233231,0.6021591202270381,,,,,,,,
TAR,suppressed_vs_retained,correct_minus_mean_wrong,mean_difference,Qstar,each_layer,12.0,190,408,0.5905314757481941,0.5688722265221878,0.6027002708978328,,,,,,,,
TAR,suppressed_vs_retained,correct_minus_mean_wrong,mean_difference,Qstar,each_layer,13.0,190,408,0.6205546955624355,0.6024619453044375,0.632296181630547,,,,,,,,
TAR,suppressed_vs_retained,correct_minus_mean_wrong,mean_difference,Qstar,each_layer,14.0,190,408,0.6190905572755419,0.6112851522187822,0.6256466073271414,,,,,,,,
TAR,suppressed_vs_retained,correct_minus_mean_wrong,mean_difference,Qstar,each_layer,15.0,190,408,0.5987132352941177,0.589765221878225,0.606110036119711,,,,,,,,
TAR,suppressed_vs_retained,correct_minus_mean_wrong,mean_difference,Qstar,each_layer,16.0,190,408,0.5587693498452013,0.5440747549019608,0.568953495872033,,,,,,,,
TAR,suppressed_vs_retained,correct_minus_mean_wrong,mean_difference,Qstar,each_layer,17.0,190,408,0.5489035087719298,0.5321346104231166,0.559937435500516,,,,,,,,
TAR,suppressed_vs_retained,correct_minus_mean_wrong,mean_difference,Qstar,each_layer,18.0,190,408,0.5344040247678018,0.5162899896800826,0.5455804953560371,,,,,,,,
TAR,suppressed_vs_retained,correct_minus_mean_wrong,mean_difference,Qstar,each_layer,19.0,190,408,0.5296916924664603,0.5110545665634675,0.5416686016511868,,,,,,,,
TAR,suppressed_vs_retained,correct_minus_mean_wrong,mean_difference,Qstar,each_layer,20.0,190,408,0.5270078689370485,0.5062925696594427,0.5404195691434469,,,,,,,,
TAR,suppressed_vs_retained,correct_minus_mean_wrong,mean_difference,Qstar,each_layer,21.0,190,408,0.5242595459236327,0.5008094685242518,0.5384884545923633,,,,,,,,
TAR,suppressed_vs_retained,correct_minus_mean_wrong,mean_difference,Qstar,each_layer,22.0,190,408,0.5251477038183695,0.5012483875128999,0.5396439628482972,,,,,,,,
TAR,suppressed_vs_retained,correct_minus_mean_wrong,mean_difference,Qstar,each_layer,23.0,190,408,0.5238719040247677,0.4992540634674923,0.5385903637770898,,,,,,,,
TAR,suppressed_vs_retained,correct_minus_mean_wrong,mean_difference,Qstar,each_layer,24.0,190,408,0.5241834365325077,0.4982759287925696,0.5397987616099071,,,,,,,,
TAR,suppressed_vs_retained,correct_minus_mean_wrong,mean_difference,Qstar,each_layer,25.0,190,408,0.5225348297213623,0.496670859133127,0.5377996001031992,,,,,,,,
TAR,suppressed_vs_retained,correct_minus_mean_wrong,mean_difference,Qstar,each_layer,26.0,190,408,0.5234494324045407,0.4980811403508772,0.5382856037151703,,,,,,,,
TAR,suppressed_vs_retained,correct_minus_mean_wrong,mean_difference,Qstar,each_layer,27.0,190,408,0.5232191692466461,0.499546568627451,0.5371007481940144,,,,,,,,
TAR,suppressed_vs_retained,correct_minus_mean_wrong,mean_difference,Qstar,each_layer,28.0,190,408,0.5235823013415893,0.4998845459236326,0.5375422471620227,,,,,,,,
TAR,suppressed_vs_retained,correct_minus_mean_wrong,mean_difference,Qstar,each_layer,29.0,190,408,0.5237499999999999,0.4994701367389061,0.5377441305469556,,,,,,,,
TAR,suppressed_vs_retained,correct_minus_mean_wrong,mean_difference,Qstar,each_layer,30.0,190,408,0.5223716460268317,0.4966998839009288,0.5372829592363262,,,,,,,,
TAR,suppressed_vs_retained,correct_minus_mean_wrong,mean_difference,Qstar,each_layer,31.0,190,408,0.522716718266254,0.4944204721362228,0.5377441305469556,,,,,,,,
TAR,suppressed_vs_retained,correct_minus_mean_wrong,mean_difference,Qstar,each_layer,32.0,190,408,0.5258739680082559,0.4997642543859649,0.5402857327141383,,,,,,,,
TAR,suppressed_vs_rest,correct_only,mean_difference,Qstar,per_fold_selected,3.3,190,511,0.5352394685343496,0.4985683386548563,0.5815047893706871,0.5016023792357606,0.49706457925636,0.5092312545061284,0.2970449529181613,0.2714976725860502,0.3306045278255656,0.5818538791367514,0.1970062113049758
TAR,suppressed_vs_rest,correct_only,logistic_regression,Qstar,per_fold_selected,3.3,190,511,0.531174168297456,0.4894466474405191,0.6004771346173653,0.515754454629725,0.4934900607683593,0.5565902770625194,0.2919315045814779,0.2671418983420689,0.3340214573272951,1.3293912498705254,0.243329436017501
TAR,suppressed_vs_rest,correct_only,mean_difference,Qstar,each_layer,0.0,190,511,0.5417756720568544,0.5417756720568545,0.5417756720568545,,,,,,,,
TAR,suppressed_vs_rest,correct_only,mean_difference,Qstar,each_layer,1.0,190,511,0.6138660006179834,0.600833504995365,0.6207536821505819,,,,,,,,
TAR,suppressed_vs_rest,correct_only,mean_difference,Qstar,each_layer,2.0,190,511,0.6141507879287259,0.6045256978061593,0.6206038211968278,,,,,,,,
TAR,suppressed_vs_rest,correct_only,mean_difference,Qstar,each_layer,3.0,190,511,0.6176568132660419,0.6092633123905654,0.6232227829848594,,,,,,,,
TAR,suppressed_vs_rest,correct_only,mean_difference,Qstar,each_layer,4.0,190,511,0.6118688845401173,0.606226954372232,0.6168346379647749,,,,,,,,
TAR,suppressed_vs_rest,correct_only,mean_difference,Qstar,each_layer,5.0,190,511,0.598598207848388,0.5927899371716964,0.6035302296837985,,,,,,,,
TAR,suppressed_vs_rest,correct_only,mean_difference,Qstar,each_layer,6.0,190,511,0.5964769801215367,0.5888765578329385,0.6017687197445669,,,,,,,,
TAR,suppressed_vs_rest,correct_only,mean_difference,Qstar,each_layer,7.0,190,511,0.5960016479555053,0.5887704706972912,0.6022770110207025,,,,,,,,
TAR,suppressed_vs_rest,correct_only,mean_difference,Qstar,each_layer,8.0,190,511,0.600485631887939,0.5945805438253167,0.6047728911319394,,,,,,,,
TAR,suppressed_vs_rest,correct_only,mean_difference,Qstar,each_layer,9.0,190,511,0.5989030796168504,0.592610464517458,0.6036759707487898,,,,,,,,
TAR,suppressed_vs_rest,correct_only,mean_difference,Qstar,each_layer,10.0,190,511,0.6026367288083221,0.5966579977340611,0.6082405500051499,,,,,,,,
TAR,suppressed_vs_rest,correct_only,mean_difference,Qstar,each_layer,11.0,190,511,0.6027541456380677,0.5946359048305696,0.6097556390977443,,,,,,,,
TAR,suppressed_vs_rest,correct_only,mean_difference,Qstar,each_layer,12.0,190,511,0.602006900813678,0.5924649809455145,0.6096621691214337,,,,,,,,
TAR,suppressed_vs_rest,correct_only,mean_difference,Qstar,each_layer,13.0,190,511,0.6050036049026676,0.5949734782160881,0.6152471933257803,,,,,,,,
TAR,suppressed_vs_rest,correct_only,mean_difference,Qstar,each_layer,14.0,190,511,0.613825831702544,0.6033530744669894,0.6255340405809043,,,,,,,,
TAR,suppressed_vs_rest,correct_only,mean_difference,Qstar,each_layer,15.0,190,511,0.6141368833041507,0.6048184674013801,0.6296866309609641,,,,,,,,
TAR,suppressed_vs_rest,correct_only,mean_difference,Qstar,each_layer,16.0,190,511,0.6226109795035534,0.6048802657328253,0.6426928622927182,,,,,,,,
TAR,suppressed_vs_rest,correct_only,mean_difference,Qstar,each_layer,17.0,190,511,0.6206560922855082,0.5957523946853436,0.6442244309403646,,,,,,,,
TAR,suppressed_vs_rest,correct_only,mean_difference,Qstar,each_layer,18.0,190,511,0.6056334328973118,0.5758409722937481,0.6297100628283037,,,,,,,,
TAR,suppressed_vs_rest,correct_only,mean_difference,Qstar,each_layer,19.0,190,511,0.5935116901843649,0.5511159748686786,0.6275666906993511,,,,,,,,
TAR,suppressed_vs_rest,correct_only,mean_difference,Qstar,each_layer,20.0,190,511,0.5906287980224535,0.5450430013389638,0.6291211762282418,,,,,,,,
TAR,suppressed_vs_rest,correct_only,mean_difference,Qstar,each_layer,21.0,190,511,0.5873576063446287,0.5431885364095169,0.6212660933154805,,,,,,,,
TAR,suppressed_vs_rest,correct_only,mean_difference,Qstar,each_layer,22.0,190,511,0.5870923885055104,0.5428478731074261,0.622720156555773,,,,,,,,
TAR,suppressed_vs_rest,correct_only,mean_difference,Qstar,each_layer,23.0,190,511,0.5842723246472343,0.5401490884746112,0.6209452569780616,,,,,,,,
TAR,suppressed_vs_rest,correct_only,mean_difference,Qstar,each_layer,24.0,190,511,0.591640745699866,0.5517684622515192,0.6228759398496241,,,,,,,,
TAR,suppressed_vs_rest,correct_only,mean_difference,Qstar,each_layer,25.0,190,511,0.5872288598207849,0.548930631372953,0.6174286744257904,,,,,,,,
TAR,suppressed_vs_rest,correct_only,mean_difference,Qstar,each_layer,26.0,190,511,0.5858090431558347,0.5487516737048099,0.615594551447111,,,,,,,,
TAR,suppressed_vs_rest,correct_only,mean_difference,Qstar,each_layer,27.0,190,511,0.584064270264703,0.546240086517664,0.6141484704912967,,,,,,,,
TAR,suppressed_vs_rest,correct_only,mean_difference,Qstar,each_layer,28.0,190,511,0.5835879081264805,0.546475950149346,0.6134027706251931,,,,,,,,
TAR,suppressed_vs_rest,correct_only,mean_difference,Qstar,each_layer,29.0,190,511,0.5837593984962407,0.5473887630033989,0.6127433309300648,,,,,,,,
TAR,suppressed_vs_rest,correct_only,mean_difference,Qstar,each_layer,30.0,190,511,0.5867504377381813,0.5537637758780513,0.6133355649397466,,,,,,,,
TAR,suppressed_vs_rest,correct_only,mean_difference,Qstar,each_layer,31.0,190,511,0.5845437223194974,0.5527428159439695,0.610265475332166,,,,,,,,
TAR,suppressed_vs_rest,correct_only,mean_difference,Qstar,each_layer,32.0,190,511,0.5677726851375013,0.5366703574003502,0.5908242352456484,,,,,,,,
TAR,suppressed_vs_rest,mean_all_choices,mean_difference,Qstar,per_fold_selected,0.6,190,511,0.5070676691729323,0.4990225563909775,0.5337995674116799,0.4997553816046967,0.4985078277886497,0.5,0.274734411231564,0.2706521863217818,0.2888424114830462,0.5844556952221021,0.1977207460205949
TAR,suppressed_vs_rest,mean_all_choices,logistic_regression,Qstar,per_fold_selected,0.6,190,511,0.5051375012874653,0.4946387372540942,0.5343995262127923,0.5031689669378927,0.492811695334226,0.5216751210217324,0.2767163665348364,0.2688694422090628,0.3001099138365935,0.7285479798427179,0.2083418260260345
TAR,suppressed_vs_rest,mean_all_choices,mean_difference,Qstar,each_layer,0.0,190,511,0.5417756720568544,0.5417756720568545,0.5417756720568545,,,,,,,,
TAR,suppressed_vs_rest,mean_all_choices,mean_difference,Qstar,each_layer,1.0,190,511,0.5822376145844061,0.5702180966113914,0.5884478319085384,,,,,,,,
TAR,suppressed_vs_rest,mean_all_choices,mean_difference,Qstar,each_layer,2.0,190,511,0.5841064991245237,0.5730525800803379,0.5902626429086415,,,,,,,,
TAR,suppressed_vs_rest,mean_all_choices,mean_difference,Qstar,each_layer,3.0,190,511,0.5888974147698012,0.5782050159645689,0.5948400968173859,,,,,,,,
TAR,suppressed_vs_rest,mean_all_choices,mean_difference,Qstar,each_layer,4.0,190,511,0.587072819033886,0.578437532186631,0.592883407148007,,,,,,,,
TAR,suppressed_vs_rest,mean_all_choices,mean_difference,Qstar,each_layer,5.0,190,511,0.5778071892058915,0.5695020084457719,0.5837949325368216,,,,,,,,
TAR,suppressed_vs_rest,mean_all_choices,mean_difference,Qstar,each_layer,6.0,190,511,0.5749737357091359,0.5655268307755691,0.5820045833762488,,,,,,,,
TAR,suppressed_vs_rest,mean_all_choices,mean_difference,Qstar,each_layer,7.0,190,511,0.5751143269131733,0.5658159954681224,0.5820612318467402,,,,,,,,
TAR,suppressed_vs_rest,mean_all_choices,mean_difference,Qstar,each_layer,8.0,190,511,0.5810047378720775,0.5726992996189103,0.5866162838603358,,,,,,,,
TAR,suppressed_vs_rest,mean_all_choices,mean_difference,Qstar,each_layer,9.0,190,511,0.5797306622721187,0.572311257596045,0.5865570604593676,,,,,,,,
TAR,suppressed_vs_rest,mean_all_choices,mean_difference,Qstar,each_layer,10.0,190,511,0.5854341332784014,0.575986970851787,0.5926475435163251,,,,,,,,
TAR,suppressed_vs_rest,mean_all_choices,mean_difference,Qstar,each_layer,11.0,190,511,0.5840148315995467,0.5727492532701617,0.5934689463384488,,,,,,,,
TAR,suppressed_vs_rest,mean_all_choices,mean_difference,Qstar,each_layer,12.0,190,511,0.5840071068081162,0.5726120094757442,0.5942965289937171,,,,,,,,
TAR,suppressed_vs_rest,mean_all_choices,mean_difference,Qstar,each_layer,13.0,190,511,0.5839535482541971,0.5700890925944999,0.5974791430631373,,,,,,,,
TAR,suppressed_vs_rest,mean_all_choices,mean_difference,Qstar,each_layer,14.0,190,511,0.5790204964465959,0.5662086723658462,0.5928903594602946,,,,,,,,
TAR,suppressed_vs_rest,mean_all_choices,mean_difference,Qstar,each_layer,15.0,190,511,0.5801462560510867,0.5671590792048615,0.5951068596147905,,,,,,,,
TAR,suppressed_vs_rest,mean_all_choices,mean_difference,Qstar,each_layer,16.0,190,511,0.5832490472757236,0.5687081573797508,0.5962346791636626,,,,,,,,
TAR,suppressed_vs_rest,mean_all_choices,mean_difference,Qstar,each_layer,17.0,190,511,0.5744324853228964,0.5578192913791328,0.5849008651766402,,,,,,,,
TAR,suppressed_vs_rest,mean_all_choices,mean_difference,Qstar,each_layer,18.0,190,511,0.5617700072098052,0.5446946132454424,0.570933412297868,,,,,,,,
TAR,suppressed_vs_rest,mean_all_choices,mean_difference,Qstar,each_layer,19.0,190,511,0.5541785971778762,0.5357060459367597,0.5637575960449068,,,,,,,,
TAR,suppressed_vs_rest,mean_all_choices,mean_difference,Qstar,each_layer,20.0,190,511,0.5526573282521372,0.533050005149861,0.5631424451539808,,,,,,,,
TAR,suppressed_vs_rest,mean_all_choices,mean_difference,Qstar,each_layer,21.0,190,511,0.5531254506128335,0.532956792666598,0.5634607065609228,,,,,,,,
TAR,suppressed_vs_rest,mean_all_choices,mean_difference,Qstar,each_layer,22.0,190,511,0.5509511793181585,0.5314746626841075,0.5610590689051396,,,,,,,,
TAR,suppressed_vs_rest,mean_all_choices,mean_difference,Qstar,each_layer,23.0,190,511,0.5478592028015242,0.5286149448964877,0.5584576166443506,,,,,,,,
TAR,suppressed_vs_rest,mean_all_choices,mean_difference,Qstar,each_layer,24.0,190,511,0.5496812236069625,0.5316291585127201,0.5594942836543413,,,,,,,,
TAR,suppressed_vs_rest,mean_all_choices,mean_difference,Qstar,each_layer,25.0,190,511,0.5482392625399114,0.5305981563497786,0.5577896796786487,,,,,,,,
TAR,suppressed_vs_rest,mean_all_choices,mean_difference,Qstar,each_layer,26.0,190,511,0.5485616438356165,0.5305160160675662,0.5585575239468534,,,,,,,,
TAR,suppressed_vs_rest,mean_all_choices,mean_difference,Qstar,each_layer,27.0,190,511,0.5481486249871252,0.5298715109692038,0.5583504995365125,,,,,,,,
TAR,suppressed_vs_rest,mean_all_choices,mean_difference,Qstar,each_layer,28.0,190,511,0.5484298073952003,0.530065145741065,0.5585330621073231,,,,,,,,
TAR,suppressed_vs_rest,mean_all_choices,mean_difference,Qstar,each_layer,29.0,190,511,0.5492218560098878,0.5316873519414975,0.5591639200741579,,,,,,,,
TAR,suppressed_vs_rest,mean_all_choices,mean_difference,Qstar,each_layer,30.0,190,511,0.5509362447213926,0.5333002883922134,0.5608530744669894,,,,,,,,
TAR,suppressed_vs_rest,mean_all_choices,mean_difference,Qstar,each_layer,31.0,190,511,0.5510001029972191,0.5337091873519415,0.5608018333504995,,,,,,,,
TAR,suppressed_vs_rest,mean_all_choices,mean_difference,Qstar,each_layer,32.0,190,511,0.5434411370892986,0.522565918220208,0.553890204964466,,,,,,,,
TAR,suppressed_vs_rest,correct_minus_mean_wrong,mean_difference,Qstar,per_fold_selected,1.4,190,511,0.5380296631990936,0.4992172211350293,0.6044453599752807,0.5076210217324133,0.4961041301884849,0.534908461221547,0.3060476177430665,0.2706521863217818,0.3690549681386429,0.5808451185330805,0.1961820438537427
TAR,suppressed_vs_rest,correct_minus_mean_wrong,logistic_regression,Qstar,per_fold_selected,1.4,190,511,0.5173527139767226,0.4915874446389947,0.5546737563085797,0.509943866515604,0.4938622669687918,0.5328491605726645,0.2885288446678385,0.2694630826635756,0.323249353210273,1.1514639950487122,0.2307382839589006
TAR,suppressed_vs_rest,correct_minus_mean_wrong,mean_difference,Qstar,each_layer,0.0,190,511,0.5417756720568544,0.5417756720568545,0.5417756720568545,,,,,,,,
TAR,suppressed_vs_rest,correct_minus_mean_wrong,mean_difference,Qstar,each_layer,1.0,190,511,0.6462792254609124,0.63728731074261,0.6524289319188382,,,,,,,,
TAR,suppressed_vs_rest,correct_minus_mean_wrong,mean_difference,Qstar,each_layer,2.0,190,511,0.6442918941188587,0.6374008651766403,0.6514509733237203,,,,,,,,
TAR,suppressed_vs_rest,correct_minus_mean_wrong,mean_difference,Qstar,each_layer,3.0,190,511,0.6368992687197446,0.6305139561231847,0.6443256257081059,,,,,,,,
TAR,suppressed_vs_rest,correct_minus_mean_wrong,mean_difference,Qstar,each_layer,4.0,190,511,0.6243562673807806,0.6162321042331858,0.631679627150067,,,,,,,,
TAR,suppressed_vs_rest,correct_minus_mean_wrong,mean_difference,Qstar,each_layer,5.0,190,511,0.6140158615717375,0.6074897002780925,0.6215349160572664,,,,,,,,
TAR,suppressed_vs_rest,correct_minus_mean_wrong,mean_difference,Qstar,each_layer,6.0,190,511,0.6173200123596663,0.6084359872283449,0.6258795962509012,,,,,,,,
TAR,suppressed_vs_rest,correct_minus_mean_wrong,mean_difference,Qstar,each_layer,7.0,190,511,0.6156118034813061,0.6023923679060665,0.6263042022865383,,,,,,,,
TAR,suppressed_vs_rest,correct_minus_mean_wrong,mean_difference,Qstar,each_layer,8.0,190,511,0.6121032032135133,0.5961767432279328,0.6215060768359254,,,,,,,,
TAR,suppressed_vs_rest,correct_minus_mean_wrong,mean_difference,Qstar,each_layer,9.0,190,511,0.6073174374291894,0.5916520753939644,0.6147340096817386,,,,,,,,
TAR,suppressed_vs_rest,correct_minus_mean_wrong,mean_difference,Qstar,each_layer,10.0,190,511,0.6143356679369657,0.5978007518796993,0.6212233494695644,,,,,,,,
TAR,suppressed_vs_rest,correct_minus_mean_wrong,mean_difference,Qstar,each_layer,11.0,190,511,0.6076331239056545,0.5891394582346277,0.6169219281079411,,,,,,,,
TAR,suppressed_vs_rest,correct_minus_mean_wrong,mean_difference,Qstar,each_layer,12.0,190,511,0.6066139664229067,0.5894824389741476,0.6158445771964157,,,,,,,,
TAR,suppressed_vs_rest,correct_minus_mean_wrong,mean_difference,Qstar,each_layer,13.0,190,511,0.6341667524976826,0.6180270882686167,0.6458056957462149,,,,,,,,
TAR,suppressed_vs_rest,correct_minus_mean_wrong,mean_difference,Qstar,each_layer,14.0,190,511,0.621226181893089,0.6062506437326193,0.6328424657534247,,,,,,,,
TAR,suppressed_vs_rest,correct_minus_mean_wrong,mean_difference,Qstar,each_layer,15.0,190,511,0.5979905242558452,0.5815977443609023,0.6104987640333711,,,,,,,,
TAR,suppressed_vs_rest,correct_minus_mean_wrong,mean_difference,Qstar,each_layer,16.0,190,511,0.5473756308579668,0.5279851169018437,0.5641178288186219,,,,,,,,
TAR,suppressed_vs_rest,correct_minus_mean_wrong,mean_difference,Qstar,each_layer,17.0,190,511,0.5358543619322278,0.5149168297455968,0.5516343083736739,,,,,,,,
TAR,suppressed_vs_rest,correct_minus_mean_wrong,mean_difference,Qstar,each_layer,18.0,190,511,0.5136193222782984,0.4890580904315583,0.5296217427129467,,,,,,,,
TAR,suppressed_vs_rest,correct_minus_mean_wrong,mean_difference,Qstar,each_layer,19.0,190,511,0.5040972293748069,0.4798146050056648,0.5205214234215676,,,,,,,,
TAR,suppressed_vs_rest,correct_minus_mean_wrong,mean_difference,Qstar,each_layer,20.0,190,511,0.4974065300236894,0.4683713564733752,0.5196961582037285,,,,,,,,
TAR,suppressed_vs_rest,correct_minus_mean_wrong,mean_difference,Qstar,each_layer,21.0,190,511,0.4892512102173241,0.4566976516634051,0.5169270779688948,,,,,,,,
TAR,suppressed_vs_rest,correct_minus_mean_wrong,mean_difference,Qstar,each_layer,22.0,190,511,0.4899675558759913,0.4586010402719127,0.517051447110928,,,,,,,,
TAR,suppressed_vs_rest,correct_minus_mean_wrong,mean_difference,Qstar,each_layer,23.0,190,511,0.4886440416108765,0.457989751776702,0.5154313008548769,,,,,,,,
TAR,suppressed_vs_rest,correct_minus_mean_wrong,mean_difference,Qstar,each_layer,24.0,190,511,0.4902755175610259,0.4594651869399526,0.5170988258317025,,,,,,,,
TAR,suppressed_vs_rest,correct_minus_mean_wrong,mean_difference,Qstar,each_layer,25.0,190,511,0.4867416829745597,0.4555791018642496,0.5144250180245133,,,,,,,,
TAR,suppressed_vs_rest,correct_minus_mean_wrong,mean_difference,Qstar,each_layer,26.0,190,511,0.4882356576372438,0.4578682150581934,0.5148846431146359,,,,,,,,
TAR,suppressed_vs_rest,correct_minus_mean_wrong,mean_difference,Qstar,each_layer,27.0,190,511,0.4882073334019982,0.4597121227726851,0.5135825007724791,,,,,,,,
TAR,suppressed_vs_rest,correct_minus_mean_wrong,mean_difference,Qstar,each_layer,28.0,190,511,0.4893325780203934,0.4614113193943763,0.5135456792666598,,,,,,,,
TAR,suppressed_vs_rest,correct_minus_mean_wrong,mean_difference,Qstar,each_layer,29.0,190,511,0.4886383767638273,0.4606622721186528,0.5128360284272324,,,,,,,,
TAR,suppressed_vs_rest,correct_minus_mean_wrong,mean_difference,Qstar,each_layer,30.0,190,511,0.4867674322793284,0.458221495519621,0.5123357194355752,,,,,,,,
TAR,suppressed_vs_rest,correct_minus_mean_wrong,mean_difference,Qstar,each_layer,31.0,190,511,0.4871402822123802,0.4579217736121125,0.5147249974250695,,,,,,,,
TAR,suppressed_vs_rest,correct_minus_mean_wrong,mean_difference,Qstar,each_layer,32.0,190,511,0.4931903388608508,0.4662748480791018,0.5188763003398909,,,,,,,,
TAR,forgotten_vs_retained,correct_only,mean_difference,Qstar,per_fold_selected,12.3,54,408,0.5260938634713145,0.4850093046477851,0.5662105119825708,0.4997617102396513,0.496905637254902,0.5068082788671024,0.1445637611751257,0.1149656673297671,0.1613968651432817,0.3723559830160877,0.105802167381747
TAR,forgotten_vs_retained,correct_only,logistic_regression,Qstar,per_fold_selected,12.3,54,408,0.5319013253449529,0.4828204429920116,0.5959672294843864,0.5113630174291939,0.4844498910675381,0.5340175653594771,0.1415668076602566,0.1175283400955609,0.1666053037190454,1.0975742943038107,0.1577627471657783
TAR,forgotten_vs_retained,correct_only,mean_difference,Qstar,each_layer,0.0,54,408,0.4770334059549747,0.4770334059549745,0.4770334059549745,,,,,,,,
TAR,forgotten_vs_retained,correct_only,mean_difference,Qstar,each_layer,1.0,54,408,0.5434186637618009,0.510737790486565,0.5659733569353668,,,,,,,,
TAR,forgotten_vs_retained,correct_only,mean_difference,Qstar,each_layer,2.0,54,408,0.5465777051561365,0.5191085693536674,0.5696452886710239,,,,,,,,
TAR,forgotten_vs_retained,correct_only,mean_difference,Qstar,each_layer,3.0,54,408,0.5586782861292665,0.5378903413217139,0.5738051470588236,,,,,,,,
TAR,forgotten_vs_retained,correct_only,mean_difference,Qstar,each_layer,4.0,54,408,0.5573801742919391,0.5297623910675381,0.5738709604212056,,,,,,,,
TAR,forgotten_vs_retained,correct_only,mean_difference,Qstar,each_layer,5.0,54,408,0.5582334785766159,0.5276257262164125,0.5772501361655773,,,,,,,,
TAR,forgotten_vs_retained,correct_only,mean_difference,Qstar,each_layer,6.0,54,408,0.5504130355846042,0.5177514524328249,0.5722732843137255,,,,,,,,
TAR,forgotten_vs_retained,correct_only,mean_difference,Qstar,each_layer,7.0,54,408,0.5522966594045026,0.5227283042846769,0.5759611020334059,,,,,,,,
TAR,forgotten_vs_retained,correct_only,mean_difference,Qstar,each_layer,8.0,54,408,0.545079883805374,0.5080893700072622,0.5769414941902687,,,,,,,,
TAR,forgotten_vs_retained,correct_only,mean_difference,Qstar,each_layer,9.0,54,408,0.5550063543936093,0.5210228304284678,0.5858512618010167,,,,,,,,
TAR,forgotten_vs_retained,correct_only,mean_difference,Qstar,each_layer,10.0,54,408,0.5522421931735658,0.5174768518518519,0.5838201252723312,,,,,,,,
TAR,forgotten_vs_retained,correct_only,mean_difference,Qstar,each_layer,11.0,54,408,0.5435820624546113,0.5073018790849674,0.5779003267973856,,,,,,,,
TAR,forgotten_vs_retained,correct_only,mean_difference,Qstar,each_layer,12.0,54,408,0.5623297930283223,0.5309493010167029,0.5954180283224401,,,,,,,,
TAR,forgotten_vs_retained,correct_only,mean_difference,Qstar,each_layer,13.0,54,408,0.5666348946986202,0.5311694353667392,0.6002995642701525,,,,,,,,
TAR,forgotten_vs_retained,correct_only,mean_difference,Qstar,each_layer,14.0,54,408,0.5679171205519246,0.5231742465504721,0.6058392338416848,,,,,,,,
TAR,forgotten_vs_retained,correct_only,mean_difference,Qstar,each_layer,15.0,54,408,0.5557734204793029,0.5063986474219317,0.5933154048656499,,,,,,,,
TAR,forgotten_vs_retained,correct_only,mean_difference,Qstar,each_layer,16.0,54,408,0.5443877087872185,0.4962690631808278,0.5818434549745825,,,,,,,,
TAR,forgotten_vs_retained,correct_only,mean_difference,Qstar,each_layer,17.0,54,408,0.5388820806100219,0.4891419299201162,0.5762572621641249,,,,,,,,
TAR,forgotten_vs_retained,correct_only,mean_difference,Qstar,each_layer,18.0,54,408,0.5255242374727669,0.4670263707334786,0.5601568173565722,,,,,,,,
TAR,forgotten_vs_retained,correct_only,mean_difference,Qstar,each_layer,19.0,54,408,0.5149918300653595,0.4512833605664488,0.5502099219317357,,,,,,,,
TAR,forgotten_vs_retained,correct_only,mean_difference,Qstar,each_layer,20.0,54,408,0.5133510348583876,0.4498842592592592,0.5475694444444444,,,,,,,,
TAR,forgotten_vs_retained,correct_only,mean_difference,Qstar,each_layer,21.0,54,408,0.5084808460421204,0.4472335693536673,0.542558551198257,,,,,,,,
TAR,forgotten_vs_retained,correct_only,mean_difference,Qstar,each_layer,22.0,54,408,0.5088257988380537,0.445643836238199,0.5415645424836601,,,,,,,,
TAR,forgotten_vs_retained,correct_only,mean_difference,Qstar,each_layer,23.0,54,408,0.5042665214233841,0.4411163307915759,0.540396922657952,,,,,,,,
TAR,forgotten_vs_retained,correct_only,mean_difference,Qstar,each_layer,24.0,54,408,0.5012481844589688,0.4389263344226579,0.5397194989106754,,,,,,,,
TAR,forgotten_vs_retained,correct_only,mean_difference,Qstar,each_layer,25.0,54,408,0.4966003994190269,0.4319807552650689,0.5368668300653594,,,,,,,,
TAR,forgotten_vs_retained,correct_only,mean_difference,Qstar,each_layer,26.0,54,408,0.4944898329702251,0.4300006808278866,0.5358841684822077,,,,,,,,
TAR,forgotten_vs_retained,correct_only,mean_difference,Qstar,each_layer,27.0,54,408,0.4976488743645606,0.4339551561365287,0.5379527505446623,,,,,,,,
TAR,forgotten_vs_retained,correct_only,mean_difference,Qstar,each_layer,28.0,54,408,0.4975512890341321,0.4341877723311547,0.5383725944081337,,,,,,,,
TAR,forgotten_vs_retained,correct_only,mean_difference,Qstar,each_layer,29.0,54,408,0.4970974037763254,0.4343001089324619,0.5378347403776326,,,,,,,,
TAR,forgotten_vs_retained,correct_only,mean_difference,Qstar,each_layer,30.0,54,408,0.4964006899055919,0.4330825617283951,0.538399827523602,,,,,,,,
TAR,forgotten_vs_retained,correct_only,mean_difference,Qstar,each_layer,31.0,54,408,0.492016158315178,0.42699709513435,0.536435639070443,,,,,,,,
TAR,forgotten_vs_retained,correct_only,mean_difference,Qstar,each_layer,32.0,54,408,0.4736678467683369,0.404522966594045,0.5258453612926652,,,,,,,,
TAR,forgotten_vs_retained,mean_all_choices,mean_difference,Qstar,per_fold_selected,9.4,54,408,0.5817742374727669,0.5443899782135075,0.6187851761074801,0.5109068627450981,0.5,0.5185185185185185,0.1930081910415113,0.1601151174861824,0.2265154773489032,0.3620080168616922,0.1031299276758514
TAR,forgotten_vs_retained,mean_all_choices,logistic_regression,Qstar,per_fold_selected,9.4,54,408,0.5650281408859841,0.514398375090777,0.6188487200435729,0.5315495642701527,0.4912513616557734,0.5750714869281045,0.1646355620584791,0.1274625382619666,0.2101323850485431,1.1265490340800626,0.154812220688772
TAR,forgotten_vs_retained,mean_all_choices,mean_difference,Qstar,each_layer,0.0,54,408,0.4770334059549747,0.4770334059549745,0.4770334059549745,,,,,,,,
TAR,forgotten_vs_retained,mean_all_choices,mean_difference,Qstar,each_layer,1.0,54,408,0.5740127995642703,0.5444762164124909,0.5937273057371096,,,,,,,,
TAR,forgotten_vs_retained,mean_all_choices,mean_difference,Qstar,each_layer,2.0,54,408,0.5742420116194626,0.5461896332607117,0.5936671659404503,,,,,,,,
TAR,forgotten_vs_retained,mean_all_choices,mean_difference,Qstar,each_layer,3.0,54,408,0.5741716594045025,0.5505979938271605,0.5882840867828613,,,,,,,,
TAR,forgotten_vs_retained,mean_all_choices,mean_difference,Qstar,each_layer,4.0,54,408,0.5844612381989833,0.557716049382716,0.6000340413943355,,,,,,,,
TAR,forgotten_vs_retained,mean_all_choices,mean_difference,Qstar,each_layer,5.0,54,408,0.590622730573711,0.5590266430646333,0.6072042937545389,,,,,,,,
TAR,forgotten_vs_retained,mean_all_choices,mean_difference,Qstar,each_layer,6.0,54,408,0.5873456790123457,0.5564360929557008,0.6062772331154684,,,,,,,,
TAR,forgotten_vs_retained,mean_all_choices,mean_difference,Qstar,each_layer,7.0,54,408,0.5900939542483661,0.5601647603485839,0.6103474491648511,,,,,,,,
TAR,forgotten_vs_retained,mean_all_choices,mean_difference,Qstar,each_layer,8.0,54,408,0.6011574074074073,0.5679296023965141,0.6262810911401598,,,,,,,,
TAR,forgotten_vs_retained,mean_all_choices,mean_difference,Qstar,each_layer,9.0,54,408,0.6119757625272332,0.5807155501089325,0.6362211782861293,,,,,,,,
TAR,forgotten_vs_retained,mean_all_choices,mean_difference,Qstar,each_layer,10.0,54,408,0.6143972403776324,0.5868225762527233,0.6362722403776325,,,,,,,,
TAR,forgotten_vs_retained,mean_all_choices,mean_difference,Qstar,each_layer,11.0,54,408,0.6169889251997095,0.5927083333333333,0.6384951434277415,,,,,,,,
TAR,forgotten_vs_retained,mean_all_choices,mean_difference,Qstar,each_layer,12.0,54,408,0.622812273057371,0.6045388525780683,0.6429114469862018,,,,,,,,
TAR,forgotten_vs_retained,mean_all_choices,mean_difference,Qstar,each_layer,13.0,54,408,0.6330224219317356,0.6096847766884532,0.6540690813362382,,,,,,,,
TAR,forgotten_vs_retained,mean_all_choices,mean_difference,Qstar,each_layer,14.0,54,408,0.6247844045025418,0.6064553830791576,0.6438702795933189,,,,,,,,
TAR,forgotten_vs_retained,mean_all_choices,mean_difference,Qstar,each_layer,15.0,54,408,0.6142179557007988,0.5957913489469863,0.6337838144517066,,,,,,,,
TAR,forgotten_vs_retained,mean_all_choices,mean_difference,Qstar,each_layer,16.0,54,408,0.5731277233115468,0.5403606118373275,0.6036083877995643,,,,,,,,
TAR,forgotten_vs_retained,mean_all_choices,mean_difference,Qstar,each_layer,17.0,54,408,0.5518473129992738,0.5100955428467684,0.582046568627451,,,,,,,,
TAR,forgotten_vs_retained,mean_all_choices,mean_difference,Qstar,each_layer,18.0,54,408,0.5086692084241105,0.4497208605664488,0.5419911946259985,,,,,,,,
TAR,forgotten_vs_retained,mean_all_choices,mean_difference,Qstar,each_layer,19.0,54,408,0.4945828794480754,0.4432359749455337,0.5267213598402324,,,,,,,,
TAR,forgotten_vs_retained,mean_all_choices,mean_difference,Qstar,each_layer,20.0,54,408,0.4911265432098765,0.4405194716775599,0.5226863198983297,,,,,,,,
TAR,forgotten_vs_retained,mean_all_choices,mean_difference,Qstar,each_layer,21.0,54,408,0.4888571169208424,0.4375295025417574,0.5191834604212056,,,,,,,,
TAR,forgotten_vs_retained,mean_all_choices,mean_difference,Qstar,each_layer,22.0,54,408,0.4857457334785766,0.4344010984023239,0.5161288126361655,,,,,,,,
TAR,forgotten_vs_retained,mean_all_choices,mean_difference,Qstar,each_layer,23.0,54,408,0.4844680464778504,0.4338394153957879,0.5172101942628903,,,,,,,,
TAR,forgotten_vs_retained,mean_all_choices,mean_difference,Qstar,each_layer,24.0,54,408,0.4857321169208424,0.4371629901960784,0.5175903231663036,,,,,,,,
TAR,forgotten_vs_retained,mean_all_choices,mean_difference,Qstar,each_layer,25.0,54,408,0.4832198620188815,0.4339040940450254,0.5153640159767611,,,,,,,,
TAR,forgotten_vs_retained,mean_all_choices,mean_difference,Qstar,each_layer,26.0,54,408,0.4822326615831517,0.4331279502541757,0.514360929557008,,,,,,,,
TAR,forgotten_vs_retained,mean_all_choices,mean_difference,Qstar,each_layer,27.0,54,408,0.4819784858387799,0.4312431917211329,0.5141294480755265,,,,,,,,
TAR,forgotten_vs_retained,mean_all_choices,mean_difference,Qstar,each_layer,28.0,54,408,0.4821532316630355,0.4312545388525781,0.5155058551198257,,,,,,,,
TAR,forgotten_vs_retained,mean_all_choices,mean_difference,Qstar,each_layer,29.0,54,408,0.4817901234567902,0.4287627087872186,0.514593545751634,,,,,,,,
TAR,forgotten_vs_retained,mean_all_choices,mean_difference,Qstar,each_layer,30.0,54,408,0.4798248002904864,0.4250442538126361,0.5152947984749455,,,,,,,,
TAR,forgotten_vs_retained,mean_all_choices,mean_difference,Qstar,each_layer,31.0,54,408,0.4759145787944807,0.4217819535221496,0.5099968228031954,,,,,,,,
TAR,forgotten_vs_retained,mean_all_choices,mean_difference,Qstar,each_layer,32.0,54,408,0.4625136165577342,0.4059334150326797,0.4994916485112564,,,,,,,,
TAR,forgotten_vs_retained,correct_minus_mean_wrong,mean_difference,Qstar,per_fold_selected,10.2,54,408,0.6370143427741467,0.5626543209876543,0.6990298202614379,0.5098788126361656,0.4963235294117647,0.5247446895424837,0.1971199650653952,0.1482492056058231,0.2616139643052188,0.3649802632138768,0.1038736570162554
TAR,forgotten_vs_retained,correct_minus_mean_wrong,logistic_regression,Qstar,per_fold_selected,10.2,54,408,0.6282861292665215,0.5734102668845316,0.6857865831517792,0.5313793572984749,0.5037819989106753,0.5672385620915033,0.1821059345921591,0.14708534577111,0.2205221905554672,1.0841677214533214,0.1577417843126149
TAR,forgotten_vs_retained,correct_minus_mean_wrong,mean_difference,Qstar,each_layer,0.0,54,408,0.4770334059549747,0.4770334059549745,0.4770334059549745,,,,,,,,
TAR,forgotten_vs_retained,correct_minus_mean_wrong,mean_difference,Qstar,each_layer,1.0,54,408,0.6232911220043572,0.5966911764705882,0.648634940087146,,,,,,,,
TAR,forgotten_vs_retained,correct_minus_mean_wrong,mean_difference,Qstar,each_layer,2.0,54,408,0.6218568445896876,0.5975819262890342,0.6401858660130719,,,,,,,,
TAR,forgotten_vs_retained,correct_minus_mean_wrong,mean_difference,Qstar,each_layer,3.0,54,408,0.6113562091503267,0.5894210693536674,0.6280909586056646,,,,,,,,
TAR,forgotten_vs_retained,correct_minus_mean_wrong,mean_difference,Qstar,each_layer,4.0,54,408,0.5936433369644154,0.5576615831517793,0.6202239923747277,,,,,,,,
TAR,forgotten_vs_retained,correct_minus_mean_wrong,mean_difference,Qstar,each_layer,5.0,54,408,0.6368940631808279,0.6020118464052288,0.6597301652142339,,,,,,,,
TAR,forgotten_vs_retained,correct_minus_mean_wrong,mean_difference,Qstar,each_layer,6.0,54,408,0.640958605664488,0.6084127632534495,0.6637436456063907,,,,,,,,
TAR,forgotten_vs_retained,correct_minus_mean_wrong,mean_difference,Qstar,each_layer,7.0,54,408,0.6197712418300655,0.5832811365286855,0.6468897512708788,,,,,,,,
TAR,forgotten_vs_retained,correct_minus_mean_wrong,mean_difference,Qstar,each_layer,8.0,54,408,0.635834241103849,0.6086147421931736,0.6546716140159767,,,,,,,,
TAR,forgotten_vs_retained,correct_minus_mean_wrong,mean_difference,Qstar,each_layer,9.0,54,408,0.648272966594045,0.6186932643427742,0.6701025780682643,,,,,,,,
TAR,forgotten_vs_retained,correct_minus_mean_wrong,mean_difference,Qstar,each_layer,10.0,54,408,0.6576502360203341,0.6301890432098766,0.6810344045025418,,,,,,,,
TAR,forgotten_vs_retained,correct_minus_mean_wrong,mean_difference,Qstar,each_layer,11.0,54,408,0.6855119825708061,0.6654945079883805,0.7026279956427015,,,,,,,,
TAR,forgotten_vs_retained,correct_minus_mean_wrong,mean_difference,Qstar,each_layer,12.0,54,408,0.6727078794480755,0.6473425018155411,0.6894051833696442,,,,,,,,
TAR,forgotten_vs_retained,correct_minus_mean_wrong,mean_difference,Qstar,each_layer,13.0,54,408,0.6499954611474219,0.6269880174291939,0.6693729575163399,,,,,,,,
TAR,forgotten_vs_retained,correct_minus_mean_wrong,mean_difference,Qstar,each_layer,14.0,54,408,0.6296659404502541,0.6150417574437183,0.6473720043572985,,,,,,,,
TAR,forgotten_vs_retained,correct_minus_mean_wrong,mean_difference,Qstar,each_layer,15.0,54,408,0.617358841684822,0.6038602941176471,0.6344850671750182,,,,,,,,
TAR,forgotten_vs_retained,correct_minus_mean_wrong,mean_difference,Qstar,each_layer,16.0,54,408,0.6047521786492375,0.5868112291212781,0.6192322530864197,,,,,,,,
TAR,forgotten_vs_retained,correct_minus_mean_wrong,mean_difference,Qstar,each_layer,17.0,54,408,0.5898919753086421,0.5705496550472041,0.6035278231663035,,,,,,,,
TAR,forgotten_vs_retained,correct_minus_mean_wrong,mean_difference,Qstar,each_layer,18.0,54,408,0.5788761801016704,0.5606776506899056,0.5928025145243283,,,,,,,,
TAR,forgotten_vs_retained,correct_minus_mean_wrong,mean_difference,Qstar,each_layer,19.0,54,408,0.5810956790123456,0.5613902505446623,0.5927469135802469,,,,,,,,
TAR,forgotten_vs_retained,correct_minus_mean_wrong,mean_difference,Qstar,each_layer,20.0,54,408,0.5843341503267974,0.5640783859840233,0.5968704611474219,,,,,,,,
TAR,forgotten_vs_retained,correct_minus_mean_wrong,mean_difference,Qstar,each_layer,21.0,54,408,0.5817742374727669,0.5608001997095134,0.5964574255628177,,,,,,,,
TAR,forgotten_vs_retained,correct_minus_mean_wrong,mean_difference,Qstar,each_layer,22.0,54,408,0.5825344952795934,0.5619020061728395,0.596249773057371,,,,,,,,
TAR,forgotten_vs_retained,correct_minus_mean_wrong,mean_difference,Qstar,each_layer,23.0,54,408,0.5817129629629629,0.560206744734931,0.5958174473493101,,,,,,,,
TAR,forgotten_vs_retained,correct_minus_mean_wrong,mean_difference,Qstar,each_layer,24.0,54,408,0.582775054466231,0.5615162037037037,0.5972142792302105,,,,,,,,
TAR,forgotten_vs_retained,correct_minus_mean_wrong,mean_difference,Qstar,each_layer,25.0,54,408,0.5806417937545388,0.558312908496732,0.5959127632534496,,,,,,,,
TAR,forgotten_vs_retained,correct_minus_mean_wrong,mean_difference,Qstar,each_layer,26.0,54,408,0.5793141793754539,0.5572553558460421,0.5943865740740741,,,,,,,,
TAR,forgotten_vs_retained,correct_minus_mean_wrong,mean_difference,Qstar,each_layer,27.0,54,408,0.5793277959331882,0.557678603848947,0.59487790486565,,,,,,,,
TAR,forgotten_vs_retained,correct_minus_mean_wrong,mean_difference,Qstar,each_layer,28.0,54,408,0.5790486564996369,0.5565665849673203,0.5953249818445897,,,,,,,,
TAR,forgotten_vs_retained,correct_minus_mean_wrong,mean_difference,Qstar,each_layer,29.0,54,408,0.5787332062454611,0.5563396423384168,0.5948404593318809,,,,,,,,
TAR,forgotten_vs_retained,correct_minus_mean_wrong,mean_difference,Qstar,each_layer,30.0,54,408,0.5764796659404502,0.5511426561365287,0.5950481118373275,,,,,,,,
TAR,forgotten_vs_retained,correct_minus_mean_wrong,mean_difference,Qstar,each_layer,31.0,54,408,0.5746164669571533,0.5482650236020334,0.5944773511256355,,,,,,,,
TAR,forgotten_vs_retained,correct_minus_mean_wrong,mean_difference,Qstar,each_layer,32.0,54,408,0.5581063907044299,0.5257545842411038,0.5849207970225128,,,,,,,,
TAR,suppressed_vs_forgotten,correct_only,mean_difference,full,per_fold_selected,15.1,343,193,0.6038610855148868,0.5799320986721854,0.6276503421501836,0.5414998715992689,0.5116920195169111,0.5581602441124488,0.7190762338011886,0.6942626621926131,0.7423955967662689,0.6421698258703583,0.2251177956445979
TAR,suppressed_vs_forgotten,correct_only,logistic_regression,full,per_fold_selected,15.1,343,193,0.5652747775646157,0.528464176196015,0.5971223130258765,0.5486438616897537,0.5147845888910708,0.5793289928850889,0.685150201728751,0.652172654515402,0.7108144466069362,3.0374836558727383,0.3774617190420128
TAR,suppressed_vs_retained,correct_only,mean_difference,full,per_fold_selected,10.8,343,592,0.5847118528878734,0.5571954288472145,0.6101288560791112,0.5228127954849893,0.5018719589669844,0.5414218860806871,0.4395632242934612,0.4083955213270023,0.4581668776796255,0.6482182986098604,0.2287085903669128
TAR,suppressed_vs_retained,correct_only,logistic_regression,full,per_fold_selected,10.8,343,592,0.5698432944606414,0.5170865426286345,0.6079549483886219,0.5484049966511702,0.5080467334134426,0.5779219771885588,0.4379590057315276,0.384475442707733,0.4819668983991392,1.1714262127467412,0.3148368464263597
TAR,suppressed_vs_rest,correct_only,mean_difference,full,per_fold_selected,11.7,343,930,0.5724108122511679,0.5478623938054484,0.5896131540173672,0.5015821812596005,0.4991063983196965,0.5053466409605317,0.3176351815350391,0.2967063962738578,0.3312533832169965,0.5782965260998305,0.1955215984865884
TAR,suppressed_vs_rest,correct_only,logistic_regression,full,per_fold_selected,11.7,343,930,0.583608106837205,0.5455677293959058,0.6175726511802877,0.540064108592746,0.5077712859337283,0.5633141321044547,0.3366724658845382,0.298758778752274,0.371489805488857,0.8175021746012243,0.2425834245815003
TAR,forgotten_vs_retained,correct_only,mean_difference,full,per_fold_selected,18.9,193,592,0.6640587802828736,0.6367411777062036,0.6768139091163703,0.5277370553844001,0.5167745019955188,0.5383726018764879,0.3890097726125364,0.356105176491266,0.4133224483676581,0.5273276438498649,0.1740202410297264
TAR,forgotten_vs_retained,correct_only,logistic_regression,full,per_fold_selected,18.9,193,592,0.6010198589133176,0.5731472526606918,0.6271318355272371,0.5703470714885872,0.5495307686248424,0.5930089010642767,0.3306641785418334,0.303615038742263,0.3539422424848943,2.173917753881937,0.2871569999929112
