method,question_idx,k0,k1
base,331,0.6666666666666666,0.6666666666666666
base,1189,0.6666666666666666,1.0
base,918,0.3333333333333333,0.6666666666666666
base,1238,1.0,1.0
base,130,0.0,0.3333333333333333
base,237,0.0,0.0
base,30,0.0,0.3333333333333333
base,1096,0.0,0.0
base,827,1.0,1.0
base,82,1.0,1.0
base,231,1.0,0.6666666666666666
base,1016,1.0,1.0
base,653,0.6666666666666666,1.0
base,111,0.6666666666666666,1.0
base,479,0.3333333333333333,0.6666666666666666
base,1094,1.0,1.0
base,45,1.0,1.0
base,185,0.3333333333333333,0.6666666666666666
base,379,1.0,1.0
base,495,1.0,1.0
base,736,1.0,1.0
base,676,1.0,1.0
base,232,1.0,1.0
base,932,0.3333333333333333,0.3333333333333333
base,634,1.0,1.0
base,1250,1.0,1.0
base,47,0.3333333333333333,0.3333333333333333
base,306,0.6666666666666666,0.3333333333333333
base,876,1.0,1.0
base,60,1.0,1.0
base,150,0.6666666666666666,0.6666666666666666
base,1223,0.0,1.0
base,582,1.0,1.0
base,463,0.3333333333333333,0.3333333333333333
base,1066,1.0,1.0
base,674,1.0,1.0
base,455,0.3333333333333333,0.0
base,1079,1.0,1.0
base,1067,1.0,1.0
base,701,0.0,0.0
base,187,1.0,1.0
base,142,1.0,1.0
base,776,1.0,1.0
base,179,0.3333333333333333,0.3333333333333333
base,772,0.3333333333333333,0.3333333333333333
base,1199,0.0,0.3333333333333333
base,171,1.0,1.0
base,134,1.0,1.0
base,129,0.3333333333333333,0.3333333333333333
base,1141,1.0,1.0
base,83,0.6666666666666666,1.0
base,771,1.0,1.0
base,1229,0.3333333333333333,0.0
base,1070,1.0,1.0
base,222,1.0,1.0
base,1226,0.3333333333333333,0.3333333333333333
base,233,1.0,1.0
base,1017,1.0,1.0
base,639,1.0,1.0
base,350,0.6666666666666666,1.0
base,472,1.0,1.0
base,1170,1.0,1.0
base,116,0.0,0.0
base,448,0.6666666666666666,0.6666666666666666
base,573,0.0,0.0
base,434,0.0,0.0
base,127,1.0,1.0
base,480,1.0,1.0
base,773,1.0,0.6666666666666666
base,143,1.0,1.0
base,80,1.0,1.0
base,925,1.0,1.0
base,913,0.0,0.0
base,20,0.6666666666666666,0.6666666666666666
base,942,1.0,1.0
base,289,0.0,0.6666666666666666
base,429,1.0,1.0
base,356,1.0,1.0
base,309,0.3333333333333333,0.6666666666666666
base,997,1.0,1.0
base,883,1.0,1.0
base,1148,1.0,0.6666666666666666
base,599,0.3333333333333333,0.0
base,123,1.0,1.0
base,711,1.0,1.0
base,914,1.0,1.0
base,1005,0.6666666666666666,1.0
base,1083,1.0,1.0
base,1072,1.0,0.6666666666666666
base,1036,0.6666666666666666,1.0
base,77,0.6666666666666666,0.6666666666666666
base,447,0.0,0.3333333333333333
base,322,1.0,1.0
base,354,1.0,1.0
base,241,0.3333333333333333,0.6666666666666666
base,608,0.6666666666666666,0.6666666666666666
base,1098,0.3333333333333333,0.3333333333333333
base,548,1.0,0.6666666666666666
base,43,0.6666666666666666,0.6666666666666666
base,958,1.0,1.0
base,939,0.3333333333333333,0.3333333333333333
base,898,1.0,1.0
base,69,1.0,1.0
base,959,1.0,1.0
base,1186,0.3333333333333333,0.6666666666666666
base,135,1.0,1.0
base,630,1.0,1.0
base,892,0.6666666666666666,0.6666666666666666
base,601,1.0,1.0
base,238,1.0,1.0
base,396,0.6666666666666666,1.0
base,1048,1.0,0.6666666666666666
base,544,0.0,0.0
base,945,0.6666666666666666,0.6666666666666666
base,471,1.0,1.0
base,157,0.0,1.0
base,969,1.0,1.0
base,1035,1.0,1.0
base,100,1.0,1.0
base,305,0.6666666666666666,0.6666666666666666
base,723,1.0,1.0
base,731,1.0,1.0
base,140,0.0,0.0
base,1051,0.3333333333333333,0.3333333333333333
base,1213,1.0,1.0
base,694,1.0,1.0
base,36,0.0,0.0
base,1103,1.0,1.0
base,152,1.0,1.0
base,1112,1.0,1.0
base,1130,1.0,1.0
base,802,1.0,1.0
base,774,1.0,1.0
base,656,1.0,1.0
base,431,0.3333333333333333,1.0
base,1125,1.0,1.0
base,1086,1.0,1.0
base,10,0.6666666666666666,0.3333333333333333
base,607,1.0,1.0
base,929,1.0,1.0
base,744,1.0,1.0
base,223,1.0,1.0
base,905,1.0,1.0
base,857,1.0,1.0
base,388,0.6666666666666666,0.3333333333333333
base,483,0.6666666666666666,0.6666666666666666
base,1041,1.0,1.0
base,493,0.0,0.0
base,180,0.3333333333333333,1.0
base,1050,1.0,1.0
base,629,1.0,1.0
base,792,0.6666666666666666,0.6666666666666666
base,1266,0.6666666666666666,1.0
base,747,0.6666666666666666,1.0
base,742,1.0,1.0
base,380,1.0,1.0
base,966,1.0,1.0
base,146,1.0,1.0
base,697,1.0,1.0
base,682,1.0,1.0
base,315,1.0,1.0
base,369,1.0,0.6666666666666666
base,811,1.0,0.6666666666666666
base,1114,1.0,1.0
base,1231,0.0,1.0
base,51,0.3333333333333333,1.0
base,825,1.0,1.0
base,304,1.0,1.0
base,457,1.0,1.0
base,640,1.0,1.0
base,66,0.3333333333333333,0.0
base,421,0.3333333333333333,0.6666666666666666
base,21,0.3333333333333333,0.6666666666666666
base,475,0.6666666666666666,1.0
base,368,0.3333333333333333,0.6666666666666666
base,1045,1.0,1.0
base,1074,0.3333333333333333,0.0
base,25,0.3333333333333333,0.6666666666666666
base,0,0.6666666666666666,1.0
base,684,0.3333333333333333,1.0
base,184,1.0,1.0
base,783,1.0,1.0
base,14,0.3333333333333333,0.3333333333333333
base,1190,0.6666666666666666,0.3333333333333333
base,546,1.0,1.0
base,461,0.6666666666666666,0.6666666666666666
base,248,0.6666666666666666,1.0
base,768,1.0,1.0
base,1082,1.0,1.0
base,849,1.0,1.0
base,435,0.6666666666666666,0.0
base,872,0.6666666666666666,0.6666666666666666
base,875,0.3333333333333333,0.6666666666666666
base,539,0.6666666666666666,0.0
base,1236,1.0,1.0
base,999,0.6666666666666666,0.6666666666666666
base,627,0.0,0.0
base,213,1.0,1.0
base,927,1.0,1.0
base,1202,1.0,1.0
base,173,0.3333333333333333,1.0
base,729,1.0,1.0
base,985,1.0,1.0
base,1232,0.6666666666666666,0.6666666666666666
base,1158,1.0,1.0
base,420,1.0,1.0
base,896,1.0,1.0
base,1055,0.3333333333333333,1.0
base,595,0.6666666666666666,0.6666666666666666
base,1131,1.0,1.0
base,935,1.0,1.0
base,636,1.0,1.0
base,492,1.0,1.0
base,1084,1.0,1.0
base,1110,1.0,1.0
base,501,0.0,0.0
base,897,1.0,1.0
base,810,0.0,0.6666666666666666
base,1225,1.0,1.0
base,352,1.0,1.0
base,230,1.0,1.0
base,1200,0.6666666666666666,1.0
base,198,1.0,1.0
base,1105,0.6666666666666666,0.6666666666666666
base,767,0.3333333333333333,1.0
base,698,1.0,1.0
base,510,1.0,1.0
base,632,1.0,1.0
base,1001,0.3333333333333333,1.0
base,367,1.0,1.0
base,11,1.0,1.0
base,518,0.3333333333333333,0.6666666666666666
base,563,0.6666666666666666,0.6666666666666666
base,1242,1.0,1.0
base,97,1.0,1.0
base,1134,1.0,1.0
base,131,1.0,1.0
base,1257,0.3333333333333333,1.0
base,158,1.0,1.0
base,664,1.0,1.0
base,646,1.0,1.0
base,278,0.3333333333333333,0.6666666666666666
base,1167,1.0,1.0
base,841,1.0,1.0
base,427,1.0,1.0
base,236,1.0,1.0
base,740,0.6666666666666666,1.0
base,395,0.6666666666666666,0.3333333333333333
base,757,1.0,1.0
base,110,0.6666666666666666,0.6666666666666666
base,133,1.0,1.0
base,965,1.0,1.0
base,343,1.0,1.0
base,61,0.6666666666666666,0.6666666666666666
base,1139,1.0,1.0
base,220,1.0,1.0
base,1162,1.0,1.0
base,511,0.6666666666666666,1.0
base,252,0.3333333333333333,0.3333333333333333
base,941,0.6666666666666666,1.0
base,128,1.0,1.0
base,203,1.0,0.6666666666666666
base,29,1.0,1.0
base,444,0.0,0.3333333333333333
base,845,0.6666666666666666,0.0
base,2,0.6666666666666666,0.3333333333333333
base,839,1.0,1.0
base,1004,1.0,1.0
base,156,1.0,1.0
base,324,1.0,1.0
base,745,1.0,1.0
base,1177,1.0,1.0
base,1027,1.0,1.0
base,283,1.0,0.6666666666666666
base,741,0.0,0.0
base,964,1.0,1.0
base,801,1.0,1.0
base,557,0.6666666666666666,0.6666666666666666
base,759,1.0,1.0
base,901,0.6666666666666666,0.6666666666666666
base,1049,1.0,1.0
base,833,1.0,1.0
base,419,1.0,0.6666666666666666
base,865,1.0,1.0
base,1107,0.6666666666666666,0.6666666666666666
base,647,0.6666666666666666,1.0
base,1244,0.0,1.0
base,558,1.0,0.6666666666666666
base,1085,0.6666666666666666,1.0
base,281,0.3333333333333333,0.6666666666666666
base,1133,1.0,1.0
base,612,1.0,1.0
base,477,1.0,1.0
base,132,0.6666666666666666,1.0
base,803,1.0,1.0
base,361,1.0,1.0
base,549,0.0,0.3333333333333333
base,891,1.0,1.0
base,631,0.6666666666666666,0.6666666666666666
base,879,1.0,1.0
base,378,0.6666666666666666,1.0
base,1272,1.0,1.0
base,808,1.0,1.0
base,151,0.6666666666666666,0.6666666666666666
base,389,0.3333333333333333,0.3333333333333333
base,626,1.0,1.0
base,1038,0.6666666666666666,0.6666666666666666
base,699,1.0,1.0
base,136,0.3333333333333333,0.3333333333333333
base,307,1.0,1.0
base,1071,1.0,1.0
base,1194,0.3333333333333333,0.6666666666666666
base,581,1.0,1.0
base,1,1.0,1.0
base,365,1.0,1.0
base,94,1.0,1.0
base,567,1.0,1.0
base,243,1.0,1.0
base,537,0.6666666666666666,0.6666666666666666
base,777,1.0,1.0
base,719,1.0,1.0
base,602,1.0,1.0
base,218,1.0,1.0
base,513,1.0,1.0
base,826,1.0,1.0
base,484,0.3333333333333333,0.3333333333333333
base,470,0.6666666666666666,0.6666666666666666
base,406,1.0,1.0
base,895,1.0,1.0
base,1104,1.0,1.0
base,680,0.6666666666666666,0.6666666666666666
base,625,1.0,1.0
base,38,0.3333333333333333,0.3333333333333333
base,474,1.0,1.0
base,78,1.0,1.0
base,259,0.6666666666666666,0.6666666666666666
base,1210,1.0,1.0
base,147,1.0,1.0
base,819,1.0,1.0
base,765,1.0,1.0
base,371,1.0,0.6666666666666666
base,957,1.0,1.0
base,1156,1.0,1.0
base,263,0.6666666666666666,0.6666666666666666
base,340,0.6666666666666666,0.6666666666666666
base,509,0.3333333333333333,1.0
base,677,1.0,1.0
base,498,0.3333333333333333,1.0
base,934,1.0,1.0
base,1270,1.0,1.0
base,1195,0.6666666666666666,1.0
base,467,0.3333333333333333,0.3333333333333333
base,1206,1.0,1.0
base,244,1.0,1.0
base,953,1.0,1.0
base,651,1.0,1.0
base,1239,0.0,0.0
base,186,0.3333333333333333,0.6666666666666666
base,273,0.6666666666666666,0.6666666666666666
base,453,1.0,1.0
base,692,1.0,1.0
base,336,0.3333333333333333,0.3333333333333333
base,551,0.6666666666666666,0.6666666666666666
base,1204,0.3333333333333333,0.6666666666666666
base,804,0.3333333333333333,0.6666666666666666
base,24,0.0,0.0
base,12,0.6666666666666666,1.0
base,1193,0.3333333333333333,0.3333333333333333
base,55,1.0,1.0
base,663,1.0,1.0
base,716,0.0,0.0
base,346,1.0,1.0
base,655,1.0,1.0
base,7,1.0,1.0
base,556,1.0,1.0
base,197,1.0,1.0
base,1209,1.0,1.0
base,784,1.0,1.0
base,253,1.0,1.0
base,762,1.0,1.0
base,1040,1.0,1.0
base,98,0.6666666666666666,0.6666666666666666
base,35,1.0,1.0
base,1237,0.0,0.0
base,909,1.0,1.0
base,321,0.0,0.0
base,91,0.3333333333333333,1.0
base,859,1.0,1.0
base,312,1.0,1.0
base,250,1.0,0.6666666666666666
base,1032,0.3333333333333333,0.3333333333333333
base,195,0.3333333333333333,1.0
base,310,1.0,1.0
base,328,1.0,1.0
base,297,0.6666666666666666,0.6666666666666666
base,657,1.0,1.0
base,659,1.0,1.0
base,1015,1.0,1.0
base,1265,0.3333333333333333,1.0
base,1115,1.0,1.0
base,217,0.6666666666666666,1.0
base,1268,1.0,1.0
base,1175,1.0,1.0
base,1181,0.0,0.0
base,326,0.0,0.6666666666666666
base,542,1.0,1.0
base,988,1.0,1.0
base,976,1.0,1.0
base,553,1.0,1.0
base,1099,0.6666666666666666,1.0
base,1064,1.0,1.0
base,374,1.0,1.0
base,1150,1.0,1.0
base,489,1.0,1.0
base,890,1.0,1.0
base,514,1.0,0.3333333333333333
base,593,0.6666666666666666,1.0
base,1080,1.0,1.0
base,101,0.0,0.6666666666666666
base,950,1.0,1.0
base,753,1.0,1.0
base,332,1.0,1.0
base,585,1.0,1.0
base,1061,1.0,1.0
base,761,1.0,1.0
base,125,0.6666666666666666,0.6666666666666666
base,48,1.0,1.0
base,814,0.6666666666666666,0.6666666666666666
base,1106,1.0,1.0
base,1260,1.0,1.0
base,794,1.0,1.0
base,1218,1.0,1.0
base,1197,0.3333333333333333,0.6666666666666666
base,899,1.0,1.0
base,968,1.0,0.6666666666666666
base,1003,0.0,0.3333333333333333
base,224,1.0,1.0
base,476,1.0,1.0
base,381,1.0,1.0
base,858,1.0,1.0
base,1168,1.0,1.0
base,27,0.0,0.0
base,1077,1.0,1.0
base,1023,1.0,1.0
base,887,0.6666666666666666,0.6666666666666666
base,87,0.3333333333333333,0.0
base,268,1.0,1.0
base,870,1.0,1.0
base,1075,1.0,1.0
base,881,0.3333333333333333,0.3333333333333333
base,1246,0.6666666666666666,0.3333333333333333
base,403,0.6666666666666666,0.6666666666666666
base,743,0.6666666666666666,0.6666666666666666
base,610,0.6666666666666666,1.0
base,234,1.0,1.0
base,1208,0.0,0.3333333333333333
base,1122,1.0,1.0
base,578,1.0,1.0
base,292,0.6666666666666666,0.6666666666666666
base,363,1.0,1.0
base,433,1.0,1.0
base,202,1.0,1.0
base,360,1.0,1.0
base,53,1.0,1.0
base,1173,1.0,1.0
base,1119,0.6666666666666666,1.0
base,394,0.0,0.0
base,219,0.6666666666666666,0.0
base,166,1.0,1.0
base,28,0.3333333333333333,0.6666666666666666
base,245,1.0,1.0
base,473,1.0,1.0
base,425,0.6666666666666666,1.0
base,1010,1.0,1.0
base,192,1.0,1.0
base,1030,0.6666666666666666,0.6666666666666666
base,1116,1.0,1.0
base,1144,0.3333333333333333,0.3333333333333333
base,138,1.0,1.0
base,148,0.6666666666666666,0.6666666666666666
base,302,0.6666666666666666,0.6666666666666666
base,126,1.0,0.6666666666666666
base,1052,1.0,1.0
base,972,1.0,1.0
base,874,1.0,1.0
base,408,0.3333333333333333,0.3333333333333333
base,96,0.0,0.6666666666666666
base,618,1.0,1.0
base,79,1.0,1.0
base,800,1.0,1.0
base,239,1.0,1.0
base,688,1.0,1.0
base,737,1.0,1.0
base,1196,0.6666666666666666,1.0
base,285,0.3333333333333333,0.0
base,426,0.6666666666666666,0.6666666666666666
base,86,1.0,0.6666666666666666
base,1183,1.0,1.0
base,1224,1.0,0.6666666666666666
base,791,0.0,0.0
base,113,0.6666666666666666,1.0
base,387,1.0,0.6666666666666666
base,267,0.6666666666666666,0.6666666666666666
base,596,0.0,0.3333333333333333
base,547,0.6666666666666666,0.3333333333333333
base,1166,1.0,1.0
base,1203,0.0,0.0
base,88,0.3333333333333333,0.0
base,586,1.0,1.0
base,728,0.3333333333333333,0.3333333333333333
base,193,0.6666666666666666,0.6666666666666666
base,64,0.3333333333333333,0.6666666666666666
base,790,1.0,1.0
base,1068,1.0,1.0
base,260,0.3333333333333333,0.3333333333333333
base,1267,0.0,0.3333333333333333
base,1163,1.0,1.0
base,9,0.3333333333333333,0.3333333333333333
base,344,1.0,1.0
base,347,1.0,1.0
base,536,0.6666666666666666,0.6666666666666666
base,530,0.6666666666666666,0.6666666666666666
base,931,1.0,1.0
base,717,0.6666666666666666,0.6666666666666666
base,1145,1.0,1.0
base,758,1.0,1.0
base,550,1.0,1.0
base,907,1.0,1.0
base,583,1.0,1.0
base,15,1.0,1.0
base,797,1.0,1.0
base,6,1.0,1.0
base,683,1.0,1.0
base,385,0.3333333333333333,0.6666666666666666
base,199,0.3333333333333333,0.3333333333333333
base,468,1.0,1.0
base,299,0.3333333333333333,0.3333333333333333
base,963,1.0,1.0
base,1252,1.0,1.0
base,418,1.0,1.0
base,936,1.0,1.0
base,598,1.0,1.0
base,619,0.3333333333333333,0.3333333333333333
base,829,0.6666666666666666,0.6666666666666666
base,342,1.0,1.0
base,748,1.0,1.0
base,269,1.0,1.0
base,276,0.0,0.0
base,983,0.3333333333333333,0.3333333333333333
base,1247,1.0,1.0
base,390,0.0,0.3333333333333333
base,991,1.0,1.0
base,112,1.0,1.0
base,1127,1.0,1.0
base,705,0.6666666666666666,0.6666666666666666
base,1021,0.3333333333333333,0.3333333333333333
base,319,1.0,1.0
base,377,1.0,1.0
base,206,1.0,1.0
base,370,1.0,1.0
base,120,1.0,1.0
base,115,0.6666666666666666,0.6666666666666666
base,541,1.0,1.0
base,341,1.0,1.0
base,864,1.0,1.0
base,521,0.0,0.3333333333333333
base,662,1.0,1.0
base,835,1.0,1.0
base,1143,1.0,1.0
base,643,1.0,1.0
base,795,0.0,0.0
base,154,0.0,0.0
base,648,1.0,1.0
base,75,0.3333333333333333,0.3333333333333333
base,668,1.0,1.0
base,615,1.0,1.0
base,502,1.0,1.0
base,734,1.0,1.0
base,868,1.0,1.0
base,588,1.0,1.0
base,980,1.0,1.0
base,1188,0.3333333333333333,0.3333333333333333
base,754,0.0,0.0
base,974,1.0,1.0
base,334,1.0,1.0
base,201,0.3333333333333333,0.3333333333333333
base,614,1.0,1.0
base,954,1.0,1.0
base,107,0.6666666666666666,1.0
base,508,1.0,1.0
base,1108,1.0,1.0
base,413,0.3333333333333333,0.3333333333333333
base,439,1.0,1.0
base,221,0.3333333333333333,0.3333333333333333
base,169,0.3333333333333333,0.3333333333333333
base,1249,1.0,1.0
base,1255,1.0,1.0
base,531,0.3333333333333333,0.3333333333333333
base,603,0.6666666666666666,0.6666666666666666
base,1159,1.0,1.0
base,504,0.3333333333333333,0.3333333333333333
base,119,0.6666666666666666,0.3333333333333333
base,72,1.0,1.0
base,330,1.0,1.0
base,1212,0.0,0.0
base,291,1.0,0.3333333333333333
base,196,1.0,1.0
base,33,1.0,1.0
base,606,0.6666666666666666,0.6666666666666666
base,1152,1.0,1.0
base,1113,1.0,1.0
base,1240,1.0,1.0
base,952,0.6666666666666666,1.0
base,208,1.0,1.0
base,512,0.0,0.0
base,540,1.0,1.0
base,1191,1.0,1.0
base,673,1.0,1.0
base,240,0.3333333333333333,0.3333333333333333
base,121,0.3333333333333333,0.3333333333333333
base,766,1.0,1.0
base,923,1.0,1.0
base,813,0.6666666666666666,0.6666666666666666
base,1254,0.6666666666666666,0.6666666666666666
base,679,0.6666666666666666,0.6666666666666666
base,569,1.0,1.0
base,274,1.0,1.0
base,902,1.0,1.0
base,850,1.0,1.0
base,613,1.0,1.0
base,402,0.3333333333333333,0.3333333333333333
base,71,1.0,1.0
base,1011,1.0,1.0
base,589,0.6666666666666666,0.6666666666666666
base,1024,0.6666666666666666,1.0
base,1228,1.0,1.0
base,454,0.0,0.0
base,822,1.0,1.0
base,686,1.0,1.0
base,1033,1.0,1.0
base,506,1.0,1.0
base,92,1.0,1.0
base,847,0.0,0.0
base,1047,1.0,1.0
base,666,1.0,1.0
base,4,1.0,1.0
base,164,0.6666666666666666,0.6666666666666666
base,445,0.6666666666666666,0.6666666666666666
base,382,1.0,1.0
base,22,1.0,1.0
base,571,1.0,1.0
base,755,1.0,1.0
base,782,0.6666666666666666,0.6666666666666666
base,1123,0.6666666666666666,0.6666666666666666
base,920,1.0,1.0
base,62,0.6666666666666666,0.6666666666666666
base,635,1.0,1.0
base,255,1.0,1.0
base,856,1.0,1.0
base,671,1.0,1.0
base,409,1.0,1.0
base,44,0.6666666666666666,0.6666666666666666
base,163,0.0,0.0
base,623,0.3333333333333333,0.3333333333333333
base,153,1.0,1.0
base,417,1.0,1.0
base,1065,0.6666666666666666,0.6666666666666666
base,56,1.0,1.0
base,823,1.0,1.0
base,848,0.6666666666666666,0.6666666666666666
base,288,0.6666666666666666,0.3333333333333333
base,225,0.3333333333333333,0.3333333333333333
base,943,1.0,1.0
base,1101,0.6666666666666666,1.0
base,832,1.0,1.0
base,710,1.0,1.0
base,1258,0.6666666666666666,0.6666666666666666
base,1142,1.0,1.0
base,40,1.0,1.0
base,386,0.0,0.3333333333333333
base,114,1.0,1.0
base,1132,0.3333333333333333,0.3333333333333333
base,691,1.0,1.0
base,1230,1.0,1.0
base,1006,0.6666666666666666,0.6666666666666666
base,590,0.3333333333333333,0.6666666666666666
base,204,1.0,1.0
base,1140,1.0,1.0
base,1201,0.6666666666666666,0.6666666666666666
base,1164,0.6666666666666666,0.6666666666666666
base,496,1.0,1.0
base,526,0.0,0.0
base,990,1.0,1.0
base,176,0.6666666666666666,0.6666666666666666
base,685,1.0,1.0
base,1187,1.0,1.0
base,579,0.3333333333333333,0.6666666666666666
base,85,1.0,1.0
base,1263,1.0,1.0
base,1235,1.0,1.0
base,159,0.3333333333333333,0.0
base,50,0.3333333333333333,0.3333333333333333
base,373,1.0,1.0
base,924,1.0,1.0
base,8,0.3333333333333333,0.3333333333333333
base,702,1.0,1.0
base,384,0.6666666666666666,0.6666666666666666
base,1205,1.0,1.0
base,298,1.0,1.0
base,572,1.0,1.0
base,824,1.0,1.0
base,738,0.0,0.3333333333333333
base,228,1.0,0.6666666666666666
base,916,1.0,1.0
base,216,1.0,1.0
base,605,1.0,1.0
base,756,0.6666666666666666,0.6666666666666666
base,532,1.0,1.0
base,796,1.0,1.0
base,271,0.3333333333333333,0.3333333333333333
base,871,1.0,1.0
base,1261,0.0,0.0
base,18,0.3333333333333333,0.3333333333333333
base,303,0.0,0.0
base,183,1.0,1.0
base,652,1.0,1.0
base,464,0.6666666666666666,0.6666666666666666
base,478,1.0,1.0
base,424,1.0,1.0
base,393,0.6666666666666666,0.6666666666666666
base,714,0.6666666666666666,0.6666666666666666
base,577,1.0,1.0
base,911,0.6666666666666666,0.6666666666666666
base,124,0.3333333333333333,0.3333333333333333
base,272,0.6666666666666666,0.6666666666666666
base,59,1.0,1.0
base,1178,1.0,1.0
base,947,1.0,0.6666666666666666
base,554,1.0,1.0
base,482,1.0,1.0
base,660,0.6666666666666666,0.6666666666666666
base,903,1.0,1.0
base,209,1.0,1.0
base,576,1.0,1.0
base,944,1.0,1.0
base,866,0.6666666666666666,0.6666666666666666
base,552,1.0,1.0
base,793,1.0,1.0
base,1179,1.0,1.0
base,580,0.6666666666666666,0.6666666666666666
base,1012,1.0,1.0
base,644,1.0,1.0
base,900,1.0,1.0
base,650,0.6666666666666666,1.0
base,1153,0.0,0.0
base,46,1.0,1.0
base,843,1.0,1.0
base,696,1.0,1.0
base,565,1.0,1.0
base,693,1.0,1.0
base,1044,0.3333333333333333,0.3333333333333333
base,904,0.6666666666666666,0.3333333333333333
base,26,1.0,1.0
base,415,1.0,1.0
base,703,1.0,1.0
base,1121,1.0,1.0
base,670,1.0,1.0
base,168,0.3333333333333333,0.3333333333333333
base,1271,1.0,1.0
base,399,1.0,1.0
base,789,0.6666666666666666,0.6666666666666666
base,172,1.0,1.0
base,258,0.0,0.0
base,1091,1.0,1.0
base,144,0.6666666666666666,0.6666666666666666
base,649,1.0,1.0
base,853,1.0,1.0
base,831,1.0,1.0
base,996,1.0,1.0
base,188,1.0,1.0
base,137,1.0,1.0
base,982,0.3333333333333333,0.0
base,860,1.0,1.0
base,817,1.0,1.0
base,984,0.3333333333333333,0.3333333333333333
base,226,1.0,1.0
base,1251,1.0,1.0
base,620,0.6666666666666666,0.6666666666666666
base,265,0.6666666666666666,1.0
base,712,1.0,0.6666666666666666
base,70,1.0,1.0
base,527,0.6666666666666666,0.0
base,351,1.0,1.0
base,174,1.0,1.0
base,1269,0.0,0.0
base,1129,1.0,1.0
base,155,0.6666666666666666,1.0
base,318,1.0,1.0
base,880,1.0,1.0
base,940,0.0,0.6666666666666666
base,912,1.0,1.0
base,1088,0.6666666666666666,0.3333333333333333
base,400,1.0,1.0
base,1124,1.0,1.0
base,609,0.3333333333333333,0.3333333333333333
base,570,1.0,1.0
base,624,1.0,1.0
base,211,0.6666666666666666,0.3333333333333333
base,1172,1.0,1.0
base,3,1.0,1.0
base,884,1.0,1.0
base,1059,1.0,1.0
base,704,1.0,1.0
base,592,0.0,0.6666666666666666
base,1222,0.6666666666666666,0.6666666666666666
base,357,1.0,1.0
base,921,1.0,1.0
base,422,1.0,1.0
base,739,1.0,1.0
base,971,1.0,1.0
base,720,1.0,1.0
base,345,1.0,1.0
base,256,1.0,0.3333333333333333
base,1174,1.0,1.0
base,787,0.0,0.6666666666666666
base,145,1.0,1.0
base,842,1.0,1.0
base,1060,1.0,1.0
base,726,1.0,1.0
base,488,0.6666666666666666,0.6666666666666666
base,562,1.0,1.0
base,412,0.6666666666666666,0.6666666666666666
base,90,1.0,1.0
base,469,0.0,0.0
base,906,1.0,1.0
base,441,0.3333333333333333,0.3333333333333333
base,1095,1.0,1.0
base,584,1.0,1.0
base,108,1.0,0.6666666666666666
base,404,0.3333333333333333,0.0
base,338,1.0,1.0
base,68,1.0,1.0
base,928,1.0,1.0
base,863,1.0,1.0
base,1207,1.0,1.0
base,1078,0.3333333333333333,0.3333333333333333
base,690,0.6666666666666666,0.6666666666666666
base,1211,0.6666666666666666,0.3333333333333333
base,700,1.0,1.0
base,1151,1.0,1.0
base,1014,1.0,1.0
base,1090,0.6666666666666666,0.0
base,1154,1.0,1.0
base,1182,0.0,0.6666666666666666
base,175,0.6666666666666666,0.6666666666666666
base,545,1.0,1.0
base,194,0.3333333333333333,0.3333333333333333
base,1220,0.6666666666666666,1.0
base,922,0.6666666666666666,1.0
base,611,1.0,1.0
base,1057,1.0,1.0
base,1180,1.0,1.0
base,807,1.0,1.0
base,58,1.0,1.0
base,462,1.0,1.0
base,724,1.0,1.0
base,1053,0.6666666666666666,0.6666666666666666
base,981,1.0,1.0
base,1234,1.0,1.0
base,261,0.0,0.6666666666666666
base,398,0.3333333333333333,0.3333333333333333
base,1149,1.0,1.0
base,1217,0.0,0.0
base,764,1.0,1.0
base,561,0.6666666666666666,0.6666666666666666
base,575,0.6666666666666666,0.6666666666666666
base,459,0.3333333333333333,0.0
base,1019,0.0,0.0
base,162,1.0,1.0
base,725,1.0,1.0
base,933,1.0,1.0
base,637,1.0,1.0
base,937,0.6666666666666666,0.6666666666666666
base,503,0.6666666666666666,0.0
base,235,0.6666666666666666,0.3333333333333333
base,280,0.0,0.0
base,1126,1.0,1.0
base,1253,1.0,1.0
base,967,1.0,1.0
base,1031,1.0,1.0
base,293,0.0,0.0
base,1026,0.6666666666666666,0.6666666666666666
base,992,1.0,1.0
base,538,0.3333333333333333,0.3333333333333333
base,855,1.0,1.0
base,178,1.0,1.0
base,516,0.6666666666666666,1.0
base,785,0.6666666666666666,0.6666666666666666
base,67,1.0,1.0
base,366,1.0,1.0
base,837,1.0,1.0
base,229,1.0,1.0
base,353,1.0,1.0
base,708,0.6666666666666666,0.6666666666666666
base,707,1.0,1.0
base,812,1.0,1.0
base,84,1.0,1.0
base,1063,0.3333333333333333,0.3333333333333333
base,975,1.0,1.0
base,591,1.0,1.0
base,885,0.6666666666666666,1.0
base,1248,0.6666666666666666,0.3333333333333333
base,559,1.0,1.0
base,1264,1.0,1.0
base,956,1.0,1.0
base,359,1.0,0.6666666666666666
base,1062,1.0,1.0
base,616,0.0,0.0
base,282,0.6666666666666666,0.6666666666666666
base,522,0.0,0.3333333333333333
base,770,1.0,1.0
base,438,1.0,1.0
base,160,1.0,1.0
base,74,1.0,1.0
base,405,1.0,1.0
base,993,1.0,1.0
base,1256,0.0,0.0
base,200,1.0,1.0
base,1109,1.0,1.0
base,517,1.0,0.6666666666666666
base,257,0.3333333333333333,0.0
base,1227,1.0,1.0
base,1262,1.0,1.0
base,805,1.0,1.0
base,295,0.0,0.0
base,746,1.0,1.0
base,715,0.6666666666666666,0.6666666666666666
base,423,0.6666666666666666,0.6666666666666666
base,118,1.0,1.0
base,337,0.3333333333333333,0.6666666666666666
base,946,1.0,1.0
base,818,1.0,1.0
base,57,1.0,1.0
base,678,1.0,1.0
base,215,0.3333333333333333,0.3333333333333333
base,1128,0.6666666666666666,0.6666666666666666
base,529,0.0,0.6666666666666666
base,54,0.6666666666666666,0.6666666666666666
base,1185,0.0,0.6666666666666666
base,989,1.0,1.0
base,1097,1.0,1.0
base,190,1.0,1.0
base,1029,1.0,1.0
base,214,1.0,1.0
base,877,1.0,1.0
base,446,0.3333333333333333,0.0
base,889,1.0,0.6666666666666666
base,284,0.6666666666666666,0.6666666666666666
base,781,1.0,1.0
base,1002,0.6666666666666666,1.0
base,869,1.0,1.0
base,375,1.0,1.0
base,99,0.3333333333333333,0.0
base,139,1.0,0.6666666666666666
base,713,1.0,1.0
base,638,1.0,1.0
base,397,1.0,1.0
base,962,1.0,1.0
base,320,0.6666666666666666,1.0
base,246,1.0,1.0
base,23,0.3333333333333333,0.3333333333333333
base,191,1.0,1.0
base,505,0.6666666666666666,0.6666666666666666
base,264,0.3333333333333333,0.6666666666666666
base,1157,1.0,1.0
base,465,0.6666666666666666,0.3333333333333333
base,1198,0.6666666666666666,1.0
base,1233,1.0,1.0
base,994,1.0,1.0
base,254,0.0,0.0
base,695,0.3333333333333333,0.6666666666666666
base,325,1.0,1.0
base,917,1.0,1.0
base,882,1.0,1.0
base,481,1.0,1.0
base,1192,0.6666666666666666,1.0
base,520,1.0,0.3333333333333333
base,1000,1.0,1.0
base,436,1.0,1.0
base,430,0.3333333333333333,0.0
base,930,0.6666666666666666,0.6666666666666666
base,262,0.3333333333333333,0.6666666666666666
base,960,1.0,1.0
base,242,0.0,0.0
base,645,1.0,1.0
base,806,1.0,1.0
base,597,0.6666666666666666,0.6666666666666666
base,1155,1.0,1.0
base,780,1.0,1.0
base,751,1.0,1.0
base,987,0.6666666666666666,0.6666666666666666
base,515,0.6666666666666666,0.6666666666666666
base,594,1.0,1.0
base,854,0.3333333333333333,0.6666666666666666
base,17,1.0,1.0
base,1020,1.0,1.0
base,486,1.0,1.0
base,103,0.3333333333333333,0.3333333333333333
base,414,1.0,0.0
base,775,1.0,1.0
base,327,0.6666666666666666,1.0
base,104,1.0,1.0
base,1171,1.0,1.0
base,915,1.0,1.0
base,722,1.0,1.0
base,485,1.0,1.0
base,970,0.6666666666666666,0.6666666666666666
base,1169,1.0,1.0
base,443,1.0,1.0
base,210,0.6666666666666666,1.0
base,786,1.0,1.0
base,31,0.3333333333333333,0.3333333333333333
base,938,1.0,1.0
base,681,1.0,1.0
base,1054,1.0,1.0
base,383,0.6666666666666666,1.0
base,1043,1.0,1.0
base,955,0.3333333333333333,1.0
base,355,1.0,1.0
base,1117,1.0,1.0
base,836,1.0,1.0
base,926,1.0,1.0
base,568,1.0,1.0
base,460,0.0,0.0
base,709,1.0,1.0
base,19,0.3333333333333333,0.6666666666666666
base,16,0.6666666666666666,1.0
base,308,1.0,1.0
base,73,1.0,1.0
base,52,0.3333333333333333,0.3333333333333333
base,1009,1.0,1.0
base,1073,0.3333333333333333,0.6666666666666666
base,733,1.0,1.0
base,886,0.3333333333333333,0.6666666666666666
base,1089,1.0,1.0
base,815,0.0,1.0
base,574,1.0,1.0
base,456,0.3333333333333333,0.3333333333333333
base,1069,1.0,1.0
base,466,0.3333333333333333,1.0
base,658,1.0,1.0
base,249,0.3333333333333333,0.3333333333333333
base,830,1.0,1.0
base,778,1.0,1.0
base,227,0.0,0.0
base,247,1.0,1.0
base,1092,0.3333333333333333,0.0
base,1165,1.0,1.0
base,170,0.6666666666666666,0.0
base,294,0.3333333333333333,0.6666666666666666
base,1046,1.0,1.0
base,750,1.0,1.0
base,89,0.0,1.0
base,661,1.0,1.0
base,1214,0.6666666666666666,0.3333333333333333
base,524,0.6666666666666666,1.0
base,109,1.0,0.6666666666666666
base,494,0.6666666666666666,0.0
base,852,1.0,1.0
base,497,1.0,1.0
base,834,0.6666666666666666,0.6666666666666666
base,798,1.0,1.0
base,519,1.0,1.0
base,600,1.0,1.0
base,604,1.0,1.0
base,816,1.0,1.0
base,358,0.0,0.0
base,1136,1.0,1.0
base,867,1.0,1.0
base,181,0.3333333333333333,0.3333333333333333
base,587,1.0,1.0
base,122,0.6666666666666666,0.3333333333333333
base,948,0.3333333333333333,1.0
base,391,0.0,0.6666666666666666
base,165,0.0,0.0
base,449,0.3333333333333333,0.3333333333333333
base,838,1.0,1.0
base,401,0.6666666666666666,1.0
base,149,0.6666666666666666,0.6666666666666666
base,894,1.0,1.0
base,1245,0.6666666666666666,0.6666666666666666
base,37,0.6666666666666666,0.3333333333333333
base,428,0.0,0.0
base,1018,0.6666666666666666,0.6666666666666666
base,566,1.0,1.0
base,769,1.0,1.0
base,949,1.0,1.0
base,13,0.3333333333333333,0.0
base,727,0.6666666666666666,0.6666666666666666
base,799,1.0,1.0
base,95,1.0,0.6666666666666666
base,846,0.6666666666666666,0.3333333333333333
base,348,1.0,1.0
base,487,0.6666666666666666,0.3333333333333333
base,500,0.0,0.0
base,1008,1.0,1.0
base,411,1.0,0.6666666666666666
base,1056,1.0,1.0
base,316,0.6666666666666666,1.0
base,251,0.3333333333333333,0.0
base,1007,1.0,1.0
base,1120,1.0,1.0
base,1102,1.0,1.0
base,844,1.0,1.0
base,760,1.0,1.0
base,376,1.0,1.0
base,1087,1.0,1.0
base,270,1.0,1.0
base,1037,1.0,0.6666666666666666
base,986,1.0,0.6666666666666666
base,788,1.0,1.0
base,161,1.0,1.0
base,392,0.3333333333333333,1.0
base,207,1.0,1.0
base,507,0.6666666666666666,0.6666666666666666
base,1042,1.0,0.6666666666666666
base,665,0.6666666666666666,0.6666666666666666
base,523,1.0,1.0
base,893,1.0,1.0
base,205,1.0,1.0
base,335,1.0,1.0
base,458,0.6666666666666666,0.3333333333333333
base,76,0.0,0.0
base,362,1.0,0.6666666666666666
base,1216,1.0,1.0
base,407,1.0,1.0
base,1221,1.0,1.0
base,977,1.0,1.0
base,1028,1.0,1.0
base,1118,0.6666666666666666,0.6666666666666666
base,560,1.0,0.3333333333333333
base,499,0.6666666666666666,0.6666666666666666
base,323,0.3333333333333333,0.6666666666666666
base,93,0.3333333333333333,0.6666666666666666
base,862,0.6666666666666666,0.6666666666666666
base,1022,1.0,0.3333333333333333
base,840,1.0,1.0
base,763,1.0,1.0
base,564,0.0,0.3333333333333333
base,32,0.3333333333333333,1.0
base,364,1.0,1.0
base,667,1.0,1.0
base,440,0.3333333333333333,0.3333333333333333
base,633,1.0,1.0
base,642,1.0,1.0
base,416,0.6666666666666666,0.3333333333333333
base,452,1.0,1.0
base,81,1.0,1.0
base,1160,1.0,1.0
base,820,1.0,1.0
base,1241,0.0,0.6666666666666666
base,311,0.6666666666666666,0.6666666666666666
base,873,1.0,0.6666666666666666
base,450,0.3333333333333333,0.3333333333333333
base,1076,0.6666666666666666,0.6666666666666666
base,721,0.3333333333333333,1.0
base,106,0.0,0.0
base,1146,1.0,1.0
base,888,1.0,1.0
base,533,1.0,0.3333333333333333
base,730,1.0,1.0
base,105,1.0,1.0
base,266,0.3333333333333333,0.3333333333333333
base,1184,1.0,1.0
base,978,1.0,1.0
base,1176,1.0,1.0
base,39,1.0,1.0
base,339,1.0,1.0
base,961,1.0,1.0
base,525,0.0,0.3333333333333333
base,189,0.3333333333333333,0.6666666666666666
base,1111,1.0,1.0
base,732,1.0,0.6666666666666666
base,5,0.6666666666666666,1.0
base,442,0.3333333333333333,0.6666666666666666
base,861,1.0,1.0
base,878,0.3333333333333333,0.3333333333333333
base,1138,1.0,1.0
base,851,1.0,1.0
base,1147,1.0,1.0
base,301,0.6666666666666666,1.0
base,1215,0.0,0.3333333333333333
base,718,0.3333333333333333,1.0
base,998,1.0,1.0
base,654,1.0,1.0
base,1135,1.0,0.6666666666666666
base,329,1.0,1.0
base,279,0.6666666666666666,0.3333333333333333
base,277,0.6666666666666666,1.0
base,919,1.0,1.0
base,349,1.0,1.0
base,1243,1.0,1.0
base,65,0.6666666666666666,0.6666666666666666
base,1259,0.6666666666666666,1.0
base,1093,1.0,1.0
base,410,0.3333333333333333,0.3333333333333333
base,689,0.0,0.0
base,177,0.3333333333333333,0.3333333333333333
base,534,1.0,1.0
base,117,0.6666666666666666,1.0
base,372,1.0,1.0
base,1034,1.0,1.0
base,628,1.0,1.0
base,821,1.0,1.0
base,669,1.0,1.0
base,63,1.0,1.0
base,735,1.0,1.0
base,951,1.0,1.0
base,1025,0.6666666666666666,0.3333333333333333
base,42,1.0,1.0
base,167,1.0,1.0
base,809,1.0,1.0
base,1100,1.0,1.0
base,313,0.6666666666666666,1.0
base,296,0.0,0.0
base,490,1.0,0.3333333333333333
base,543,0.6666666666666666,1.0
base,641,1.0,1.0
base,290,0.0,0.0
base,617,1.0,1.0
base,779,1.0,1.0
base,910,0.6666666666666666,1.0
base,212,1.0,1.0
base,979,0.3333333333333333,0.6666666666666666
base,555,1.0,1.0
base,1058,1.0,1.0
base,672,1.0,1.0
base,317,1.0,1.0
base,1081,1.0,1.0
base,535,0.3333333333333333,1.0
base,1039,1.0,1.0
base,432,0.3333333333333333,0.3333333333333333
base,828,0.6666666666666666,1.0
base,621,1.0,1.0
base,1161,1.0,1.0
base,287,0.6666666666666666,1.0
base,451,0.0,0.0
base,1013,1.0,1.0
base,528,1.0,0.3333333333333333
base,300,0.6666666666666666,0.6666666666666666
base,752,1.0,1.0
base,622,1.0,1.0
base,995,1.0,0.3333333333333333
base,1219,1.0,0.3333333333333333
base,34,1.0,1.0
base,286,0.6666666666666666,0.0
base,314,1.0,1.0
base,333,1.0,1.0
base,182,0.3333333333333333,0.6666666666666666
base,49,0.6666666666666666,0.6666666666666666
base,102,0.0,0.6666666666666666
base,687,1.0,0.6666666666666666
base,41,1.0,1.0
base,275,0.0,0.0
base,675,1.0,1.0
base,1137,1.0,1.0
base,749,1.0,1.0
base,908,1.0,1.0
base,437,0.6666666666666666,1.0
base,491,0.6666666666666666,0.3333333333333333
base,141,1.0,1.0
base,706,1.0,1.0
base,973,1.0,0.6666666666666666
GradDiff,331,0.6666666666666666,0.6666666666666666
GradDiff,1189,1.0,1.0
GradDiff,918,0.6666666666666666,0.6666666666666666
GradDiff,1238,0.6666666666666666,0.6666666666666666
GradDiff,130,0.3333333333333333,0.6666666666666666
GradDiff,237,0.6666666666666666,0.6666666666666666
GradDiff,30,0.6666666666666666,0.6666666666666666
GradDiff,1096,0.0,0.0
GradDiff,827,0.3333333333333333,1.0
GradDiff,82,0.6666666666666666,1.0
GradDiff,231,1.0,1.0
GradDiff,1016,1.0,1.0
GradDiff,653,0.0,0.0
GradDiff,111,0.6666666666666666,1.0
GradDiff,479,0.3333333333333333,1.0
GradDiff,1094,0.3333333333333333,0.0
GradDiff,45,1.0,0.6666666666666666
GradDiff,185,1.0,1.0
GradDiff,379,1.0,1.0
GradDiff,495,1.0,1.0
GradDiff,736,1.0,1.0
GradDiff,676,1.0,1.0
GradDiff,232,1.0,1.0
GradDiff,932,0.0,0.0
GradDiff,634,1.0,1.0
GradDiff,1250,1.0,1.0
GradDiff,47,1.0,1.0
GradDiff,306,0.3333333333333333,0.6666666666666666
GradDiff,876,1.0,1.0
GradDiff,60,0.6666666666666666,0.6666666666666666
GradDiff,150,0.6666666666666666,1.0
GradDiff,1223,0.0,0.0
GradDiff,582,0.3333333333333333,1.0
GradDiff,463,1.0,1.0
GradDiff,1066,1.0,1.0
GradDiff,674,1.0,1.0
GradDiff,455,1.0,1.0
GradDiff,1079,1.0,1.0
GradDiff,1067,0.3333333333333333,1.0
GradDiff,701,0.3333333333333333,0.0
GradDiff,187,0.3333333333333333,1.0
GradDiff,142,0.6666666666666666,1.0
GradDiff,776,0.3333333333333333,0.3333333333333333
GradDiff,179,1.0,0.6666666666666666
GradDiff,772,1.0,1.0
GradDiff,1199,0.3333333333333333,0.3333333333333333
GradDiff,171,0.6666666666666666,0.6666666666666666
GradDiff,134,0.6666666666666666,0.6666666666666666
GradDiff,129,0.6666666666666666,0.6666666666666666
GradDiff,1141,0.6666666666666666,1.0
GradDiff,83,0.6666666666666666,0.6666666666666666
GradDiff,771,1.0,1.0
GradDiff,1229,0.3333333333333333,0.3333333333333333
GradDiff,1070,0.6666666666666666,1.0
GradDiff,222,1.0,1.0
GradDiff,1226,0.6666666666666666,0.6666666666666666
GradDiff,233,1.0,1.0
GradDiff,1017,0.6666666666666666,1.0
GradDiff,639,0.3333333333333333,0.6666666666666666
GradDiff,350,0.3333333333333333,0.3333333333333333
GradDiff,472,1.0,0.6666666666666666
GradDiff,1170,0.3333333333333333,1.0
GradDiff,116,1.0,1.0
GradDiff,448,0.6666666666666666,0.6666666666666666
GradDiff,573,0.3333333333333333,0.3333333333333333
GradDiff,434,0.3333333333333333,0.6666666666666666
GradDiff,127,1.0,1.0
GradDiff,480,1.0,1.0
GradDiff,773,0.3333333333333333,1.0
GradDiff,143,0.6666666666666666,0.6666666666666666
GradDiff,80,1.0,1.0
GradDiff,925,0.6666666666666666,1.0
GradDiff,913,0.6666666666666666,0.6666666666666666
GradDiff,20,0.0,0.3333333333333333
GradDiff,942,1.0,1.0
GradDiff,289,0.3333333333333333,0.0
GradDiff,429,0.3333333333333333,0.3333333333333333
GradDiff,356,0.0,0.3333333333333333
GradDiff,309,0.3333333333333333,0.3333333333333333
GradDiff,997,0.6666666666666666,0.6666666666666666
GradDiff,883,1.0,1.0
GradDiff,1148,1.0,1.0
GradDiff,599,0.0,0.0
GradDiff,123,1.0,0.6666666666666666
GradDiff,711,1.0,1.0
GradDiff,914,0.6666666666666666,1.0
GradDiff,1005,0.3333333333333333,0.6666666666666666
GradDiff,1083,0.3333333333333333,0.6666666666666666
GradDiff,1072,1.0,1.0
GradDiff,1036,0.0,0.6666666666666666
GradDiff,77,0.3333333333333333,0.3333333333333333
GradDiff,447,0.0,0.0
GradDiff,322,1.0,1.0
GradDiff,354,0.3333333333333333,0.6666666666666666
GradDiff,241,0.6666666666666666,1.0
GradDiff,608,0.6666666666666666,0.6666666666666666
GradDiff,1098,0.6666666666666666,0.6666666666666666
GradDiff,548,0.3333333333333333,1.0
GradDiff,43,0.6666666666666666,0.3333333333333333
GradDiff,958,0.6666666666666666,1.0
GradDiff,939,0.0,0.0
GradDiff,898,1.0,1.0
GradDiff,69,1.0,1.0
GradDiff,959,1.0,1.0
GradDiff,1186,0.3333333333333333,0.6666666666666666
GradDiff,135,1.0,0.6666666666666666
GradDiff,630,1.0,1.0
GradDiff,892,1.0,0.3333333333333333
GradDiff,601,1.0,1.0
GradDiff,238,1.0,1.0
GradDiff,396,0.3333333333333333,0.3333333333333333
GradDiff,1048,0.6666666666666666,0.6666666666666666
GradDiff,544,0.3333333333333333,0.0
GradDiff,945,0.6666666666666666,0.6666666666666666
GradDiff,471,1.0,1.0
GradDiff,157,0.0,0.0
GradDiff,969,0.6666666666666666,1.0
GradDiff,1035,1.0,1.0
GradDiff,100,1.0,1.0
GradDiff,305,0.6666666666666666,0.6666666666666666
GradDiff,723,0.3333333333333333,1.0
GradDiff,731,0.6666666666666666,1.0
GradDiff,140,0.0,0.0
GradDiff,1051,0.3333333333333333,0.3333333333333333
GradDiff,1213,0.3333333333333333,0.3333333333333333
GradDiff,694,1.0,1.0
GradDiff,36,0.6666666666666666,0.3333333333333333
GradDiff,1103,0.6666666666666666,1.0
GradDiff,152,1.0,1.0
GradDiff,1112,0.6666666666666666,0.6666666666666666
GradDiff,1130,0.6666666666666666,0.6666666666666666
GradDiff,802,1.0,1.0
GradDiff,774,1.0,1.0
GradDiff,656,1.0,1.0
GradDiff,431,0.3333333333333333,1.0
GradDiff,1125,0.0,0.3333333333333333
GradDiff,1086,1.0,1.0
GradDiff,10,1.0,0.6666666666666666
GradDiff,607,0.0,0.3333333333333333
GradDiff,929,0.6666666666666666,1.0
GradDiff,744,1.0,1.0
GradDiff,223,1.0,1.0
GradDiff,905,0.6666666666666666,1.0
GradDiff,857,1.0,1.0
GradDiff,388,0.6666666666666666,0.6666666666666666
GradDiff,483,1.0,1.0
GradDiff,1041,1.0,1.0
GradDiff,493,0.0,0.0
GradDiff,180,0.0,0.0
GradDiff,1050,0.3333333333333333,0.3333333333333333
GradDiff,629,0.6666666666666666,1.0
GradDiff,792,1.0,0.6666666666666666
GradDiff,1266,1.0,0.6666666666666666
GradDiff,747,0.3333333333333333,0.0
GradDiff,742,1.0,1.0
GradDiff,380,1.0,1.0
GradDiff,966,0.6666666666666666,0.6666666666666666
GradDiff,146,1.0,1.0
GradDiff,697,1.0,1.0
GradDiff,682,1.0,1.0
GradDiff,315,0.3333333333333333,0.6666666666666666
GradDiff,369,0.6666666666666666,0.6666666666666666
GradDiff,811,0.6666666666666666,0.6666666666666666
GradDiff,1114,0.0,1.0
GradDiff,1231,1.0,1.0
GradDiff,51,0.0,0.6666666666666666
GradDiff,825,1.0,0.6666666666666666
GradDiff,304,0.0,0.3333333333333333
GradDiff,457,0.6666666666666666,0.6666666666666666
GradDiff,640,0.3333333333333333,0.6666666666666666
GradDiff,66,0.6666666666666666,0.6666666666666666
GradDiff,421,0.0,0.0
GradDiff,21,1.0,1.0
GradDiff,475,1.0,1.0
GradDiff,368,1.0,1.0
GradDiff,1045,0.0,0.3333333333333333
GradDiff,1074,0.0,0.0
GradDiff,25,0.3333333333333333,0.6666666666666666
GradDiff,0,0.6666666666666666,0.6666666666666666
GradDiff,684,0.3333333333333333,0.6666666666666666
GradDiff,184,1.0,1.0
GradDiff,783,1.0,1.0
GradDiff,14,0.0,0.0
GradDiff,1190,0.6666666666666666,0.3333333333333333
GradDiff,546,1.0,0.6666666666666666
GradDiff,461,0.6666666666666666,0.6666666666666666
GradDiff,248,1.0,1.0
GradDiff,768,1.0,1.0
GradDiff,1082,0.6666666666666666,1.0
GradDiff,849,1.0,0.6666666666666666
GradDiff,435,0.3333333333333333,0.0
GradDiff,872,0.6666666666666666,0.3333333333333333
GradDiff,875,0.3333333333333333,0.3333333333333333
GradDiff,539,0.3333333333333333,0.3333333333333333
GradDiff,1236,1.0,1.0
GradDiff,999,1.0,0.3333333333333333
GradDiff,627,0.6666666666666666,0.6666666666666666
GradDiff,213,1.0,0.6666666666666666
GradDiff,927,0.6666666666666666,1.0
GradDiff,1202,1.0,1.0
GradDiff,173,0.3333333333333333,0.3333333333333333
GradDiff,729,1.0,1.0
GradDiff,985,1.0,1.0
GradDiff,1232,0.6666666666666666,0.6666666666666666
GradDiff,1158,1.0,1.0
GradDiff,420,0.0,0.6666666666666666
GradDiff,896,1.0,0.6666666666666666
GradDiff,1055,0.3333333333333333,0.3333333333333333
GradDiff,595,0.6666666666666666,0.6666666666666666
GradDiff,1131,1.0,1.0
GradDiff,935,1.0,1.0
GradDiff,636,1.0,1.0
GradDiff,492,1.0,1.0
GradDiff,1084,1.0,1.0
GradDiff,1110,1.0,1.0
GradDiff,501,0.6666666666666666,1.0
GradDiff,897,1.0,1.0
GradDiff,810,0.0,0.0
GradDiff,1225,1.0,1.0
GradDiff,352,1.0,1.0
GradDiff,230,0.6666666666666666,0.3333333333333333
GradDiff,1200,0.6666666666666666,0.6666666666666666
GradDiff,198,0.3333333333333333,1.0
GradDiff,1105,0.3333333333333333,0.6666666666666666
GradDiff,767,0.3333333333333333,0.6666666666666666
GradDiff,698,1.0,0.6666666666666666
GradDiff,510,0.3333333333333333,0.3333333333333333
GradDiff,632,0.6666666666666666,1.0
GradDiff,1001,0.0,0.3333333333333333
GradDiff,367,1.0,1.0
GradDiff,11,1.0,0.6666666666666666
GradDiff,518,0.0,0.3333333333333333
GradDiff,563,1.0,1.0
GradDiff,1242,1.0,1.0
GradDiff,97,1.0,0.6666666666666666
GradDiff,1134,1.0,1.0
GradDiff,131,0.6666666666666666,1.0
GradDiff,1257,1.0,1.0
GradDiff,158,0.0,0.3333333333333333
GradDiff,664,1.0,1.0
GradDiff,646,1.0,1.0
GradDiff,278,0.6666666666666666,1.0
GradDiff,1167,1.0,1.0
GradDiff,841,1.0,1.0
GradDiff,427,1.0,1.0
GradDiff,236,1.0,1.0
GradDiff,740,1.0,1.0
GradDiff,395,0.6666666666666666,0.6666666666666666
GradDiff,757,1.0,1.0
GradDiff,110,0.3333333333333333,0.3333333333333333
GradDiff,133,0.6666666666666666,0.6666666666666666
GradDiff,965,1.0,1.0
GradDiff,343,1.0,1.0
GradDiff,61,1.0,1.0
GradDiff,1139,0.6666666666666666,1.0
GradDiff,220,1.0,1.0
GradDiff,1162,0.6666666666666666,0.6666666666666666
GradDiff,511,1.0,1.0
GradDiff,252,1.0,0.6666666666666666
GradDiff,941,1.0,1.0
GradDiff,128,1.0,1.0
GradDiff,203,1.0,1.0
GradDiff,29,1.0,1.0
GradDiff,444,0.6666666666666666,0.6666666666666666
GradDiff,845,0.0,0.0
GradDiff,2,0.6666666666666666,0.6666666666666666
GradDiff,839,1.0,1.0
GradDiff,1004,1.0,1.0
GradDiff,156,1.0,1.0
GradDiff,324,1.0,1.0
GradDiff,745,0.6666666666666666,1.0
GradDiff,1177,0.6666666666666666,1.0
GradDiff,1027,1.0,1.0
GradDiff,283,0.0,0.0
GradDiff,741,0.0,0.0
GradDiff,964,1.0,1.0
GradDiff,801,1.0,1.0
GradDiff,557,0.6666666666666666,0.6666666666666666
GradDiff,759,0.0,0.6666666666666666
GradDiff,901,1.0,1.0
GradDiff,1049,1.0,1.0
GradDiff,833,0.3333333333333333,0.6666666666666666
GradDiff,419,0.3333333333333333,0.3333333333333333
GradDiff,865,1.0,1.0
GradDiff,1107,1.0,1.0
GradDiff,647,1.0,1.0
GradDiff,1244,0.0,0.0
GradDiff,558,0.6666666666666666,0.6666666666666666
GradDiff,1085,0.3333333333333333,0.6666666666666666
GradDiff,281,0.3333333333333333,0.3333333333333333
GradDiff,1133,1.0,1.0
GradDiff,612,1.0,1.0
GradDiff,477,1.0,1.0
GradDiff,132,0.0,1.0
GradDiff,803,1.0,0.6666666666666666
GradDiff,361,1.0,1.0
GradDiff,549,0.6666666666666666,1.0
GradDiff,891,0.6666666666666666,1.0
GradDiff,631,0.0,0.3333333333333333
GradDiff,879,0.6666666666666666,0.6666666666666666
GradDiff,378,0.6666666666666666,1.0
GradDiff,1272,1.0,1.0
GradDiff,808,1.0,1.0
GradDiff,151,0.3333333333333333,0.0
GradDiff,389,0.3333333333333333,0.3333333333333333
GradDiff,626,0.6666666666666666,1.0
GradDiff,1038,1.0,1.0
GradDiff,699,1.0,1.0
GradDiff,136,0.3333333333333333,0.3333333333333333
GradDiff,307,1.0,1.0
GradDiff,1071,0.6666666666666666,1.0
GradDiff,1194,0.3333333333333333,0.3333333333333333
GradDiff,581,0.0,0.3333333333333333
GradDiff,1,0.6666666666666666,1.0
GradDiff,365,0.3333333333333333,0.3333333333333333
GradDiff,94,0.6666666666666666,0.6666666666666666
GradDiff,567,1.0,1.0
GradDiff,243,0.3333333333333333,0.3333333333333333
GradDiff,537,0.6666666666666666,0.6666666666666666
GradDiff,777,0.6666666666666666,1.0
GradDiff,719,1.0,1.0
GradDiff,602,1.0,1.0
GradDiff,218,1.0,1.0
GradDiff,513,1.0,1.0
GradDiff,826,1.0,1.0
GradDiff,484,0.0,0.3333333333333333
GradDiff,470,0.3333333333333333,0.6666666666666666
GradDiff,406,0.6666666666666666,1.0
GradDiff,895,0.3333333333333333,0.6666666666666666
GradDiff,1104,0.0,0.3333333333333333
GradDiff,680,0.3333333333333333,0.3333333333333333
GradDiff,625,0.3333333333333333,0.3333333333333333
GradDiff,38,0.3333333333333333,0.3333333333333333
GradDiff,474,1.0,1.0
GradDiff,78,1.0,0.6666666666666666
GradDiff,259,0.3333333333333333,0.3333333333333333
GradDiff,1210,1.0,1.0
GradDiff,147,1.0,0.6666666666666666
GradDiff,819,0.6666666666666666,0.6666666666666666
GradDiff,765,1.0,1.0
GradDiff,371,0.6666666666666666,1.0
GradDiff,957,1.0,1.0
GradDiff,1156,1.0,1.0
GradDiff,263,1.0,1.0
GradDiff,340,0.6666666666666666,0.6666666666666666
GradDiff,509,0.0,0.0
GradDiff,677,0.0,1.0
GradDiff,498,0.3333333333333333,0.6666666666666666
GradDiff,934,1.0,1.0
GradDiff,1270,1.0,1.0
GradDiff,1195,0.6666666666666666,0.6666666666666666
GradDiff,467,0.0,0.0
GradDiff,1206,1.0,1.0
GradDiff,244,1.0,1.0
GradDiff,953,0.6666666666666666,1.0
GradDiff,651,0.6666666666666666,0.6666666666666666
GradDiff,1239,0.0,0.0
GradDiff,186,0.3333333333333333,0.3333333333333333
GradDiff,273,0.6666666666666666,0.6666666666666666
GradDiff,453,1.0,1.0
GradDiff,692,0.3333333333333333,0.6666666666666666
GradDiff,336,0.6666666666666666,0.6666666666666666
GradDiff,551,1.0,1.0
GradDiff,1204,0.3333333333333333,0.3333333333333333
GradDiff,804,0.0,0.6666666666666666
GradDiff,24,0.6666666666666666,0.0
GradDiff,12,1.0,1.0
GradDiff,1193,0.6666666666666666,0.3333333333333333
GradDiff,55,1.0,1.0
GradDiff,663,0.6666666666666666,0.6666666666666666
GradDiff,716,0.0,0.0
GradDiff,346,0.3333333333333333,1.0
GradDiff,655,0.0,0.0
GradDiff,7,0.3333333333333333,0.0
GradDiff,556,1.0,1.0
GradDiff,197,1.0,1.0
GradDiff,1209,1.0,1.0
GradDiff,784,0.0,1.0
GradDiff,253,0.6666666666666666,0.3333333333333333
GradDiff,762,1.0,1.0
GradDiff,1040,0.6666666666666666,0.6666666666666666
GradDiff,98,1.0,1.0
GradDiff,35,1.0,1.0
GradDiff,1237,0.0,0.0
GradDiff,909,1.0,1.0
GradDiff,321,0.0,0.0
GradDiff,91,1.0,1.0
GradDiff,859,1.0,1.0
GradDiff,312,1.0,1.0
GradDiff,250,0.6666666666666666,0.6666666666666666
GradDiff,1032,0.0,0.3333333333333333
GradDiff,195,0.3333333333333333,1.0
GradDiff,310,1.0,1.0
GradDiff,328,1.0,1.0
GradDiff,297,1.0,1.0
GradDiff,657,0.0,1.0
GradDiff,659,1.0,1.0
GradDiff,1015,0.6666666666666666,1.0
GradDiff,1265,0.6666666666666666,0.6666666666666666
GradDiff,1115,0.6666666666666666,1.0
GradDiff,217,0.3333333333333333,1.0
GradDiff,1268,1.0,1.0
GradDiff,1175,0.3333333333333333,0.6666666666666666
GradDiff,1181,0.0,0.0
GradDiff,326,0.3333333333333333,0.3333333333333333
GradDiff,542,1.0,1.0
GradDiff,988,0.3333333333333333,0.6666666666666666
GradDiff,976,1.0,1.0
GradDiff,553,1.0,1.0
GradDiff,1099,0.6666666666666666,1.0
GradDiff,1064,1.0,1.0
GradDiff,374,0.6666666666666666,1.0
GradDiff,1150,0.6666666666666666,1.0
GradDiff,489,1.0,1.0
GradDiff,890,1.0,1.0
GradDiff,514,0.6666666666666666,1.0
GradDiff,593,1.0,1.0
GradDiff,1080,0.6666666666666666,1.0
GradDiff,101,0.0,0.0
GradDiff,950,0.0,0.6666666666666666
GradDiff,753,1.0,1.0
GradDiff,332,0.3333333333333333,0.3333333333333333
GradDiff,585,1.0,1.0
GradDiff,1061,0.6666666666666666,1.0
GradDiff,761,1.0,1.0
GradDiff,125,0.0,0.0
GradDiff,48,1.0,1.0
GradDiff,814,1.0,1.0
GradDiff,1106,0.3333333333333333,1.0
GradDiff,1260,0.3333333333333333,0.6666666666666666
GradDiff,794,0.0,0.0
GradDiff,1218,1.0,1.0
GradDiff,1197,1.0,1.0
GradDiff,899,1.0,1.0
GradDiff,968,0.3333333333333333,0.3333333333333333
GradDiff,1003,0.0,0.3333333333333333
GradDiff,224,1.0,1.0
GradDiff,476,0.6666666666666666,0.6666666666666666
GradDiff,381,1.0,1.0
GradDiff,858,1.0,1.0
GradDiff,1168,0.6666666666666666,1.0
GradDiff,27,1.0,1.0
GradDiff,1077,0.6666666666666666,1.0
GradDiff,1023,0.6666666666666666,0.3333333333333333
GradDiff,887,0.6666666666666666,0.6666666666666666
GradDiff,87,0.0,0.0
GradDiff,268,0.0,0.0
GradDiff,870,1.0,1.0
GradDiff,1075,1.0,1.0
GradDiff,881,1.0,0.6666666666666666
GradDiff,1246,0.0,0.0
GradDiff,403,0.6666666666666666,0.3333333333333333
GradDiff,743,0.6666666666666666,0.6666666666666666
GradDiff,610,0.3333333333333333,0.0
GradDiff,234,0.6666666666666666,0.3333333333333333
GradDiff,1208,0.0,0.0
GradDiff,1122,1.0,1.0
GradDiff,578,1.0,1.0
GradDiff,292,0.0,0.0
GradDiff,363,0.6666666666666666,0.6666666666666666
GradDiff,433,0.6666666666666666,0.6666666666666666
GradDiff,202,0.6666666666666666,1.0
GradDiff,360,0.6666666666666666,1.0
GradDiff,53,0.3333333333333333,0.3333333333333333
GradDiff,1173,1.0,1.0
GradDiff,1119,0.3333333333333333,1.0
GradDiff,394,0.6666666666666666,0.6666666666666666
GradDiff,219,1.0,0.3333333333333333
GradDiff,166,0.3333333333333333,0.0
GradDiff,28,0.3333333333333333,0.0
GradDiff,245,1.0,1.0
GradDiff,473,0.6666666666666666,0.6666666666666666
GradDiff,425,0.0,0.0
GradDiff,1010,0.6666666666666666,1.0
GradDiff,192,1.0,1.0
GradDiff,1030,1.0,0.6666666666666666
GradDiff,1116,1.0,1.0
GradDiff,1144,1.0,1.0
GradDiff,138,1.0,1.0
GradDiff,148,0.6666666666666666,0.6666666666666666
GradDiff,302,0.6666666666666666,0.6666666666666666
GradDiff,126,0.6666666666666666,0.6666666666666666
GradDiff,1052,0.3333333333333333,0.3333333333333333
GradDiff,972,1.0,1.0
GradDiff,874,1.0,1.0
GradDiff,408,0.3333333333333333,0.3333333333333333
GradDiff,96,0.0,0.0
GradDiff,618,1.0,1.0
GradDiff,79,0.6666666666666666,0.6666666666666666
GradDiff,800,1.0,1.0
GradDiff,239,1.0,1.0
GradDiff,688,0.6666666666666666,1.0
GradDiff,737,1.0,1.0
GradDiff,1196,0.6666666666666666,0.6666666666666666
GradDiff,285,0.3333333333333333,0.3333333333333333
GradDiff,426,0.0,0.6666666666666666
GradDiff,86,0.3333333333333333,0.3333333333333333
GradDiff,1183,0.6666666666666666,1.0
GradDiff,1224,1.0,1.0
GradDiff,791,0.6666666666666666,0.0
GradDiff,113,0.6666666666666666,0.3333333333333333
GradDiff,387,1.0,1.0
GradDiff,267,1.0,1.0
GradDiff,596,0.6666666666666666,1.0
GradDiff,547,1.0,0.0
GradDiff,1166,1.0,1.0
GradDiff,1203,1.0,1.0
GradDiff,88,0.6666666666666666,0.6666666666666666
GradDiff,586,0.3333333333333333,0.3333333333333333
GradDiff,728,0.3333333333333333,0.3333333333333333
GradDiff,193,0.3333333333333333,0.3333333333333333
GradDiff,64,0.3333333333333333,0.0
GradDiff,790,0.6666666666666666,1.0
GradDiff,1068,0.6666666666666666,1.0
GradDiff,260,0.6666666666666666,0.6666666666666666
GradDiff,1267,0.0,0.0
GradDiff,1163,0.6666666666666666,1.0
GradDiff,9,0.0,0.0
GradDiff,344,0.6666666666666666,1.0
GradDiff,347,0.0,0.3333333333333333
GradDiff,536,0.3333333333333333,0.6666666666666666
GradDiff,530,0.6666666666666666,0.6666666666666666
GradDiff,931,0.6666666666666666,0.6666666666666666
GradDiff,717,0.3333333333333333,0.3333333333333333
GradDiff,1145,1.0,1.0
GradDiff,758,1.0,1.0
GradDiff,550,1.0,1.0
GradDiff,907,0.6666666666666666,1.0
GradDiff,583,0.3333333333333333,1.0
GradDiff,15,0.6666666666666666,0.6666666666666666
GradDiff,797,1.0,1.0
GradDiff,6,1.0,1.0
GradDiff,683,0.6666666666666666,1.0
GradDiff,385,0.3333333333333333,0.3333333333333333
GradDiff,199,0.0,0.6666666666666666
GradDiff,468,0.6666666666666666,0.6666666666666666
GradDiff,299,0.6666666666666666,1.0
GradDiff,963,1.0,1.0
GradDiff,1252,0.3333333333333333,0.6666666666666666
GradDiff,418,0.6666666666666666,0.6666666666666666
GradDiff,936,0.3333333333333333,1.0
GradDiff,598,0.6666666666666666,1.0
GradDiff,619,0.0,0.0
GradDiff,829,1.0,1.0
GradDiff,342,1.0,1.0
GradDiff,748,0.3333333333333333,0.3333333333333333
GradDiff,269,1.0,1.0
GradDiff,276,0.0,0.3333333333333333
GradDiff,983,0.6666666666666666,0.6666666666666666
GradDiff,1247,1.0,1.0
GradDiff,390,0.3333333333333333,0.3333333333333333
GradDiff,991,0.6666666666666666,1.0
GradDiff,112,0.3333333333333333,1.0
GradDiff,1127,1.0,1.0
GradDiff,705,0.0,0.0
GradDiff,1021,0.0,0.0
GradDiff,319,0.6666666666666666,0.6666666666666666
GradDiff,377,1.0,1.0
GradDiff,206,0.3333333333333333,1.0
GradDiff,370,1.0,1.0
GradDiff,120,0.6666666666666666,0.6666666666666666
GradDiff,115,0.6666666666666666,0.6666666666666666
GradDiff,541,1.0,1.0
GradDiff,341,0.6666666666666666,0.6666666666666666
GradDiff,864,1.0,1.0
GradDiff,521,0.6666666666666666,0.6666666666666666
GradDiff,662,1.0,1.0
GradDiff,835,0.3333333333333333,1.0
GradDiff,1143,1.0,1.0
GradDiff,643,1.0,1.0
GradDiff,795,0.0,0.0
GradDiff,154,0.0,1.0
GradDiff,648,1.0,1.0
GradDiff,75,0.0,0.0
GradDiff,668,0.6666666666666666,0.6666666666666666
GradDiff,615,0.6666666666666666,0.3333333333333333
GradDiff,502,1.0,1.0
GradDiff,734,1.0,1.0
GradDiff,868,1.0,1.0
GradDiff,588,1.0,1.0
GradDiff,980,1.0,1.0
GradDiff,1188,0.6666666666666666,0.6666666666666666
GradDiff,754,0.3333333333333333,0.3333333333333333
GradDiff,974,1.0,0.3333333333333333
GradDiff,334,1.0,1.0
GradDiff,201,0.3333333333333333,0.3333333333333333
GradDiff,614,0.6666666666666666,0.6666666666666666
GradDiff,954,0.6666666666666666,1.0
GradDiff,107,0.0,0.0
GradDiff,508,1.0,1.0
GradDiff,1108,0.0,0.6666666666666666
GradDiff,413,1.0,1.0
GradDiff,439,1.0,1.0
GradDiff,221,0.3333333333333333,0.6666666666666666
GradDiff,169,0.0,0.3333333333333333
GradDiff,1249,1.0,1.0
GradDiff,1255,1.0,1.0
GradDiff,531,0.6666666666666666,0.6666666666666666
GradDiff,603,0.3333333333333333,0.6666666666666666
GradDiff,1159,1.0,1.0
GradDiff,504,0.3333333333333333,0.3333333333333333
GradDiff,119,1.0,1.0
GradDiff,72,0.6666666666666666,0.3333333333333333
GradDiff,330,1.0,1.0
GradDiff,1212,0.0,0.0
GradDiff,291,0.6666666666666666,0.3333333333333333
GradDiff,196,1.0,1.0
GradDiff,33,0.6666666666666666,1.0
GradDiff,606,1.0,1.0
GradDiff,1152,0.6666666666666666,1.0
GradDiff,1113,0.0,0.0
GradDiff,1240,1.0,1.0
GradDiff,952,1.0,1.0
GradDiff,208,1.0,1.0
GradDiff,512,0.3333333333333333,0.6666666666666666
GradDiff,540,0.6666666666666666,0.3333333333333333
GradDiff,1191,1.0,1.0
GradDiff,673,1.0,1.0
GradDiff,240,0.6666666666666666,0.6666666666666666
GradDiff,121,1.0,1.0
GradDiff,766,0.6666666666666666,1.0
GradDiff,923,0.6666666666666666,1.0
GradDiff,813,0.0,0.0
GradDiff,1254,0.6666666666666666,0.6666666666666666
GradDiff,679,0.6666666666666666,0.6666666666666666
GradDiff,569,1.0,1.0
GradDiff,274,1.0,1.0
GradDiff,902,0.6666666666666666,1.0
GradDiff,850,0.3333333333333333,0.6666666666666666
GradDiff,613,0.6666666666666666,0.3333333333333333
GradDiff,402,0.6666666666666666,0.6666666666666666
GradDiff,71,1.0,1.0
GradDiff,1011,0.6666666666666666,1.0
GradDiff,589,0.3333333333333333,0.6666666666666666
GradDiff,1024,1.0,1.0
GradDiff,1228,1.0,1.0
GradDiff,454,0.3333333333333333,0.3333333333333333
GradDiff,822,1.0,1.0
GradDiff,686,1.0,1.0
GradDiff,1033,1.0,1.0
GradDiff,506,0.6666666666666666,1.0
GradDiff,92,1.0,1.0
GradDiff,847,0.0,0.0
GradDiff,1047,1.0,1.0
GradDiff,666,0.0,0.0
GradDiff,4,0.6666666666666666,1.0
GradDiff,164,1.0,1.0
GradDiff,445,0.0,0.3333333333333333
GradDiff,382,0.3333333333333333,0.3333333333333333
GradDiff,22,1.0,1.0
GradDiff,571,1.0,1.0
GradDiff,755,0.3333333333333333,0.6666666666666666
GradDiff,782,0.3333333333333333,1.0
GradDiff,1123,0.6666666666666666,0.6666666666666666
GradDiff,920,0.6666666666666666,1.0
GradDiff,62,0.3333333333333333,0.0
GradDiff,635,0.3333333333333333,0.6666666666666666
GradDiff,255,1.0,1.0
GradDiff,856,1.0,1.0
GradDiff,671,0.0,0.0
GradDiff,409,0.0,0.6666666666666666
GradDiff,44,0.0,0.3333333333333333
GradDiff,163,0.3333333333333333,0.3333333333333333
GradDiff,623,0.3333333333333333,0.6666666666666666
GradDiff,153,0.6666666666666666,0.6666666666666666
GradDiff,417,0.0,0.6666666666666666
GradDiff,1065,0.3333333333333333,0.3333333333333333
GradDiff,56,0.3333333333333333,0.6666666666666666
GradDiff,823,1.0,1.0
GradDiff,848,1.0,1.0
GradDiff,288,0.0,0.0
GradDiff,225,0.0,0.0
GradDiff,943,1.0,1.0
GradDiff,1101,0.6666666666666666,0.0
GradDiff,832,0.0,1.0
GradDiff,710,0.3333333333333333,0.3333333333333333
GradDiff,1258,0.3333333333333333,0.6666666666666666
GradDiff,1142,0.3333333333333333,0.3333333333333333
GradDiff,40,0.6666666666666666,0.6666666666666666
GradDiff,386,0.3333333333333333,0.0
GradDiff,114,0.6666666666666666,0.6666666666666666
GradDiff,1132,0.6666666666666666,0.6666666666666666
GradDiff,691,1.0,0.6666666666666666
GradDiff,1230,1.0,1.0
GradDiff,1006,0.0,0.0
GradDiff,590,1.0,1.0
GradDiff,204,0.0,0.3333333333333333
GradDiff,1140,1.0,1.0
GradDiff,1201,0.6666666666666666,0.3333333333333333
GradDiff,1164,1.0,1.0
GradDiff,496,0.0,0.0
GradDiff,526,0.0,0.0
GradDiff,990,1.0,1.0
GradDiff,176,0.3333333333333333,0.3333333333333333
GradDiff,685,0.6666666666666666,1.0
GradDiff,1187,1.0,1.0
GradDiff,579,1.0,1.0
GradDiff,85,0.6666666666666666,0.6666666666666666
GradDiff,1263,1.0,1.0
GradDiff,1235,1.0,1.0
GradDiff,159,0.3333333333333333,0.3333333333333333
GradDiff,50,0.6666666666666666,0.6666666666666666
GradDiff,373,1.0,1.0
GradDiff,924,1.0,1.0
GradDiff,8,0.6666666666666666,0.3333333333333333
GradDiff,702,0.6666666666666666,1.0
GradDiff,384,0.6666666666666666,0.6666666666666666
GradDiff,1205,1.0,1.0
GradDiff,298,0.6666666666666666,0.6666666666666666
GradDiff,572,0.6666666666666666,1.0
GradDiff,824,1.0,1.0
GradDiff,738,0.6666666666666666,0.6666666666666666
GradDiff,228,0.6666666666666666,0.6666666666666666
GradDiff,916,1.0,1.0
GradDiff,216,1.0,1.0
GradDiff,605,1.0,1.0
GradDiff,756,0.6666666666666666,0.3333333333333333
GradDiff,532,0.0,0.0
GradDiff,796,1.0,0.3333333333333333
GradDiff,271,0.0,0.0
GradDiff,871,0.6666666666666666,0.6666666666666666
GradDiff,1261,0.6666666666666666,0.6666666666666666
GradDiff,18,0.0,0.3333333333333333
GradDiff,303,0.3333333333333333,0.3333333333333333
GradDiff,183,0.0,0.0
GradDiff,652,0.3333333333333333,1.0
GradDiff,464,0.6666666666666666,0.6666666666666666
GradDiff,478,0.0,0.3333333333333333
GradDiff,424,0.3333333333333333,0.3333333333333333
GradDiff,393,0.3333333333333333,0.3333333333333333
GradDiff,714,0.3333333333333333,0.3333333333333333
GradDiff,577,1.0,1.0
GradDiff,911,0.6666666666666666,0.6666666666666666
GradDiff,124,0.6666666666666666,0.6666666666666666
GradDiff,272,0.6666666666666666,0.6666666666666666
GradDiff,59,1.0,1.0
GradDiff,1178,0.0,0.0
GradDiff,947,0.0,0.0
GradDiff,554,1.0,1.0
GradDiff,482,0.3333333333333333,0.3333333333333333
GradDiff,660,1.0,1.0
GradDiff,903,0.6666666666666666,1.0
GradDiff,209,0.3333333333333333,0.3333333333333333
GradDiff,576,1.0,1.0
GradDiff,944,1.0,1.0
GradDiff,866,1.0,1.0
GradDiff,552,0.0,1.0
GradDiff,793,0.3333333333333333,0.6666666666666666
GradDiff,1179,0.0,1.0
GradDiff,580,1.0,1.0
GradDiff,1012,0.0,1.0
GradDiff,644,0.0,0.3333333333333333
GradDiff,900,1.0,1.0
GradDiff,650,1.0,1.0
GradDiff,1153,0.3333333333333333,0.3333333333333333
GradDiff,46,0.0,0.0
GradDiff,843,1.0,1.0
GradDiff,696,1.0,1.0
GradDiff,565,0.6666666666666666,0.6666666666666666
GradDiff,693,1.0,1.0
GradDiff,1044,1.0,0.6666666666666666
GradDiff,904,0.6666666666666666,0.6666666666666666
GradDiff,26,0.6666666666666666,0.6666666666666666
GradDiff,415,0.3333333333333333,0.6666666666666666
GradDiff,703,0.6666666666666666,1.0
GradDiff,1121,1.0,1.0
GradDiff,670,1.0,1.0
GradDiff,168,0.3333333333333333,0.3333333333333333
GradDiff,1271,1.0,1.0
GradDiff,399,1.0,1.0
GradDiff,789,1.0,0.6666666666666666
GradDiff,172,0.0,0.0
GradDiff,258,0.0,0.0
GradDiff,1091,1.0,1.0
GradDiff,144,0.6666666666666666,0.6666666666666666
GradDiff,649,0.6666666666666666,1.0
GradDiff,853,0.3333333333333333,0.6666666666666666
GradDiff,831,1.0,1.0
GradDiff,996,0.3333333333333333,1.0
GradDiff,188,0.3333333333333333,0.3333333333333333
GradDiff,137,0.0,1.0
GradDiff,982,0.6666666666666666,0.3333333333333333
GradDiff,860,1.0,1.0
GradDiff,817,1.0,1.0
GradDiff,984,0.6666666666666666,0.6666666666666666
GradDiff,226,0.0,0.0
GradDiff,1251,1.0,1.0
GradDiff,620,0.0,0.3333333333333333
GradDiff,265,0.3333333333333333,0.3333333333333333
GradDiff,712,0.3333333333333333,0.3333333333333333
GradDiff,70,1.0,1.0
GradDiff,527,0.6666666666666666,0.6666666666666666
GradDiff,351,1.0,1.0
GradDiff,174,1.0,1.0
GradDiff,1269,0.3333333333333333,0.0
GradDiff,1129,1.0,1.0
GradDiff,155,1.0,0.6666666666666666
GradDiff,318,1.0,1.0
GradDiff,880,0.6666666666666666,1.0
GradDiff,940,1.0,1.0
GradDiff,912,1.0,1.0
GradDiff,1088,1.0,1.0
GradDiff,400,0.6666666666666666,1.0
GradDiff,1124,0.6666666666666666,1.0
GradDiff,609,0.3333333333333333,0.3333333333333333
GradDiff,570,0.6666666666666666,1.0
GradDiff,624,0.6666666666666666,1.0
GradDiff,211,0.0,0.0
GradDiff,1172,1.0,1.0
GradDiff,3,0.6666666666666666,0.6666666666666666
GradDiff,884,1.0,1.0
GradDiff,1059,0.0,1.0
GradDiff,704,1.0,1.0
GradDiff,592,0.0,0.0
GradDiff,1222,0.6666666666666666,0.6666666666666666
GradDiff,357,0.0,0.3333333333333333
GradDiff,921,0.3333333333333333,1.0
GradDiff,422,1.0,1.0
GradDiff,739,0.3333333333333333,1.0
GradDiff,971,1.0,1.0
GradDiff,720,0.6666666666666666,1.0
GradDiff,345,1.0,0.6666666666666666
GradDiff,256,1.0,1.0
GradDiff,1174,1.0,1.0
GradDiff,787,0.6666666666666666,0.3333333333333333
GradDiff,145,1.0,1.0
GradDiff,842,0.6666666666666666,1.0
GradDiff,1060,0.6666666666666666,0.6666666666666666
GradDiff,726,0.3333333333333333,0.3333333333333333
GradDiff,488,0.3333333333333333,0.6666666666666666
GradDiff,562,0.3333333333333333,0.6666666666666666
GradDiff,412,0.0,0.0
GradDiff,90,1.0,1.0
GradDiff,469,0.6666666666666666,0.6666666666666666
GradDiff,906,0.3333333333333333,0.6666666666666666
GradDiff,441,0.6666666666666666,0.6666666666666666
GradDiff,1095,0.3333333333333333,0.6666666666666666
GradDiff,584,0.3333333333333333,0.6666666666666666
GradDiff,108,0.6666666666666666,0.6666666666666666
GradDiff,404,0.3333333333333333,0.3333333333333333
GradDiff,338,1.0,1.0
GradDiff,68,1.0,1.0
GradDiff,928,1.0,1.0
GradDiff,863,0.3333333333333333,0.3333333333333333
GradDiff,1207,1.0,1.0
GradDiff,1078,0.0,0.0
GradDiff,690,0.6666666666666666,0.6666666666666666
GradDiff,1211,0.0,0.0
GradDiff,700,1.0,1.0
GradDiff,1151,0.6666666666666666,1.0
GradDiff,1014,0.6666666666666666,1.0
GradDiff,1090,0.6666666666666666,1.0
GradDiff,1154,0.3333333333333333,1.0
GradDiff,1182,0.0,0.0
GradDiff,175,0.3333333333333333,0.6666666666666666
GradDiff,545,1.0,1.0
GradDiff,194,0.6666666666666666,0.6666666666666666
GradDiff,1220,1.0,1.0
GradDiff,922,1.0,1.0
GradDiff,611,0.6666666666666666,0.6666666666666666
GradDiff,1057,0.0,0.0
GradDiff,1180,0.3333333333333333,0.6666666666666666
GradDiff,807,1.0,1.0
GradDiff,58,0.0,0.6666666666666666
GradDiff,462,0.3333333333333333,0.6666666666666666
GradDiff,724,1.0,1.0
GradDiff,1053,0.3333333333333333,0.6666666666666666
GradDiff,981,1.0,1.0
GradDiff,1234,1.0,1.0
GradDiff,261,0.0,0.0
GradDiff,398,1.0,0.3333333333333333
GradDiff,1149,0.6666666666666666,1.0
GradDiff,1217,0.0,0.0
GradDiff,764,0.6666666666666666,1.0
GradDiff,561,0.6666666666666666,0.3333333333333333
GradDiff,575,0.3333333333333333,0.3333333333333333
GradDiff,459,0.3333333333333333,0.3333333333333333
GradDiff,1019,0.3333333333333333,0.3333333333333333
GradDiff,162,1.0,1.0
GradDiff,725,0.0,0.0
GradDiff,933,1.0,1.0
GradDiff,637,0.6666666666666666,1.0
GradDiff,937,0.3333333333333333,0.6666666666666666
GradDiff,503,0.0,0.3333333333333333
GradDiff,235,0.3333333333333333,0.3333333333333333
GradDiff,280,1.0,0.3333333333333333
GradDiff,1126,0.6666666666666666,1.0
GradDiff,1253,0.6666666666666666,0.6666666666666666
GradDiff,967,1.0,1.0
GradDiff,1031,1.0,1.0
GradDiff,293,0.0,0.0
GradDiff,1026,0.6666666666666666,1.0
GradDiff,992,0.0,0.6666666666666666
GradDiff,538,0.0,0.0
GradDiff,855,1.0,1.0
GradDiff,178,0.0,0.0
GradDiff,516,0.6666666666666666,0.3333333333333333
GradDiff,785,0.6666666666666666,0.6666666666666666
GradDiff,67,1.0,1.0
GradDiff,366,1.0,1.0
GradDiff,837,1.0,1.0
GradDiff,229,0.3333333333333333,0.6666666666666666
GradDiff,353,0.6666666666666666,1.0
GradDiff,708,0.6666666666666666,0.6666666666666666
GradDiff,707,1.0,1.0
GradDiff,812,0.6666666666666666,1.0
GradDiff,84,1.0,1.0
GradDiff,1063,1.0,0.6666666666666666
GradDiff,975,1.0,1.0
GradDiff,591,0.0,0.6666666666666666
GradDiff,885,0.3333333333333333,1.0
GradDiff,1248,0.6666666666666666,0.6666666666666666
GradDiff,559,0.6666666666666666,1.0
GradDiff,1264,1.0,1.0
GradDiff,956,1.0,1.0
GradDiff,359,0.6666666666666666,0.6666666666666666
GradDiff,1062,0.0,1.0
GradDiff,616,0.3333333333333333,0.3333333333333333
GradDiff,282,0.6666666666666666,0.6666666666666666
GradDiff,522,1.0,0.6666666666666666
GradDiff,770,0.6666666666666666,1.0
GradDiff,438,0.3333333333333333,0.3333333333333333
GradDiff,160,0.6666666666666666,0.6666666666666666
GradDiff,74,1.0,1.0
GradDiff,405,0.3333333333333333,1.0
GradDiff,993,1.0,1.0
GradDiff,1256,0.0,0.0
GradDiff,200,0.6666666666666666,1.0
GradDiff,1109,1.0,1.0
GradDiff,517,1.0,1.0
GradDiff,257,0.3333333333333333,0.3333333333333333
GradDiff,1227,0.6666666666666666,1.0
GradDiff,1262,0.6666666666666666,0.6666666666666666
GradDiff,805,0.3333333333333333,0.3333333333333333
GradDiff,295,0.0,0.0
GradDiff,746,1.0,0.6666666666666666
GradDiff,715,1.0,0.6666666666666666
GradDiff,423,0.6666666666666666,1.0
GradDiff,118,0.3333333333333333,0.3333333333333333
GradDiff,337,0.3333333333333333,0.3333333333333333
GradDiff,946,0.6666666666666666,1.0
GradDiff,818,1.0,1.0
GradDiff,57,1.0,1.0
GradDiff,678,1.0,1.0
GradDiff,215,1.0,1.0
GradDiff,1128,0.3333333333333333,0.3333333333333333
GradDiff,529,0.0,0.0
GradDiff,54,0.3333333333333333,1.0
GradDiff,1185,0.3333333333333333,0.3333333333333333
GradDiff,989,0.6666666666666666,0.6666666666666666
GradDiff,1097,1.0,1.0
GradDiff,190,0.3333333333333333,1.0
GradDiff,1029,0.6666666666666666,1.0
GradDiff,214,0.3333333333333333,0.6666666666666666
GradDiff,877,0.0,0.0
GradDiff,446,0.3333333333333333,0.3333333333333333
GradDiff,889,0.6666666666666666,0.6666666666666666
GradDiff,284,0.6666666666666666,0.6666666666666666
GradDiff,781,1.0,1.0
GradDiff,1002,0.6666666666666666,1.0
GradDiff,869,1.0,1.0
GradDiff,375,1.0,1.0
GradDiff,99,0.3333333333333333,0.0
GradDiff,139,0.3333333333333333,0.6666666666666666
GradDiff,713,0.6666666666666666,0.6666666666666666
GradDiff,638,1.0,1.0
GradDiff,397,1.0,1.0
GradDiff,962,0.6666666666666666,0.6666666666666666
GradDiff,320,0.0,0.0
GradDiff,246,0.6666666666666666,1.0
GradDiff,23,0.6666666666666666,0.6666666666666666
GradDiff,191,1.0,1.0
GradDiff,505,0.3333333333333333,0.6666666666666666
GradDiff,264,1.0,0.6666666666666666
GradDiff,1157,1.0,1.0
GradDiff,465,0.6666666666666666,0.6666666666666666
GradDiff,1198,0.6666666666666666,0.6666666666666666
GradDiff,1233,0.6666666666666666,0.6666666666666666
GradDiff,994,0.3333333333333333,0.3333333333333333
GradDiff,254,0.0,0.0
GradDiff,695,1.0,1.0
GradDiff,325,0.3333333333333333,0.3333333333333333
GradDiff,917,0.3333333333333333,0.6666666666666666
GradDiff,882,0.6666666666666666,1.0
GradDiff,481,0.3333333333333333,1.0
GradDiff,1192,1.0,1.0
GradDiff,520,0.0,0.0
GradDiff,1000,0.3333333333333333,1.0
GradDiff,436,1.0,0.6666666666666666
GradDiff,430,0.3333333333333333,0.0
GradDiff,930,1.0,1.0
GradDiff,262,0.0,0.0
GradDiff,960,1.0,1.0
GradDiff,242,0.0,0.3333333333333333
GradDiff,645,1.0,1.0
GradDiff,806,1.0,1.0
GradDiff,597,0.0,0.0
GradDiff,1155,1.0,1.0
GradDiff,780,1.0,1.0
GradDiff,751,0.6666666666666666,1.0
GradDiff,987,0.0,0.0
GradDiff,515,1.0,1.0
GradDiff,594,0.6666666666666666,0.3333333333333333
GradDiff,854,0.6666666666666666,0.6666666666666666
GradDiff,17,0.3333333333333333,1.0
GradDiff,1020,1.0,1.0
GradDiff,486,1.0,1.0
GradDiff,103,0.3333333333333333,0.3333333333333333
GradDiff,414,0.6666666666666666,1.0
GradDiff,775,0.6666666666666666,1.0
GradDiff,327,0.0,0.3333333333333333
GradDiff,104,1.0,1.0
GradDiff,1171,1.0,1.0
GradDiff,915,0.6666666666666666,0.3333333333333333
GradDiff,722,0.3333333333333333,1.0
GradDiff,485,0.3333333333333333,0.0
GradDiff,970,1.0,1.0
GradDiff,1169,1.0,1.0
GradDiff,443,0.6666666666666666,0.6666666666666666
GradDiff,210,0.3333333333333333,0.3333333333333333
GradDiff,786,0.6666666666666666,1.0
GradDiff,31,0.0,0.0
GradDiff,938,1.0,1.0
GradDiff,681,0.6666666666666666,1.0
GradDiff,1054,0.3333333333333333,0.6666666666666666
GradDiff,383,1.0,0.6666666666666666
GradDiff,1043,0.6666666666666666,1.0
GradDiff,955,0.3333333333333333,0.3333333333333333
GradDiff,355,0.6666666666666666,1.0
GradDiff,1117,0.6666666666666666,1.0
GradDiff,836,0.6666666666666666,1.0
GradDiff,926,0.6666666666666666,0.6666666666666666
GradDiff,568,0.3333333333333333,0.6666666666666666
GradDiff,460,0.3333333333333333,0.3333333333333333
GradDiff,709,1.0,1.0
GradDiff,19,1.0,1.0
GradDiff,16,0.3333333333333333,0.3333333333333333
GradDiff,308,1.0,1.0
GradDiff,73,1.0,1.0
GradDiff,52,0.6666666666666666,0.3333333333333333
GradDiff,1009,0.0,0.0
GradDiff,1073,0.0,0.3333333333333333
GradDiff,733,0.6666666666666666,1.0
GradDiff,886,0.6666666666666666,0.6666666666666666
GradDiff,1089,1.0,1.0
GradDiff,815,1.0,1.0
GradDiff,574,0.3333333333333333,0.3333333333333333
GradDiff,456,0.3333333333333333,0.0
GradDiff,1069,1.0,1.0
GradDiff,466,0.0,0.0
GradDiff,658,1.0,1.0
GradDiff,249,0.6666666666666666,1.0
GradDiff,830,1.0,1.0
GradDiff,778,0.6666666666666666,1.0
GradDiff,227,0.3333333333333333,0.0
GradDiff,247,0.6666666666666666,1.0
GradDiff,1092,0.0,0.3333333333333333
GradDiff,1165,1.0,1.0
GradDiff,170,1.0,0.6666666666666666
GradDiff,294,0.3333333333333333,0.3333333333333333
GradDiff,1046,0.6666666666666666,1.0
GradDiff,750,1.0,1.0
GradDiff,89,0.0,0.0
GradDiff,661,1.0,1.0
GradDiff,1214,1.0,1.0
GradDiff,524,0.6666666666666666,0.6666666666666666
GradDiff,109,0.3333333333333333,0.3333333333333333
GradDiff,494,0.6666666666666666,0.6666666666666666
GradDiff,852,1.0,1.0
GradDiff,497,1.0,1.0
GradDiff,834,0.3333333333333333,0.6666666666666666
GradDiff,798,1.0,1.0
GradDiff,519,0.6666666666666666,1.0
GradDiff,600,1.0,1.0
GradDiff,604,1.0,1.0
GradDiff,816,1.0,1.0
GradDiff,358,0.0,0.0
GradDiff,1136,0.6666666666666666,1.0
GradDiff,867,1.0,1.0
GradDiff,181,0.6666666666666666,0.6666666666666666
GradDiff,587,1.0,1.0
GradDiff,122,1.0,0.6666666666666666
GradDiff,948,1.0,1.0
GradDiff,391,0.0,0.0
GradDiff,165,0.0,0.3333333333333333
GradDiff,449,0.6666666666666666,0.6666666666666666
GradDiff,838,1.0,1.0
GradDiff,401,1.0,1.0
GradDiff,149,0.3333333333333333,0.3333333333333333
GradDiff,894,1.0,1.0
GradDiff,1245,0.3333333333333333,0.3333333333333333
GradDiff,37,0.0,0.0
GradDiff,428,0.0,0.0
GradDiff,1018,0.3333333333333333,0.6666666666666666
GradDiff,566,0.0,1.0
GradDiff,769,0.6666666666666666,0.6666666666666666
GradDiff,949,0.6666666666666666,1.0
GradDiff,13,1.0,0.3333333333333333
GradDiff,727,1.0,1.0
GradDiff,799,1.0,1.0
GradDiff,95,1.0,1.0
GradDiff,846,0.0,0.0
GradDiff,348,1.0,1.0
GradDiff,487,0.0,0.0
GradDiff,500,0.6666666666666666,0.6666666666666666
GradDiff,1008,0.0,0.3333333333333333
GradDiff,411,0.0,0.0
GradDiff,1056,0.6666666666666666,1.0
GradDiff,316,0.6666666666666666,0.6666666666666666
GradDiff,251,0.6666666666666666,0.6666666666666666
GradDiff,1007,1.0,1.0
GradDiff,1120,0.3333333333333333,1.0
GradDiff,1102,0.0,1.0
GradDiff,844,1.0,1.0
GradDiff,760,0.0,0.6666666666666666
GradDiff,376,0.0,1.0
GradDiff,1087,1.0,1.0
GradDiff,270,0.6666666666666666,1.0
GradDiff,1037,0.6666666666666666,1.0
GradDiff,986,0.3333333333333333,0.3333333333333333
GradDiff,788,1.0,1.0
GradDiff,161,1.0,1.0
GradDiff,392,0.3333333333333333,0.6666666666666666
GradDiff,207,0.3333333333333333,1.0
GradDiff,507,0.6666666666666666,0.6666666666666666
GradDiff,1042,1.0,0.3333333333333333
GradDiff,665,0.6666666666666666,1.0
GradDiff,523,0.3333333333333333,0.0
GradDiff,893,1.0,1.0
GradDiff,205,0.0,0.6666666666666666
GradDiff,335,1.0,1.0
GradDiff,458,1.0,1.0
GradDiff,76,0.0,0.0
GradDiff,362,1.0,1.0
GradDiff,1216,1.0,1.0
GradDiff,407,1.0,1.0
GradDiff,1221,0.6666666666666666,0.6666666666666666
GradDiff,977,0.0,0.0
GradDiff,1028,0.3333333333333333,0.3333333333333333
GradDiff,1118,0.3333333333333333,1.0
GradDiff,560,0.3333333333333333,0.3333333333333333
GradDiff,499,0.6666666666666666,0.3333333333333333
GradDiff,323,0.3333333333333333,0.3333333333333333
GradDiff,93,0.3333333333333333,0.3333333333333333
GradDiff,862,0.3333333333333333,0.6666666666666666
GradDiff,1022,1.0,1.0
GradDiff,840,1.0,1.0
GradDiff,763,0.6666666666666666,0.6666666666666666
GradDiff,564,0.3333333333333333,0.6666666666666666
GradDiff,32,0.3333333333333333,0.0
GradDiff,364,1.0,1.0
GradDiff,667,1.0,1.0
GradDiff,440,0.6666666666666666,1.0
GradDiff,633,0.6666666666666666,1.0
GradDiff,642,1.0,1.0
GradDiff,416,0.0,0.3333333333333333
GradDiff,452,1.0,1.0
GradDiff,81,1.0,1.0
GradDiff,1160,0.3333333333333333,0.6666666666666666
GradDiff,820,1.0,1.0
GradDiff,1241,0.0,0.0
GradDiff,311,1.0,1.0
GradDiff,873,1.0,1.0
GradDiff,450,0.0,0.0
GradDiff,1076,0.0,0.0
GradDiff,721,0.6666666666666666,0.6666666666666666
GradDiff,106,0.6666666666666666,1.0
GradDiff,1146,1.0,1.0
GradDiff,888,0.6666666666666666,0.6666666666666666
GradDiff,533,1.0,0.6666666666666666
GradDiff,730,1.0,1.0
GradDiff,105,1.0,1.0
GradDiff,266,0.6666666666666666,0.3333333333333333
GradDiff,1184,1.0,1.0
GradDiff,978,0.6666666666666666,1.0
GradDiff,1176,1.0,1.0
GradDiff,39,1.0,1.0
GradDiff,339,0.6666666666666666,1.0
GradDiff,961,0.6666666666666666,0.6666666666666666
GradDiff,525,0.0,0.0
GradDiff,189,0.6666666666666666,0.6666666666666666
GradDiff,1111,1.0,1.0
GradDiff,732,1.0,1.0
GradDiff,5,1.0,1.0
GradDiff,442,1.0,0.3333333333333333
GradDiff,861,0.6666666666666666,1.0
GradDiff,878,1.0,1.0
GradDiff,1138,1.0,1.0
GradDiff,851,1.0,1.0
GradDiff,1147,0.6666666666666666,1.0
GradDiff,301,0.3333333333333333,0.6666666666666666
GradDiff,1215,0.6666666666666666,0.3333333333333333
GradDiff,718,0.0,0.0
GradDiff,998,1.0,1.0
GradDiff,654,0.3333333333333333,0.6666666666666666
GradDiff,1135,1.0,1.0
GradDiff,329,1.0,1.0
GradDiff,279,0.6666666666666666,0.6666666666666666
GradDiff,277,1.0,0.6666666666666666
GradDiff,919,0.3333333333333333,0.6666666666666666
GradDiff,349,1.0,1.0
GradDiff,1243,0.3333333333333333,1.0
GradDiff,65,0.0,0.3333333333333333
GradDiff,1259,0.0,0.0
GradDiff,1093,0.0,0.0
GradDiff,410,1.0,1.0
GradDiff,689,0.6666666666666666,1.0
GradDiff,177,0.6666666666666666,1.0
GradDiff,534,0.3333333333333333,0.6666666666666666
GradDiff,117,0.0,0.0
GradDiff,372,1.0,1.0
GradDiff,1034,0.6666666666666666,0.6666666666666666
GradDiff,628,0.6666666666666666,0.6666666666666666
GradDiff,821,0.3333333333333333,1.0
GradDiff,669,1.0,1.0
GradDiff,63,1.0,1.0
GradDiff,735,0.0,0.0
GradDiff,951,0.3333333333333333,0.6666666666666666
GradDiff,1025,1.0,1.0
GradDiff,42,1.0,1.0
GradDiff,167,1.0,1.0
GradDiff,809,1.0,0.6666666666666666
GradDiff,1100,0.0,0.0
GradDiff,313,1.0,1.0
GradDiff,296,1.0,1.0
GradDiff,490,0.3333333333333333,0.3333333333333333
GradDiff,543,1.0,1.0
GradDiff,641,0.3333333333333333,0.3333333333333333
GradDiff,290,0.3333333333333333,0.3333333333333333
GradDiff,617,1.0,1.0
GradDiff,779,1.0,1.0
GradDiff,910,1.0,1.0
GradDiff,212,0.0,0.3333333333333333
GradDiff,979,0.6666666666666666,0.6666666666666666
GradDiff,555,0.6666666666666666,1.0
GradDiff,1058,0.6666666666666666,1.0
GradDiff,672,0.3333333333333333,0.6666666666666666
GradDiff,317,0.3333333333333333,0.6666666666666666
GradDiff,1081,1.0,1.0
GradDiff,535,0.0,0.0
GradDiff,1039,0.3333333333333333,1.0
GradDiff,432,0.3333333333333333,0.6666666666666666
GradDiff,828,0.6666666666666666,1.0
GradDiff,621,1.0,1.0
GradDiff,1161,1.0,1.0
GradDiff,287,0.3333333333333333,0.3333333333333333
GradDiff,451,0.0,0.0
GradDiff,1013,0.6666666666666666,1.0
GradDiff,528,1.0,1.0
GradDiff,300,0.3333333333333333,0.3333333333333333
GradDiff,752,1.0,1.0
GradDiff,622,0.6666666666666666,1.0
GradDiff,995,0.3333333333333333,0.3333333333333333
GradDiff,1219,1.0,1.0
GradDiff,34,0.6666666666666666,0.6666666666666666
GradDiff,286,0.0,0.0
GradDiff,314,0.6666666666666666,1.0
GradDiff,333,0.6666666666666666,0.6666666666666666
GradDiff,182,0.3333333333333333,0.3333333333333333
GradDiff,49,1.0,0.6666666666666666
GradDiff,102,0.6666666666666666,0.6666666666666666
GradDiff,687,0.3333333333333333,0.3333333333333333
GradDiff,41,1.0,1.0
GradDiff,275,0.3333333333333333,0.0
GradDiff,675,0.6666666666666666,1.0
GradDiff,1137,1.0,1.0
GradDiff,749,1.0,1.0
GradDiff,908,0.6666666666666666,0.6666666666666666
GradDiff,437,1.0,1.0
GradDiff,491,0.6666666666666666,0.6666666666666666
GradDiff,141,1.0,1.0
GradDiff,706,0.3333333333333333,1.0
GradDiff,973,0.0,0.6666666666666666
RMU,331,1.0,1.0
RMU,1189,0.6666666666666666,0.6666666666666666
RMU,918,0.0,0.0
RMU,1238,0.0,0.0
RMU,130,0.0,0.0
RMU,237,0.0,0.0
RMU,30,0.3333333333333333,0.3333333333333333
RMU,1096,0.6666666666666666,0.3333333333333333
RMU,827,0.6666666666666666,0.6666666666666666
RMU,82,0.0,0.0
RMU,231,1.0,1.0
RMU,1016,0.6666666666666666,0.6666666666666666
RMU,653,0.0,0.3333333333333333
RMU,111,1.0,1.0
RMU,479,1.0,1.0
RMU,1094,1.0,1.0
RMU,45,1.0,1.0
RMU,185,1.0,1.0
RMU,379,0.6666666666666666,0.0
RMU,495,1.0,1.0
RMU,736,0.6666666666666666,0.6666666666666666
RMU,676,0.6666666666666666,0.6666666666666666
RMU,232,1.0,1.0
RMU,932,1.0,1.0
RMU,634,0.6666666666666666,0.6666666666666666
RMU,1250,1.0,1.0
RMU,47,0.3333333333333333,0.3333333333333333
RMU,306,0.6666666666666666,0.6666666666666666
RMU,876,1.0,1.0
RMU,60,0.6666666666666666,1.0
RMU,150,0.0,0.0
RMU,1223,0.6666666666666666,0.6666666666666666
RMU,582,0.6666666666666666,0.6666666666666666
RMU,463,0.3333333333333333,0.3333333333333333
RMU,1066,1.0,1.0
RMU,674,1.0,1.0
RMU,455,1.0,1.0
RMU,1079,1.0,1.0
RMU,1067,0.6666666666666666,0.6666666666666666
RMU,701,1.0,0.3333333333333333
RMU,187,0.0,0.0
RMU,142,0.6666666666666666,0.6666666666666666
RMU,776,1.0,1.0
RMU,179,0.3333333333333333,0.3333333333333333
RMU,772,1.0,1.0
RMU,1199,0.0,0.0
RMU,171,0.0,0.0
RMU,134,1.0,1.0
RMU,129,0.0,0.0
RMU,1141,0.3333333333333333,0.3333333333333333
RMU,83,0.0,0.0
RMU,771,0.3333333333333333,0.3333333333333333
RMU,1229,0.6666666666666666,0.6666666666666666
RMU,1070,0.6666666666666666,0.6666666666666666
RMU,222,0.6666666666666666,0.6666666666666666
RMU,1226,0.3333333333333333,0.3333333333333333
RMU,233,1.0,1.0
RMU,1017,1.0,1.0
RMU,639,0.3333333333333333,0.3333333333333333
RMU,350,1.0,1.0
RMU,472,1.0,0.6666666666666666
RMU,1170,0.0,0.0
RMU,116,0.6666666666666666,0.6666666666666666
RMU,448,0.6666666666666666,0.6666666666666666
RMU,573,0.0,0.0
RMU,434,1.0,1.0
RMU,127,0.6666666666666666,0.6666666666666666
RMU,480,1.0,1.0
RMU,773,1.0,1.0
RMU,143,1.0,1.0
RMU,80,1.0,1.0
RMU,925,0.6666666666666666,0.6666666666666666
RMU,913,0.6666666666666666,0.6666666666666666
RMU,20,0.0,0.0
RMU,942,0.6666666666666666,0.6666666666666666
RMU,289,0.0,0.0
RMU,429,0.6666666666666666,1.0
RMU,356,0.3333333333333333,0.3333333333333333
RMU,309,1.0,1.0
RMU,997,1.0,1.0
RMU,883,0.6666666666666666,0.6666666666666666
RMU,1148,0.6666666666666666,0.6666666666666666
RMU,599,0.0,0.0
RMU,123,0.3333333333333333,0.0
RMU,711,1.0,1.0
RMU,914,0.0,0.0
RMU,1005,0.3333333333333333,0.6666666666666666
RMU,1083,0.3333333333333333,0.3333333333333333
RMU,1072,0.6666666666666666,0.6666666666666666
RMU,1036,0.6666666666666666,0.6666666666666666
RMU,77,0.6666666666666666,0.6666666666666666
RMU,447,0.0,0.0
RMU,322,1.0,1.0
RMU,354,0.6666666666666666,0.6666666666666666
RMU,241,0.6666666666666666,0.6666666666666666
RMU,608,0.0,0.0
RMU,1098,0.6666666666666666,0.0
RMU,548,1.0,1.0
RMU,43,0.3333333333333333,0.3333333333333333
RMU,958,1.0,1.0
RMU,939,0.3333333333333333,0.3333333333333333
RMU,898,1.0,1.0
RMU,69,1.0,1.0
RMU,959,1.0,1.0
RMU,1186,0.3333333333333333,0.6666666666666666
RMU,135,0.6666666666666666,0.0
RMU,630,1.0,1.0
RMU,892,1.0,1.0
RMU,601,0.0,0.0
RMU,238,0.6666666666666666,0.6666666666666666
RMU,396,0.6666666666666666,0.6666666666666666
RMU,1048,0.6666666666666666,0.6666666666666666
RMU,544,1.0,0.6666666666666666
RMU,945,0.6666666666666666,0.6666666666666666
RMU,471,0.0,0.0
RMU,157,0.0,0.0
RMU,969,1.0,1.0
RMU,1035,1.0,1.0
RMU,100,1.0,1.0
RMU,305,0.6666666666666666,0.6666666666666666
RMU,723,1.0,1.0
RMU,731,1.0,1.0
RMU,140,0.6666666666666666,0.6666666666666666
RMU,1051,0.3333333333333333,0.3333333333333333
RMU,1213,0.6666666666666666,0.6666666666666666
RMU,694,0.0,0.0
RMU,36,0.3333333333333333,0.3333333333333333
RMU,1103,0.6666666666666666,0.0
RMU,152,0.0,0.0
RMU,1112,0.3333333333333333,0.3333333333333333
RMU,1130,0.3333333333333333,0.3333333333333333
RMU,802,1.0,1.0
RMU,774,1.0,1.0
RMU,656,1.0,1.0
RMU,431,0.6666666666666666,0.6666666666666666
RMU,1125,1.0,0.6666666666666666
RMU,1086,1.0,1.0
RMU,10,1.0,1.0
RMU,607,0.0,0.0
RMU,929,1.0,1.0
RMU,744,0.6666666666666666,0.6666666666666666
RMU,223,0.6666666666666666,0.6666666666666666
RMU,905,0.6666666666666666,0.6666666666666666
RMU,857,0.6666666666666666,0.6666666666666666
RMU,388,0.6666666666666666,0.6666666666666666
RMU,483,1.0,1.0
RMU,1041,1.0,1.0
RMU,493,1.0,1.0
RMU,180,0.0,0.0
RMU,1050,1.0,1.0
RMU,629,0.0,0.0
RMU,792,1.0,1.0
RMU,1266,0.0,0.0
RMU,747,0.3333333333333333,0.3333333333333333
RMU,742,0.6666666666666666,0.6666666666666666
RMU,380,1.0,1.0
RMU,966,0.6666666666666666,0.6666666666666666
RMU,146,1.0,1.0
RMU,697,0.3333333333333333,0.3333333333333333
RMU,682,0.0,0.0
RMU,315,0.0,0.0
RMU,369,1.0,1.0
RMU,811,0.3333333333333333,0.6666666666666666
RMU,1114,1.0,1.0
RMU,1231,0.3333333333333333,0.0
RMU,51,1.0,1.0
RMU,825,0.3333333333333333,0.3333333333333333
RMU,304,0.0,0.0
RMU,457,1.0,1.0
RMU,640,1.0,1.0
RMU,66,1.0,1.0
RMU,421,0.3333333333333333,0.3333333333333333
RMU,21,0.3333333333333333,0.3333333333333333
RMU,475,1.0,1.0
RMU,368,0.6666666666666666,0.6666666666666666
RMU,1045,1.0,1.0
RMU,1074,0.6666666666666666,0.6666666666666666
RMU,25,0.6666666666666666,0.6666666666666666
RMU,0,0.6666666666666666,0.6666666666666666
RMU,684,1.0,1.0
RMU,184,1.0,1.0
RMU,783,1.0,0.6666666666666666
RMU,14,0.3333333333333333,0.3333333333333333
RMU,1190,0.3333333333333333,0.3333333333333333
RMU,546,1.0,1.0
RMU,461,0.6666666666666666,0.6666666666666666
RMU,248,0.3333333333333333,0.3333333333333333
RMU,768,0.0,0.3333333333333333
RMU,1082,0.0,0.0
RMU,849,0.0,0.0
RMU,435,0.6666666666666666,0.0
RMU,872,0.0,0.0
RMU,875,0.6666666666666666,0.6666666666666666
RMU,539,1.0,1.0
RMU,1236,0.0,0.0
RMU,999,0.3333333333333333,0.6666666666666666
RMU,627,0.3333333333333333,0.3333333333333333
RMU,213,1.0,1.0
RMU,927,0.0,0.0
RMU,1202,1.0,1.0
RMU,173,0.3333333333333333,0.3333333333333333
RMU,729,1.0,1.0
RMU,985,0.0,0.0
RMU,1232,1.0,1.0
RMU,1158,0.3333333333333333,0.3333333333333333
RMU,420,0.6666666666666666,1.0
RMU,896,1.0,1.0
RMU,1055,0.6666666666666666,1.0
RMU,595,0.0,0.0
RMU,1131,1.0,1.0
RMU,935,0.0,0.3333333333333333
RMU,636,0.6666666666666666,0.6666666666666666
RMU,492,1.0,1.0
RMU,1084,1.0,1.0
RMU,1110,1.0,1.0
RMU,501,0.3333333333333333,0.3333333333333333
RMU,897,0.3333333333333333,0.3333333333333333
RMU,810,0.3333333333333333,0.3333333333333333
RMU,1225,1.0,1.0
RMU,352,1.0,1.0
RMU,230,0.0,0.0
RMU,1200,0.6666666666666666,0.6666666666666666
RMU,198,0.3333333333333333,0.3333333333333333
RMU,1105,0.6666666666666666,0.6666666666666666
RMU,767,0.0,0.0
RMU,698,0.0,0.0
RMU,510,0.0,0.0
RMU,632,1.0,1.0
RMU,1001,0.0,0.0
RMU,367,0.6666666666666666,0.6666666666666666
RMU,11,1.0,1.0
RMU,518,0.3333333333333333,0.3333333333333333
RMU,563,0.6666666666666666,1.0
RMU,1242,0.3333333333333333,0.3333333333333333
RMU,97,1.0,1.0
RMU,1134,1.0,1.0
RMU,131,1.0,1.0
RMU,1257,0.0,0.0
RMU,158,0.0,0.0
RMU,664,0.3333333333333333,0.3333333333333333
RMU,646,1.0,1.0
RMU,278,0.6666666666666666,0.6666666666666666
RMU,1167,1.0,1.0
RMU,841,1.0,1.0
RMU,427,0.6666666666666666,0.6666666666666666
RMU,236,0.6666666666666666,0.6666666666666666
RMU,740,1.0,1.0
RMU,395,0.6666666666666666,0.6666666666666666
RMU,757,1.0,1.0
RMU,110,0.6666666666666666,0.6666666666666666
RMU,133,1.0,1.0
RMU,965,1.0,1.0
RMU,343,0.3333333333333333,0.0
RMU,61,1.0,1.0
RMU,1139,0.6666666666666666,0.6666666666666666
RMU,220,1.0,1.0
RMU,1162,0.6666666666666666,1.0
RMU,511,0.6666666666666666,0.6666666666666666
RMU,252,0.0,0.0
RMU,941,1.0,1.0
RMU,128,1.0,1.0
RMU,203,1.0,1.0
RMU,29,0.0,0.3333333333333333
RMU,444,0.6666666666666666,1.0
RMU,845,0.0,0.0
RMU,2,0.0,0.0
RMU,839,0.0,0.0
RMU,1004,1.0,1.0
RMU,156,1.0,1.0
RMU,324,1.0,1.0
RMU,745,0.0,0.0
RMU,1177,1.0,1.0
RMU,1027,0.0,0.0
RMU,283,1.0,1.0
RMU,741,0.3333333333333333,0.3333333333333333
RMU,964,1.0,1.0
RMU,801,1.0,0.3333333333333333
RMU,557,1.0,1.0
RMU,759,0.0,0.0
RMU,901,1.0,1.0
RMU,1049,0.3333333333333333,0.3333333333333333
RMU,833,0.3333333333333333,0.3333333333333333
RMU,419,0.6666666666666666,0.6666666666666666
RMU,865,0.0,0.0
RMU,1107,1.0,1.0
RMU,647,1.0,1.0
RMU,1244,0.0,0.0
RMU,558,0.6666666666666666,0.6666666666666666
RMU,1085,0.6666666666666666,0.6666666666666666
RMU,281,0.0,0.0
RMU,1133,0.6666666666666666,1.0
RMU,612,1.0,0.6666666666666666
RMU,477,0.6666666666666666,0.3333333333333333
RMU,132,0.3333333333333333,0.3333333333333333
RMU,803,0.6666666666666666,0.6666666666666666
RMU,361,0.3333333333333333,0.3333333333333333
RMU,549,1.0,1.0
RMU,891,0.6666666666666666,0.6666666666666666
RMU,631,1.0,1.0
RMU,879,0.0,0.0
RMU,378,1.0,1.0
RMU,1272,1.0,1.0
RMU,808,1.0,1.0
RMU,151,0.6666666666666666,0.6666666666666666
RMU,389,0.3333333333333333,0.3333333333333333
RMU,626,0.6666666666666666,0.6666666666666666
RMU,1038,1.0,1.0
RMU,699,0.6666666666666666,0.6666666666666666
RMU,136,0.0,0.0
RMU,307,1.0,1.0
RMU,1071,1.0,0.6666666666666666
RMU,1194,0.6666666666666666,0.6666666666666666
RMU,581,0.3333333333333333,0.3333333333333333
RMU,1,1.0,1.0
RMU,365,1.0,1.0
RMU,94,0.6666666666666666,0.6666666666666666
RMU,567,1.0,1.0
RMU,243,1.0,1.0
RMU,537,0.6666666666666666,0.3333333333333333
RMU,777,0.6666666666666666,0.6666666666666666
RMU,719,1.0,1.0
RMU,602,1.0,1.0
RMU,218,1.0,1.0
RMU,513,0.6666666666666666,0.6666666666666666
RMU,826,1.0,1.0
RMU,484,0.0,0.0
RMU,470,1.0,0.6666666666666666
RMU,406,1.0,1.0
RMU,895,0.0,0.0
RMU,1104,0.3333333333333333,0.0
RMU,680,0.0,0.0
RMU,625,0.3333333333333333,0.3333333333333333
RMU,38,0.0,0.0
RMU,474,0.0,0.0
RMU,78,1.0,1.0
RMU,259,0.6666666666666666,0.6666666666666666
RMU,1210,1.0,1.0
RMU,147,0.0,0.0
RMU,819,0.0,0.0
RMU,765,0.3333333333333333,0.3333333333333333
RMU,371,1.0,1.0
RMU,957,1.0,1.0
RMU,1156,0.0,0.0
RMU,263,1.0,1.0
RMU,340,0.3333333333333333,0.0
RMU,509,0.6666666666666666,0.6666666666666666
RMU,677,1.0,1.0
RMU,498,1.0,1.0
RMU,934,1.0,0.6666666666666666
RMU,1270,1.0,1.0
RMU,1195,0.3333333333333333,0.3333333333333333
RMU,467,0.6666666666666666,0.6666666666666666
RMU,1206,1.0,1.0
RMU,244,0.3333333333333333,0.3333333333333333
RMU,953,1.0,1.0
RMU,651,0.3333333333333333,1.0
RMU,1239,0.3333333333333333,0.3333333333333333
RMU,186,1.0,0.6666666666666666
RMU,273,0.6666666666666666,0.3333333333333333
RMU,453,1.0,1.0
RMU,692,0.0,0.0
RMU,336,1.0,1.0
RMU,551,1.0,1.0
RMU,1204,1.0,1.0
RMU,804,0.3333333333333333,0.6666666666666666
RMU,24,1.0,0.3333333333333333
RMU,12,1.0,1.0
RMU,1193,1.0,1.0
RMU,55,1.0,1.0
RMU,663,0.6666666666666666,0.6666666666666666
RMU,716,0.3333333333333333,0.3333333333333333
RMU,346,1.0,1.0
RMU,655,0.6666666666666666,0.6666666666666666
RMU,7,0.6666666666666666,0.6666666666666666
RMU,556,0.6666666666666666,0.6666666666666666
RMU,197,1.0,1.0
RMU,1209,1.0,1.0
RMU,784,0.0,1.0
RMU,253,1.0,1.0
RMU,762,1.0,1.0
RMU,1040,0.0,0.0
RMU,98,0.6666666666666666,0.6666666666666666
RMU,35,0.3333333333333333,0.6666666666666666
RMU,1237,0.0,0.0
RMU,909,0.0,0.0
RMU,321,0.0,0.0
RMU,91,0.0,0.0
RMU,859,1.0,1.0
RMU,312,1.0,1.0
RMU,250,0.6666666666666666,0.6666666666666666
RMU,1032,0.3333333333333333,0.0
RMU,195,0.3333333333333333,0.0
RMU,310,1.0,1.0
RMU,328,0.3333333333333333,0.3333333333333333
RMU,297,1.0,1.0
RMU,657,1.0,1.0
RMU,659,1.0,1.0
RMU,1015,1.0,0.0
RMU,1265,0.0,0.0
RMU,1115,1.0,1.0
RMU,217,0.0,0.0
RMU,1268,0.0,0.0
RMU,1175,0.6666666666666666,0.6666666666666666
RMU,1181,0.0,0.0
RMU,326,0.0,0.0
RMU,542,1.0,1.0
RMU,988,1.0,1.0
RMU,976,0.6666666666666666,0.6666666666666666
RMU,553,0.6666666666666666,1.0
RMU,1099,1.0,1.0
RMU,1064,1.0,1.0
RMU,374,1.0,1.0
RMU,1150,1.0,1.0
RMU,489,1.0,1.0
RMU,890,0.0,0.0
RMU,514,0.3333333333333333,0.0
RMU,593,1.0,1.0
RMU,1080,1.0,1.0
RMU,101,1.0,1.0
RMU,950,0.6666666666666666,0.6666666666666666
RMU,753,0.6666666666666666,0.6666666666666666
RMU,332,1.0,1.0
RMU,585,0.3333333333333333,0.3333333333333333
RMU,1061,0.6666666666666666,0.6666666666666666
RMU,761,0.0,0.0
RMU,125,1.0,0.6666666666666666
RMU,48,1.0,1.0
RMU,814,1.0,0.3333333333333333
RMU,1106,1.0,1.0
RMU,1260,0.6666666666666666,0.6666666666666666
RMU,794,0.6666666666666666,0.6666666666666666
RMU,1218,1.0,1.0
RMU,1197,0.6666666666666666,1.0
RMU,899,0.3333333333333333,0.3333333333333333
RMU,968,0.6666666666666666,0.6666666666666666
RMU,1003,0.0,0.0
RMU,224,1.0,1.0
RMU,476,1.0,0.6666666666666666
RMU,381,0.6666666666666666,0.6666666666666666
RMU,858,1.0,1.0
RMU,1168,0.6666666666666666,0.6666666666666666
RMU,27,0.3333333333333333,0.0
RMU,1077,1.0,1.0
RMU,1023,1.0,1.0
RMU,887,0.3333333333333333,0.3333333333333333
RMU,87,0.3333333333333333,0.3333333333333333
RMU,268,0.6666666666666666,0.6666666666666666
RMU,870,0.6666666666666666,0.6666666666666666
RMU,1075,1.0,0.6666666666666666
RMU,881,1.0,1.0
RMU,1246,0.3333333333333333,0.6666666666666666
RMU,403,0.3333333333333333,0.3333333333333333
RMU,743,1.0,1.0
RMU,610,0.6666666666666666,0.6666666666666666
RMU,234,1.0,1.0
RMU,1208,0.0,0.0
RMU,1122,1.0,1.0
RMU,578,0.3333333333333333,0.0
RMU,292,1.0,1.0
RMU,363,1.0,1.0
RMU,433,1.0,1.0
RMU,202,1.0,1.0
RMU,360,1.0,1.0
RMU,53,1.0,1.0
RMU,1173,0.6666666666666666,0.6666666666666666
RMU,1119,1.0,1.0
RMU,394,1.0,0.6666666666666666
RMU,219,0.6666666666666666,0.6666666666666666
RMU,166,1.0,1.0
RMU,28,0.0,0.0
RMU,245,0.3333333333333333,0.3333333333333333
RMU,473,0.6666666666666666,0.6666666666666666
RMU,425,0.6666666666666666,1.0
RMU,1010,0.3333333333333333,0.3333333333333333
RMU,192,1.0,1.0
RMU,1030,0.3333333333333333,0.3333333333333333
RMU,1116,0.0,0.3333333333333333
RMU,1144,0.3333333333333333,0.3333333333333333
RMU,138,0.6666666666666666,0.6666666666666666
RMU,148,1.0,1.0
RMU,302,0.6666666666666666,0.6666666666666666
RMU,126,1.0,1.0
RMU,1052,0.0,0.0
RMU,972,1.0,1.0
RMU,874,0.6666666666666666,0.6666666666666666
RMU,408,0.0,0.0
RMU,96,0.0,0.0
RMU,618,1.0,1.0
RMU,79,0.6666666666666666,0.6666666666666666
RMU,800,0.0,0.0
RMU,239,0.3333333333333333,0.3333333333333333
RMU,688,1.0,1.0
RMU,737,0.3333333333333333,0.3333333333333333
RMU,1196,0.6666666666666666,0.6666666666666666
RMU,285,0.6666666666666666,0.6666666666666666
RMU,426,1.0,1.0
RMU,86,1.0,1.0
RMU,1183,1.0,1.0
RMU,1224,1.0,1.0
RMU,791,0.3333333333333333,0.0
RMU,113,0.3333333333333333,0.3333333333333333
RMU,387,0.6666666666666666,0.6666666666666666
RMU,267,0.3333333333333333,0.3333333333333333
RMU,596,0.0,0.0
RMU,547,0.0,0.0
RMU,1166,0.6666666666666666,1.0
RMU,1203,1.0,1.0
RMU,88,0.6666666666666666,0.6666666666666666
RMU,586,0.3333333333333333,0.3333333333333333
RMU,728,0.3333333333333333,0.3333333333333333
RMU,193,1.0,1.0
RMU,64,0.0,0.0
RMU,790,0.3333333333333333,0.3333333333333333
RMU,1068,0.3333333333333333,0.3333333333333333
RMU,260,1.0,1.0
RMU,1267,1.0,1.0
RMU,1163,1.0,1.0
RMU,9,0.0,0.0
RMU,344,0.6666666666666666,1.0
RMU,347,0.3333333333333333,0.3333333333333333
RMU,536,0.6666666666666666,0.6666666666666666
RMU,530,0.3333333333333333,0.3333333333333333
RMU,931,1.0,1.0
RMU,717,0.6666666666666666,0.6666666666666666
RMU,1145,0.6666666666666666,0.6666666666666666
RMU,758,0.0,0.0
RMU,550,1.0,1.0
RMU,907,1.0,1.0
RMU,583,1.0,1.0
RMU,15,1.0,1.0
RMU,797,0.0,0.0
RMU,6,1.0,1.0
RMU,683,0.3333333333333333,0.3333333333333333
RMU,385,0.3333333333333333,0.3333333333333333
RMU,199,0.3333333333333333,0.3333333333333333
RMU,468,1.0,1.0
RMU,299,1.0,1.0
RMU,963,1.0,1.0
RMU,1252,0.3333333333333333,0.3333333333333333
RMU,418,0.3333333333333333,0.6666666666666666
RMU,936,0.6666666666666666,1.0
RMU,598,0.0,0.0
RMU,619,1.0,1.0
RMU,829,0.0,0.0
RMU,342,0.6666666666666666,0.6666666666666666
RMU,748,1.0,1.0
RMU,269,1.0,1.0
RMU,276,0.3333333333333333,0.3333333333333333
RMU,983,0.6666666666666666,0.6666666666666666
RMU,1247,0.6666666666666666,0.6666666666666666
RMU,390,0.6666666666666666,0.6666666666666666
RMU,991,0.3333333333333333,0.3333333333333333
RMU,112,1.0,1.0
RMU,1127,0.0,0.3333333333333333
RMU,705,1.0,1.0
RMU,1021,0.0,0.0
RMU,319,1.0,1.0
RMU,377,1.0,1.0
RMU,206,1.0,1.0
RMU,370,0.6666666666666666,0.6666666666666666
RMU,120,0.3333333333333333,0.3333333333333333
RMU,115,0.3333333333333333,0.3333333333333333
RMU,541,1.0,1.0
RMU,341,1.0,1.0
RMU,864,0.6666666666666666,1.0
RMU,521,1.0,0.3333333333333333
RMU,662,0.6666666666666666,0.6666666666666666
RMU,835,1.0,1.0
RMU,1143,0.6666666666666666,0.6666666666666666
RMU,643,0.0,0.0
RMU,795,0.3333333333333333,0.3333333333333333
RMU,154,0.6666666666666666,0.6666666666666666
RMU,648,0.3333333333333333,0.3333333333333333
RMU,75,0.3333333333333333,0.3333333333333333
RMU,668,0.6666666666666666,0.6666666666666666
RMU,615,0.0,0.0
RMU,502,0.6666666666666666,0.3333333333333333
RMU,734,1.0,1.0
RMU,868,0.6666666666666666,1.0
RMU,588,1.0,1.0
RMU,980,0.6666666666666666,0.6666666666666666
RMU,1188,0.3333333333333333,0.3333333333333333
RMU,754,0.0,0.0
RMU,974,1.0,1.0
RMU,334,1.0,1.0
RMU,201,0.6666666666666666,1.0
RMU,614,0.0,0.0
RMU,954,1.0,1.0
RMU,107,0.3333333333333333,0.3333333333333333
RMU,508,0.3333333333333333,0.0
RMU,1108,0.3333333333333333,0.3333333333333333
RMU,413,1.0,1.0
RMU,439,0.0,0.3333333333333333
RMU,221,0.3333333333333333,0.6666666666666666
RMU,169,0.0,0.3333333333333333
RMU,1249,1.0,1.0
RMU,1255,1.0,1.0
RMU,531,0.6666666666666666,0.6666666666666666
RMU,603,1.0,1.0
RMU,1159,1.0,1.0
RMU,504,0.3333333333333333,0.3333333333333333
RMU,119,0.3333333333333333,0.3333333333333333
RMU,72,1.0,1.0
RMU,330,1.0,1.0
RMU,1212,0.3333333333333333,0.3333333333333333
RMU,291,0.3333333333333333,0.3333333333333333
RMU,196,0.6666666666666666,0.6666666666666666
RMU,33,0.6666666666666666,0.6666666666666666
RMU,606,1.0,1.0
RMU,1152,1.0,1.0
RMU,1113,1.0,1.0
RMU,1240,0.6666666666666666,0.6666666666666666
RMU,952,0.0,0.0
RMU,208,0.6666666666666666,0.6666666666666666
RMU,512,1.0,1.0
RMU,540,0.6666666666666666,1.0
RMU,1191,1.0,1.0
RMU,673,0.6666666666666666,0.6666666666666666
RMU,240,1.0,1.0
RMU,121,0.6666666666666666,0.6666666666666666
RMU,766,1.0,1.0
RMU,923,1.0,1.0
RMU,813,0.0,0.0
RMU,1254,0.0,0.0
RMU,679,0.0,0.0
RMU,569,1.0,1.0
RMU,274,1.0,1.0
RMU,902,0.6666666666666666,0.6666666666666666
RMU,850,0.6666666666666666,0.6666666666666666
RMU,613,1.0,1.0
RMU,402,0.0,0.0
RMU,71,1.0,1.0
RMU,1011,0.0,0.3333333333333333
RMU,589,0.6666666666666666,0.6666666666666666
RMU,1024,0.3333333333333333,0.3333333333333333
RMU,1228,1.0,1.0
RMU,454,0.3333333333333333,0.3333333333333333
RMU,822,0.6666666666666666,0.6666666666666666
RMU,686,0.3333333333333333,0.3333333333333333
RMU,1033,0.3333333333333333,0.3333333333333333
RMU,506,0.6666666666666666,0.6666666666666666
RMU,92,1.0,1.0
RMU,847,0.0,0.0
RMU,1047,0.0,0.6666666666666666
RMU,666,0.3333333333333333,0.3333333333333333
RMU,4,1.0,1.0
RMU,164,0.6666666666666666,1.0
RMU,445,0.6666666666666666,0.6666666666666666
RMU,382,1.0,1.0
RMU,22,1.0,1.0
RMU,571,0.3333333333333333,0.3333333333333333
RMU,755,0.0,0.0
RMU,782,0.3333333333333333,0.6666666666666666
RMU,1123,0.0,0.0
RMU,920,0.3333333333333333,0.6666666666666666
RMU,62,0.6666666666666666,0.6666666666666666
RMU,635,0.6666666666666666,0.6666666666666666
RMU,255,1.0,1.0
RMU,856,1.0,1.0
RMU,671,1.0,1.0
RMU,409,0.0,0.0
RMU,44,1.0,1.0
RMU,163,0.3333333333333333,0.3333333333333333
RMU,623,1.0,1.0
RMU,153,0.6666666666666666,0.3333333333333333
RMU,417,0.3333333333333333,1.0
RMU,1065,0.6666666666666666,0.6666666666666666
RMU,56,0.0,0.0
RMU,823,1.0,1.0
RMU,848,0.0,0.0
RMU,288,1.0,1.0
RMU,225,0.6666666666666666,1.0
RMU,943,0.3333333333333333,0.3333333333333333
RMU,1101,0.0,0.0
RMU,832,0.0,0.0
RMU,710,0.3333333333333333,0.3333333333333333
RMU,1258,1.0,1.0
RMU,1142,0.3333333333333333,0.3333333333333333
RMU,40,1.0,1.0
RMU,386,1.0,1.0
RMU,114,0.0,0.0
RMU,1132,1.0,0.3333333333333333
RMU,691,1.0,1.0
RMU,1230,1.0,1.0
RMU,1006,0.3333333333333333,0.3333333333333333
RMU,590,0.0,0.3333333333333333
RMU,204,1.0,1.0
RMU,1140,1.0,1.0
RMU,1201,0.6666666666666666,0.6666666666666666
RMU,1164,1.0,1.0
RMU,496,0.0,0.0
RMU,526,1.0,1.0
RMU,990,1.0,1.0
RMU,176,0.3333333333333333,0.6666666666666666
RMU,685,0.6666666666666666,0.6666666666666666
RMU,1187,1.0,1.0
RMU,579,1.0,1.0
RMU,85,0.3333333333333333,0.6666666666666666
RMU,1263,1.0,1.0
RMU,1235,0.6666666666666666,1.0
RMU,159,1.0,1.0
RMU,50,0.6666666666666666,0.6666666666666666
RMU,373,0.0,0.0
RMU,924,1.0,1.0
RMU,8,0.3333333333333333,0.3333333333333333
RMU,702,0.6666666666666666,0.6666666666666666
RMU,384,0.6666666666666666,0.6666666666666666
RMU,1205,1.0,1.0
RMU,298,0.6666666666666666,0.6666666666666666
RMU,572,1.0,1.0
RMU,824,1.0,0.6666666666666666
RMU,738,0.3333333333333333,0.3333333333333333
RMU,228,0.3333333333333333,0.0
RMU,916,0.3333333333333333,0.3333333333333333
RMU,216,0.3333333333333333,0.3333333333333333
RMU,605,1.0,1.0
RMU,756,0.6666666666666666,0.6666666666666666
RMU,532,1.0,1.0
RMU,796,0.0,0.0
RMU,271,0.3333333333333333,0.3333333333333333
RMU,871,1.0,1.0
RMU,1261,0.0,0.0
RMU,18,0.0,0.3333333333333333
RMU,303,0.3333333333333333,0.3333333333333333
RMU,183,1.0,1.0
RMU,652,0.0,0.0
RMU,464,0.6666666666666666,0.6666666666666666
RMU,478,0.0,0.0
RMU,424,0.6666666666666666,0.6666666666666666
RMU,393,0.0,0.3333333333333333
RMU,714,1.0,1.0
RMU,577,1.0,1.0
RMU,911,0.3333333333333333,0.0
RMU,124,0.0,0.0
RMU,272,0.6666666666666666,0.6666666666666666
RMU,59,1.0,1.0
RMU,1178,0.0,0.0
RMU,947,1.0,1.0
RMU,554,0.6666666666666666,0.6666666666666666
RMU,482,0.3333333333333333,0.6666666666666666
RMU,660,0.3333333333333333,0.3333333333333333
RMU,903,1.0,0.6666666666666666
RMU,209,0.3333333333333333,0.3333333333333333
RMU,576,0.0,0.0
RMU,944,1.0,1.0
RMU,866,0.3333333333333333,0.3333333333333333
RMU,552,0.3333333333333333,0.6666666666666666
RMU,793,1.0,1.0
RMU,1179,0.6666666666666666,0.6666666666666666
RMU,580,1.0,1.0
RMU,1012,0.6666666666666666,0.6666666666666666
RMU,644,1.0,1.0
RMU,900,1.0,1.0
RMU,650,1.0,1.0
RMU,1153,0.0,0.0
RMU,46,0.6666666666666666,0.6666666666666666
RMU,843,1.0,0.6666666666666666
RMU,696,0.6666666666666666,0.6666666666666666
RMU,565,0.6666666666666666,0.6666666666666666
RMU,693,0.6666666666666666,0.6666666666666666
RMU,1044,0.3333333333333333,0.0
RMU,904,1.0,1.0
RMU,26,0.6666666666666666,0.6666666666666666
RMU,415,0.0,0.6666666666666666
RMU,703,0.0,0.0
RMU,1121,0.3333333333333333,0.6666666666666666
RMU,670,1.0,1.0
RMU,168,0.3333333333333333,0.3333333333333333
RMU,1271,1.0,1.0
RMU,399,1.0,1.0
RMU,789,0.3333333333333333,0.3333333333333333
RMU,172,0.6666666666666666,0.3333333333333333
RMU,258,0.0,0.0
RMU,1091,1.0,1.0
RMU,144,0.3333333333333333,0.3333333333333333
RMU,649,1.0,1.0
RMU,853,1.0,1.0
RMU,831,0.3333333333333333,1.0
RMU,996,0.6666666666666666,0.6666666666666666
RMU,188,1.0,1.0
RMU,137,1.0,1.0
RMU,982,0.3333333333333333,0.3333333333333333
RMU,860,1.0,1.0
RMU,817,1.0,1.0
RMU,984,1.0,1.0
RMU,226,0.0,0.0
RMU,1251,0.3333333333333333,0.3333333333333333
RMU,620,0.0,0.0
RMU,265,0.0,0.0
RMU,712,1.0,1.0
RMU,70,1.0,1.0
RMU,527,0.6666666666666666,0.6666666666666666
RMU,351,1.0,1.0
RMU,174,1.0,1.0
RMU,1269,0.3333333333333333,0.3333333333333333
RMU,1129,0.6666666666666666,0.6666666666666666
RMU,155,1.0,1.0
RMU,318,0.3333333333333333,0.3333333333333333
RMU,880,1.0,1.0
RMU,940,0.3333333333333333,0.3333333333333333
RMU,912,1.0,1.0
RMU,1088,1.0,1.0
RMU,400,0.3333333333333333,0.3333333333333333
RMU,1124,0.0,0.3333333333333333
RMU,609,0.0,0.0
RMU,570,0.0,0.0
RMU,624,1.0,1.0
RMU,211,0.0,0.0
RMU,1172,1.0,1.0
RMU,3,0.6666666666666666,0.6666666666666666
RMU,884,1.0,1.0
RMU,1059,0.0,0.3333333333333333
RMU,704,1.0,1.0
RMU,592,0.3333333333333333,0.3333333333333333
RMU,1222,0.3333333333333333,0.3333333333333333
RMU,357,1.0,1.0
RMU,921,0.0,0.0
RMU,422,0.6666666666666666,0.6666666666666666
RMU,739,0.0,0.0
RMU,971,1.0,1.0
RMU,720,1.0,1.0
RMU,345,0.6666666666666666,0.6666666666666666
RMU,256,0.6666666666666666,0.6666666666666666
RMU,1174,0.6666666666666666,0.6666666666666666
RMU,787,0.6666666666666666,0.6666666666666666
RMU,145,1.0,1.0
RMU,842,0.6666666666666666,0.3333333333333333
RMU,1060,0.0,0.0
RMU,726,0.3333333333333333,0.3333333333333333
RMU,488,0.3333333333333333,0.0
RMU,562,0.3333333333333333,0.0
RMU,412,0.6666666666666666,0.6666666666666666
RMU,90,1.0,1.0
RMU,469,0.3333333333333333,0.3333333333333333
RMU,906,0.0,0.0
RMU,441,0.0,0.0
RMU,1095,0.0,0.0
RMU,584,0.0,0.0
RMU,108,0.3333333333333333,0.3333333333333333
RMU,404,0.0,0.3333333333333333
RMU,338,1.0,1.0
RMU,68,0.3333333333333333,0.3333333333333333
RMU,928,1.0,1.0
RMU,863,0.3333333333333333,0.3333333333333333
RMU,1207,0.6666666666666666,0.6666666666666666
RMU,1078,0.6666666666666666,0.6666666666666666
RMU,690,0.6666666666666666,0.6666666666666666
RMU,1211,0.3333333333333333,0.3333333333333333
RMU,700,0.0,0.0
RMU,1151,0.6666666666666666,0.6666666666666666
RMU,1014,0.6666666666666666,1.0
RMU,1090,0.6666666666666666,0.6666666666666666
RMU,1154,0.0,0.3333333333333333
RMU,1182,1.0,1.0
RMU,175,1.0,0.6666666666666666
RMU,545,1.0,1.0
RMU,194,0.6666666666666666,0.6666666666666666
RMU,1220,0.6666666666666666,0.6666666666666666
RMU,922,1.0,1.0
RMU,611,0.3333333333333333,0.3333333333333333
RMU,1057,0.3333333333333333,0.3333333333333333
RMU,1180,0.0,0.0
RMU,807,0.3333333333333333,1.0
RMU,58,1.0,1.0
RMU,462,1.0,1.0
RMU,724,1.0,1.0
RMU,1053,0.3333333333333333,0.3333333333333333
RMU,981,0.3333333333333333,0.3333333333333333
RMU,1234,1.0,1.0
RMU,261,1.0,1.0
RMU,398,0.0,0.0
RMU,1149,0.0,0.0
RMU,1217,0.0,0.3333333333333333
RMU,764,0.6666666666666666,1.0
RMU,561,0.6666666666666666,0.3333333333333333
RMU,575,0.3333333333333333,0.3333333333333333
RMU,459,0.6666666666666666,0.6666666666666666
RMU,1019,0.3333333333333333,0.3333333333333333
RMU,162,0.0,0.0
RMU,725,0.0,0.0
RMU,933,1.0,1.0
RMU,637,1.0,1.0
RMU,937,0.6666666666666666,1.0
RMU,503,0.3333333333333333,0.3333333333333333
RMU,235,0.0,0.0
RMU,280,0.0,0.0
RMU,1126,0.6666666666666666,0.3333333333333333
RMU,1253,0.6666666666666666,0.6666666666666666
RMU,967,0.6666666666666666,1.0
RMU,1031,1.0,1.0
RMU,293,0.6666666666666666,0.6666666666666666
RMU,1026,1.0,1.0
RMU,992,0.3333333333333333,0.0
RMU,538,0.0,0.0
RMU,855,0.6666666666666666,0.6666666666666666
RMU,178,1.0,1.0
RMU,516,0.3333333333333333,0.6666666666666666
RMU,785,0.3333333333333333,0.6666666666666666
RMU,67,0.6666666666666666,0.6666666666666666
RMU,366,1.0,1.0
RMU,837,0.6666666666666666,0.6666666666666666
RMU,229,0.0,0.0
RMU,353,1.0,1.0
RMU,708,0.6666666666666666,0.6666666666666666
RMU,707,0.6666666666666666,0.6666666666666666
RMU,812,0.0,0.0
RMU,84,0.6666666666666666,0.6666666666666666
RMU,1063,0.6666666666666666,0.6666666666666666
RMU,975,0.6666666666666666,0.3333333333333333
RMU,591,0.3333333333333333,0.3333333333333333
RMU,885,0.6666666666666666,0.6666666666666666
RMU,1248,1.0,1.0
RMU,559,0.6666666666666666,0.3333333333333333
RMU,1264,0.3333333333333333,0.3333333333333333
RMU,956,1.0,1.0
RMU,359,0.3333333333333333,0.3333333333333333
RMU,1062,0.6666666666666666,0.6666666666666666
RMU,616,0.0,0.0
RMU,282,0.6666666666666666,0.6666666666666666
RMU,522,0.0,0.0
RMU,770,0.6666666666666666,1.0
RMU,438,0.6666666666666666,0.6666666666666666
RMU,160,0.3333333333333333,0.0
RMU,74,0.6666666666666666,0.6666666666666666
RMU,405,0.3333333333333333,1.0
RMU,993,1.0,1.0
RMU,1256,0.0,0.0
RMU,200,0.3333333333333333,1.0
RMU,1109,0.6666666666666666,0.6666666666666666
RMU,517,1.0,1.0
RMU,257,0.3333333333333333,0.3333333333333333
RMU,1227,1.0,1.0
RMU,1262,0.3333333333333333,0.3333333333333333
RMU,805,1.0,1.0
RMU,295,0.0,0.0
RMU,746,0.6666666666666666,0.6666666666666666
RMU,715,0.3333333333333333,0.6666666666666666
RMU,423,1.0,1.0
RMU,118,0.3333333333333333,0.3333333333333333
RMU,337,0.3333333333333333,0.3333333333333333
RMU,946,0.6666666666666666,0.6666666666666666
RMU,818,1.0,1.0
RMU,57,1.0,1.0
RMU,678,1.0,1.0
RMU,215,0.0,0.0
RMU,1128,0.3333333333333333,0.3333333333333333
RMU,529,0.3333333333333333,0.3333333333333333
RMU,54,0.3333333333333333,0.3333333333333333
RMU,1185,0.6666666666666666,0.6666666666666666
RMU,989,0.0,0.0
RMU,1097,0.3333333333333333,0.3333333333333333
RMU,190,1.0,1.0
RMU,1029,0.0,0.0
RMU,214,0.6666666666666666,1.0
RMU,877,0.0,0.0
RMU,446,0.6666666666666666,0.3333333333333333
RMU,889,0.6666666666666666,1.0
RMU,284,0.6666666666666666,0.6666666666666666
RMU,781,0.0,0.0
RMU,1002,0.3333333333333333,0.3333333333333333
RMU,869,1.0,1.0
RMU,375,1.0,1.0
RMU,99,1.0,1.0
RMU,139,1.0,1.0
RMU,713,0.3333333333333333,0.3333333333333333
RMU,638,0.0,0.3333333333333333
RMU,397,0.3333333333333333,0.3333333333333333
RMU,962,1.0,1.0
RMU,320,0.0,0.6666666666666666
RMU,246,1.0,1.0
RMU,23,1.0,1.0
RMU,191,0.6666666666666666,0.6666666666666666
RMU,505,1.0,1.0
RMU,264,1.0,1.0
RMU,1157,1.0,1.0
RMU,465,1.0,1.0
RMU,1198,0.3333333333333333,0.3333333333333333
RMU,1233,0.6666666666666666,0.6666666666666666
RMU,994,0.0,0.0
RMU,254,0.0,0.0
RMU,695,1.0,1.0
RMU,325,1.0,1.0
RMU,917,0.3333333333333333,0.3333333333333333
RMU,882,1.0,1.0
RMU,481,1.0,1.0
RMU,1192,0.0,0.0
RMU,520,0.6666666666666666,0.6666666666666666
RMU,1000,0.6666666666666666,1.0
RMU,436,0.0,0.0
RMU,430,0.3333333333333333,0.3333333333333333
RMU,930,1.0,1.0
RMU,262,0.0,0.0
RMU,960,0.3333333333333333,0.3333333333333333
RMU,242,1.0,1.0
RMU,645,0.3333333333333333,0.3333333333333333
RMU,806,1.0,1.0
RMU,597,0.6666666666666666,0.6666666666666666
RMU,1155,1.0,1.0
RMU,780,0.6666666666666666,0.6666666666666666
RMU,751,0.6666666666666666,0.6666666666666666
RMU,987,1.0,1.0
RMU,515,0.3333333333333333,0.3333333333333333
RMU,594,1.0,1.0
RMU,854,0.0,0.0
RMU,17,1.0,1.0
RMU,1020,0.6666666666666666,1.0
RMU,486,0.3333333333333333,0.3333333333333333
RMU,103,0.6666666666666666,0.6666666666666666
RMU,414,0.6666666666666666,1.0
RMU,775,1.0,1.0
RMU,327,1.0,1.0
RMU,104,1.0,1.0
RMU,1171,1.0,1.0
RMU,915,0.6666666666666666,0.3333333333333333
RMU,722,0.6666666666666666,0.6666666666666666
RMU,485,1.0,1.0
RMU,970,0.6666666666666666,0.6666666666666666
RMU,1169,0.6666666666666666,0.6666666666666666
RMU,443,0.0,0.3333333333333333
RMU,210,0.3333333333333333,0.3333333333333333
RMU,786,0.3333333333333333,0.3333333333333333
RMU,31,0.6666666666666666,0.0
RMU,938,0.0,0.3333333333333333
RMU,681,0.6666666666666666,0.6666666666666666
RMU,1054,0.3333333333333333,0.3333333333333333
RMU,383,0.3333333333333333,0.3333333333333333
RMU,1043,0.6666666666666666,0.6666666666666666
RMU,955,0.0,0.3333333333333333
RMU,355,0.6666666666666666,0.6666666666666666
RMU,1117,1.0,1.0
RMU,836,1.0,1.0
RMU,926,0.6666666666666666,0.0
RMU,568,1.0,0.6666666666666666
RMU,460,0.6666666666666666,0.6666666666666666
RMU,709,0.3333333333333333,0.3333333333333333
RMU,19,0.3333333333333333,0.3333333333333333
RMU,16,0.0,0.0
RMU,308,1.0,1.0
RMU,73,1.0,1.0
RMU,52,0.3333333333333333,0.3333333333333333
RMU,1009,1.0,1.0
RMU,1073,0.3333333333333333,0.3333333333333333
RMU,733,1.0,1.0
RMU,886,0.6666666666666666,0.6666666666666666
RMU,1089,0.3333333333333333,0.3333333333333333
RMU,815,1.0,1.0
RMU,574,0.0,0.0
RMU,456,1.0,1.0
RMU,1069,0.6666666666666666,0.3333333333333333
RMU,466,0.0,0.0
RMU,658,1.0,1.0
RMU,249,0.6666666666666666,0.6666666666666666
RMU,830,0.6666666666666666,0.3333333333333333
RMU,778,0.0,0.0
RMU,227,0.3333333333333333,0.3333333333333333
RMU,247,0.3333333333333333,0.3333333333333333
RMU,1092,0.0,0.0
RMU,1165,1.0,1.0
RMU,170,0.6666666666666666,0.0
RMU,294,0.3333333333333333,0.3333333333333333
RMU,1046,1.0,1.0
RMU,750,1.0,1.0
RMU,89,0.0,0.3333333333333333
RMU,661,0.3333333333333333,0.3333333333333333
RMU,1214,1.0,1.0
RMU,524,0.0,0.0
RMU,109,1.0,1.0
RMU,494,0.6666666666666666,0.6666666666666666
RMU,852,1.0,1.0
RMU,497,0.3333333333333333,0.3333333333333333
RMU,834,1.0,1.0
RMU,798,0.6666666666666666,1.0
RMU,519,1.0,1.0
RMU,600,1.0,1.0
RMU,604,0.3333333333333333,1.0
RMU,816,0.6666666666666666,0.6666666666666666
RMU,358,0.0,0.0
RMU,1136,1.0,1.0
RMU,867,0.0,0.0
RMU,181,1.0,0.0
RMU,587,0.6666666666666666,1.0
RMU,122,0.6666666666666666,0.6666666666666666
RMU,948,0.3333333333333333,1.0
RMU,391,0.0,0.3333333333333333
RMU,165,0.0,0.0
RMU,449,0.6666666666666666,0.6666666666666666
RMU,838,0.0,0.0
RMU,401,0.3333333333333333,0.0
RMU,149,0.3333333333333333,0.3333333333333333
RMU,894,1.0,1.0
RMU,1245,1.0,1.0
RMU,37,0.3333333333333333,0.3333333333333333
RMU,428,0.0,0.0
RMU,1018,0.6666666666666666,0.6666666666666666
RMU,566,1.0,0.6666666666666666
RMU,769,0.0,0.0
RMU,949,1.0,0.6666666666666666
RMU,13,0.3333333333333333,0.0
RMU,727,0.0,0.0
RMU,799,0.6666666666666666,1.0
RMU,95,1.0,1.0
RMU,846,0.3333333333333333,0.3333333333333333
RMU,348,0.6666666666666666,0.6666666666666666
RMU,487,1.0,1.0
RMU,500,0.0,0.0
RMU,1008,0.0,0.0
RMU,411,0.0,0.0
RMU,1056,1.0,1.0
RMU,316,0.0,0.0
RMU,251,0.3333333333333333,0.3333333333333333
RMU,1007,0.3333333333333333,0.6666666666666666
RMU,1120,1.0,0.6666666666666666
RMU,1102,0.6666666666666666,0.6666666666666666
RMU,844,0.0,0.3333333333333333
RMU,760,0.0,0.0
RMU,376,0.3333333333333333,0.3333333333333333
RMU,1087,1.0,1.0
RMU,270,0.3333333333333333,0.3333333333333333
RMU,1037,0.3333333333333333,0.3333333333333333
RMU,986,1.0,1.0
RMU,788,0.3333333333333333,0.3333333333333333
RMU,161,1.0,1.0
RMU,392,0.3333333333333333,0.3333333333333333
RMU,207,0.0,0.0
RMU,507,0.3333333333333333,0.3333333333333333
RMU,1042,0.0,0.6666666666666666
RMU,665,0.0,0.0
RMU,523,0.3333333333333333,0.3333333333333333
RMU,893,0.0,0.3333333333333333
RMU,205,0.6666666666666666,1.0
RMU,335,0.6666666666666666,0.6666666666666666
RMU,458,0.3333333333333333,0.3333333333333333
RMU,76,0.0,0.0
RMU,362,0.3333333333333333,0.3333333333333333
RMU,1216,0.6666666666666666,0.6666666666666666
RMU,407,1.0,1.0
RMU,1221,1.0,1.0
RMU,977,0.6666666666666666,1.0
RMU,1028,0.0,0.0
RMU,1118,1.0,1.0
RMU,560,0.3333333333333333,0.3333333333333333
RMU,499,1.0,1.0
RMU,323,0.6666666666666666,0.6666666666666666
RMU,93,0.6666666666666666,0.6666666666666666
RMU,862,0.3333333333333333,0.3333333333333333
RMU,1022,1.0,1.0
RMU,840,0.6666666666666666,0.0
RMU,763,0.3333333333333333,1.0
RMU,564,1.0,0.3333333333333333
RMU,32,0.3333333333333333,0.3333333333333333
RMU,364,0.0,0.0
RMU,667,0.0,0.0
RMU,440,0.3333333333333333,0.3333333333333333
RMU,633,0.3333333333333333,0.3333333333333333
RMU,642,0.3333333333333333,0.3333333333333333
RMU,416,0.6666666666666666,0.6666666666666666
RMU,452,1.0,1.0
RMU,81,1.0,1.0
RMU,1160,0.0,0.0
RMU,820,1.0,1.0
RMU,1241,0.6666666666666666,0.6666666666666666
RMU,311,0.6666666666666666,0.6666666666666666
RMU,873,1.0,0.6666666666666666
RMU,450,0.6666666666666666,1.0
RMU,1076,0.6666666666666666,0.3333333333333333
RMU,721,1.0,1.0
RMU,106,0.3333333333333333,0.3333333333333333
RMU,1146,1.0,1.0
RMU,888,0.3333333333333333,0.3333333333333333
RMU,533,0.3333333333333333,0.3333333333333333
RMU,730,1.0,1.0
RMU,105,1.0,1.0
RMU,266,0.3333333333333333,0.6666666666666666
RMU,1184,0.6666666666666666,0.6666666666666666
RMU,978,0.6666666666666666,0.6666666666666666
RMU,1176,0.3333333333333333,0.3333333333333333
RMU,39,0.6666666666666666,0.6666666666666666
RMU,339,1.0,1.0
RMU,961,1.0,1.0
RMU,525,0.0,0.0
RMU,189,0.6666666666666666,0.6666666666666666
RMU,1111,1.0,1.0
RMU,732,0.6666666666666666,1.0
RMU,5,0.3333333333333333,0.3333333333333333
RMU,442,1.0,1.0
RMU,861,1.0,1.0
RMU,878,0.3333333333333333,0.6666666666666666
RMU,1138,1.0,1.0
RMU,851,1.0,1.0
RMU,1147,1.0,1.0
RMU,301,1.0,1.0
RMU,1215,0.0,0.0
RMU,718,0.3333333333333333,0.3333333333333333
RMU,998,1.0,1.0
RMU,654,0.0,0.0
RMU,1135,0.6666666666666666,0.6666666666666666
RMU,329,1.0,1.0
RMU,279,0.0,0.0
RMU,277,1.0,1.0
RMU,919,0.3333333333333333,0.3333333333333333
RMU,349,1.0,0.3333333333333333
RMU,1243,0.0,0.0
RMU,65,1.0,1.0
RMU,1259,0.6666666666666666,0.6666666666666666
RMU,1093,0.6666666666666666,0.0
RMU,410,0.6666666666666666,1.0
RMU,689,0.3333333333333333,1.0
RMU,177,0.3333333333333333,0.0
RMU,534,1.0,1.0
RMU,117,1.0,1.0
RMU,372,1.0,1.0
RMU,1034,0.0,0.0
RMU,628,0.0,0.3333333333333333
RMU,821,1.0,1.0
RMU,669,0.3333333333333333,0.3333333333333333
RMU,63,1.0,1.0
RMU,735,1.0,1.0
RMU,951,0.3333333333333333,0.0
RMU,1025,1.0,0.0
RMU,42,0.3333333333333333,0.6666666666666666
RMU,167,1.0,1.0
RMU,809,0.0,0.0
RMU,1100,1.0,0.6666666666666666
RMU,313,0.0,0.0
RMU,296,1.0,1.0
RMU,490,1.0,1.0
RMU,543,0.3333333333333333,0.3333333333333333
RMU,641,1.0,1.0
RMU,290,0.0,0.0
RMU,617,1.0,1.0
RMU,779,1.0,1.0
RMU,910,1.0,1.0
RMU,212,0.6666666666666666,0.6666666666666666
RMU,979,1.0,0.0
RMU,555,1.0,1.0
RMU,1058,0.3333333333333333,0.3333333333333333
RMU,672,0.0,0.3333333333333333
RMU,317,0.6666666666666666,0.3333333333333333
RMU,1081,1.0,1.0
RMU,535,0.6666666666666666,0.6666666666666666
RMU,1039,1.0,0.6666666666666666
RMU,432,0.0,0.0
RMU,828,0.6666666666666666,0.3333333333333333
RMU,621,0.6666666666666666,0.6666666666666666
RMU,1161,1.0,1.0
RMU,287,0.6666666666666666,0.6666666666666666
RMU,451,0.0,0.0
RMU,1013,0.3333333333333333,0.3333333333333333
RMU,528,0.3333333333333333,0.3333333333333333
RMU,300,0.3333333333333333,0.6666666666666666
RMU,752,0.0,0.0
RMU,622,0.6666666666666666,0.6666666666666666
RMU,995,0.6666666666666666,0.6666666666666666
RMU,1219,1.0,1.0
RMU,34,0.0,0.0
RMU,286,1.0,0.6666666666666666
RMU,314,1.0,1.0
RMU,333,1.0,1.0
RMU,182,0.6666666666666666,1.0
RMU,49,1.0,1.0
RMU,102,0.3333333333333333,0.0
RMU,687,1.0,0.6666666666666666
RMU,41,1.0,1.0
RMU,275,0.0,0.0
RMU,675,1.0,1.0
RMU,1137,1.0,1.0
RMU,749,0.3333333333333333,0.0
RMU,908,0.3333333333333333,0.3333333333333333
RMU,437,0.6666666666666666,1.0
RMU,491,0.0,0.0
RMU,141,0.6666666666666666,0.6666666666666666
RMU,706,0.3333333333333333,0.3333333333333333
RMU,973,0.0,0.0
RMU-LAT,331,0.6666666666666666,0.6666666666666666
RMU-LAT,1189,0.6666666666666666,1.0
RMU-LAT,918,0.0,0.0
RMU-LAT,1238,1.0,1.0
RMU-LAT,130,0.0,0.0
RMU-LAT,237,1.0,1.0
RMU-LAT,30,0.3333333333333333,0.3333333333333333
RMU-LAT,1096,0.6666666666666666,0.6666666666666666
RMU-LAT,827,0.3333333333333333,0.3333333333333333
RMU-LAT,82,0.0,0.0
RMU-LAT,231,1.0,1.0
RMU-LAT,1016,0.6666666666666666,0.6666666666666666
RMU-LAT,653,0.6666666666666666,0.6666666666666666
RMU-LAT,111,1.0,0.6666666666666666
RMU-LAT,479,0.6666666666666666,0.3333333333333333
RMU-LAT,1094,1.0,1.0
RMU-LAT,45,1.0,1.0
RMU-LAT,185,0.6666666666666666,0.0
RMU-LAT,379,0.3333333333333333,0.3333333333333333
RMU-LAT,495,0.6666666666666666,0.0
RMU-LAT,736,1.0,1.0
RMU-LAT,676,0.3333333333333333,0.6666666666666666
RMU-LAT,232,1.0,1.0
RMU-LAT,932,1.0,1.0
RMU-LAT,634,0.6666666666666666,1.0
RMU-LAT,1250,1.0,1.0
RMU-LAT,47,0.3333333333333333,0.3333333333333333
RMU-LAT,306,0.6666666666666666,0.6666666666666666
RMU-LAT,876,0.6666666666666666,1.0
RMU-LAT,60,1.0,1.0
RMU-LAT,150,0.3333333333333333,0.3333333333333333
RMU-LAT,1223,0.6666666666666666,0.6666666666666666
RMU-LAT,582,0.6666666666666666,1.0
RMU-LAT,463,0.3333333333333333,0.3333333333333333
RMU-LAT,1066,1.0,1.0
RMU-LAT,674,0.0,0.0
RMU-LAT,455,0.6666666666666666,0.0
RMU-LAT,1079,1.0,1.0
RMU-LAT,1067,1.0,1.0
RMU-LAT,701,0.3333333333333333,0.0
RMU-LAT,187,0.3333333333333333,1.0
RMU-LAT,142,1.0,1.0
RMU-LAT,776,1.0,0.6666666666666666
RMU-LAT,179,0.6666666666666666,0.6666666666666666
RMU-LAT,772,0.6666666666666666,0.3333333333333333
RMU-LAT,1199,0.0,0.0
RMU-LAT,171,0.0,0.0
RMU-LAT,134,1.0,1.0
RMU-LAT,129,0.0,0.0
RMU-LAT,1141,0.6666666666666666,0.6666666666666666
RMU-LAT,83,0.0,0.0
RMU-LAT,771,1.0,1.0
RMU-LAT,1229,0.3333333333333333,0.3333333333333333
RMU-LAT,1070,0.6666666666666666,0.6666666666666666
RMU-LAT,222,0.6666666666666666,0.6666666666666666
RMU-LAT,1226,0.3333333333333333,0.3333333333333333
RMU-LAT,233,1.0,1.0
RMU-LAT,1017,0.3333333333333333,0.6666666666666666
RMU-LAT,639,0.6666666666666666,0.6666666666666666
RMU-LAT,350,1.0,1.0
RMU-LAT,472,1.0,1.0
RMU-LAT,1170,0.6666666666666666,0.6666666666666666
RMU-LAT,116,1.0,1.0
RMU-LAT,448,1.0,1.0
RMU-LAT,573,0.3333333333333333,0.3333333333333333
RMU-LAT,434,0.0,1.0
RMU-LAT,127,0.0,0.0
RMU-LAT,480,1.0,1.0
RMU-LAT,773,1.0,0.6666666666666666
RMU-LAT,143,0.6666666666666666,0.6666666666666666
RMU-LAT,80,1.0,1.0
RMU-LAT,925,0.6666666666666666,0.6666666666666666
RMU-LAT,913,0.0,0.3333333333333333
RMU-LAT,20,1.0,1.0
RMU-LAT,942,1.0,1.0
RMU-LAT,289,0.3333333333333333,0.6666666666666666
RMU-LAT,429,1.0,1.0
RMU-LAT,356,0.3333333333333333,0.3333333333333333
RMU-LAT,309,1.0,1.0
RMU-LAT,997,1.0,1.0
RMU-LAT,883,0.3333333333333333,0.3333333333333333
RMU-LAT,1148,0.0,0.0
RMU-LAT,599,0.0,0.0
RMU-LAT,123,0.3333333333333333,0.3333333333333333
RMU-LAT,711,0.0,0.0
RMU-LAT,914,0.0,0.0
RMU-LAT,1005,0.6666666666666666,0.6666666666666666
RMU-LAT,1083,0.0,0.0
RMU-LAT,1072,1.0,1.0
RMU-LAT,1036,0.0,0.0
RMU-LAT,77,1.0,1.0
RMU-LAT,447,0.0,0.0
RMU-LAT,322,1.0,1.0
RMU-LAT,354,0.3333333333333333,0.3333333333333333
RMU-LAT,241,0.6666666666666666,0.6666666666666666
RMU-LAT,608,0.0,0.0
RMU-LAT,1098,1.0,0.6666666666666666
RMU-LAT,548,1.0,1.0
RMU-LAT,43,0.6666666666666666,0.6666666666666666
RMU-LAT,958,1.0,1.0
RMU-LAT,939,0.0,0.0
RMU-LAT,898,1.0,1.0
RMU-LAT,69,1.0,1.0
RMU-LAT,959,1.0,1.0
RMU-LAT,1186,0.6666666666666666,1.0
RMU-LAT,135,0.3333333333333333,0.3333333333333333
RMU-LAT,630,1.0,1.0
RMU-LAT,892,1.0,1.0
RMU-LAT,601,0.0,0.0
RMU-LAT,238,1.0,1.0
RMU-LAT,396,1.0,0.6666666666666666
RMU-LAT,1048,1.0,1.0
RMU-LAT,544,0.3333333333333333,1.0
RMU-LAT,945,0.3333333333333333,0.0
RMU-LAT,471,0.0,0.0
RMU-LAT,157,0.0,0.0
RMU-LAT,969,1.0,1.0
RMU-LAT,1035,0.3333333333333333,0.3333333333333333
RMU-LAT,100,0.6666666666666666,0.6666666666666666
RMU-LAT,305,1.0,1.0
RMU-LAT,723,1.0,1.0
RMU-LAT,731,1.0,1.0
RMU-LAT,140,1.0,0.3333333333333333
RMU-LAT,1051,0.3333333333333333,0.3333333333333333
RMU-LAT,1213,1.0,1.0
RMU-LAT,694,0.0,0.0
RMU-LAT,36,0.3333333333333333,0.3333333333333333
RMU-LAT,1103,0.6666666666666666,1.0
RMU-LAT,152,1.0,1.0
RMU-LAT,1112,0.3333333333333333,0.3333333333333333
RMU-LAT,1130,1.0,1.0
RMU-LAT,802,0.0,0.0
RMU-LAT,774,1.0,1.0
RMU-LAT,656,1.0,1.0
RMU-LAT,431,0.6666666666666666,0.6666666666666666
RMU-LAT,1125,0.6666666666666666,1.0
RMU-LAT,1086,0.6666666666666666,1.0
RMU-LAT,10,0.3333333333333333,0.3333333333333333
RMU-LAT,607,0.6666666666666666,0.6666666666666666
RMU-LAT,929,1.0,1.0
RMU-LAT,744,0.6666666666666666,0.6666666666666666
RMU-LAT,223,1.0,1.0
RMU-LAT,905,0.6666666666666666,0.6666666666666666
RMU-LAT,857,1.0,1.0
RMU-LAT,388,0.6666666666666666,0.6666666666666666
RMU-LAT,483,1.0,1.0
RMU-LAT,1041,1.0,0.6666666666666666
RMU-LAT,493,0.0,0.0
RMU-LAT,180,0.3333333333333333,0.3333333333333333
RMU-LAT,1050,0.3333333333333333,0.3333333333333333
RMU-LAT,629,0.0,0.0
RMU-LAT,792,0.0,0.0
RMU-LAT,1266,1.0,1.0
RMU-LAT,747,0.3333333333333333,0.3333333333333333
RMU-LAT,742,0.6666666666666666,0.6666666666666666
RMU-LAT,380,0.0,0.0
RMU-LAT,966,1.0,1.0
RMU-LAT,146,1.0,1.0
RMU-LAT,697,0.6666666666666666,0.6666666666666666
RMU-LAT,682,0.0,0.0
RMU-LAT,315,0.0,0.0
RMU-LAT,369,1.0,1.0
RMU-LAT,811,1.0,1.0
RMU-LAT,1114,1.0,1.0
RMU-LAT,1231,0.3333333333333333,0.3333333333333333
RMU-LAT,51,0.0,0.0
RMU-LAT,825,1.0,1.0
RMU-LAT,304,0.0,0.0
RMU-LAT,457,0.6666666666666666,0.6666666666666666
RMU-LAT,640,0.6666666666666666,0.6666666666666666
RMU-LAT,66,0.6666666666666666,0.3333333333333333
RMU-LAT,421,0.6666666666666666,0.6666666666666666
RMU-LAT,21,1.0,1.0
RMU-LAT,475,1.0,0.6666666666666666
RMU-LAT,368,1.0,1.0
RMU-LAT,1045,1.0,0.3333333333333333
RMU-LAT,1074,0.3333333333333333,0.3333333333333333
RMU-LAT,25,0.6666666666666666,0.6666666666666666
RMU-LAT,0,0.6666666666666666,0.6666666666666666
RMU-LAT,684,1.0,1.0
RMU-LAT,184,1.0,0.6666666666666666
RMU-LAT,783,0.6666666666666666,0.3333333333333333
RMU-LAT,14,0.0,0.0
RMU-LAT,1190,0.0,0.0
RMU-LAT,546,0.6666666666666666,0.6666666666666666
RMU-LAT,461,1.0,1.0
RMU-LAT,248,0.3333333333333333,0.6666666666666666
RMU-LAT,768,0.6666666666666666,0.6666666666666666
RMU-LAT,1082,0.3333333333333333,0.0
RMU-LAT,849,0.6666666666666666,0.6666666666666666
RMU-LAT,435,0.6666666666666666,0.6666666666666666
RMU-LAT,872,1.0,1.0
RMU-LAT,875,0.6666666666666666,1.0
RMU-LAT,539,1.0,0.6666666666666666
RMU-LAT,1236,0.6666666666666666,1.0
RMU-LAT,999,0.3333333333333333,0.3333333333333333
RMU-LAT,627,0.0,0.0
RMU-LAT,213,1.0,1.0
RMU-LAT,927,1.0,1.0
RMU-LAT,1202,1.0,1.0
RMU-LAT,173,0.0,0.3333333333333333
RMU-LAT,729,1.0,1.0
RMU-LAT,985,1.0,1.0
RMU-LAT,1232,0.6666666666666666,0.6666666666666666
RMU-LAT,1158,1.0,1.0
RMU-LAT,420,0.0,0.0
RMU-LAT,896,1.0,1.0
RMU-LAT,1055,0.3333333333333333,0.3333333333333333
RMU-LAT,595,0.0,0.0
RMU-LAT,1131,1.0,1.0
RMU-LAT,935,1.0,1.0
RMU-LAT,636,1.0,1.0
RMU-LAT,492,1.0,1.0
RMU-LAT,1084,0.3333333333333333,0.6666666666666666
RMU-LAT,1110,0.6666666666666666,0.6666666666666666
RMU-LAT,501,0.3333333333333333,0.3333333333333333
RMU-LAT,897,1.0,0.3333333333333333
RMU-LAT,810,0.6666666666666666,0.0
RMU-LAT,1225,0.6666666666666666,0.6666666666666666
RMU-LAT,352,1.0,1.0
RMU-LAT,230,0.3333333333333333,0.3333333333333333
RMU-LAT,1200,0.6666666666666666,0.6666666666666666
RMU-LAT,198,0.3333333333333333,0.3333333333333333
RMU-LAT,1105,0.6666666666666666,0.6666666666666666
RMU-LAT,767,0.0,0.3333333333333333
RMU-LAT,698,0.0,0.0
RMU-LAT,510,0.3333333333333333,0.3333333333333333
RMU-LAT,632,1.0,1.0
RMU-LAT,1001,1.0,1.0
RMU-LAT,367,0.6666666666666666,0.6666666666666666
RMU-LAT,11,1.0,1.0
RMU-LAT,518,0.0,0.0
RMU-LAT,563,0.6666666666666666,0.6666666666666666
RMU-LAT,1242,0.6666666666666666,0.6666666666666666
RMU-LAT,97,1.0,1.0
RMU-LAT,1134,1.0,1.0
RMU-LAT,131,1.0,1.0
RMU-LAT,1257,0.3333333333333333,0.6666666666666666
RMU-LAT,158,0.3333333333333333,0.3333333333333333
RMU-LAT,664,1.0,1.0
RMU-LAT,646,1.0,1.0
RMU-LAT,278,0.3333333333333333,0.3333333333333333
RMU-LAT,1167,1.0,1.0
RMU-LAT,841,1.0,1.0
RMU-LAT,427,0.6666666666666666,0.6666666666666666
RMU-LAT,236,0.3333333333333333,0.6666666666666666
RMU-LAT,740,1.0,1.0
RMU-LAT,395,1.0,1.0
RMU-LAT,757,1.0,1.0
RMU-LAT,110,1.0,1.0
RMU-LAT,133,1.0,1.0
RMU-LAT,965,1.0,1.0
RMU-LAT,343,1.0,1.0
RMU-LAT,61,0.6666666666666666,0.6666666666666666
RMU-LAT,1139,0.6666666666666666,0.6666666666666666
RMU-LAT,220,0.3333333333333333,0.3333333333333333
RMU-LAT,1162,1.0,1.0
RMU-LAT,511,0.6666666666666666,0.6666666666666666
RMU-LAT,252,0.3333333333333333,0.3333333333333333
RMU-LAT,941,1.0,1.0
RMU-LAT,128,1.0,1.0
RMU-LAT,203,0.6666666666666666,0.6666666666666666
RMU-LAT,29,0.6666666666666666,0.6666666666666666
RMU-LAT,444,0.6666666666666666,0.6666666666666666
RMU-LAT,845,1.0,1.0
RMU-LAT,2,0.3333333333333333,0.3333333333333333
RMU-LAT,839,1.0,1.0
RMU-LAT,1004,1.0,1.0
RMU-LAT,156,1.0,1.0
RMU-LAT,324,1.0,1.0
RMU-LAT,745,0.0,0.0
RMU-LAT,1177,0.0,0.0
RMU-LAT,1027,0.6666666666666666,0.6666666666666666
RMU-LAT,283,1.0,1.0
RMU-LAT,741,0.6666666666666666,0.3333333333333333
RMU-LAT,964,0.6666666666666666,0.6666666666666666
RMU-LAT,801,1.0,1.0
RMU-LAT,557,1.0,1.0
RMU-LAT,759,0.3333333333333333,0.3333333333333333
RMU-LAT,901,1.0,1.0
RMU-LAT,1049,0.6666666666666666,0.6666666666666666
RMU-LAT,833,0.0,1.0
RMU-LAT,419,0.0,0.3333333333333333
RMU-LAT,865,0.6666666666666666,0.6666666666666666
RMU-LAT,1107,1.0,1.0
RMU-LAT,647,1.0,1.0
RMU-LAT,1244,0.0,0.0
RMU-LAT,558,0.6666666666666666,0.6666666666666666
RMU-LAT,1085,0.6666666666666666,0.6666666666666666
RMU-LAT,281,0.0,0.0
RMU-LAT,1133,0.0,0.3333333333333333
RMU-LAT,612,1.0,1.0
RMU-LAT,477,0.6666666666666666,0.6666666666666666
RMU-LAT,132,0.3333333333333333,0.3333333333333333
RMU-LAT,803,0.0,0.0
RMU-LAT,361,0.3333333333333333,0.6666666666666666
RMU-LAT,549,1.0,1.0
RMU-LAT,891,0.6666666666666666,0.6666666666666666
RMU-LAT,631,1.0,1.0
RMU-LAT,879,0.0,0.0
RMU-LAT,378,1.0,1.0
RMU-LAT,1272,1.0,1.0
RMU-LAT,808,1.0,1.0
RMU-LAT,151,0.6666666666666666,0.6666666666666666
RMU-LAT,389,0.3333333333333333,0.3333333333333333
RMU-LAT,626,0.6666666666666666,0.6666666666666666
RMU-LAT,1038,0.0,0.0
RMU-LAT,699,0.3333333333333333,0.3333333333333333
RMU-LAT,136,0.0,0.3333333333333333
RMU-LAT,307,1.0,1.0
RMU-LAT,1071,0.0,0.0
RMU-LAT,1194,0.6666666666666666,0.6666666666666666
RMU-LAT,581,0.6666666666666666,0.6666666666666666
RMU-LAT,1,1.0,1.0
RMU-LAT,365,1.0,1.0
RMU-LAT,94,0.6666666666666666,0.6666666666666666
RMU-LAT,567,1.0,1.0
RMU-LAT,243,1.0,1.0
RMU-LAT,537,1.0,1.0
RMU-LAT,777,1.0,1.0
RMU-LAT,719,1.0,1.0
RMU-LAT,602,1.0,1.0
RMU-LAT,218,1.0,1.0
RMU-LAT,513,1.0,1.0
RMU-LAT,826,1.0,1.0
RMU-LAT,484,0.6666666666666666,0.6666666666666666
RMU-LAT,470,0.3333333333333333,0.3333333333333333
RMU-LAT,406,0.6666666666666666,0.6666666666666666
RMU-LAT,895,0.6666666666666666,0.6666666666666666
RMU-LAT,1104,0.0,0.0
RMU-LAT,680,0.6666666666666666,0.6666666666666666
RMU-LAT,625,0.3333333333333333,0.3333333333333333
RMU-LAT,38,0.3333333333333333,0.3333333333333333
RMU-LAT,474,0.0,0.0
RMU-LAT,78,0.6666666666666666,0.6666666666666666
RMU-LAT,259,0.3333333333333333,0.3333333333333333
RMU-LAT,1210,0.6666666666666666,1.0
RMU-LAT,147,0.0,0.0
RMU-LAT,819,0.6666666666666666,0.6666666666666666
RMU-LAT,765,0.3333333333333333,0.3333333333333333
RMU-LAT,371,1.0,1.0
RMU-LAT,957,1.0,1.0
RMU-LAT,1156,0.0,0.0
RMU-LAT,263,0.0,0.0
RMU-LAT,340,0.6666666666666666,0.6666666666666666
RMU-LAT,509,0.3333333333333333,0.3333333333333333
RMU-LAT,677,1.0,1.0
RMU-LAT,498,0.3333333333333333,0.3333333333333333
RMU-LAT,934,1.0,1.0
RMU-LAT,1270,1.0,1.0
RMU-LAT,1195,0.3333333333333333,0.3333333333333333
RMU-LAT,467,0.6666666666666666,0.6666666666666666
RMU-LAT,1206,1.0,1.0
RMU-LAT,244,1.0,1.0
RMU-LAT,953,1.0,1.0
RMU-LAT,651,0.6666666666666666,1.0
RMU-LAT,1239,0.6666666666666666,0.6666666666666666
RMU-LAT,186,0.3333333333333333,0.6666666666666666
RMU-LAT,273,0.6666666666666666,0.6666666666666666
RMU-LAT,453,0.6666666666666666,0.6666666666666666
RMU-LAT,692,0.3333333333333333,0.3333333333333333
RMU-LAT,336,1.0,1.0
RMU-LAT,551,1.0,0.6666666666666666
RMU-LAT,1204,1.0,1.0
RMU-LAT,804,0.0,0.0
RMU-LAT,24,0.0,0.0
RMU-LAT,12,1.0,1.0
RMU-LAT,1193,1.0,1.0
RMU-LAT,55,1.0,1.0
RMU-LAT,663,1.0,1.0
RMU-LAT,716,0.6666666666666666,0.6666666666666666
RMU-LAT,346,0.3333333333333333,0.3333333333333333
RMU-LAT,655,0.0,0.0
RMU-LAT,7,0.3333333333333333,0.3333333333333333
RMU-LAT,556,1.0,1.0
RMU-LAT,197,0.0,0.0
RMU-LAT,1209,1.0,1.0
RMU-LAT,784,1.0,1.0
RMU-LAT,253,1.0,1.0
RMU-LAT,762,1.0,1.0
RMU-LAT,1040,0.0,0.6666666666666666
RMU-LAT,98,0.6666666666666666,0.6666666666666666
RMU-LAT,35,0.0,0.0
RMU-LAT,1237,0.0,0.0
RMU-LAT,909,0.3333333333333333,0.3333333333333333
RMU-LAT,321,0.0,0.0
RMU-LAT,91,0.0,0.0
RMU-LAT,859,1.0,1.0
RMU-LAT,312,0.3333333333333333,0.3333333333333333
RMU-LAT,250,0.0,0.0
RMU-LAT,1032,0.0,0.0
RMU-LAT,195,1.0,1.0
RMU-LAT,310,1.0,1.0
RMU-LAT,328,0.6666666666666666,0.6666666666666666
RMU-LAT,297,1.0,1.0
RMU-LAT,657,0.0,0.0
RMU-LAT,659,1.0,1.0
RMU-LAT,1015,0.0,0.6666666666666666
RMU-LAT,1265,1.0,1.0
RMU-LAT,1115,1.0,1.0
RMU-LAT,217,0.0,0.0
RMU-LAT,1268,1.0,1.0
RMU-LAT,1175,0.3333333333333333,0.3333333333333333
RMU-LAT,1181,0.3333333333333333,0.3333333333333333
RMU-LAT,326,0.0,0.0
RMU-LAT,542,1.0,1.0
RMU-LAT,988,1.0,1.0
RMU-LAT,976,0.6666666666666666,0.6666666666666666
RMU-LAT,553,1.0,0.6666666666666666
RMU-LAT,1099,0.3333333333333333,0.6666666666666666
RMU-LAT,1064,0.3333333333333333,0.3333333333333333
RMU-LAT,374,0.6666666666666666,0.6666666666666666
RMU-LAT,1150,1.0,1.0
RMU-LAT,489,0.6666666666666666,0.6666666666666666
RMU-LAT,890,0.0,0.0
RMU-LAT,514,1.0,1.0
RMU-LAT,593,1.0,1.0
RMU-LAT,1080,1.0,1.0
RMU-LAT,101,1.0,1.0
RMU-LAT,950,0.6666666666666666,1.0
RMU-LAT,753,0.6666666666666666,0.6666666666666666
RMU-LAT,332,1.0,1.0
RMU-LAT,585,0.3333333333333333,0.3333333333333333
RMU-LAT,1061,0.6666666666666666,0.6666666666666666
RMU-LAT,761,0.3333333333333333,0.6666666666666666
RMU-LAT,125,0.3333333333333333,0.0
RMU-LAT,48,1.0,1.0
RMU-LAT,814,0.0,0.0
RMU-LAT,1106,0.6666666666666666,1.0
RMU-LAT,1260,0.3333333333333333,0.3333333333333333
RMU-LAT,794,1.0,1.0
RMU-LAT,1218,1.0,1.0
RMU-LAT,1197,0.6666666666666666,0.6666666666666666
RMU-LAT,899,0.0,0.0
RMU-LAT,968,1.0,1.0
RMU-LAT,1003,0.3333333333333333,0.3333333333333333
RMU-LAT,224,1.0,1.0
RMU-LAT,476,0.3333333333333333,0.6666666666666666
RMU-LAT,381,0.0,0.0
RMU-LAT,858,0.6666666666666666,0.6666666666666666
RMU-LAT,1168,1.0,1.0
RMU-LAT,27,0.0,0.0
RMU-LAT,1077,1.0,1.0
RMU-LAT,1023,1.0,1.0
RMU-LAT,887,0.3333333333333333,0.3333333333333333
RMU-LAT,87,0.3333333333333333,0.3333333333333333
RMU-LAT,268,0.0,0.0
RMU-LAT,870,0.3333333333333333,1.0
RMU-LAT,1075,0.0,0.0
RMU-LAT,881,1.0,1.0
RMU-LAT,1246,0.3333333333333333,0.3333333333333333
RMU-LAT,403,0.0,0.0
RMU-LAT,743,1.0,1.0
RMU-LAT,610,0.6666666666666666,0.6666666666666666
RMU-LAT,234,0.0,0.0
RMU-LAT,1208,0.0,0.0
RMU-LAT,1122,1.0,1.0
RMU-LAT,578,0.3333333333333333,0.3333333333333333
RMU-LAT,292,1.0,1.0
RMU-LAT,363,1.0,1.0
RMU-LAT,433,0.6666666666666666,0.6666666666666666
RMU-LAT,202,1.0,1.0
RMU-LAT,360,1.0,1.0
RMU-LAT,53,0.6666666666666666,0.6666666666666666
RMU-LAT,1173,1.0,1.0
RMU-LAT,1119,0.6666666666666666,0.6666666666666666
RMU-LAT,394,0.0,0.0
RMU-LAT,219,1.0,0.6666666666666666
RMU-LAT,166,0.0,0.0
RMU-LAT,28,0.0,0.0
RMU-LAT,245,0.0,0.0
RMU-LAT,473,1.0,1.0
RMU-LAT,425,1.0,1.0
RMU-LAT,1010,1.0,1.0
RMU-LAT,192,1.0,1.0
RMU-LAT,1030,0.0,0.0
RMU-LAT,1116,1.0,1.0
RMU-LAT,1144,0.3333333333333333,0.3333333333333333
RMU-LAT,138,0.6666666666666666,0.6666666666666666
RMU-LAT,148,1.0,1.0
RMU-LAT,302,0.6666666666666666,0.6666666666666666
RMU-LAT,126,0.3333333333333333,0.3333333333333333
RMU-LAT,1052,0.3333333333333333,0.3333333333333333
RMU-LAT,972,1.0,1.0
RMU-LAT,874,1.0,1.0
RMU-LAT,408,0.0,0.0
RMU-LAT,96,0.0,0.0
RMU-LAT,618,1.0,1.0
RMU-LAT,79,0.6666666666666666,0.6666666666666666
RMU-LAT,800,1.0,1.0
RMU-LAT,239,0.6666666666666666,0.6666666666666666
RMU-LAT,688,1.0,1.0
RMU-LAT,737,0.6666666666666666,0.6666666666666666
RMU-LAT,1196,0.6666666666666666,0.6666666666666666
RMU-LAT,285,0.0,0.0
RMU-LAT,426,0.6666666666666666,0.6666666666666666
RMU-LAT,86,1.0,1.0
RMU-LAT,1183,1.0,1.0
RMU-LAT,1224,1.0,1.0
RMU-LAT,791,0.3333333333333333,1.0
RMU-LAT,113,0.0,0.3333333333333333
RMU-LAT,387,1.0,0.6666666666666666
RMU-LAT,267,0.3333333333333333,0.3333333333333333
RMU-LAT,596,0.0,0.0
RMU-LAT,547,0.0,0.0
RMU-LAT,1166,0.0,0.6666666666666666
RMU-LAT,1203,0.6666666666666666,0.6666666666666666
RMU-LAT,88,0.6666666666666666,0.6666666666666666
RMU-LAT,586,0.0,0.0
RMU-LAT,728,0.6666666666666666,0.6666666666666666
RMU-LAT,193,1.0,1.0
RMU-LAT,64,0.3333333333333333,0.3333333333333333
RMU-LAT,790,0.0,1.0
RMU-LAT,1068,0.3333333333333333,0.3333333333333333
RMU-LAT,260,0.3333333333333333,0.6666666666666666
RMU-LAT,1267,0.6666666666666666,0.6666666666666666
RMU-LAT,1163,1.0,1.0
RMU-LAT,9,0.0,0.0
RMU-LAT,344,0.6666666666666666,1.0
RMU-LAT,347,0.3333333333333333,0.3333333333333333
RMU-LAT,536,0.6666666666666666,0.6666666666666666
RMU-LAT,530,0.3333333333333333,0.3333333333333333
RMU-LAT,931,0.6666666666666666,0.6666666666666666
RMU-LAT,717,0.3333333333333333,0.3333333333333333
RMU-LAT,1145,1.0,1.0
RMU-LAT,758,0.0,0.0
RMU-LAT,550,1.0,1.0
RMU-LAT,907,1.0,1.0
RMU-LAT,583,0.0,0.0
RMU-LAT,15,1.0,1.0
RMU-LAT,797,0.3333333333333333,0.3333333333333333
RMU-LAT,6,1.0,1.0
RMU-LAT,683,1.0,1.0
RMU-LAT,385,0.0,0.0
RMU-LAT,199,1.0,1.0
RMU-LAT,468,1.0,1.0
RMU-LAT,299,0.6666666666666666,0.6666666666666666
RMU-LAT,963,1.0,1.0
RMU-LAT,1252,0.6666666666666666,0.6666666666666666
RMU-LAT,418,1.0,1.0
RMU-LAT,936,1.0,1.0
RMU-LAT,598,0.6666666666666666,0.6666666666666666
RMU-LAT,619,1.0,1.0
RMU-LAT,829,1.0,1.0
RMU-LAT,342,0.6666666666666666,0.6666666666666666
RMU-LAT,748,1.0,1.0
RMU-LAT,269,1.0,1.0
RMU-LAT,276,0.0,0.0
RMU-LAT,983,0.6666666666666666,0.6666666666666666
RMU-LAT,1247,1.0,1.0
RMU-LAT,390,0.3333333333333333,0.3333333333333333
RMU-LAT,991,1.0,1.0
RMU-LAT,112,0.6666666666666666,0.6666666666666666
RMU-LAT,1127,0.0,0.0
RMU-LAT,705,1.0,1.0
RMU-LAT,1021,0.0,0.0
RMU-LAT,319,1.0,1.0
RMU-LAT,377,0.6666666666666666,1.0
RMU-LAT,206,0.6666666666666666,0.6666666666666666
RMU-LAT,370,1.0,1.0
RMU-LAT,120,0.3333333333333333,0.3333333333333333
RMU-LAT,115,0.6666666666666666,0.3333333333333333
RMU-LAT,541,0.6666666666666666,0.6666666666666666
RMU-LAT,341,1.0,1.0
RMU-LAT,864,0.3333333333333333,0.3333333333333333
RMU-LAT,521,0.6666666666666666,0.6666666666666666
RMU-LAT,662,0.6666666666666666,0.6666666666666666
RMU-LAT,835,0.6666666666666666,0.6666666666666666
RMU-LAT,1143,1.0,1.0
RMU-LAT,643,0.3333333333333333,0.3333333333333333
RMU-LAT,795,0.0,0.0
RMU-LAT,154,0.3333333333333333,0.3333333333333333
RMU-LAT,648,0.0,0.0
RMU-LAT,75,0.3333333333333333,0.3333333333333333
RMU-LAT,668,0.6666666666666666,0.6666666666666666
RMU-LAT,615,0.3333333333333333,0.3333333333333333
RMU-LAT,502,1.0,1.0
RMU-LAT,734,1.0,1.0
RMU-LAT,868,0.3333333333333333,0.3333333333333333
RMU-LAT,588,1.0,1.0
RMU-LAT,980,0.6666666666666666,0.6666666666666666
RMU-LAT,1188,0.3333333333333333,0.3333333333333333
RMU-LAT,754,0.0,0.0
RMU-LAT,974,1.0,1.0
RMU-LAT,334,1.0,1.0
RMU-LAT,201,0.6666666666666666,1.0
RMU-LAT,614,0.3333333333333333,0.3333333333333333
RMU-LAT,954,1.0,1.0
RMU-LAT,107,0.6666666666666666,0.6666666666666666
RMU-LAT,508,0.0,0.0
RMU-LAT,1108,0.0,0.0
RMU-LAT,413,0.6666666666666666,0.6666666666666666
RMU-LAT,439,1.0,1.0
RMU-LAT,221,0.6666666666666666,0.6666666666666666
RMU-LAT,169,0.0,0.0
RMU-LAT,1249,1.0,1.0
RMU-LAT,1255,1.0,1.0
RMU-LAT,531,0.3333333333333333,0.6666666666666666
RMU-LAT,603,1.0,1.0
RMU-LAT,1159,1.0,1.0
RMU-LAT,504,0.3333333333333333,0.3333333333333333
RMU-LAT,119,0.3333333333333333,0.3333333333333333
RMU-LAT,72,0.0,0.0
RMU-LAT,330,1.0,1.0
RMU-LAT,1212,0.6666666666666666,0.6666666666666666
RMU-LAT,291,0.6666666666666666,0.6666666666666666
RMU-LAT,196,0.6666666666666666,0.6666666666666666
RMU-LAT,33,1.0,1.0
RMU-LAT,606,1.0,1.0
RMU-LAT,1152,0.6666666666666666,0.6666666666666666
RMU-LAT,1113,1.0,1.0
RMU-LAT,1240,0.0,0.0
RMU-LAT,952,1.0,1.0
RMU-LAT,208,1.0,1.0
RMU-LAT,512,1.0,1.0
RMU-LAT,540,0.6666666666666666,1.0
RMU-LAT,1191,1.0,1.0
RMU-LAT,673,1.0,1.0
RMU-LAT,240,0.3333333333333333,0.3333333333333333
RMU-LAT,121,0.6666666666666666,0.6666666666666666
RMU-LAT,766,1.0,1.0
RMU-LAT,923,0.0,0.0
RMU-LAT,813,0.0,0.0
RMU-LAT,1254,0.3333333333333333,0.0
RMU-LAT,679,0.0,0.0
RMU-LAT,569,1.0,1.0
RMU-LAT,274,1.0,1.0
RMU-LAT,902,1.0,1.0
RMU-LAT,850,0.0,0.0
RMU-LAT,613,1.0,1.0
RMU-LAT,402,0.0,0.0
RMU-LAT,71,1.0,1.0
RMU-LAT,1011,0.0,0.0
RMU-LAT,589,0.0,0.0
RMU-LAT,1024,0.3333333333333333,0.6666666666666666
RMU-LAT,1228,1.0,1.0
RMU-LAT,454,0.6666666666666666,0.6666666666666666
RMU-LAT,822,1.0,1.0
RMU-LAT,686,0.0,0.0
RMU-LAT,1033,0.6666666666666666,0.6666666666666666
RMU-LAT,506,0.6666666666666666,0.6666666666666666
RMU-LAT,92,1.0,1.0
RMU-LAT,847,0.6666666666666666,0.6666666666666666
RMU-LAT,1047,0.0,0.0
RMU-LAT,666,0.3333333333333333,0.6666666666666666
RMU-LAT,4,1.0,1.0
RMU-LAT,164,1.0,1.0
RMU-LAT,445,0.3333333333333333,0.3333333333333333
RMU-LAT,382,1.0,1.0
RMU-LAT,22,1.0,1.0
RMU-LAT,571,1.0,1.0
RMU-LAT,755,0.3333333333333333,0.3333333333333333
RMU-LAT,782,0.3333333333333333,0.3333333333333333
RMU-LAT,1123,0.6666666666666666,0.3333333333333333
RMU-LAT,920,0.6666666666666666,0.6666666666666666
RMU-LAT,62,0.0,0.0
RMU-LAT,635,0.6666666666666666,0.6666666666666666
RMU-LAT,255,1.0,1.0
RMU-LAT,856,1.0,1.0
RMU-LAT,671,0.6666666666666666,0.6666666666666666
RMU-LAT,409,0.0,0.0
RMU-LAT,44,1.0,1.0
RMU-LAT,163,0.3333333333333333,0.3333333333333333
RMU-LAT,623,0.3333333333333333,0.3333333333333333
RMU-LAT,153,0.3333333333333333,0.3333333333333333
RMU-LAT,417,0.6666666666666666,1.0
RMU-LAT,1065,0.3333333333333333,0.3333333333333333
RMU-LAT,56,0.0,0.0
RMU-LAT,823,0.6666666666666666,0.3333333333333333
RMU-LAT,848,0.0,0.0
RMU-LAT,288,1.0,1.0
RMU-LAT,225,0.0,0.0
RMU-LAT,943,0.6666666666666666,0.6666666666666666
RMU-LAT,1101,0.0,0.0
RMU-LAT,832,0.0,0.3333333333333333
RMU-LAT,710,0.6666666666666666,0.6666666666666666
RMU-LAT,1258,1.0,1.0
RMU-LAT,1142,0.6666666666666666,0.6666666666666666
RMU-LAT,40,0.6666666666666666,0.6666666666666666
RMU-LAT,386,1.0,1.0
RMU-LAT,114,1.0,1.0
RMU-LAT,1132,0.0,0.0
RMU-LAT,691,1.0,1.0
RMU-LAT,1230,1.0,1.0
RMU-LAT,1006,0.0,0.0
RMU-LAT,590,0.6666666666666666,1.0
RMU-LAT,204,0.3333333333333333,0.3333333333333333
RMU-LAT,1140,0.3333333333333333,0.6666666666666666
RMU-LAT,1201,0.0,0.0
RMU-LAT,1164,0.6666666666666666,1.0
RMU-LAT,496,0.6666666666666666,0.6666666666666666
RMU-LAT,526,0.0,0.0
RMU-LAT,990,1.0,1.0
RMU-LAT,176,0.3333333333333333,0.3333333333333333
RMU-LAT,685,1.0,1.0
RMU-LAT,1187,1.0,0.6666666666666666
RMU-LAT,579,1.0,1.0
RMU-LAT,85,1.0,1.0
RMU-LAT,1263,1.0,1.0
RMU-LAT,1235,0.3333333333333333,0.3333333333333333
RMU-LAT,159,0.0,0.3333333333333333
RMU-LAT,50,0.6666666666666666,0.6666666666666666
RMU-LAT,373,1.0,1.0
RMU-LAT,924,1.0,1.0
RMU-LAT,8,0.3333333333333333,0.6666666666666666
RMU-LAT,702,1.0,1.0
RMU-LAT,384,0.6666666666666666,0.6666666666666666
RMU-LAT,1205,1.0,1.0
RMU-LAT,298,0.6666666666666666,0.6666666666666666
RMU-LAT,572,1.0,1.0
RMU-LAT,824,1.0,1.0
RMU-LAT,738,0.3333333333333333,0.3333333333333333
RMU-LAT,228,0.3333333333333333,0.3333333333333333
RMU-LAT,916,1.0,1.0
RMU-LAT,216,1.0,1.0
RMU-LAT,605,1.0,1.0
RMU-LAT,756,0.6666666666666666,0.6666666666666666
RMU-LAT,532,1.0,1.0
RMU-LAT,796,0.0,0.0
RMU-LAT,271,0.6666666666666666,0.6666666666666666
RMU-LAT,871,0.6666666666666666,0.6666666666666666
RMU-LAT,1261,0.3333333333333333,0.3333333333333333
RMU-LAT,18,0.3333333333333333,0.3333333333333333
RMU-LAT,303,0.6666666666666666,0.6666666666666666
RMU-LAT,183,1.0,1.0
RMU-LAT,652,0.0,0.0
RMU-LAT,464,1.0,1.0
RMU-LAT,478,0.0,0.0
RMU-LAT,424,0.0,0.0
RMU-LAT,393,0.6666666666666666,0.6666666666666666
RMU-LAT,714,1.0,1.0
RMU-LAT,577,0.0,0.0
RMU-LAT,911,0.3333333333333333,0.3333333333333333
RMU-LAT,124,0.0,0.0
RMU-LAT,272,0.6666666666666666,0.6666666666666666
RMU-LAT,59,1.0,1.0
RMU-LAT,1178,0.0,0.0
RMU-LAT,947,1.0,1.0
RMU-LAT,554,1.0,1.0
RMU-LAT,482,0.3333333333333333,0.3333333333333333
RMU-LAT,660,0.3333333333333333,0.3333333333333333
RMU-LAT,903,1.0,1.0
RMU-LAT,209,0.3333333333333333,0.3333333333333333
RMU-LAT,576,1.0,1.0
RMU-LAT,944,1.0,1.0
RMU-LAT,866,0.6666666666666666,0.6666666666666666
RMU-LAT,552,0.6666666666666666,0.6666666666666666
RMU-LAT,793,1.0,1.0
RMU-LAT,1179,1.0,1.0
RMU-LAT,580,0.3333333333333333,0.0
RMU-LAT,1012,1.0,1.0
RMU-LAT,644,0.3333333333333333,0.3333333333333333
RMU-LAT,900,1.0,1.0
RMU-LAT,650,1.0,1.0
RMU-LAT,1153,0.3333333333333333,0.3333333333333333
RMU-LAT,46,1.0,1.0
RMU-LAT,843,1.0,1.0
RMU-LAT,696,1.0,1.0
RMU-LAT,565,0.3333333333333333,0.3333333333333333
RMU-LAT,693,0.6666666666666666,0.6666666666666666
RMU-LAT,1044,1.0,0.6666666666666666
RMU-LAT,904,1.0,1.0
RMU-LAT,26,1.0,1.0
RMU-LAT,415,1.0,1.0
RMU-LAT,703,0.0,0.0
RMU-LAT,1121,1.0,1.0
RMU-LAT,670,1.0,1.0
RMU-LAT,168,0.6666666666666666,1.0
RMU-LAT,1271,1.0,1.0
RMU-LAT,399,0.6666666666666666,0.6666666666666666
RMU-LAT,789,0.6666666666666666,0.6666666666666666
RMU-LAT,172,0.3333333333333333,0.6666666666666666
RMU-LAT,258,0.0,0.0
RMU-LAT,1091,1.0,0.3333333333333333
RMU-LAT,144,0.3333333333333333,0.3333333333333333
RMU-LAT,649,1.0,1.0
RMU-LAT,853,0.6666666666666666,0.6666666666666666
RMU-LAT,831,1.0,1.0
RMU-LAT,996,0.6666666666666666,0.6666666666666666
RMU-LAT,188,0.3333333333333333,0.3333333333333333
RMU-LAT,137,0.3333333333333333,0.6666666666666666
RMU-LAT,982,0.3333333333333333,0.3333333333333333
RMU-LAT,860,1.0,1.0
RMU-LAT,817,1.0,1.0
RMU-LAT,984,1.0,1.0
RMU-LAT,226,0.0,0.0
RMU-LAT,1251,0.6666666666666666,0.6666666666666666
RMU-LAT,620,0.0,0.0
RMU-LAT,265,0.3333333333333333,0.3333333333333333
RMU-LAT,712,1.0,1.0
RMU-LAT,70,1.0,1.0
RMU-LAT,527,0.6666666666666666,0.6666666666666666
RMU-LAT,351,1.0,1.0
RMU-LAT,174,1.0,1.0
RMU-LAT,1269,1.0,1.0
RMU-LAT,1129,1.0,1.0
RMU-LAT,155,0.0,0.3333333333333333
RMU-LAT,318,1.0,1.0
RMU-LAT,880,0.0,0.6666666666666666
RMU-LAT,940,0.3333333333333333,0.3333333333333333
RMU-LAT,912,1.0,1.0
RMU-LAT,1088,1.0,1.0
RMU-LAT,400,0.3333333333333333,0.3333333333333333
RMU-LAT,1124,0.3333333333333333,0.3333333333333333
RMU-LAT,609,0.3333333333333333,0.3333333333333333
RMU-LAT,570,1.0,1.0
RMU-LAT,624,0.3333333333333333,0.3333333333333333
RMU-LAT,211,0.6666666666666666,0.6666666666666666
RMU-LAT,1172,1.0,1.0
RMU-LAT,3,1.0,1.0
RMU-LAT,884,1.0,1.0
RMU-LAT,1059,0.6666666666666666,0.6666666666666666
RMU-LAT,704,1.0,1.0
RMU-LAT,592,0.3333333333333333,0.6666666666666666
RMU-LAT,1222,0.0,0.0
RMU-LAT,357,1.0,1.0
RMU-LAT,921,0.3333333333333333,0.3333333333333333
RMU-LAT,422,1.0,1.0
RMU-LAT,739,0.0,0.0
RMU-LAT,971,1.0,1.0
RMU-LAT,720,1.0,1.0
RMU-LAT,345,0.3333333333333333,0.0
RMU-LAT,256,0.3333333333333333,0.6666666666666666
RMU-LAT,1174,1.0,1.0
RMU-LAT,787,0.0,0.0
RMU-LAT,145,1.0,1.0
RMU-LAT,842,0.6666666666666666,0.6666666666666666
RMU-LAT,1060,0.0,0.0
RMU-LAT,726,0.0,0.0
RMU-LAT,488,0.6666666666666666,0.6666666666666666
RMU-LAT,562,0.3333333333333333,1.0
RMU-LAT,412,0.6666666666666666,1.0
RMU-LAT,90,1.0,1.0
RMU-LAT,469,0.6666666666666666,0.6666666666666666
RMU-LAT,906,0.0,0.0
RMU-LAT,441,0.6666666666666666,0.6666666666666666
RMU-LAT,1095,0.0,0.0
RMU-LAT,584,0.3333333333333333,0.6666666666666666
RMU-LAT,108,0.3333333333333333,0.3333333333333333
RMU-LAT,404,0.0,0.0
RMU-LAT,338,1.0,1.0
RMU-LAT,68,0.3333333333333333,0.3333333333333333
RMU-LAT,928,0.0,0.0
RMU-LAT,863,0.3333333333333333,0.3333333333333333
RMU-LAT,1207,1.0,1.0
RMU-LAT,1078,0.6666666666666666,0.6666666666666666
RMU-LAT,690,0.6666666666666666,0.6666666666666666
RMU-LAT,1211,0.0,0.0
RMU-LAT,700,0.6666666666666666,0.6666666666666666
RMU-LAT,1151,0.6666666666666666,0.6666666666666666
RMU-LAT,1014,0.3333333333333333,0.6666666666666666
RMU-LAT,1090,1.0,1.0
RMU-LAT,1154,0.6666666666666666,0.6666666666666666
RMU-LAT,1182,0.3333333333333333,0.6666666666666666
RMU-LAT,175,1.0,1.0
RMU-LAT,545,1.0,1.0
RMU-LAT,194,0.3333333333333333,0.3333333333333333
RMU-LAT,1220,1.0,1.0
RMU-LAT,922,1.0,1.0
RMU-LAT,611,0.3333333333333333,0.3333333333333333
RMU-LAT,1057,0.3333333333333333,0.3333333333333333
RMU-LAT,1180,0.0,0.0
RMU-LAT,807,1.0,1.0
RMU-LAT,58,1.0,1.0
RMU-LAT,462,1.0,1.0
RMU-LAT,724,0.0,0.0
RMU-LAT,1053,0.0,0.0
RMU-LAT,981,1.0,1.0
RMU-LAT,1234,1.0,1.0
RMU-LAT,261,0.0,0.0
RMU-LAT,398,0.0,0.0
RMU-LAT,1149,0.3333333333333333,0.3333333333333333
RMU-LAT,1217,0.0,0.0
RMU-LAT,764,1.0,1.0
RMU-LAT,561,0.3333333333333333,0.3333333333333333
RMU-LAT,575,0.6666666666666666,0.6666666666666666
RMU-LAT,459,0.0,0.0
RMU-LAT,1019,0.6666666666666666,0.6666666666666666
RMU-LAT,162,0.6666666666666666,0.6666666666666666
RMU-LAT,725,0.3333333333333333,0.3333333333333333
RMU-LAT,933,1.0,1.0
RMU-LAT,637,1.0,1.0
RMU-LAT,937,0.6666666666666666,1.0
RMU-LAT,503,0.6666666666666666,0.6666666666666666
RMU-LAT,235,0.3333333333333333,0.3333333333333333
RMU-LAT,280,0.0,0.0
RMU-LAT,1126,1.0,1.0
RMU-LAT,1253,0.6666666666666666,0.6666666666666666
RMU-LAT,967,1.0,1.0
RMU-LAT,1031,1.0,1.0
RMU-LAT,293,0.3333333333333333,0.3333333333333333
RMU-LAT,1026,1.0,1.0
RMU-LAT,992,1.0,1.0
RMU-LAT,538,0.0,0.0
RMU-LAT,855,1.0,1.0
RMU-LAT,178,0.0,0.0
RMU-LAT,516,0.3333333333333333,0.3333333333333333
RMU-LAT,785,0.3333333333333333,0.3333333333333333
RMU-LAT,67,0.6666666666666666,0.6666666666666666
RMU-LAT,366,1.0,1.0
RMU-LAT,837,1.0,1.0
RMU-LAT,229,0.6666666666666666,1.0
RMU-LAT,353,1.0,1.0
RMU-LAT,708,0.0,0.0
RMU-LAT,707,1.0,1.0
RMU-LAT,812,0.0,0.0
RMU-LAT,84,0.3333333333333333,0.3333333333333333
RMU-LAT,1063,1.0,1.0
RMU-LAT,975,0.3333333333333333,0.3333333333333333
RMU-LAT,591,0.6666666666666666,0.6666666666666666
RMU-LAT,885,0.6666666666666666,0.6666666666666666
RMU-LAT,1248,1.0,1.0
RMU-LAT,559,0.0,0.3333333333333333
RMU-LAT,1264,0.6666666666666666,0.6666666666666666
RMU-LAT,956,1.0,1.0
RMU-LAT,359,0.6666666666666666,0.6666666666666666
RMU-LAT,1062,0.6666666666666666,0.6666666666666666
RMU-LAT,616,0.0,0.3333333333333333
RMU-LAT,282,0.6666666666666666,0.6666666666666666
RMU-LAT,522,0.0,0.0
RMU-LAT,770,0.6666666666666666,0.6666666666666666
RMU-LAT,438,0.6666666666666666,0.0
RMU-LAT,160,0.0,0.0
RMU-LAT,74,1.0,1.0
RMU-LAT,405,0.0,0.3333333333333333
RMU-LAT,993,0.0,0.0
RMU-LAT,1256,0.0,0.0
RMU-LAT,200,0.3333333333333333,0.3333333333333333
RMU-LAT,1109,1.0,1.0
RMU-LAT,517,1.0,1.0
RMU-LAT,257,0.3333333333333333,0.3333333333333333
RMU-LAT,1227,1.0,1.0
RMU-LAT,1262,1.0,0.6666666666666666
RMU-LAT,805,0.6666666666666666,0.6666666666666666
RMU-LAT,295,0.0,0.0
RMU-LAT,746,1.0,1.0
RMU-LAT,715,0.3333333333333333,0.6666666666666666
RMU-LAT,423,0.6666666666666666,0.6666666666666666
RMU-LAT,118,1.0,1.0
RMU-LAT,337,0.6666666666666666,0.6666666666666666
RMU-LAT,946,0.6666666666666666,0.6666666666666666
RMU-LAT,818,1.0,1.0
RMU-LAT,57,1.0,1.0
RMU-LAT,678,1.0,1.0
RMU-LAT,215,1.0,1.0
RMU-LAT,1128,0.3333333333333333,0.3333333333333333
RMU-LAT,529,0.3333333333333333,0.6666666666666666
RMU-LAT,54,1.0,1.0
RMU-LAT,1185,1.0,1.0
RMU-LAT,989,1.0,1.0
RMU-LAT,1097,0.6666666666666666,1.0
RMU-LAT,190,1.0,1.0
RMU-LAT,1029,0.0,0.0
RMU-LAT,214,0.3333333333333333,0.3333333333333333
RMU-LAT,877,1.0,0.6666666666666666
RMU-LAT,446,0.3333333333333333,0.6666666666666666
RMU-LAT,889,1.0,1.0
RMU-LAT,284,0.6666666666666666,0.6666666666666666
RMU-LAT,781,0.0,0.3333333333333333
RMU-LAT,1002,0.0,0.0
RMU-LAT,869,1.0,1.0
RMU-LAT,375,1.0,1.0
RMU-LAT,99,1.0,0.6666666666666666
RMU-LAT,139,1.0,1.0
RMU-LAT,713,0.3333333333333333,0.3333333333333333
RMU-LAT,638,1.0,1.0
RMU-LAT,397,0.3333333333333333,0.6666666666666666
RMU-LAT,962,0.3333333333333333,0.3333333333333333
RMU-LAT,320,0.0,0.3333333333333333
RMU-LAT,246,0.6666666666666666,0.6666666666666666
RMU-LAT,23,0.6666666666666666,0.6666666666666666
RMU-LAT,191,1.0,1.0
RMU-LAT,505,0.3333333333333333,0.3333333333333333
RMU-LAT,264,0.3333333333333333,0.3333333333333333
RMU-LAT,1157,1.0,1.0
RMU-LAT,465,0.6666666666666666,0.3333333333333333
RMU-LAT,1198,0.3333333333333333,0.3333333333333333
RMU-LAT,1233,0.6666666666666666,0.6666666666666666
RMU-LAT,994,0.3333333333333333,0.3333333333333333
RMU-LAT,254,0.0,0.0
RMU-LAT,695,0.6666666666666666,0.6666666666666666
RMU-LAT,325,1.0,1.0
RMU-LAT,917,0.3333333333333333,0.3333333333333333
RMU-LAT,882,1.0,1.0
RMU-LAT,481,1.0,1.0
RMU-LAT,1192,0.3333333333333333,0.3333333333333333
RMU-LAT,520,0.6666666666666666,0.6666666666666666
RMU-LAT,1000,1.0,1.0
RMU-LAT,436,1.0,1.0
RMU-LAT,430,0.0,0.0
RMU-LAT,930,1.0,1.0
RMU-LAT,262,0.3333333333333333,0.3333333333333333
RMU-LAT,960,0.3333333333333333,0.3333333333333333
RMU-LAT,242,0.6666666666666666,0.6666666666666666
RMU-LAT,645,1.0,1.0
RMU-LAT,806,0.6666666666666666,1.0
RMU-LAT,597,0.3333333333333333,0.3333333333333333
RMU-LAT,1155,1.0,1.0
RMU-LAT,780,1.0,1.0
RMU-LAT,751,0.6666666666666666,0.6666666666666666
RMU-LAT,987,0.6666666666666666,0.6666666666666666
RMU-LAT,515,0.0,0.0
RMU-LAT,594,0.0,0.0
RMU-LAT,854,1.0,1.0
RMU-LAT,17,0.0,0.0
RMU-LAT,1020,1.0,1.0
RMU-LAT,486,1.0,1.0
RMU-LAT,103,0.6666666666666666,0.6666666666666666
RMU-LAT,414,0.6666666666666666,0.3333333333333333
RMU-LAT,775,0.0,0.6666666666666666
RMU-LAT,327,1.0,1.0
RMU-LAT,104,1.0,1.0
RMU-LAT,1171,1.0,1.0
RMU-LAT,915,0.3333333333333333,0.3333333333333333
RMU-LAT,722,1.0,1.0
RMU-LAT,485,1.0,1.0
RMU-LAT,970,1.0,1.0
RMU-LAT,1169,0.6666666666666666,0.6666666666666666
RMU-LAT,443,0.0,0.0
RMU-LAT,210,1.0,1.0
RMU-LAT,786,0.3333333333333333,0.3333333333333333
RMU-LAT,31,0.0,0.0
RMU-LAT,938,0.6666666666666666,0.6666666666666666
RMU-LAT,681,1.0,1.0
RMU-LAT,1054,0.0,0.0
RMU-LAT,383,0.6666666666666666,0.6666666666666666
RMU-LAT,1043,1.0,1.0
RMU-LAT,955,0.0,0.0
RMU-LAT,355,0.6666666666666666,0.6666666666666666
RMU-LAT,1117,1.0,1.0
RMU-LAT,836,1.0,1.0
RMU-LAT,926,0.6666666666666666,0.6666666666666666
RMU-LAT,568,0.3333333333333333,1.0
RMU-LAT,460,0.0,0.0
RMU-LAT,709,0.6666666666666666,0.6666666666666666
RMU-LAT,19,0.3333333333333333,0.3333333333333333
RMU-LAT,16,0.0,0.0
RMU-LAT,308,1.0,1.0
RMU-LAT,73,1.0,1.0
RMU-LAT,52,0.3333333333333333,0.3333333333333333
RMU-LAT,1009,0.6666666666666666,0.6666666666666666
RMU-LAT,1073,0.6666666666666666,0.6666666666666666
RMU-LAT,733,1.0,1.0
RMU-LAT,886,0.6666666666666666,0.6666666666666666
RMU-LAT,1089,0.6666666666666666,0.6666666666666666
RMU-LAT,815,1.0,1.0
RMU-LAT,574,0.0,0.0
RMU-LAT,456,0.6666666666666666,0.6666666666666666
RMU-LAT,1069,1.0,1.0
RMU-LAT,466,0.3333333333333333,0.3333333333333333
RMU-LAT,658,1.0,1.0
RMU-LAT,249,0.6666666666666666,0.6666666666666666
RMU-LAT,830,0.6666666666666666,0.6666666666666666
RMU-LAT,778,0.6666666666666666,0.6666666666666666
RMU-LAT,227,0.3333333333333333,0.3333333333333333
RMU-LAT,247,0.0,0.0
RMU-LAT,1092,0.0,0.3333333333333333
RMU-LAT,1165,1.0,0.3333333333333333
RMU-LAT,170,0.6666666666666666,0.6666666666666666
RMU-LAT,294,0.3333333333333333,0.3333333333333333
RMU-LAT,1046,0.0,0.0
RMU-LAT,750,1.0,1.0
RMU-LAT,89,0.3333333333333333,0.3333333333333333
RMU-LAT,661,0.3333333333333333,0.3333333333333333
RMU-LAT,1214,1.0,1.0
RMU-LAT,524,0.0,0.0
RMU-LAT,109,1.0,1.0
RMU-LAT,494,0.6666666666666666,0.6666666666666666
RMU-LAT,852,1.0,1.0
RMU-LAT,497,0.6666666666666666,0.6666666666666666
RMU-LAT,834,1.0,1.0
RMU-LAT,798,0.3333333333333333,0.3333333333333333
RMU-LAT,519,0.6666666666666666,0.6666666666666666
RMU-LAT,600,1.0,1.0
RMU-LAT,604,0.6666666666666666,0.6666666666666666
RMU-LAT,816,0.6666666666666666,0.6666666666666666
RMU-LAT,358,0.0,0.0
RMU-LAT,1136,0.0,0.3333333333333333
RMU-LAT,867,1.0,1.0
RMU-LAT,181,0.3333333333333333,1.0
RMU-LAT,587,0.6666666666666666,0.3333333333333333
RMU-LAT,122,0.3333333333333333,0.3333333333333333
RMU-LAT,948,0.0,0.3333333333333333
RMU-LAT,391,0.0,0.0
RMU-LAT,165,0.6666666666666666,0.6666666666666666
RMU-LAT,449,0.3333333333333333,0.3333333333333333
RMU-LAT,838,0.3333333333333333,0.3333333333333333
RMU-LAT,401,1.0,0.6666666666666666
RMU-LAT,149,0.3333333333333333,0.3333333333333333
RMU-LAT,894,0.3333333333333333,0.6666666666666666
RMU-LAT,1245,1.0,1.0
RMU-LAT,37,0.6666666666666666,0.6666666666666666
RMU-LAT,428,0.3333333333333333,0.3333333333333333
RMU-LAT,1018,0.3333333333333333,0.3333333333333333
RMU-LAT,566,0.0,0.3333333333333333
RMU-LAT,769,1.0,1.0
RMU-LAT,949,0.3333333333333333,0.3333333333333333
RMU-LAT,13,1.0,1.0
RMU-LAT,727,0.0,0.0
RMU-LAT,799,0.0,0.3333333333333333
RMU-LAT,95,1.0,1.0
RMU-LAT,846,1.0,1.0
RMU-LAT,348,0.0,0.0
RMU-LAT,487,0.0,0.0
RMU-LAT,500,0.6666666666666666,0.6666666666666666
RMU-LAT,1008,1.0,1.0
RMU-LAT,411,1.0,1.0
RMU-LAT,1056,0.6666666666666666,0.6666666666666666
RMU-LAT,316,0.0,0.0
RMU-LAT,251,0.6666666666666666,0.6666666666666666
RMU-LAT,1007,0.6666666666666666,0.6666666666666666
RMU-LAT,1120,0.3333333333333333,0.3333333333333333
RMU-LAT,1102,0.6666666666666666,0.6666666666666666
RMU-LAT,844,1.0,1.0
RMU-LAT,760,0.3333333333333333,0.3333333333333333
RMU-LAT,376,1.0,1.0
RMU-LAT,1087,0.3333333333333333,0.3333333333333333
RMU-LAT,270,0.6666666666666666,0.6666666666666666
RMU-LAT,1037,0.3333333333333333,0.3333333333333333
RMU-LAT,986,1.0,0.6666666666666666
RMU-LAT,788,1.0,1.0
RMU-LAT,161,1.0,1.0
RMU-LAT,392,0.3333333333333333,0.3333333333333333
RMU-LAT,207,0.0,0.3333333333333333
RMU-LAT,507,0.6666666666666666,0.3333333333333333
RMU-LAT,1042,0.0,0.0
RMU-LAT,665,1.0,1.0
RMU-LAT,523,0.0,0.3333333333333333
RMU-LAT,893,1.0,1.0
RMU-LAT,205,1.0,1.0
RMU-LAT,335,1.0,1.0
RMU-LAT,458,1.0,1.0
RMU-LAT,76,0.0,0.0
RMU-LAT,362,0.3333333333333333,0.3333333333333333
RMU-LAT,1216,0.6666666666666666,0.6666666666666666
RMU-LAT,407,0.6666666666666666,1.0
RMU-LAT,1221,1.0,1.0
RMU-LAT,977,0.6666666666666666,0.6666666666666666
RMU-LAT,1028,1.0,1.0
RMU-LAT,1118,1.0,1.0
RMU-LAT,560,0.3333333333333333,0.3333333333333333
RMU-LAT,499,1.0,1.0
RMU-LAT,323,0.0,0.0
RMU-LAT,93,1.0,1.0
RMU-LAT,862,0.0,0.0
RMU-LAT,1022,0.3333333333333333,0.0
RMU-LAT,840,1.0,1.0
RMU-LAT,763,1.0,0.3333333333333333
RMU-LAT,564,0.6666666666666666,0.6666666666666666
RMU-LAT,32,0.3333333333333333,0.3333333333333333
RMU-LAT,364,0.0,0.0
RMU-LAT,667,0.0,0.0
RMU-LAT,440,0.3333333333333333,0.3333333333333333
RMU-LAT,633,0.6666666666666666,0.6666666666666666
RMU-LAT,642,0.3333333333333333,0.3333333333333333
RMU-LAT,416,0.3333333333333333,0.3333333333333333
RMU-LAT,452,0.6666666666666666,0.6666666666666666
RMU-LAT,81,1.0,1.0
RMU-LAT,1160,0.0,0.0
RMU-LAT,820,1.0,1.0
RMU-LAT,1241,1.0,1.0
RMU-LAT,311,0.6666666666666666,0.6666666666666666
RMU-LAT,873,0.6666666666666666,0.6666666666666666
RMU-LAT,450,0.0,0.0
RMU-LAT,1076,0.6666666666666666,0.6666666666666666
RMU-LAT,721,0.3333333333333333,0.3333333333333333
RMU-LAT,106,0.3333333333333333,0.3333333333333333
RMU-LAT,1146,0.6666666666666666,0.6666666666666666
RMU-LAT,888,1.0,1.0
RMU-LAT,533,0.3333333333333333,0.3333333333333333
RMU-LAT,730,1.0,1.0
RMU-LAT,105,0.6666666666666666,0.6666666666666666
RMU-LAT,266,0.6666666666666666,0.6666666666666666
RMU-LAT,1184,1.0,1.0
RMU-LAT,978,0.0,0.0
RMU-LAT,1176,0.3333333333333333,0.3333333333333333
RMU-LAT,39,1.0,1.0
RMU-LAT,339,1.0,1.0
RMU-LAT,961,1.0,1.0
RMU-LAT,525,0.0,0.0
RMU-LAT,189,0.6666666666666666,0.6666666666666666
RMU-LAT,1111,1.0,1.0
RMU-LAT,732,0.6666666666666666,0.3333333333333333
RMU-LAT,5,0.3333333333333333,0.3333333333333333
RMU-LAT,442,0.6666666666666666,0.6666666666666666
RMU-LAT,861,1.0,1.0
RMU-LAT,878,0.0,0.3333333333333333
RMU-LAT,1138,1.0,1.0
RMU-LAT,851,1.0,1.0
RMU-LAT,1147,1.0,1.0
RMU-LAT,301,0.3333333333333333,0.3333333333333333
RMU-LAT,1215,0.0,0.0
RMU-LAT,718,0.3333333333333333,0.3333333333333333
RMU-LAT,998,0.3333333333333333,0.3333333333333333
RMU-LAT,654,0.0,0.0
RMU-LAT,1135,1.0,1.0
RMU-LAT,329,1.0,1.0
RMU-LAT,279,0.6666666666666666,0.6666666666666666
RMU-LAT,277,1.0,1.0
RMU-LAT,919,0.0,0.3333333333333333
RMU-LAT,349,1.0,1.0
RMU-LAT,1243,0.3333333333333333,0.3333333333333333
RMU-LAT,65,0.0,0.0
RMU-LAT,1259,1.0,1.0
RMU-LAT,1093,0.3333333333333333,0.3333333333333333
RMU-LAT,410,1.0,1.0
RMU-LAT,689,0.6666666666666666,0.3333333333333333
RMU-LAT,177,0.6666666666666666,0.6666666666666666
RMU-LAT,534,1.0,1.0
RMU-LAT,117,0.3333333333333333,0.6666666666666666
RMU-LAT,372,0.0,0.0
RMU-LAT,1034,0.6666666666666666,1.0
RMU-LAT,628,1.0,1.0
RMU-LAT,821,1.0,0.6666666666666666
RMU-LAT,669,0.6666666666666666,0.6666666666666666
RMU-LAT,63,0.3333333333333333,0.3333333333333333
RMU-LAT,735,0.6666666666666666,0.6666666666666666
RMU-LAT,951,1.0,0.6666666666666666
RMU-LAT,1025,0.6666666666666666,0.6666666666666666
RMU-LAT,42,0.6666666666666666,0.6666666666666666
RMU-LAT,167,1.0,1.0
RMU-LAT,809,0.0,0.0
RMU-LAT,1100,1.0,1.0
RMU-LAT,313,1.0,1.0
RMU-LAT,296,1.0,1.0
RMU-LAT,490,1.0,1.0
RMU-LAT,543,0.3333333333333333,0.3333333333333333
RMU-LAT,641,1.0,1.0
RMU-LAT,290,0.0,0.0
RMU-LAT,617,0.6666666666666666,0.6666666666666666
RMU-LAT,779,0.0,0.3333333333333333
RMU-LAT,910,1.0,1.0
RMU-LAT,212,0.6666666666666666,0.6666666666666666
RMU-LAT,979,1.0,1.0
RMU-LAT,555,1.0,1.0
RMU-LAT,1058,0.6666666666666666,0.6666666666666666
RMU-LAT,672,0.3333333333333333,0.3333333333333333
RMU-LAT,317,0.3333333333333333,0.3333333333333333
RMU-LAT,1081,1.0,1.0
RMU-LAT,535,1.0,1.0
RMU-LAT,1039,1.0,1.0
RMU-LAT,432,0.0,0.0
RMU-LAT,828,0.0,0.0
RMU-LAT,621,1.0,1.0
RMU-LAT,1161,1.0,1.0
RMU-LAT,287,0.6666666666666666,0.6666666666666666
RMU-LAT,451,0.0,0.0
RMU-LAT,1013,0.3333333333333333,0.3333333333333333
RMU-LAT,528,0.3333333333333333,0.0
RMU-LAT,300,0.3333333333333333,0.6666666666666666
RMU-LAT,752,0.6666666666666666,0.6666666666666666
RMU-LAT,622,1.0,1.0
RMU-LAT,995,0.6666666666666666,0.6666666666666666
RMU-LAT,1219,1.0,1.0
RMU-LAT,34,0.3333333333333333,0.3333333333333333
RMU-LAT,286,0.6666666666666666,0.3333333333333333
RMU-LAT,314,1.0,1.0
RMU-LAT,333,1.0,1.0
RMU-LAT,182,0.6666666666666666,0.3333333333333333
RMU-LAT,49,0.6666666666666666,0.6666666666666666
RMU-LAT,102,0.3333333333333333,0.3333333333333333
RMU-LAT,687,0.6666666666666666,0.6666666666666666
RMU-LAT,41,1.0,1.0
RMU-LAT,275,0.0,0.0
RMU-LAT,675,0.3333333333333333,0.6666666666666666
RMU-LAT,1137,1.0,1.0
RMU-LAT,749,0.6666666666666666,0.6666666666666666
RMU-LAT,908,1.0,1.0
RMU-LAT,437,0.6666666666666666,0.6666666666666666
RMU-LAT,491,0.6666666666666666,0.6666666666666666
RMU-LAT,141,1.0,1.0
RMU-LAT,706,0.3333333333333333,0.3333333333333333
RMU-LAT,973,0.3333333333333333,0.3333333333333333
RepNoise,331,0.6666666666666666,0.6666666666666666
RepNoise,1189,1.0,1.0
RepNoise,918,0.6666666666666666,0.6666666666666666
RepNoise,1238,1.0,1.0
RepNoise,130,0.3333333333333333,0.3333333333333333
RepNoise,237,1.0,1.0
RepNoise,30,0.6666666666666666,0.6666666666666666
RepNoise,1096,1.0,1.0
RepNoise,827,0.6666666666666666,1.0
RepNoise,82,0.3333333333333333,0.3333333333333333
RepNoise,231,1.0,1.0
RepNoise,1016,0.3333333333333333,0.3333333333333333
RepNoise,653,0.3333333333333333,0.3333333333333333
RepNoise,111,1.0,1.0
RepNoise,479,1.0,1.0
RepNoise,1094,0.0,0.0
RepNoise,45,0.6666666666666666,0.6666666666666666
RepNoise,185,0.3333333333333333,0.0
RepNoise,379,0.3333333333333333,1.0
RepNoise,495,0.0,0.0
RepNoise,736,0.3333333333333333,0.3333333333333333
RepNoise,676,0.3333333333333333,0.3333333333333333
RepNoise,232,1.0,1.0
RepNoise,932,1.0,1.0
RepNoise,634,1.0,1.0
RepNoise,1250,1.0,1.0
RepNoise,47,0.3333333333333333,0.3333333333333333
RepNoise,306,0.0,0.0
RepNoise,876,0.6666666666666666,0.6666666666666666
RepNoise,60,0.0,0.0
RepNoise,150,1.0,1.0
RepNoise,1223,1.0,1.0
RepNoise,582,0.0,0.6666666666666666
RepNoise,463,1.0,1.0
RepNoise,1066,0.0,0.0
RepNoise,674,0.0,0.0
RepNoise,455,1.0,0.3333333333333333
RepNoise,1079,0.0,0.0
RepNoise,1067,0.3333333333333333,0.6666666666666666
RepNoise,701,1.0,1.0
RepNoise,187,0.0,0.6666666666666666
RepNoise,142,0.6666666666666666,0.6666666666666666
RepNoise,776,0.0,0.0
RepNoise,179,0.3333333333333333,0.6666666666666666
RepNoise,772,0.0,0.0
RepNoise,1199,0.3333333333333333,0.3333333333333333
RepNoise,171,0.6666666666666666,0.6666666666666666
RepNoise,134,0.6666666666666666,0.6666666666666666
RepNoise,129,0.3333333333333333,0.3333333333333333
RepNoise,1141,0.0,0.0
RepNoise,83,0.0,0.6666666666666666
RepNoise,771,0.0,0.0
RepNoise,1229,1.0,0.6666666666666666
RepNoise,1070,1.0,1.0
RepNoise,222,0.3333333333333333,0.3333333333333333
RepNoise,1226,0.3333333333333333,0.3333333333333333
RepNoise,233,1.0,1.0
RepNoise,1017,0.3333333333333333,1.0
RepNoise,639,0.6666666666666666,0.6666666666666666
RepNoise,350,1.0,0.6666666666666666
RepNoise,472,0.3333333333333333,0.3333333333333333
RepNoise,1170,1.0,1.0
RepNoise,116,0.3333333333333333,0.0
RepNoise,448,0.0,0.0
RepNoise,573,0.3333333333333333,0.0
RepNoise,434,0.6666666666666666,0.6666666666666666
RepNoise,127,0.3333333333333333,0.6666666666666666
RepNoise,480,0.0,0.0
RepNoise,773,0.3333333333333333,0.3333333333333333
RepNoise,143,0.6666666666666666,0.6666666666666666
RepNoise,80,0.0,0.0
RepNoise,925,1.0,1.0
RepNoise,913,0.6666666666666666,0.6666666666666666
RepNoise,20,0.0,0.0
RepNoise,942,1.0,1.0
RepNoise,289,1.0,1.0
RepNoise,429,0.0,0.0
RepNoise,356,1.0,1.0
RepNoise,309,0.3333333333333333,0.3333333333333333
RepNoise,997,1.0,1.0
RepNoise,883,1.0,1.0
RepNoise,1148,1.0,1.0
RepNoise,599,0.0,0.0
RepNoise,123,0.3333333333333333,0.3333333333333333
RepNoise,711,0.0,0.0
RepNoise,914,0.0,0.0
RepNoise,1005,1.0,1.0
RepNoise,1083,1.0,1.0
RepNoise,1072,0.0,0.0
RepNoise,1036,0.6666666666666666,0.6666666666666666
RepNoise,77,0.6666666666666666,0.6666666666666666
RepNoise,447,0.6666666666666666,1.0
RepNoise,322,1.0,1.0
RepNoise,354,1.0,1.0
RepNoise,241,0.3333333333333333,0.6666666666666666
RepNoise,608,0.6666666666666666,0.6666666666666666
RepNoise,1098,1.0,1.0
RepNoise,548,0.6666666666666666,1.0
RepNoise,43,0.3333333333333333,0.3333333333333333
RepNoise,958,0.0,0.0
RepNoise,939,0.3333333333333333,1.0
RepNoise,898,0.6666666666666666,0.6666666666666666
RepNoise,69,1.0,1.0
RepNoise,959,0.3333333333333333,0.3333333333333333
RepNoise,1186,0.6666666666666666,0.3333333333333333
RepNoise,135,0.3333333333333333,0.6666666666666666
RepNoise,630,1.0,1.0
RepNoise,892,1.0,0.6666666666666666
RepNoise,601,1.0,1.0
RepNoise,238,1.0,1.0
RepNoise,396,0.3333333333333333,0.3333333333333333
RepNoise,1048,0.6666666666666666,0.6666666666666666
RepNoise,544,1.0,0.3333333333333333
RepNoise,945,0.6666666666666666,0.6666666666666666
RepNoise,471,0.6666666666666666,0.6666666666666666
RepNoise,157,1.0,1.0
RepNoise,969,1.0,1.0
RepNoise,1035,0.3333333333333333,1.0
RepNoise,100,1.0,1.0
RepNoise,305,1.0,1.0
RepNoise,723,1.0,1.0
RepNoise,731,1.0,1.0
RepNoise,140,0.6666666666666666,0.3333333333333333
RepNoise,1051,1.0,1.0
RepNoise,1213,0.0,0.0
RepNoise,694,0.3333333333333333,0.6666666666666666
RepNoise,36,0.3333333333333333,0.3333333333333333
RepNoise,1103,0.0,0.0
RepNoise,152,0.6666666666666666,0.6666666666666666
RepNoise,1112,0.6666666666666666,0.6666666666666666
RepNoise,1130,1.0,1.0
RepNoise,802,1.0,1.0
RepNoise,774,0.3333333333333333,0.6666666666666666
RepNoise,656,1.0,1.0
RepNoise,431,0.6666666666666666,0.6666666666666666
RepNoise,1125,1.0,1.0
RepNoise,1086,0.0,0.0
RepNoise,10,0.6666666666666666,0.6666666666666666
RepNoise,607,1.0,1.0
RepNoise,929,0.3333333333333333,0.3333333333333333
RepNoise,744,1.0,1.0
RepNoise,223,0.3333333333333333,0.3333333333333333
RepNoise,905,0.3333333333333333,0.3333333333333333
RepNoise,857,0.0,0.0
RepNoise,388,0.6666666666666666,0.6666666666666666
RepNoise,483,1.0,1.0
RepNoise,1041,0.0,0.0
RepNoise,493,0.6666666666666666,0.6666666666666666
RepNoise,180,0.0,0.0
RepNoise,1050,1.0,1.0
RepNoise,629,0.0,0.0
RepNoise,792,0.0,0.0
RepNoise,1266,0.0,0.0
RepNoise,747,1.0,0.6666666666666666
RepNoise,742,1.0,1.0
RepNoise,380,0.6666666666666666,1.0
RepNoise,966,1.0,0.6666666666666666
RepNoise,146,1.0,1.0
RepNoise,697,0.6666666666666666,0.6666666666666666
RepNoise,682,1.0,1.0
RepNoise,315,0.3333333333333333,0.3333333333333333
RepNoise,369,1.0,1.0
RepNoise,811,0.0,0.0
RepNoise,1114,0.0,0.0
RepNoise,1231,1.0,1.0
RepNoise,51,1.0,1.0
RepNoise,825,1.0,1.0
RepNoise,304,0.6666666666666666,0.6666666666666666
RepNoise,457,0.3333333333333333,0.3333333333333333
RepNoise,640,0.6666666666666666,0.6666666666666666
RepNoise,66,0.3333333333333333,0.0
RepNoise,421,0.0,0.0
RepNoise,21,0.3333333333333333,0.3333333333333333
RepNoise,475,0.3333333333333333,0.3333333333333333
RepNoise,368,1.0,1.0
RepNoise,1045,0.6666666666666666,1.0
RepNoise,1074,0.3333333333333333,0.3333333333333333
RepNoise,25,0.6666666666666666,0.6666666666666666
RepNoise,0,0.6666666666666666,0.6666666666666666
RepNoise,684,1.0,1.0
RepNoise,184,0.0,0.0
RepNoise,783,0.6666666666666666,0.6666666666666666
RepNoise,14,0.0,0.0
RepNoise,1190,0.0,0.0
RepNoise,546,0.6666666666666666,0.6666666666666666
RepNoise,461,0.3333333333333333,0.3333333333333333
RepNoise,248,0.6666666666666666,0.6666666666666666
RepNoise,768,1.0,1.0
RepNoise,1082,0.6666666666666666,0.6666666666666666
RepNoise,849,0.0,0.0
RepNoise,435,0.6666666666666666,1.0
RepNoise,872,0.3333333333333333,0.3333333333333333
RepNoise,875,0.0,0.0
RepNoise,539,0.0,0.0
RepNoise,1236,0.6666666666666666,0.6666666666666666
RepNoise,999,0.0,0.0
RepNoise,627,0.3333333333333333,0.3333333333333333
RepNoise,213,1.0,1.0
RepNoise,927,0.6666666666666666,0.6666666666666666
RepNoise,1202,0.6666666666666666,0.6666666666666666
RepNoise,173,0.3333333333333333,0.6666666666666666
RepNoise,729,0.0,0.0
RepNoise,985,0.6666666666666666,1.0
RepNoise,1232,0.3333333333333333,0.3333333333333333
RepNoise,1158,0.3333333333333333,0.6666666666666666
RepNoise,420,1.0,1.0
RepNoise,896,0.3333333333333333,0.3333333333333333
RepNoise,1055,0.6666666666666666,0.6666666666666666
RepNoise,595,0.3333333333333333,0.3333333333333333
RepNoise,1131,0.0,0.0
RepNoise,935,0.0,0.0
RepNoise,636,1.0,1.0
RepNoise,492,0.6666666666666666,0.6666666666666666
RepNoise,1084,1.0,1.0
RepNoise,1110,0.0,0.0
RepNoise,501,0.6666666666666666,0.6666666666666666
RepNoise,897,0.0,0.6666666666666666
RepNoise,810,0.6666666666666666,0.6666666666666666
RepNoise,1225,0.3333333333333333,0.3333333333333333
RepNoise,352,1.0,1.0
RepNoise,230,1.0,1.0
RepNoise,1200,0.6666666666666666,0.6666666666666666
RepNoise,198,1.0,1.0
RepNoise,1105,0.6666666666666666,1.0
RepNoise,767,1.0,1.0
RepNoise,698,0.6666666666666666,1.0
RepNoise,510,1.0,1.0
RepNoise,632,0.6666666666666666,0.6666666666666666
RepNoise,1001,0.3333333333333333,0.3333333333333333
RepNoise,367,0.6666666666666666,0.6666666666666666
RepNoise,11,0.3333333333333333,1.0
RepNoise,518,0.3333333333333333,0.3333333333333333
RepNoise,563,0.6666666666666666,0.6666666666666666
RepNoise,1242,1.0,1.0
RepNoise,97,1.0,1.0
RepNoise,1134,0.0,0.0
RepNoise,131,1.0,1.0
RepNoise,1257,0.3333333333333333,0.3333333333333333
RepNoise,158,1.0,0.6666666666666666
RepNoise,664,0.6666666666666666,0.6666666666666666
RepNoise,646,1.0,1.0
RepNoise,278,0.3333333333333333,0.3333333333333333
RepNoise,1167,1.0,1.0
RepNoise,841,0.0,0.0
RepNoise,427,1.0,1.0
RepNoise,236,0.3333333333333333,0.3333333333333333
RepNoise,740,1.0,1.0
RepNoise,395,1.0,1.0
RepNoise,757,0.3333333333333333,0.3333333333333333
RepNoise,110,0.6666666666666666,0.6666666666666666
RepNoise,133,1.0,1.0
RepNoise,965,1.0,1.0
RepNoise,343,1.0,1.0
RepNoise,61,1.0,0.6666666666666666
RepNoise,1139,1.0,1.0
RepNoise,220,0.3333333333333333,0.6666666666666666
RepNoise,1162,0.3333333333333333,1.0
RepNoise,511,0.6666666666666666,0.6666666666666666
RepNoise,252,0.6666666666666666,0.3333333333333333
RepNoise,941,0.0,0.0
RepNoise,128,1.0,0.6666666666666666
RepNoise,203,1.0,0.6666666666666666
RepNoise,29,0.3333333333333333,0.3333333333333333
RepNoise,444,1.0,1.0
RepNoise,845,1.0,1.0
RepNoise,2,1.0,1.0
RepNoise,839,1.0,1.0
RepNoise,1004,1.0,1.0
RepNoise,156,1.0,1.0
RepNoise,324,1.0,1.0
RepNoise,745,0.3333333333333333,0.6666666666666666
RepNoise,1177,0.3333333333333333,1.0
RepNoise,1027,1.0,1.0
RepNoise,283,0.0,0.0
RepNoise,741,0.0,0.0
RepNoise,964,0.6666666666666666,1.0
RepNoise,801,0.0,0.0
RepNoise,557,0.3333333333333333,0.3333333333333333
RepNoise,759,0.6666666666666666,0.6666666666666666
RepNoise,901,1.0,1.0
RepNoise,1049,0.6666666666666666,0.6666666666666666
RepNoise,833,1.0,0.3333333333333333
RepNoise,419,0.6666666666666666,0.6666666666666666
RepNoise,865,0.3333333333333333,1.0
RepNoise,1107,0.3333333333333333,0.6666666666666666
RepNoise,647,0.0,0.3333333333333333
RepNoise,1244,0.6666666666666666,0.6666666666666666
RepNoise,558,0.3333333333333333,0.6666666666666666
RepNoise,1085,1.0,0.3333333333333333
RepNoise,281,0.0,0.0
RepNoise,1133,1.0,1.0
RepNoise,612,1.0,1.0
RepNoise,477,0.3333333333333333,0.3333333333333333
RepNoise,132,0.0,0.3333333333333333
RepNoise,803,0.3333333333333333,0.6666666666666666
RepNoise,361,1.0,1.0
RepNoise,549,1.0,1.0
RepNoise,891,1.0,1.0
RepNoise,631,1.0,1.0
RepNoise,879,0.0,0.0
RepNoise,378,1.0,1.0
RepNoise,1272,1.0,1.0
RepNoise,808,1.0,1.0
RepNoise,151,0.3333333333333333,0.3333333333333333
RepNoise,389,0.0,0.0
RepNoise,626,0.6666666666666666,0.6666666666666666
RepNoise,1038,0.0,0.0
RepNoise,699,0.3333333333333333,1.0
RepNoise,136,0.6666666666666666,0.6666666666666666
RepNoise,307,0.0,0.0
RepNoise,1071,1.0,1.0
RepNoise,1194,0.3333333333333333,0.3333333333333333
RepNoise,581,0.3333333333333333,0.6666666666666666
RepNoise,1,1.0,1.0
RepNoise,365,1.0,1.0
RepNoise,94,0.6666666666666666,0.6666666666666666
RepNoise,567,1.0,1.0
RepNoise,243,1.0,1.0
RepNoise,537,0.0,0.0
RepNoise,777,0.3333333333333333,0.3333333333333333
RepNoise,719,1.0,1.0
RepNoise,602,1.0,1.0
RepNoise,218,0.6666666666666666,1.0
RepNoise,513,0.3333333333333333,0.3333333333333333
RepNoise,826,1.0,1.0
RepNoise,484,0.0,0.0
RepNoise,470,0.6666666666666666,0.6666666666666666
RepNoise,406,0.6666666666666666,0.6666666666666666
RepNoise,895,0.6666666666666666,0.6666666666666666
RepNoise,1104,1.0,1.0
RepNoise,680,0.6666666666666666,0.6666666666666666
RepNoise,625,0.3333333333333333,0.3333333333333333
RepNoise,38,0.3333333333333333,0.3333333333333333
RepNoise,474,1.0,1.0
RepNoise,78,0.3333333333333333,0.3333333333333333
RepNoise,259,0.6666666666666666,0.6666666666666666
RepNoise,1210,0.0,0.0
RepNoise,147,0.3333333333333333,0.0
RepNoise,819,0.3333333333333333,0.6666666666666666
RepNoise,765,0.6666666666666666,1.0
RepNoise,371,1.0,1.0
RepNoise,957,1.0,1.0
RepNoise,1156,1.0,1.0
RepNoise,263,0.0,0.0
RepNoise,340,0.3333333333333333,0.3333333333333333
RepNoise,509,0.3333333333333333,0.3333333333333333
RepNoise,677,0.6666666666666666,1.0
RepNoise,498,0.3333333333333333,0.3333333333333333
RepNoise,934,0.0,0.0
RepNoise,1270,1.0,1.0
RepNoise,1195,0.6666666666666666,0.6666666666666666
RepNoise,467,0.3333333333333333,0.3333333333333333
RepNoise,1206,1.0,1.0
RepNoise,244,1.0,0.6666666666666666
RepNoise,953,0.6666666666666666,1.0
RepNoise,651,0.3333333333333333,0.3333333333333333
RepNoise,1239,0.6666666666666666,0.3333333333333333
RepNoise,186,0.6666666666666666,0.3333333333333333
RepNoise,273,0.3333333333333333,0.6666666666666666
RepNoise,453,1.0,1.0
RepNoise,692,0.0,0.0
RepNoise,336,0.3333333333333333,0.3333333333333333
RepNoise,551,0.3333333333333333,0.3333333333333333
RepNoise,1204,0.3333333333333333,0.3333333333333333
RepNoise,804,1.0,1.0
RepNoise,24,0.6666666666666666,0.6666666666666666
RepNoise,12,0.0,0.0
RepNoise,1193,1.0,1.0
RepNoise,55,0.3333333333333333,0.3333333333333333
RepNoise,663,0.0,0.0
RepNoise,716,0.6666666666666666,0.6666666666666666
RepNoise,346,0.3333333333333333,0.3333333333333333
RepNoise,655,0.6666666666666666,0.6666666666666666
RepNoise,7,0.6666666666666666,0.6666666666666666
RepNoise,556,1.0,1.0
RepNoise,197,0.0,0.0
RepNoise,1209,0.6666666666666666,0.6666666666666666
RepNoise,784,1.0,1.0
RepNoise,253,0.3333333333333333,0.3333333333333333
RepNoise,762,0.0,0.0
RepNoise,1040,0.6666666666666666,0.3333333333333333
RepNoise,98,0.0,0.0
RepNoise,35,0.6666666666666666,0.6666666666666666
RepNoise,1237,1.0,0.6666666666666666
RepNoise,909,0.0,0.3333333333333333
RepNoise,321,0.6666666666666666,0.3333333333333333
RepNoise,91,0.0,0.0
RepNoise,859,0.0,0.6666666666666666
RepNoise,312,0.6666666666666666,0.6666666666666666
RepNoise,250,0.3333333333333333,0.6666666666666666
RepNoise,1032,0.3333333333333333,0.3333333333333333
RepNoise,195,0.0,0.0
RepNoise,310,1.0,1.0
RepNoise,328,1.0,1.0
RepNoise,297,0.6666666666666666,0.6666666666666666
RepNoise,657,0.6666666666666666,1.0
RepNoise,659,0.6666666666666666,0.6666666666666666
RepNoise,1015,0.0,0.0
RepNoise,1265,0.6666666666666666,0.6666666666666666
RepNoise,1115,1.0,1.0
RepNoise,217,0.0,0.0
RepNoise,1268,0.6666666666666666,0.3333333333333333
RepNoise,1175,1.0,1.0
RepNoise,1181,0.0,0.0
RepNoise,326,0.6666666666666666,0.6666666666666666
RepNoise,542,0.0,0.0
RepNoise,988,0.6666666666666666,1.0
RepNoise,976,0.6666666666666666,0.6666666666666666
RepNoise,553,0.0,0.0
RepNoise,1099,0.0,0.0
RepNoise,1064,0.0,0.0
RepNoise,374,1.0,1.0
RepNoise,1150,0.6666666666666666,1.0
RepNoise,489,0.0,0.0
RepNoise,890,0.3333333333333333,0.6666666666666666
RepNoise,514,0.3333333333333333,0.3333333333333333
RepNoise,593,0.0,0.6666666666666666
RepNoise,1080,1.0,1.0
RepNoise,101,0.0,0.0
RepNoise,950,1.0,0.6666666666666666
RepNoise,753,0.0,0.3333333333333333
RepNoise,332,0.0,0.6666666666666666
RepNoise,585,0.0,0.0
RepNoise,1061,0.3333333333333333,0.3333333333333333
RepNoise,761,0.6666666666666666,0.6666666666666666
RepNoise,125,0.6666666666666666,0.6666666666666666
RepNoise,48,1.0,1.0
RepNoise,814,0.6666666666666666,1.0
RepNoise,1106,0.0,0.0
RepNoise,1260,0.6666666666666666,0.6666666666666666
RepNoise,794,0.0,0.0
RepNoise,1218,1.0,1.0
RepNoise,1197,0.0,0.0
RepNoise,899,1.0,1.0
RepNoise,968,0.6666666666666666,0.6666666666666666
RepNoise,1003,1.0,0.3333333333333333
RepNoise,224,1.0,1.0
RepNoise,476,0.3333333333333333,0.3333333333333333
RepNoise,381,0.6666666666666666,1.0
RepNoise,858,0.3333333333333333,0.3333333333333333
RepNoise,1168,0.0,0.0
RepNoise,27,1.0,0.6666666666666666
RepNoise,1077,0.3333333333333333,0.0
RepNoise,1023,1.0,1.0
RepNoise,887,0.3333333333333333,0.3333333333333333
RepNoise,87,0.3333333333333333,0.6666666666666666
RepNoise,268,1.0,0.6666666666666666
RepNoise,870,1.0,1.0
RepNoise,1075,0.3333333333333333,1.0
RepNoise,881,1.0,1.0
RepNoise,1246,0.3333333333333333,0.0
RepNoise,403,1.0,1.0
RepNoise,743,1.0,1.0
RepNoise,610,0.3333333333333333,0.6666666666666666
RepNoise,234,1.0,1.0
RepNoise,1208,1.0,1.0
RepNoise,1122,1.0,1.0
RepNoise,578,1.0,1.0
RepNoise,292,0.0,0.0
RepNoise,363,0.6666666666666666,0.6666666666666666
RepNoise,433,0.6666666666666666,0.6666666666666666
RepNoise,202,1.0,1.0
RepNoise,360,1.0,1.0
RepNoise,53,0.3333333333333333,0.6666666666666666
RepNoise,1173,1.0,1.0
RepNoise,1119,0.3333333333333333,0.3333333333333333
RepNoise,394,1.0,0.6666666666666666
RepNoise,219,1.0,1.0
RepNoise,166,1.0,0.6666666666666666
RepNoise,28,0.0,0.0
RepNoise,245,1.0,0.6666666666666666
RepNoise,473,0.6666666666666666,0.6666666666666666
RepNoise,425,1.0,1.0
RepNoise,1010,0.0,0.0
RepNoise,192,1.0,1.0
RepNoise,1030,0.3333333333333333,0.3333333333333333
RepNoise,1116,1.0,1.0
RepNoise,1144,1.0,1.0
RepNoise,138,0.3333333333333333,0.6666666666666666
RepNoise,148,1.0,1.0
RepNoise,302,0.6666666666666666,0.6666666666666666
RepNoise,126,0.6666666666666666,0.6666666666666666
RepNoise,1052,0.3333333333333333,0.0
RepNoise,972,1.0,1.0
RepNoise,874,0.3333333333333333,0.3333333333333333
RepNoise,408,0.3333333333333333,0.3333333333333333
RepNoise,96,0.6666666666666666,1.0
RepNoise,618,0.0,0.0
RepNoise,79,0.3333333333333333,0.3333333333333333
RepNoise,800,1.0,1.0
RepNoise,239,0.6666666666666666,1.0
RepNoise,688,1.0,1.0
RepNoise,737,0.0,1.0
RepNoise,1196,1.0,1.0
RepNoise,285,0.3333333333333333,0.6666666666666666
RepNoise,426,0.3333333333333333,0.3333333333333333
RepNoise,86,1.0,1.0
RepNoise,1183,1.0,1.0
RepNoise,1224,1.0,1.0
RepNoise,791,0.3333333333333333,0.3333333333333333
RepNoise,113,0.6666666666666666,0.6666666666666666
RepNoise,387,0.0,0.3333333333333333
RepNoise,267,0.6666666666666666,0.6666666666666666
RepNoise,596,0.3333333333333333,0.3333333333333333
RepNoise,547,0.0,0.0
RepNoise,1166,0.3333333333333333,1.0
RepNoise,1203,0.0,0.0
RepNoise,88,1.0,1.0
RepNoise,586,0.6666666666666666,0.6666666666666666
RepNoise,728,1.0,1.0
RepNoise,193,1.0,1.0
RepNoise,64,0.6666666666666666,0.6666666666666666
RepNoise,790,1.0,1.0
RepNoise,1068,1.0,1.0
RepNoise,260,0.0,0.0
RepNoise,1267,0.0,0.3333333333333333
RepNoise,1163,0.0,0.0
RepNoise,9,0.0,0.0
RepNoise,344,0.6666666666666666,1.0
RepNoise,347,1.0,1.0
RepNoise,536,0.3333333333333333,0.6666666666666666
RepNoise,530,0.3333333333333333,0.3333333333333333
RepNoise,931,0.6666666666666666,1.0
RepNoise,717,0.3333333333333333,0.3333333333333333
RepNoise,1145,1.0,1.0
RepNoise,758,0.0,0.0
RepNoise,550,0.0,0.6666666666666666
RepNoise,907,1.0,1.0
RepNoise,583,0.3333333333333333,1.0
RepNoise,15,0.6666666666666666,0.6666666666666666
RepNoise,797,1.0,1.0
RepNoise,6,0.3333333333333333,0.6666666666666666
RepNoise,683,0.3333333333333333,1.0
RepNoise,385,0.3333333333333333,0.3333333333333333
RepNoise,199,1.0,1.0
RepNoise,468,0.0,0.0
RepNoise,299,0.0,0.3333333333333333
RepNoise,963,0.0,0.0
RepNoise,1252,0.6666666666666666,1.0
RepNoise,418,0.6666666666666666,0.6666666666666666
RepNoise,936,0.0,0.0
RepNoise,598,1.0,1.0
RepNoise,619,0.0,0.0
RepNoise,829,1.0,1.0
RepNoise,342,1.0,1.0
RepNoise,748,0.6666666666666666,1.0
RepNoise,269,0.6666666666666666,0.3333333333333333
RepNoise,276,0.0,0.0
RepNoise,983,1.0,1.0
RepNoise,1247,1.0,1.0
RepNoise,390,0.3333333333333333,0.6666666666666666
RepNoise,991,1.0,1.0
RepNoise,112,0.6666666666666666,0.6666666666666666
RepNoise,1127,0.3333333333333333,0.0
RepNoise,705,1.0,0.6666666666666666
RepNoise,1021,0.0,0.0
RepNoise,319,0.6666666666666666,0.6666666666666666
RepNoise,377,0.3333333333333333,0.3333333333333333
RepNoise,206,1.0,1.0
RepNoise,370,0.6666666666666666,0.6666666666666666
RepNoise,120,0.0,0.3333333333333333
RepNoise,115,0.3333333333333333,0.3333333333333333
RepNoise,541,0.6666666666666666,1.0
RepNoise,341,0.6666666666666666,0.6666666666666666
RepNoise,864,0.3333333333333333,1.0
RepNoise,521,0.6666666666666666,0.3333333333333333
RepNoise,662,0.6666666666666666,0.6666666666666666
RepNoise,835,1.0,1.0
RepNoise,1143,0.0,0.0
RepNoise,643,1.0,1.0
RepNoise,795,0.0,0.0
RepNoise,154,0.0,0.0
RepNoise,648,0.0,0.3333333333333333
RepNoise,75,0.0,0.0
RepNoise,668,1.0,1.0
RepNoise,615,0.3333333333333333,0.0
RepNoise,502,0.3333333333333333,0.3333333333333333
RepNoise,734,1.0,0.6666666666666666
RepNoise,868,0.3333333333333333,1.0
RepNoise,588,1.0,1.0
RepNoise,980,0.3333333333333333,0.3333333333333333
RepNoise,1188,0.3333333333333333,0.3333333333333333
RepNoise,754,0.0,0.0
RepNoise,974,0.6666666666666666,0.6666666666666666
RepNoise,334,0.3333333333333333,0.3333333333333333
RepNoise,201,0.0,0.3333333333333333
RepNoise,614,1.0,0.6666666666666666
RepNoise,954,0.0,0.0
RepNoise,107,0.0,0.3333333333333333
RepNoise,508,1.0,0.6666666666666666
RepNoise,1108,0.0,1.0
RepNoise,413,1.0,1.0
RepNoise,439,0.0,0.3333333333333333
RepNoise,221,0.3333333333333333,0.3333333333333333
RepNoise,169,0.6666666666666666,1.0
RepNoise,1249,1.0,1.0
RepNoise,1255,1.0,1.0
RepNoise,531,0.6666666666666666,0.6666666666666666
RepNoise,603,0.6666666666666666,0.6666666666666666
RepNoise,1159,1.0,1.0
RepNoise,504,0.6666666666666666,0.3333333333333333
RepNoise,119,1.0,0.6666666666666666
RepNoise,72,1.0,1.0
RepNoise,330,0.3333333333333333,0.3333333333333333
RepNoise,1212,0.6666666666666666,0.6666666666666666
RepNoise,291,0.6666666666666666,1.0
RepNoise,196,0.3333333333333333,0.6666666666666666
RepNoise,33,0.6666666666666666,0.6666666666666666
RepNoise,606,1.0,1.0
RepNoise,1152,1.0,1.0
RepNoise,1113,0.6666666666666666,1.0
RepNoise,1240,1.0,1.0
RepNoise,952,0.6666666666666666,0.3333333333333333
RepNoise,208,0.3333333333333333,0.6666666666666666
RepNoise,512,0.3333333333333333,0.3333333333333333
RepNoise,540,0.3333333333333333,0.3333333333333333
RepNoise,1191,1.0,1.0
RepNoise,673,0.6666666666666666,0.6666666666666666
RepNoise,240,1.0,1.0
RepNoise,121,1.0,1.0
RepNoise,766,0.0,0.0
RepNoise,923,0.0,0.0
RepNoise,813,0.6666666666666666,1.0
RepNoise,1254,0.3333333333333333,0.3333333333333333
RepNoise,679,0.6666666666666666,0.6666666666666666
RepNoise,569,1.0,1.0
RepNoise,274,0.3333333333333333,0.3333333333333333
RepNoise,902,1.0,1.0
RepNoise,850,0.0,0.6666666666666666
RepNoise,613,0.6666666666666666,0.6666666666666666
RepNoise,402,1.0,1.0
RepNoise,71,1.0,1.0
RepNoise,1011,0.3333333333333333,1.0
RepNoise,589,0.6666666666666666,0.6666666666666666
RepNoise,1024,1.0,1.0
RepNoise,1228,1.0,1.0
RepNoise,454,0.3333333333333333,0.3333333333333333
RepNoise,822,0.6666666666666666,0.6666666666666666
RepNoise,686,0.0,0.0
RepNoise,1033,0.0,0.0
RepNoise,506,0.6666666666666666,1.0
RepNoise,92,1.0,1.0
RepNoise,847,0.6666666666666666,0.6666666666666666
RepNoise,1047,0.0,0.0
RepNoise,666,0.6666666666666666,0.6666666666666666
RepNoise,4,0.6666666666666666,1.0
RepNoise,164,0.6666666666666666,0.6666666666666666
RepNoise,445,0.0,0.0
RepNoise,382,0.6666666666666666,1.0
RepNoise,22,0.0,0.0
RepNoise,571,0.6666666666666666,1.0
RepNoise,755,0.6666666666666666,0.6666666666666666
RepNoise,782,1.0,1.0
RepNoise,1123,1.0,1.0
RepNoise,920,0.3333333333333333,0.3333333333333333
RepNoise,62,0.6666666666666666,0.6666666666666666
RepNoise,635,0.6666666666666666,0.6666666666666666
RepNoise,255,1.0,1.0
RepNoise,856,1.0,1.0
RepNoise,671,0.3333333333333333,0.3333333333333333
RepNoise,409,0.6666666666666666,0.6666666666666666
RepNoise,44,1.0,1.0
RepNoise,163,0.0,0.0
RepNoise,623,0.6666666666666666,0.6666666666666666
RepNoise,153,0.0,0.0
RepNoise,417,0.6666666666666666,0.3333333333333333
RepNoise,1065,0.3333333333333333,0.3333333333333333
RepNoise,56,1.0,1.0
RepNoise,823,1.0,1.0
RepNoise,848,0.0,0.0
RepNoise,288,0.6666666666666666,0.0
RepNoise,225,0.0,0.0
RepNoise,943,0.3333333333333333,0.0
RepNoise,1101,0.3333333333333333,0.3333333333333333
RepNoise,832,0.0,0.0
RepNoise,710,0.6666666666666666,0.6666666666666666
RepNoise,1258,0.6666666666666666,0.6666666666666666
RepNoise,1142,0.6666666666666666,0.6666666666666666
RepNoise,40,0.3333333333333333,0.3333333333333333
RepNoise,386,0.0,0.0
RepNoise,114,0.6666666666666666,0.6666666666666666
RepNoise,1132,0.0,0.0
RepNoise,691,0.3333333333333333,0.3333333333333333
RepNoise,1230,0.3333333333333333,0.3333333333333333
RepNoise,1006,0.6666666666666666,0.6666666666666666
RepNoise,590,0.0,0.0
RepNoise,204,0.0,1.0
RepNoise,1140,0.0,0.0
RepNoise,1201,0.3333333333333333,0.0
RepNoise,1164,1.0,1.0
RepNoise,496,1.0,0.6666666666666666
RepNoise,526,0.0,0.3333333333333333
RepNoise,990,0.6666666666666666,1.0
RepNoise,176,0.3333333333333333,1.0
RepNoise,685,1.0,1.0
RepNoise,1187,0.6666666666666666,0.6666666666666666
RepNoise,579,1.0,1.0
RepNoise,85,1.0,1.0
RepNoise,1263,0.6666666666666666,0.6666666666666666
RepNoise,1235,1.0,1.0
RepNoise,159,0.3333333333333333,0.3333333333333333
RepNoise,50,1.0,1.0
RepNoise,373,1.0,1.0
RepNoise,924,1.0,1.0
RepNoise,8,0.6666666666666666,0.6666666666666666
RepNoise,702,1.0,1.0
RepNoise,384,0.6666666666666666,0.6666666666666666
RepNoise,1205,1.0,1.0
RepNoise,298,0.6666666666666666,1.0
RepNoise,572,1.0,1.0
RepNoise,824,0.6666666666666666,0.6666666666666666
RepNoise,738,0.0,0.3333333333333333
RepNoise,228,0.3333333333333333,1.0
RepNoise,916,1.0,1.0
RepNoise,216,1.0,1.0
RepNoise,605,0.3333333333333333,0.3333333333333333
RepNoise,756,0.3333333333333333,0.3333333333333333
RepNoise,532,1.0,0.6666666666666666
RepNoise,796,0.0,0.0
RepNoise,271,0.3333333333333333,0.6666666666666666
RepNoise,871,0.0,0.0
RepNoise,1261,0.0,0.3333333333333333
RepNoise,18,0.6666666666666666,1.0
RepNoise,303,0.0,0.3333333333333333
RepNoise,183,0.3333333333333333,0.6666666666666666
RepNoise,652,0.6666666666666666,1.0
RepNoise,464,0.3333333333333333,0.3333333333333333
RepNoise,478,0.3333333333333333,0.0
RepNoise,424,1.0,0.0
RepNoise,393,0.0,0.0
RepNoise,714,0.6666666666666666,0.6666666666666666
RepNoise,577,0.3333333333333333,0.3333333333333333
RepNoise,911,0.6666666666666666,1.0
RepNoise,124,1.0,0.6666666666666666
RepNoise,272,0.3333333333333333,0.3333333333333333
RepNoise,59,0.0,0.0
RepNoise,1178,0.3333333333333333,0.3333333333333333
RepNoise,947,1.0,1.0
RepNoise,554,1.0,1.0
RepNoise,482,0.3333333333333333,1.0
RepNoise,660,1.0,0.6666666666666666
RepNoise,903,0.0,0.3333333333333333
RepNoise,209,0.6666666666666666,0.6666666666666666
RepNoise,576,0.0,0.0
RepNoise,944,1.0,1.0
RepNoise,866,0.6666666666666666,0.6666666666666666
RepNoise,552,0.0,0.0
RepNoise,793,0.3333333333333333,0.3333333333333333
RepNoise,1179,0.3333333333333333,0.6666666666666666
RepNoise,580,0.6666666666666666,0.6666666666666666
RepNoise,1012,0.0,1.0
RepNoise,644,0.0,0.3333333333333333
RepNoise,900,1.0,0.3333333333333333
RepNoise,650,0.0,0.0
RepNoise,1153,1.0,1.0
RepNoise,46,0.6666666666666666,1.0
RepNoise,843,0.0,0.0
RepNoise,696,1.0,0.6666666666666666
RepNoise,565,0.0,0.0
RepNoise,693,0.6666666666666666,0.6666666666666666
RepNoise,1044,0.0,0.0
RepNoise,904,1.0,1.0
RepNoise,26,1.0,0.3333333333333333
RepNoise,415,0.3333333333333333,0.3333333333333333
RepNoise,703,1.0,1.0
RepNoise,1121,0.0,0.3333333333333333
RepNoise,670,0.3333333333333333,0.3333333333333333
RepNoise,168,0.3333333333333333,0.6666666666666666
RepNoise,1271,0.3333333333333333,0.0
RepNoise,399,0.6666666666666666,1.0
RepNoise,789,0.6666666666666666,0.6666666666666666
RepNoise,172,0.0,0.0
RepNoise,258,0.0,0.3333333333333333
RepNoise,1091,0.0,0.3333333333333333
RepNoise,144,0.0,0.3333333333333333
RepNoise,649,0.0,0.0
RepNoise,853,0.0,0.0
RepNoise,831,0.0,0.0
RepNoise,996,0.6666666666666666,0.6666666666666666
RepNoise,188,0.3333333333333333,0.3333333333333333
RepNoise,137,0.0,0.0
RepNoise,982,0.0,0.3333333333333333
RepNoise,860,0.0,0.0
RepNoise,817,1.0,1.0
RepNoise,984,0.0,0.6666666666666666
RepNoise,226,1.0,1.0
RepNoise,1251,1.0,1.0
RepNoise,620,0.0,0.0
RepNoise,265,0.3333333333333333,0.6666666666666666
RepNoise,712,0.0,0.0
RepNoise,70,0.3333333333333333,0.6666666666666666
RepNoise,527,1.0,1.0
RepNoise,351,1.0,1.0
RepNoise,174,0.0,0.0
RepNoise,1269,1.0,1.0
RepNoise,1129,0.0,0.0
RepNoise,155,0.0,0.0
RepNoise,318,0.6666666666666666,0.6666666666666666
RepNoise,880,0.0,0.0
RepNoise,940,1.0,1.0
RepNoise,912,0.6666666666666666,1.0
RepNoise,1088,0.0,0.0
RepNoise,400,0.3333333333333333,0.3333333333333333
RepNoise,1124,0.6666666666666666,0.6666666666666666
RepNoise,609,0.0,0.3333333333333333
RepNoise,570,0.6666666666666666,0.6666666666666666
RepNoise,624,1.0,1.0
RepNoise,211,0.3333333333333333,0.6666666666666666
RepNoise,1172,0.0,0.0
RepNoise,3,0.6666666666666666,0.6666666666666666
RepNoise,884,0.3333333333333333,1.0
RepNoise,1059,0.6666666666666666,1.0
RepNoise,704,1.0,1.0
RepNoise,592,0.0,0.0
RepNoise,1222,0.3333333333333333,0.3333333333333333
RepNoise,357,1.0,1.0
RepNoise,921,0.0,0.0
RepNoise,422,0.0,0.6666666666666666
RepNoise,739,0.0,0.6666666666666666
RepNoise,971,1.0,1.0
RepNoise,720,1.0,1.0
RepNoise,345,0.0,0.0
RepNoise,256,1.0,1.0
RepNoise,1174,1.0,1.0
RepNoise,787,0.6666666666666666,1.0
RepNoise,145,0.6666666666666666,0.6666666666666666
RepNoise,842,0.6666666666666666,0.6666666666666666
RepNoise,1060,1.0,0.6666666666666666
RepNoise,726,0.0,0.0
RepNoise,488,0.6666666666666666,0.6666666666666666
RepNoise,562,0.0,0.0
RepNoise,412,0.3333333333333333,0.6666666666666666
RepNoise,90,1.0,1.0
RepNoise,469,1.0,1.0
RepNoise,906,0.3333333333333333,0.3333333333333333
RepNoise,441,1.0,1.0
RepNoise,1095,0.6666666666666666,0.6666666666666666
RepNoise,584,0.0,0.0
RepNoise,108,0.6666666666666666,0.3333333333333333
RepNoise,404,0.0,0.0
RepNoise,338,0.6666666666666666,0.6666666666666666
RepNoise,68,0.6666666666666666,0.6666666666666666
RepNoise,928,0.0,0.0
RepNoise,863,0.0,0.3333333333333333
RepNoise,1207,1.0,1.0
RepNoise,1078,0.6666666666666666,0.6666666666666666
RepNoise,690,0.6666666666666666,0.6666666666666666
RepNoise,1211,0.6666666666666666,0.6666666666666666
RepNoise,700,0.0,0.0
RepNoise,1151,1.0,1.0
RepNoise,1014,0.3333333333333333,0.3333333333333333
RepNoise,1090,1.0,1.0
RepNoise,1154,0.3333333333333333,1.0
RepNoise,1182,0.0,0.0
RepNoise,175,0.6666666666666666,0.6666666666666666
RepNoise,545,0.6666666666666666,1.0
RepNoise,194,1.0,1.0
RepNoise,1220,0.6666666666666666,0.6666666666666666
RepNoise,922,1.0,1.0
RepNoise,611,0.6666666666666666,0.3333333333333333
RepNoise,1057,0.0,0.0
RepNoise,1180,0.6666666666666666,0.6666666666666666
RepNoise,807,1.0,1.0
RepNoise,58,0.0,0.0
RepNoise,462,0.6666666666666666,0.6666666666666666
RepNoise,724,0.6666666666666666,0.6666666666666666
RepNoise,1053,0.3333333333333333,0.3333333333333333
RepNoise,981,0.0,0.0
RepNoise,1234,1.0,1.0
RepNoise,261,1.0,1.0
RepNoise,398,1.0,1.0
RepNoise,1149,1.0,1.0
RepNoise,1217,0.3333333333333333,0.0
RepNoise,764,0.3333333333333333,0.6666666666666666
RepNoise,561,0.6666666666666666,0.6666666666666666
RepNoise,575,0.6666666666666666,0.6666666666666666
RepNoise,459,1.0,0.6666666666666666
RepNoise,1019,0.3333333333333333,0.3333333333333333
RepNoise,162,0.0,0.3333333333333333
RepNoise,725,1.0,1.0
RepNoise,933,1.0,1.0
RepNoise,637,1.0,1.0
RepNoise,937,0.0,0.3333333333333333
RepNoise,503,0.0,0.0
RepNoise,235,0.6666666666666666,0.6666666666666666
RepNoise,280,0.6666666666666666,0.6666666666666666
RepNoise,1126,0.0,0.0
RepNoise,1253,0.3333333333333333,0.3333333333333333
RepNoise,967,0.0,0.0
RepNoise,1031,0.0,0.0
RepNoise,293,0.0,0.0
RepNoise,1026,1.0,1.0
RepNoise,992,1.0,1.0
RepNoise,538,0.3333333333333333,1.0
RepNoise,855,0.0,0.0
RepNoise,178,0.3333333333333333,0.3333333333333333
RepNoise,516,1.0,0.6666666666666666
RepNoise,785,0.3333333333333333,0.3333333333333333
RepNoise,67,0.3333333333333333,0.3333333333333333
RepNoise,366,1.0,1.0
RepNoise,837,0.6666666666666666,0.6666666666666666
RepNoise,229,0.6666666666666666,1.0
RepNoise,353,1.0,1.0
RepNoise,708,0.0,0.0
RepNoise,707,0.0,0.6666666666666666
RepNoise,812,0.6666666666666666,1.0
RepNoise,84,1.0,0.6666666666666666
RepNoise,1063,1.0,0.6666666666666666
RepNoise,975,1.0,0.6666666666666666
RepNoise,591,1.0,0.6666666666666666
RepNoise,885,0.6666666666666666,0.6666666666666666
RepNoise,1248,0.6666666666666666,1.0
RepNoise,559,0.6666666666666666,1.0
RepNoise,1264,0.3333333333333333,0.3333333333333333
RepNoise,956,1.0,1.0
RepNoise,359,1.0,1.0
RepNoise,1062,0.0,0.0
RepNoise,616,0.6666666666666666,0.6666666666666666
RepNoise,282,0.3333333333333333,1.0
RepNoise,522,0.6666666666666666,0.3333333333333333
RepNoise,770,1.0,1.0
RepNoise,438,0.0,0.0
RepNoise,160,1.0,1.0
RepNoise,74,1.0,1.0
RepNoise,405,0.0,0.0
RepNoise,993,0.0,0.0
RepNoise,1256,0.0,0.0
RepNoise,200,0.3333333333333333,0.3333333333333333
RepNoise,1109,0.3333333333333333,0.3333333333333333
RepNoise,517,0.0,0.0
RepNoise,257,0.3333333333333333,0.0
RepNoise,1227,0.6666666666666666,0.6666666666666666
RepNoise,1262,0.3333333333333333,0.3333333333333333
RepNoise,805,1.0,0.0
RepNoise,295,0.0,0.0
RepNoise,746,0.3333333333333333,0.6666666666666666
RepNoise,715,0.3333333333333333,0.3333333333333333
RepNoise,423,0.0,1.0
RepNoise,118,0.3333333333333333,0.3333333333333333
RepNoise,337,0.3333333333333333,0.3333333333333333
RepNoise,946,0.3333333333333333,0.6666666666666666
RepNoise,818,1.0,1.0
RepNoise,57,0.3333333333333333,0.6666666666666666
RepNoise,678,0.0,0.0
RepNoise,215,1.0,1.0
RepNoise,1128,1.0,0.3333333333333333
RepNoise,529,1.0,0.6666666666666666
RepNoise,54,0.0,0.0
RepNoise,1185,0.6666666666666666,0.3333333333333333
RepNoise,989,1.0,1.0
RepNoise,1097,0.6666666666666666,0.6666666666666666
RepNoise,190,0.6666666666666666,0.6666666666666666
RepNoise,1029,0.0,0.6666666666666666
RepNoise,214,0.6666666666666666,0.6666666666666666
RepNoise,877,0.6666666666666666,0.6666666666666666
RepNoise,446,0.3333333333333333,0.3333333333333333
RepNoise,889,1.0,0.6666666666666666
RepNoise,284,0.6666666666666666,1.0
RepNoise,781,0.0,0.0
RepNoise,1002,0.0,0.3333333333333333
RepNoise,869,0.0,0.0
RepNoise,375,1.0,1.0
RepNoise,99,0.3333333333333333,0.3333333333333333
RepNoise,139,0.3333333333333333,0.3333333333333333
RepNoise,713,1.0,0.6666666666666666
RepNoise,638,1.0,1.0
RepNoise,397,0.6666666666666666,1.0
RepNoise,962,0.6666666666666666,0.6666666666666666
RepNoise,320,0.3333333333333333,0.6666666666666666
RepNoise,246,0.3333333333333333,1.0
RepNoise,23,0.3333333333333333,0.3333333333333333
RepNoise,191,0.6666666666666666,0.6666666666666666
RepNoise,505,0.6666666666666666,0.6666666666666666
RepNoise,264,0.0,0.0
RepNoise,1157,1.0,1.0
RepNoise,465,1.0,1.0
RepNoise,1198,1.0,1.0
RepNoise,1233,1.0,0.6666666666666666
RepNoise,994,0.6666666666666666,0.6666666666666666
RepNoise,254,0.6666666666666666,0.6666666666666666
RepNoise,695,0.0,0.0
RepNoise,325,0.0,0.3333333333333333
RepNoise,917,1.0,1.0
RepNoise,882,1.0,1.0
RepNoise,481,1.0,1.0
RepNoise,1192,0.6666666666666666,0.6666666666666666
RepNoise,520,0.3333333333333333,0.0
RepNoise,1000,1.0,0.6666666666666666
RepNoise,436,0.0,0.0
RepNoise,430,0.3333333333333333,0.3333333333333333
RepNoise,930,0.0,0.0
RepNoise,262,0.0,0.0
RepNoise,960,0.6666666666666666,0.3333333333333333
RepNoise,242,0.6666666666666666,1.0
RepNoise,645,0.6666666666666666,1.0
RepNoise,806,1.0,1.0
RepNoise,597,1.0,1.0
RepNoise,1155,0.0,0.0
RepNoise,780,0.0,1.0
RepNoise,751,1.0,0.3333333333333333
RepNoise,987,0.6666666666666666,0.3333333333333333
RepNoise,515,0.6666666666666666,1.0
RepNoise,594,0.3333333333333333,0.3333333333333333
RepNoise,854,0.3333333333333333,0.3333333333333333
RepNoise,17,0.3333333333333333,0.6666666666666666
RepNoise,1020,0.0,0.0
RepNoise,486,1.0,1.0
RepNoise,103,0.0,0.0
RepNoise,414,0.6666666666666666,0.6666666666666666
RepNoise,775,0.3333333333333333,0.3333333333333333
RepNoise,327,0.6666666666666666,0.6666666666666666
RepNoise,104,0.3333333333333333,0.3333333333333333
RepNoise,1171,1.0,1.0
RepNoise,915,0.3333333333333333,0.3333333333333333
RepNoise,722,0.3333333333333333,0.3333333333333333
RepNoise,485,0.3333333333333333,0.3333333333333333
RepNoise,970,0.3333333333333333,0.6666666666666666
RepNoise,1169,0.0,0.0
RepNoise,443,1.0,1.0
RepNoise,210,0.0,0.0
RepNoise,786,0.6666666666666666,0.6666666666666666
RepNoise,31,0.0,0.0
RepNoise,938,1.0,1.0
RepNoise,681,1.0,1.0
RepNoise,1054,0.0,0.0
RepNoise,383,0.0,0.0
RepNoise,1043,1.0,1.0
RepNoise,955,0.0,0.0
RepNoise,355,1.0,1.0
RepNoise,1117,0.6666666666666666,0.6666666666666666
RepNoise,836,0.0,0.0
RepNoise,926,1.0,1.0
RepNoise,568,0.0,0.0
RepNoise,460,0.6666666666666666,0.6666666666666666
RepNoise,709,0.3333333333333333,0.3333333333333333
RepNoise,19,0.6666666666666666,0.6666666666666666
RepNoise,16,1.0,1.0
RepNoise,308,0.6666666666666666,0.6666666666666666
RepNoise,73,1.0,1.0
RepNoise,52,0.6666666666666666,0.6666666666666666
RepNoise,1009,0.3333333333333333,0.3333333333333333
RepNoise,1073,0.3333333333333333,0.3333333333333333
RepNoise,733,0.6666666666666666,0.6666666666666666
RepNoise,886,0.3333333333333333,0.3333333333333333
RepNoise,1089,1.0,1.0
RepNoise,815,1.0,1.0
RepNoise,574,0.0,0.0
RepNoise,456,1.0,1.0
RepNoise,1069,0.6666666666666666,0.6666666666666666
RepNoise,466,0.3333333333333333,0.3333333333333333
RepNoise,658,0.0,0.0
RepNoise,249,0.6666666666666666,0.6666666666666666
RepNoise,830,0.6666666666666666,0.6666666666666666
RepNoise,778,0.3333333333333333,0.3333333333333333
RepNoise,227,0.0,0.0
RepNoise,247,0.3333333333333333,0.3333333333333333
RepNoise,1092,1.0,1.0
RepNoise,1165,0.0,0.0
RepNoise,170,0.3333333333333333,0.3333333333333333
RepNoise,294,0.6666666666666666,0.6666666666666666
RepNoise,1046,1.0,1.0
RepNoise,750,0.0,0.0
RepNoise,89,0.3333333333333333,0.3333333333333333
RepNoise,661,0.3333333333333333,0.3333333333333333
RepNoise,1214,0.6666666666666666,0.6666666666666666
RepNoise,524,0.0,0.0
RepNoise,109,1.0,1.0
RepNoise,494,0.6666666666666666,0.6666666666666666
RepNoise,852,0.0,0.0
RepNoise,497,0.3333333333333333,0.3333333333333333
RepNoise,834,0.6666666666666666,0.6666666666666666
RepNoise,798,0.3333333333333333,0.3333333333333333
RepNoise,519,0.3333333333333333,0.3333333333333333
RepNoise,600,1.0,1.0
RepNoise,604,0.6666666666666666,0.6666666666666666
RepNoise,816,0.3333333333333333,0.3333333333333333
RepNoise,358,0.3333333333333333,0.3333333333333333
RepNoise,1136,0.6666666666666666,0.6666666666666666
RepNoise,867,0.0,0.0
RepNoise,181,1.0,1.0
RepNoise,587,0.0,0.0
RepNoise,122,1.0,1.0
RepNoise,948,0.6666666666666666,0.6666666666666666
RepNoise,391,0.3333333333333333,0.3333333333333333
RepNoise,165,0.3333333333333333,0.3333333333333333
RepNoise,449,1.0,1.0
RepNoise,838,1.0,1.0
RepNoise,401,1.0,1.0
RepNoise,149,1.0,1.0
RepNoise,894,1.0,1.0
RepNoise,1245,0.6666666666666666,0.6666666666666666
RepNoise,37,0.6666666666666666,0.6666666666666666
RepNoise,428,0.0,0.0
RepNoise,1018,0.3333333333333333,0.3333333333333333
RepNoise,566,0.0,0.0
RepNoise,769,0.0,0.0
RepNoise,949,0.0,0.0
RepNoise,13,0.3333333333333333,0.3333333333333333
RepNoise,727,1.0,1.0
RepNoise,799,0.0,0.0
RepNoise,95,0.3333333333333333,0.3333333333333333
RepNoise,846,0.0,0.0
RepNoise,348,1.0,1.0
RepNoise,487,0.0,0.0
RepNoise,500,0.0,0.0
RepNoise,1008,0.0,0.0
RepNoise,411,1.0,1.0
RepNoise,1056,0.0,0.0
RepNoise,316,0.0,0.0
RepNoise,251,0.3333333333333333,0.3333333333333333
RepNoise,1007,1.0,1.0
RepNoise,1120,0.6666666666666666,0.6666666666666666
RepNoise,1102,0.0,0.0
RepNoise,844,0.6666666666666666,0.6666666666666666
RepNoise,760,0.3333333333333333,0.3333333333333333
RepNoise,376,1.0,1.0
RepNoise,1087,0.0,0.0
RepNoise,270,0.0,0.0
RepNoise,1037,1.0,1.0
RepNoise,986,1.0,1.0
RepNoise,788,0.0,0.0
RepNoise,161,1.0,1.0
RepNoise,392,0.3333333333333333,0.3333333333333333
RepNoise,207,0.0,0.0
RepNoise,507,0.6666666666666666,0.6666666666666666
RepNoise,1042,0.0,0.0
RepNoise,665,1.0,1.0
RepNoise,523,0.3333333333333333,0.3333333333333333
RepNoise,893,0.0,0.0
RepNoise,205,1.0,1.0
RepNoise,335,0.6666666666666666,0.6666666666666666
RepNoise,458,0.0,0.0
RepNoise,76,0.0,0.0
RepNoise,362,1.0,1.0
RepNoise,1216,0.6666666666666666,0.6666666666666666
RepNoise,407,0.0,0.0
RepNoise,1221,0.3333333333333333,0.3333333333333333
RepNoise,977,0.6666666666666666,0.6666666666666666
RepNoise,1028,1.0,1.0
RepNoise,1118,0.0,0.0
RepNoise,560,0.3333333333333333,0.3333333333333333
RepNoise,499,0.6666666666666666,0.6666666666666666
RepNoise,323,1.0,1.0
RepNoise,93,0.6666666666666666,0.6666666666666666
RepNoise,862,0.6666666666666666,0.6666666666666666
RepNoise,1022,1.0,1.0
RepNoise,840,0.3333333333333333,0.3333333333333333
RepNoise,763,0.0,0.0
RepNoise,564,0.3333333333333333,0.3333333333333333
RepNoise,32,1.0,1.0
RepNoise,364,0.0,0.0
RepNoise,667,1.0,1.0
RepNoise,440,0.3333333333333333,0.3333333333333333
RepNoise,633,1.0,1.0
RepNoise,642,1.0,1.0
RepNoise,416,0.6666666666666666,0.6666666666666666
RepNoise,452,0.6666666666666666,0.6666666666666666
RepNoise,81,1.0,1.0
RepNoise,1160,1.0,1.0
RepNoise,820,1.0,1.0
RepNoise,1241,0.0,0.0
RepNoise,311,0.3333333333333333,0.3333333333333333
RepNoise,873,0.0,0.0
RepNoise,450,1.0,1.0
RepNoise,1076,0.0,0.0
RepNoise,721,1.0,1.0
RepNoise,106,1.0,1.0
RepNoise,1146,0.6666666666666666,0.6666666666666666
RepNoise,888,1.0,1.0
RepNoise,533,0.0,0.0
RepNoise,730,0.0,0.0
RepNoise,105,0.0,0.0
RepNoise,266,0.6666666666666666,0.6666666666666666
RepNoise,1184,0.0,0.0
RepNoise,978,1.0,1.0
RepNoise,1176,0.6666666666666666,0.6666666666666666
RepNoise,39,0.6666666666666666,0.6666666666666666
RepNoise,339,1.0,1.0
RepNoise,961,0.0,0.0
RepNoise,525,0.3333333333333333,0.3333333333333333
RepNoise,189,0.6666666666666666,0.6666666666666666
RepNoise,1111,0.3333333333333333,0.3333333333333333
RepNoise,732,0.0,0.0
RepNoise,5,0.6666666666666666,0.6666666666666666
RepNoise,442,1.0,1.0
RepNoise,861,0.0,0.0
RepNoise,878,0.0,0.0
RepNoise,1138,0.3333333333333333,0.3333333333333333
RepNoise,851,0.6666666666666666,0.6666666666666666
RepNoise,1147,1.0,1.0
RepNoise,301,0.3333333333333333,0.3333333333333333
RepNoise,1215,0.0,0.0
RepNoise,718,0.0,0.0
RepNoise,998,1.0,1.0
RepNoise,654,0.6666666666666666,0.6666666666666666
RepNoise,1135,0.0,0.0
RepNoise,329,0.6666666666666666,0.6666666666666666
RepNoise,279,1.0,1.0
RepNoise,277,1.0,1.0
RepNoise,919,1.0,1.0
RepNoise,349,0.3333333333333333,0.3333333333333333
RepNoise,1243,1.0,1.0
RepNoise,65,1.0,1.0
RepNoise,1259,0.3333333333333333,0.3333333333333333
RepNoise,1093,0.0,0.0
RepNoise,410,0.3333333333333333,0.3333333333333333
RepNoise,689,0.0,0.0
RepNoise,177,0.3333333333333333,0.3333333333333333
RepNoise,534,1.0,1.0
RepNoise,117,1.0,1.0
RepNoise,372,0.0,0.0
RepNoise,1034,1.0,1.0
RepNoise,628,1.0,1.0
RepNoise,821,0.0,0.0
RepNoise,669,1.0,1.0
RepNoise,63,0.3333333333333333,0.3333333333333333
RepNoise,735,1.0,1.0
RepNoise,951,0.0,0.0
RepNoise,1025,0.0,0.0
RepNoise,42,0.6666666666666666,0.6666666666666666
RepNoise,167,0.0,0.0
RepNoise,809,0.3333333333333333,0.3333333333333333
RepNoise,1100,0.0,0.0
RepNoise,313,1.0,1.0
RepNoise,296,1.0,1.0
RepNoise,490,0.6666666666666666,0.6666666666666666
RepNoise,543,0.6666666666666666,0.6666666666666666
RepNoise,641,0.6666666666666666,0.6666666666666666
RepNoise,290,0.0,0.0
RepNoise,617,1.0,1.0
RepNoise,779,0.0,0.0
RepNoise,910,0.6666666666666666,0.6666666666666666
RepNoise,212,1.0,1.0
RepNoise,979,0.3333333333333333,0.3333333333333333
RepNoise,555,1.0,1.0
RepNoise,1058,0.3333333333333333,0.3333333333333333
RepNoise,672,0.0,0.0
RepNoise,317,0.6666666666666666,0.6666666666666666
RepNoise,1081,1.0,1.0
RepNoise,535,0.3333333333333333,0.3333333333333333
RepNoise,1039,0.0,0.0
RepNoise,432,0.6666666666666666,0.6666666666666666
RepNoise,828,1.0,1.0
RepNoise,621,1.0,1.0
RepNoise,1161,1.0,1.0
RepNoise,287,0.6666666666666666,0.6666666666666666
RepNoise,451,0.0,0.0
RepNoise,1013,0.6666666666666666,0.6666666666666666
RepNoise,528,0.3333333333333333,0.3333333333333333
RepNoise,300,0.3333333333333333,0.3333333333333333
RepNoise,752,1.0,1.0
RepNoise,622,0.3333333333333333,0.3333333333333333
RepNoise,995,0.3333333333333333,0.3333333333333333
RepNoise,1219,0.0,0.0
RepNoise,34,0.3333333333333333,0.3333333333333333
RepNoise,286,1.0,1.0
RepNoise,314,1.0,1.0
RepNoise,333,0.3333333333333333,0.3333333333333333
RepNoise,182,0.6666666666666666,0.6666666666666666
RepNoise,49,1.0,1.0
RepNoise,102,0.6666666666666666,0.6666666666666666
RepNoise,687,1.0,1.0
RepNoise,41,1.0,1.0
RepNoise,275,1.0,1.0
RepNoise,675,0.0,0.0
RepNoise,1137,1.0,1.0
RepNoise,749,0.6666666666666666,0.6666666666666666
RepNoise,908,0.6666666666666666,0.6666666666666666
RepNoise,437,0.6666666666666666,0.6666666666666666
RepNoise,491,0.6666666666666666,0.6666666666666666
RepNoise,141,0.6666666666666666,0.6666666666666666
RepNoise,706,0.0,0.0
RepNoise,973,0.0,0.0
ELM,331,0.0,0.0
ELM,1189,0.3333333333333333,0.3333333333333333
ELM,918,0.6666666666666666,0.6666666666666666
ELM,1238,0.6666666666666666,0.6666666666666666
ELM,130,1.0,1.0
ELM,237,0.0,0.0
ELM,30,0.6666666666666666,0.6666666666666666
ELM,1096,0.0,0.0
ELM,827,0.3333333333333333,0.0
ELM,82,1.0,1.0
ELM,231,0.3333333333333333,0.3333333333333333
ELM,1016,0.0,0.0
ELM,653,0.6666666666666666,0.6666666666666666
ELM,111,0.3333333333333333,0.6666666666666666
ELM,479,0.3333333333333333,0.6666666666666666
ELM,1094,1.0,1.0
ELM,45,1.0,1.0
ELM,185,0.3333333333333333,0.3333333333333333
ELM,379,0.6666666666666666,1.0
ELM,495,1.0,0.6666666666666666
ELM,736,0.0,0.0
ELM,676,1.0,1.0
ELM,232,0.3333333333333333,0.6666666666666666
ELM,932,0.3333333333333333,0.3333333333333333
ELM,634,1.0,1.0
ELM,1250,0.6666666666666666,0.6666666666666666
ELM,47,0.6666666666666666,1.0
ELM,306,0.6666666666666666,0.6666666666666666
ELM,876,0.3333333333333333,1.0
ELM,60,0.0,0.0
ELM,150,1.0,1.0
ELM,1223,0.6666666666666666,0.6666666666666666
ELM,582,1.0,1.0
ELM,463,0.3333333333333333,0.3333333333333333
ELM,1066,1.0,1.0
ELM,674,1.0,1.0
ELM,455,0.6666666666666666,0.0
ELM,1079,1.0,1.0
ELM,1067,1.0,1.0
ELM,701,0.3333333333333333,0.3333333333333333
ELM,187,1.0,1.0
ELM,142,0.0,0.6666666666666666
ELM,776,1.0,1.0
ELM,179,0.3333333333333333,0.0
ELM,772,0.6666666666666666,0.6666666666666666
ELM,1199,0.3333333333333333,0.3333333333333333
ELM,171,0.3333333333333333,0.3333333333333333
ELM,134,0.6666666666666666,0.6666666666666666
ELM,129,0.3333333333333333,0.6666666666666666
ELM,1141,1.0,1.0
ELM,83,0.0,0.3333333333333333
ELM,771,0.6666666666666666,1.0
ELM,1229,0.0,0.0
ELM,1070,1.0,1.0
ELM,222,1.0,1.0
ELM,1226,0.3333333333333333,0.3333333333333333
ELM,233,0.6666666666666666,1.0
ELM,1017,0.6666666666666666,0.6666666666666666
ELM,639,0.6666666666666666,0.6666666666666666
ELM,350,0.3333333333333333,0.6666666666666666
ELM,472,0.6666666666666666,0.6666666666666666
ELM,1170,0.3333333333333333,0.3333333333333333
ELM,116,1.0,1.0
ELM,448,1.0,1.0
ELM,573,0.0,0.0
ELM,434,0.3333333333333333,0.3333333333333333
ELM,127,0.6666666666666666,1.0
ELM,480,0.3333333333333333,0.6666666666666666
ELM,773,0.3333333333333333,0.3333333333333333
ELM,143,1.0,1.0
ELM,80,1.0,1.0
ELM,925,0.6666666666666666,1.0
ELM,913,0.6666666666666666,1.0
ELM,20,0.6666666666666666,0.3333333333333333
ELM,942,0.6666666666666666,0.6666666666666666
ELM,289,0.3333333333333333,0.3333333333333333
ELM,429,1.0,1.0
ELM,356,0.6666666666666666,0.6666666666666666
ELM,309,0.6666666666666666,0.6666666666666666
ELM,997,0.0,0.0
ELM,883,0.0,0.0
ELM,1148,0.3333333333333333,0.3333333333333333
ELM,599,0.0,0.0
ELM,123,0.0,0.0
ELM,711,0.0,0.3333333333333333
ELM,914,0.3333333333333333,0.3333333333333333
ELM,1005,0.6666666666666666,0.6666666666666666
ELM,1083,0.6666666666666666,0.6666666666666666
ELM,1072,1.0,1.0
ELM,1036,1.0,1.0
ELM,77,0.0,0.6666666666666666
ELM,447,0.3333333333333333,1.0
ELM,322,1.0,1.0
ELM,354,0.6666666666666666,0.6666666666666666
ELM,241,0.3333333333333333,0.6666666666666666
ELM,608,0.6666666666666666,0.6666666666666666
ELM,1098,0.3333333333333333,0.3333333333333333
ELM,548,0.0,0.0
ELM,43,0.0,0.0
ELM,958,1.0,1.0
ELM,939,0.6666666666666666,0.6666666666666666
ELM,898,1.0,1.0
ELM,69,0.6666666666666666,0.0
ELM,959,0.6666666666666666,0.6666666666666666
ELM,1186,0.6666666666666666,0.6666666666666666
ELM,135,0.6666666666666666,1.0
ELM,630,1.0,1.0
ELM,892,0.0,0.0
ELM,601,0.0,0.0
ELM,238,0.6666666666666666,0.6666666666666666
ELM,396,0.3333333333333333,0.3333333333333333
ELM,1048,1.0,1.0
ELM,544,0.6666666666666666,0.6666666666666666
ELM,945,0.6666666666666666,1.0
ELM,471,1.0,1.0
ELM,157,0.0,0.0
ELM,969,0.3333333333333333,0.3333333333333333
ELM,1035,0.6666666666666666,0.6666666666666666
ELM,100,0.3333333333333333,0.3333333333333333
ELM,305,0.0,0.0
ELM,723,0.6666666666666666,1.0
ELM,731,1.0,1.0
ELM,140,0.6666666666666666,0.3333333333333333
ELM,1051,0.6666666666666666,0.6666666666666666
ELM,1213,1.0,0.6666666666666666
ELM,694,0.3333333333333333,0.3333333333333333
ELM,36,0.0,0.0
ELM,1103,0.6666666666666666,0.6666666666666666
ELM,152,0.6666666666666666,1.0
ELM,1112,0.0,0.0
ELM,1130,1.0,1.0
ELM,802,1.0,1.0
ELM,774,0.3333333333333333,0.3333333333333333
ELM,656,1.0,1.0
ELM,431,1.0,1.0
ELM,1125,0.0,0.0
ELM,1086,0.6666666666666666,0.6666666666666666
ELM,10,1.0,1.0
ELM,607,0.6666666666666666,0.6666666666666666
ELM,929,0.6666666666666666,0.6666666666666666
ELM,744,1.0,1.0
ELM,223,0.3333333333333333,0.3333333333333333
ELM,905,1.0,1.0
ELM,857,0.3333333333333333,0.6666666666666666
ELM,388,1.0,1.0
ELM,483,0.0,0.3333333333333333
ELM,1041,0.0,0.0
ELM,493,1.0,0.3333333333333333
ELM,180,0.6666666666666666,1.0
ELM,1050,0.3333333333333333,0.3333333333333333
ELM,629,0.6666666666666666,0.6666666666666666
ELM,792,1.0,1.0
ELM,1266,0.0,0.0
ELM,747,0.0,0.0
ELM,742,0.6666666666666666,0.6666666666666666
ELM,380,1.0,1.0
ELM,966,1.0,1.0
ELM,146,1.0,1.0
ELM,697,0.6666666666666666,0.6666666666666666
ELM,682,0.0,0.3333333333333333
ELM,315,1.0,1.0
ELM,369,1.0,1.0
ELM,811,1.0,1.0
ELM,1114,0.0,0.0
ELM,1231,1.0,1.0
ELM,51,0.3333333333333333,0.3333333333333333
ELM,825,1.0,1.0
ELM,304,0.6666666666666666,0.6666666666666666
ELM,457,1.0,1.0
ELM,640,0.6666666666666666,0.6666666666666666
ELM,66,1.0,1.0
ELM,421,0.3333333333333333,0.3333333333333333
ELM,21,0.3333333333333333,0.0
ELM,475,1.0,1.0
ELM,368,0.3333333333333333,0.3333333333333333
ELM,1045,0.6666666666666666,0.6666666666666666
ELM,1074,0.6666666666666666,0.6666666666666666
ELM,25,0.6666666666666666,0.6666666666666666
ELM,0,0.0,0.0
ELM,684,0.6666666666666666,0.6666666666666666
ELM,184,1.0,1.0
ELM,783,0.6666666666666666,0.6666666666666666
ELM,14,0.0,0.0
ELM,1190,1.0,1.0
ELM,546,1.0,1.0
ELM,461,1.0,1.0
ELM,248,1.0,1.0
ELM,768,0.3333333333333333,0.3333333333333333
ELM,1082,0.3333333333333333,0.3333333333333333
ELM,849,0.6666666666666666,0.6666666666666666
ELM,435,0.0,0.0
ELM,872,0.3333333333333333,0.6666666666666666
ELM,875,0.3333333333333333,0.3333333333333333
ELM,539,0.6666666666666666,0.3333333333333333
ELM,1236,1.0,1.0
ELM,999,1.0,1.0
ELM,627,0.6666666666666666,0.6666666666666666
ELM,213,1.0,0.6666666666666666
ELM,927,0.0,0.0
ELM,1202,0.6666666666666666,0.6666666666666666
ELM,173,1.0,1.0
ELM,729,1.0,1.0
ELM,985,1.0,1.0
ELM,1232,0.0,0.0
ELM,1158,0.3333333333333333,0.3333333333333333
ELM,420,1.0,1.0
ELM,896,0.6666666666666666,0.6666666666666666
ELM,1055,0.3333333333333333,0.3333333333333333
ELM,595,0.3333333333333333,0.3333333333333333
ELM,1131,1.0,1.0
ELM,935,1.0,1.0
ELM,636,0.6666666666666666,0.6666666666666666
ELM,492,0.6666666666666666,0.6666666666666666
ELM,1084,0.0,0.3333333333333333
ELM,1110,1.0,1.0
ELM,501,0.6666666666666666,0.6666666666666666
ELM,897,0.0,0.0
ELM,810,0.6666666666666666,0.6666666666666666
ELM,1225,0.6666666666666666,0.6666666666666666
ELM,352,1.0,1.0
ELM,230,1.0,1.0
ELM,1200,0.6666666666666666,0.6666666666666666
ELM,198,1.0,1.0
ELM,1105,0.6666666666666666,0.6666666666666666
ELM,767,0.3333333333333333,0.6666666666666666
ELM,698,0.0,0.0
ELM,510,0.6666666666666666,0.6666666666666666
ELM,632,1.0,1.0
ELM,1001,0.6666666666666666,0.6666666666666666
ELM,367,1.0,1.0
ELM,11,1.0,1.0
ELM,518,0.3333333333333333,0.6666666666666666
ELM,563,1.0,1.0
ELM,1242,1.0,1.0
ELM,97,1.0,1.0
ELM,1134,0.6666666666666666,1.0
ELM,131,0.3333333333333333,0.6666666666666666
ELM,1257,1.0,1.0
ELM,158,0.3333333333333333,0.3333333333333333
ELM,664,0.0,0.0
ELM,646,1.0,1.0
ELM,278,1.0,1.0
ELM,1167,1.0,1.0
ELM,841,1.0,1.0
ELM,427,0.6666666666666666,0.6666666666666666
ELM,236,0.6666666666666666,0.6666666666666666
ELM,740,1.0,1.0
ELM,395,1.0,0.6666666666666666
ELM,757,1.0,0.6666666666666666
ELM,110,1.0,1.0
ELM,133,0.6666666666666666,0.6666666666666666
ELM,965,0.6666666666666666,0.6666666666666666
ELM,343,1.0,1.0
ELM,61,0.6666666666666666,0.6666666666666666
ELM,1139,0.3333333333333333,0.3333333333333333
ELM,220,0.3333333333333333,0.6666666666666666
ELM,1162,0.6666666666666666,0.6666666666666666
ELM,511,0.6666666666666666,1.0
ELM,252,0.6666666666666666,0.6666666666666666
ELM,941,0.3333333333333333,0.3333333333333333
ELM,128,1.0,1.0
ELM,203,1.0,1.0
ELM,29,0.3333333333333333,0.6666666666666666
ELM,444,0.3333333333333333,0.6666666666666666
ELM,845,0.3333333333333333,0.3333333333333333
ELM,2,1.0,0.6666666666666666
ELM,839,1.0,1.0
ELM,1004,0.6666666666666666,0.6666666666666666
ELM,156,1.0,1.0
ELM,324,1.0,1.0
ELM,745,1.0,1.0
ELM,1177,0.6666666666666666,0.6666666666666666
ELM,1027,0.3333333333333333,1.0
ELM,283,0.6666666666666666,0.6666666666666666
ELM,741,0.3333333333333333,0.0
ELM,964,0.3333333333333333,0.3333333333333333
ELM,801,0.3333333333333333,0.3333333333333333
ELM,557,1.0,1.0
ELM,759,0.6666666666666666,0.6666666666666666
ELM,901,0.3333333333333333,0.3333333333333333
ELM,1049,1.0,1.0
ELM,833,1.0,1.0
ELM,419,0.3333333333333333,0.6666666666666666
ELM,865,0.6666666666666666,1.0
ELM,1107,0.3333333333333333,0.3333333333333333
ELM,647,0.3333333333333333,1.0
ELM,1244,0.0,0.0
ELM,558,1.0,1.0
ELM,1085,0.0,0.0
ELM,281,1.0,0.6666666666666666
ELM,1133,0.3333333333333333,0.3333333333333333
ELM,612,0.3333333333333333,0.6666666666666666
ELM,477,1.0,1.0
ELM,132,0.3333333333333333,0.3333333333333333
ELM,803,0.6666666666666666,0.6666666666666666
ELM,361,0.6666666666666666,0.6666666666666666
ELM,549,0.0,0.3333333333333333
ELM,891,0.6666666666666666,1.0
ELM,631,1.0,1.0
ELM,879,1.0,1.0
ELM,378,1.0,1.0
ELM,1272,0.0,0.3333333333333333
ELM,808,0.3333333333333333,0.3333333333333333
ELM,151,0.3333333333333333,0.3333333333333333
ELM,389,0.3333333333333333,0.3333333333333333
ELM,626,0.0,0.0
ELM,1038,0.0,0.3333333333333333
ELM,699,0.6666666666666666,0.6666666666666666
ELM,136,0.6666666666666666,0.3333333333333333
ELM,307,0.3333333333333333,0.3333333333333333
ELM,1071,0.0,0.0
ELM,1194,1.0,1.0
ELM,581,0.6666666666666666,1.0
ELM,1,0.6666666666666666,0.6666666666666666
ELM,365,0.3333333333333333,0.3333333333333333
ELM,94,0.6666666666666666,0.6666666666666666
ELM,567,1.0,1.0
ELM,243,0.3333333333333333,0.3333333333333333
ELM,537,0.6666666666666666,0.6666666666666666
ELM,777,1.0,1.0
ELM,719,1.0,1.0
ELM,602,1.0,1.0
ELM,218,1.0,1.0
ELM,513,1.0,1.0
ELM,826,1.0,1.0
ELM,484,0.6666666666666666,0.6666666666666666
ELM,470,0.0,0.0
ELM,406,0.6666666666666666,0.6666666666666666
ELM,895,0.6666666666666666,0.6666666666666666
ELM,1104,1.0,1.0
ELM,680,1.0,0.6666666666666666
ELM,625,0.6666666666666666,0.3333333333333333
ELM,38,0.6666666666666666,0.6666666666666666
ELM,474,0.3333333333333333,0.3333333333333333
ELM,78,0.3333333333333333,0.3333333333333333
ELM,259,0.0,0.0
ELM,1210,0.0,0.0
ELM,147,0.3333333333333333,0.0
ELM,819,0.6666666666666666,0.6666666666666666
ELM,765,1.0,1.0
ELM,371,1.0,1.0
ELM,957,1.0,1.0
ELM,1156,0.3333333333333333,0.3333333333333333
ELM,263,1.0,1.0
ELM,340,1.0,1.0
ELM,509,0.0,0.0
ELM,677,1.0,1.0
ELM,498,0.3333333333333333,0.3333333333333333
ELM,934,0.6666666666666666,0.3333333333333333
ELM,1270,1.0,1.0
ELM,1195,1.0,1.0
ELM,467,0.6666666666666666,0.3333333333333333
ELM,1206,1.0,1.0
ELM,244,0.0,0.0
ELM,953,0.6666666666666666,0.6666666666666666
ELM,651,1.0,1.0
ELM,1239,0.0,0.0
ELM,186,0.0,0.3333333333333333
ELM,273,0.3333333333333333,0.3333333333333333
ELM,453,0.6666666666666666,0.6666666666666666
ELM,692,0.6666666666666666,0.6666666666666666
ELM,336,0.6666666666666666,0.6666666666666666
ELM,551,0.0,0.0
ELM,1204,0.6666666666666666,0.6666666666666666
ELM,804,0.3333333333333333,0.3333333333333333
ELM,24,0.0,0.0
ELM,12,1.0,1.0
ELM,1193,1.0,1.0
ELM,55,1.0,1.0
ELM,663,1.0,1.0
ELM,716,0.6666666666666666,0.6666666666666666
ELM,346,0.0,0.0
ELM,655,1.0,1.0
ELM,7,0.0,0.0
ELM,556,0.6666666666666666,0.6666666666666666
ELM,197,1.0,1.0
ELM,1209,0.6666666666666666,1.0
ELM,784,0.6666666666666666,0.6666666666666666
ELM,253,0.3333333333333333,0.3333333333333333
ELM,762,0.6666666666666666,1.0
ELM,1040,0.6666666666666666,0.6666666666666666
ELM,98,1.0,1.0
ELM,35,1.0,1.0
ELM,1237,0.0,0.0
ELM,909,0.0,0.0
ELM,321,0.0,0.0
ELM,91,1.0,0.6666666666666666
ELM,859,0.0,0.0
ELM,312,0.6666666666666666,0.6666666666666666
ELM,250,0.3333333333333333,0.3333333333333333
ELM,1032,0.0,0.0
ELM,195,0.3333333333333333,0.3333333333333333
ELM,310,1.0,1.0
ELM,328,1.0,1.0
ELM,297,0.6666666666666666,0.6666666666666666
ELM,657,1.0,1.0
ELM,659,0.6666666666666666,0.6666666666666666
ELM,1015,1.0,1.0
ELM,1265,0.0,0.0
ELM,1115,0.6666666666666666,1.0
ELM,217,0.0,0.0
ELM,1268,1.0,1.0
ELM,1175,0.0,0.3333333333333333
ELM,1181,0.3333333333333333,0.3333333333333333
ELM,326,0.0,0.0
ELM,542,0.0,0.0
ELM,988,1.0,1.0
ELM,976,1.0,1.0
ELM,553,0.6666666666666666,1.0
ELM,1099,0.6666666666666666,0.6666666666666666
ELM,1064,1.0,1.0
ELM,374,1.0,1.0
ELM,1150,1.0,1.0
ELM,489,0.3333333333333333,1.0
ELM,890,0.0,0.0
ELM,514,0.6666666666666666,0.6666666666666666
ELM,593,1.0,1.0
ELM,1080,1.0,1.0
ELM,101,1.0,1.0
ELM,950,0.3333333333333333,0.0
ELM,753,0.3333333333333333,0.3333333333333333
ELM,332,0.0,0.0
ELM,585,1.0,1.0
ELM,1061,0.3333333333333333,0.3333333333333333
ELM,761,0.6666666666666666,1.0
ELM,125,0.0,0.0
ELM,48,1.0,1.0
ELM,814,0.6666666666666666,0.6666666666666666
ELM,1106,0.3333333333333333,0.3333333333333333
ELM,1260,0.3333333333333333,0.3333333333333333
ELM,794,0.0,0.0
ELM,1218,1.0,1.0
ELM,1197,1.0,1.0
ELM,899,0.6666666666666666,1.0
ELM,968,0.3333333333333333,0.3333333333333333
ELM,1003,0.0,0.0
ELM,224,0.3333333333333333,0.3333333333333333
ELM,476,0.6666666666666666,0.6666666666666666
ELM,381,1.0,1.0
ELM,858,0.6666666666666666,0.6666666666666666
ELM,1168,0.0,0.0
ELM,27,1.0,0.6666666666666666
ELM,1077,0.6666666666666666,1.0
ELM,1023,0.3333333333333333,0.3333333333333333
ELM,887,0.6666666666666666,0.6666666666666666
ELM,87,0.0,0.0
ELM,268,0.3333333333333333,0.3333333333333333
ELM,870,1.0,1.0
ELM,1075,0.0,0.0
ELM,881,0.0,0.0
ELM,1246,0.3333333333333333,0.0
ELM,403,1.0,1.0
ELM,743,0.0,0.0
ELM,610,0.3333333333333333,0.6666666666666666
ELM,234,0.6666666666666666,0.3333333333333333
ELM,1208,0.0,0.0
ELM,1122,0.0,0.0
ELM,578,0.6666666666666666,0.6666666666666666
ELM,292,1.0,1.0
ELM,363,1.0,1.0
ELM,433,0.0,0.0
ELM,202,0.6666666666666666,0.6666666666666666
ELM,360,0.6666666666666666,1.0
ELM,53,1.0,1.0
ELM,1173,0.0,0.0
ELM,1119,1.0,1.0
ELM,394,0.0,0.0
ELM,219,0.3333333333333333,0.3333333333333333
ELM,166,0.3333333333333333,0.0
ELM,28,0.0,0.0
ELM,245,1.0,0.6666666666666666
ELM,473,0.6666666666666666,0.6666666666666666
ELM,425,0.0,0.0
ELM,1010,0.6666666666666666,0.6666666666666666
ELM,192,0.6666666666666666,0.6666666666666666
ELM,1030,0.0,0.3333333333333333
ELM,1116,0.6666666666666666,1.0
ELM,1144,0.6666666666666666,0.6666666666666666
ELM,138,1.0,1.0
ELM,148,0.3333333333333333,0.6666666666666666
ELM,302,0.3333333333333333,0.3333333333333333
ELM,126,0.6666666666666666,0.6666666666666666
ELM,1052,0.0,0.0
ELM,972,0.0,0.0
ELM,874,0.6666666666666666,0.6666666666666666
ELM,408,0.6666666666666666,1.0
ELM,96,0.6666666666666666,0.6666666666666666
ELM,618,1.0,1.0
ELM,79,0.0,0.6666666666666666
ELM,800,1.0,1.0
ELM,239,1.0,1.0
ELM,688,1.0,1.0
ELM,737,1.0,1.0
ELM,1196,1.0,1.0
ELM,285,0.3333333333333333,0.3333333333333333
ELM,426,0.0,0.6666666666666666
ELM,86,0.3333333333333333,0.6666666666666666
ELM,1183,1.0,1.0
ELM,1224,1.0,1.0
ELM,791,1.0,1.0
ELM,113,0.6666666666666666,0.3333333333333333
ELM,387,1.0,1.0
ELM,267,0.3333333333333333,0.3333333333333333
ELM,596,1.0,1.0
ELM,547,0.3333333333333333,0.3333333333333333
ELM,1166,1.0,1.0
ELM,1203,0.6666666666666666,0.6666666666666666
ELM,88,0.6666666666666666,0.6666666666666666
ELM,586,1.0,1.0
ELM,728,0.3333333333333333,0.3333333333333333
ELM,193,0.6666666666666666,0.6666666666666666
ELM,64,0.6666666666666666,0.6666666666666666
ELM,790,0.6666666666666666,0.6666666666666666
ELM,1068,0.6666666666666666,0.6666666666666666
ELM,260,0.0,0.6666666666666666
ELM,1267,0.0,0.0
ELM,1163,1.0,1.0
ELM,9,1.0,1.0
ELM,344,1.0,1.0
ELM,347,0.6666666666666666,0.6666666666666666
ELM,536,0.6666666666666666,0.6666666666666666
ELM,530,0.3333333333333333,0.6666666666666666
ELM,931,0.6666666666666666,0.6666666666666666
ELM,717,0.6666666666666666,0.6666666666666666
ELM,1145,0.0,0.0
ELM,758,0.6666666666666666,0.6666666666666666
ELM,550,1.0,1.0
ELM,907,0.6666666666666666,0.6666666666666666
ELM,583,0.6666666666666666,0.6666666666666666
ELM,15,1.0,1.0
ELM,797,0.0,0.0
ELM,6,0.6666666666666666,0.6666666666666666
ELM,683,1.0,1.0
ELM,385,0.0,0.0
ELM,199,0.3333333333333333,0.0
ELM,468,0.6666666666666666,0.6666666666666666
ELM,299,0.3333333333333333,0.3333333333333333
ELM,963,1.0,1.0
ELM,1252,0.6666666666666666,0.6666666666666666
ELM,418,0.6666666666666666,0.6666666666666666
ELM,936,0.6666666666666666,0.6666666666666666
ELM,598,0.6666666666666666,0.6666666666666666
ELM,619,0.0,0.0
ELM,829,0.3333333333333333,0.6666666666666666
ELM,342,1.0,1.0
ELM,748,0.6666666666666666,1.0
ELM,269,0.6666666666666666,0.6666666666666666
ELM,276,0.3333333333333333,0.3333333333333333
ELM,983,0.3333333333333333,0.3333333333333333
ELM,1247,0.6666666666666666,1.0
ELM,390,1.0,1.0
ELM,991,1.0,1.0
ELM,112,0.3333333333333333,0.3333333333333333
ELM,1127,0.6666666666666666,0.6666666666666666
ELM,705,0.6666666666666666,0.6666666666666666
ELM,1021,0.3333333333333333,0.0
ELM,319,0.6666666666666666,0.6666666666666666
ELM,377,1.0,1.0
ELM,206,0.0,0.0
ELM,370,0.6666666666666666,0.6666666666666666
ELM,120,0.0,0.0
ELM,115,0.6666666666666666,0.6666666666666666
ELM,541,1.0,1.0
ELM,341,0.3333333333333333,0.3333333333333333
ELM,864,0.3333333333333333,0.3333333333333333
ELM,521,1.0,0.6666666666666666
ELM,662,1.0,1.0
ELM,835,1.0,1.0
ELM,1143,0.3333333333333333,0.6666666666666666
ELM,643,0.6666666666666666,0.6666666666666666
ELM,795,0.0,0.0
ELM,154,0.3333333333333333,0.6666666666666666
ELM,648,0.3333333333333333,0.6666666666666666
ELM,75,0.3333333333333333,0.3333333333333333
ELM,668,0.3333333333333333,0.6666666666666666
ELM,615,0.0,0.0
ELM,502,1.0,1.0
ELM,734,1.0,1.0
ELM,868,0.3333333333333333,0.3333333333333333
ELM,588,1.0,1.0
ELM,980,0.3333333333333333,0.6666666666666666
ELM,1188,0.0,0.0
ELM,754,0.0,0.0
ELM,974,0.3333333333333333,0.3333333333333333
ELM,334,1.0,1.0
ELM,201,0.3333333333333333,0.3333333333333333
ELM,614,0.0,0.3333333333333333
ELM,954,0.3333333333333333,1.0
ELM,107,0.3333333333333333,0.3333333333333333
ELM,508,0.3333333333333333,1.0
ELM,1108,1.0,1.0
ELM,413,1.0,1.0
ELM,439,0.3333333333333333,0.6666666666666666
ELM,221,1.0,1.0
ELM,169,0.3333333333333333,0.3333333333333333
ELM,1249,1.0,1.0
ELM,1255,1.0,1.0
ELM,531,0.0,0.0
ELM,603,0.6666666666666666,0.6666666666666666
ELM,1159,1.0,1.0
ELM,504,0.6666666666666666,1.0
ELM,119,0.3333333333333333,0.3333333333333333
ELM,72,1.0,1.0
ELM,330,0.0,0.0
ELM,1212,1.0,1.0
ELM,291,0.6666666666666666,0.6666666666666666
ELM,196,1.0,1.0
ELM,33,0.3333333333333333,0.0
ELM,606,0.3333333333333333,0.3333333333333333
ELM,1152,0.6666666666666666,0.6666666666666666
ELM,1113,0.0,0.6666666666666666
ELM,1240,0.6666666666666666,0.6666666666666666
ELM,952,0.0,0.0
ELM,208,1.0,1.0
ELM,512,0.0,0.0
ELM,540,1.0,1.0
ELM,1191,0.0,0.0
ELM,673,0.3333333333333333,0.3333333333333333
ELM,240,0.0,0.3333333333333333
ELM,121,1.0,1.0
ELM,766,0.3333333333333333,0.3333333333333333
ELM,923,0.0,0.0
ELM,813,0.0,0.0
ELM,1254,0.3333333333333333,0.0
ELM,679,0.0,0.0
ELM,569,0.3333333333333333,0.3333333333333333
ELM,274,0.3333333333333333,0.3333333333333333
ELM,902,0.6666666666666666,1.0
ELM,850,0.0,0.0
ELM,613,0.3333333333333333,0.3333333333333333
ELM,402,1.0,0.6666666666666666
ELM,71,0.6666666666666666,0.6666666666666666
ELM,1011,0.3333333333333333,0.3333333333333333
ELM,589,0.6666666666666666,0.6666666666666666
ELM,1024,0.6666666666666666,0.6666666666666666
ELM,1228,1.0,1.0
ELM,454,0.3333333333333333,0.3333333333333333
ELM,822,1.0,1.0
ELM,686,0.6666666666666666,0.6666666666666666
ELM,1033,1.0,1.0
ELM,506,1.0,1.0
ELM,92,0.6666666666666666,0.6666666666666666
ELM,847,0.0,0.0
ELM,1047,0.0,0.0
ELM,666,1.0,0.3333333333333333
ELM,4,1.0,1.0
ELM,164,1.0,1.0
ELM,445,0.6666666666666666,0.6666666666666666
ELM,382,1.0,1.0
ELM,22,1.0,1.0
ELM,571,1.0,1.0
ELM,755,1.0,1.0
ELM,782,0.3333333333333333,0.3333333333333333
ELM,1123,0.6666666666666666,0.6666666666666666
ELM,920,0.0,0.0
ELM,62,0.3333333333333333,0.3333333333333333
ELM,635,1.0,1.0
ELM,255,0.0,0.0
ELM,856,0.6666666666666666,0.6666666666666666
ELM,671,0.6666666666666666,0.3333333333333333
ELM,409,0.0,0.0
ELM,44,1.0,1.0
ELM,163,0.3333333333333333,0.0
ELM,623,0.6666666666666666,0.6666666666666666
ELM,153,0.3333333333333333,0.3333333333333333
ELM,417,0.6666666666666666,1.0
ELM,1065,0.6666666666666666,0.6666666666666666
ELM,56,0.6666666666666666,0.6666666666666666
ELM,823,0.0,0.0
ELM,848,0.3333333333333333,0.3333333333333333
ELM,288,0.0,0.0
ELM,225,0.0,0.0
ELM,943,0.0,0.0
ELM,1101,1.0,1.0
ELM,832,0.6666666666666666,0.6666666666666666
ELM,710,0.3333333333333333,0.3333333333333333
ELM,1258,0.6666666666666666,0.6666666666666666
ELM,1142,1.0,1.0
ELM,40,1.0,1.0
ELM,386,0.0,0.3333333333333333
ELM,114,0.0,0.0
ELM,1132,0.0,0.0
ELM,691,1.0,1.0
ELM,1230,1.0,1.0
ELM,1006,0.6666666666666666,1.0
ELM,590,0.3333333333333333,0.6666666666666666
ELM,204,0.0,0.3333333333333333
ELM,1140,1.0,1.0
ELM,1201,0.0,0.3333333333333333
ELM,1164,1.0,1.0
ELM,496,0.3333333333333333,0.6666666666666666
ELM,526,0.6666666666666666,0.0
ELM,990,1.0,1.0
ELM,176,1.0,1.0
ELM,685,1.0,1.0
ELM,1187,1.0,1.0
ELM,579,1.0,1.0
ELM,85,0.3333333333333333,0.3333333333333333
ELM,1263,0.3333333333333333,0.3333333333333333
ELM,1235,1.0,1.0
ELM,159,0.0,0.0
ELM,50,0.3333333333333333,0.3333333333333333
ELM,373,0.0,0.0
ELM,924,0.6666666666666666,1.0
ELM,8,0.6666666666666666,0.6666666666666666
ELM,702,0.3333333333333333,0.3333333333333333
ELM,384,0.6666666666666666,0.6666666666666666
ELM,1205,0.6666666666666666,0.3333333333333333
ELM,298,1.0,1.0
ELM,572,0.3333333333333333,0.3333333333333333
ELM,824,0.6666666666666666,0.3333333333333333
ELM,738,0.3333333333333333,0.3333333333333333
ELM,228,0.3333333333333333,0.3333333333333333
ELM,916,0.3333333333333333,0.3333333333333333
ELM,216,1.0,1.0
ELM,605,1.0,1.0
ELM,756,0.6666666666666666,0.3333333333333333
ELM,532,1.0,1.0
ELM,796,1.0,0.6666666666666666
ELM,271,0.0,0.0
ELM,871,1.0,1.0
ELM,1261,0.0,0.0
ELM,18,0.6666666666666666,0.6666666666666666
ELM,303,0.0,0.0
ELM,183,0.3333333333333333,0.6666666666666666
ELM,652,0.3333333333333333,0.3333333333333333
ELM,464,0.6666666666666666,1.0
ELM,478,0.3333333333333333,0.6666666666666666
ELM,424,1.0,1.0
ELM,393,0.0,0.0
ELM,714,0.6666666666666666,0.6666666666666666
ELM,577,1.0,1.0
ELM,911,0.6666666666666666,0.6666666666666666
ELM,124,0.0,0.0
ELM,272,0.3333333333333333,0.3333333333333333
ELM,59,0.6666666666666666,0.6666666666666666
ELM,1178,0.6666666666666666,0.6666666666666666
ELM,947,0.6666666666666666,0.3333333333333333
ELM,554,1.0,1.0
ELM,482,0.6666666666666666,0.6666666666666666
ELM,660,1.0,1.0
ELM,903,0.0,0.0
ELM,209,0.6666666666666666,0.6666666666666666
ELM,576,0.0,0.3333333333333333
ELM,944,0.6666666666666666,0.6666666666666666
ELM,866,0.0,0.0
ELM,552,1.0,1.0
ELM,793,0.3333333333333333,0.3333333333333333
ELM,1179,0.0,0.0
ELM,580,0.6666666666666666,0.6666666666666666
ELM,1012,1.0,1.0
ELM,644,0.0,0.0
ELM,900,0.6666666666666666,0.6666666666666666
ELM,650,1.0,1.0
ELM,1153,0.6666666666666666,0.3333333333333333
ELM,46,0.6666666666666666,0.6666666666666666
ELM,843,1.0,1.0
ELM,696,1.0,1.0
ELM,565,0.6666666666666666,0.6666666666666666
ELM,693,1.0,1.0
ELM,1044,0.6666666666666666,0.6666666666666666
ELM,904,0.3333333333333333,0.3333333333333333
ELM,26,0.3333333333333333,0.6666666666666666
ELM,415,0.3333333333333333,0.3333333333333333
ELM,703,1.0,1.0
ELM,1121,0.6666666666666666,0.6666666666666666
ELM,670,1.0,1.0
ELM,168,0.3333333333333333,0.3333333333333333
ELM,1271,1.0,1.0
ELM,399,0.3333333333333333,0.6666666666666666
ELM,789,0.0,0.0
ELM,172,1.0,1.0
ELM,258,0.6666666666666666,0.6666666666666666
ELM,1091,0.6666666666666666,0.6666666666666666
ELM,144,0.6666666666666666,0.6666666666666666
ELM,649,1.0,1.0
ELM,853,1.0,1.0
ELM,831,0.0,0.0
ELM,996,0.0,0.0
ELM,188,0.6666666666666666,0.6666666666666666
ELM,137,0.3333333333333333,0.3333333333333333
ELM,982,0.0,0.0
ELM,860,1.0,1.0
ELM,817,0.0,0.0
ELM,984,0.3333333333333333,0.6666666666666666
ELM,226,0.3333333333333333,0.3333333333333333
ELM,1251,1.0,1.0
ELM,620,1.0,1.0
ELM,265,0.6666666666666666,0.6666666666666666
ELM,712,0.6666666666666666,0.6666666666666666
ELM,70,1.0,1.0
ELM,527,1.0,1.0
ELM,351,1.0,1.0
ELM,174,0.6666666666666666,0.6666666666666666
ELM,1269,1.0,1.0
ELM,1129,1.0,1.0
ELM,155,0.0,0.0
ELM,318,1.0,1.0
ELM,880,0.0,0.0
ELM,940,0.3333333333333333,0.3333333333333333
ELM,912,1.0,1.0
ELM,1088,0.0,0.0
ELM,400,0.3333333333333333,0.3333333333333333
ELM,1124,0.3333333333333333,0.3333333333333333
ELM,609,0.3333333333333333,0.3333333333333333
ELM,570,1.0,1.0
ELM,624,0.6666666666666666,1.0
ELM,211,0.6666666666666666,0.3333333333333333
ELM,1172,0.6666666666666666,1.0
ELM,3,1.0,1.0
ELM,884,0.6666666666666666,0.6666666666666666
ELM,1059,1.0,1.0
ELM,704,1.0,1.0
ELM,592,1.0,1.0
ELM,1222,0.6666666666666666,0.6666666666666666
ELM,357,1.0,1.0
ELM,921,0.0,0.0
ELM,422,1.0,1.0
ELM,739,1.0,1.0
ELM,971,1.0,1.0
ELM,720,0.3333333333333333,0.3333333333333333
ELM,345,1.0,1.0
ELM,256,0.6666666666666666,0.3333333333333333
ELM,1174,0.6666666666666666,1.0
ELM,787,0.6666666666666666,0.6666666666666666
ELM,145,1.0,1.0
ELM,842,1.0,1.0
ELM,1060,0.0,0.0
ELM,726,0.3333333333333333,0.3333333333333333
ELM,488,0.6666666666666666,0.6666666666666666
ELM,562,0.0,0.0
ELM,412,0.6666666666666666,1.0
ELM,90,1.0,1.0
ELM,469,1.0,1.0
ELM,906,0.3333333333333333,0.3333333333333333
ELM,441,1.0,1.0
ELM,1095,0.0,0.0
ELM,584,1.0,0.3333333333333333
ELM,108,0.6666666666666666,0.6666666666666666
ELM,404,0.6666666666666666,0.0
ELM,338,1.0,1.0
ELM,68,0.3333333333333333,0.6666666666666666
ELM,928,1.0,1.0
ELM,863,0.0,0.0
ELM,1207,0.0,0.0
ELM,1078,0.6666666666666666,0.6666666666666666
ELM,690,1.0,1.0
ELM,1211,0.6666666666666666,0.6666666666666666
ELM,700,1.0,1.0
ELM,1151,0.6666666666666666,0.6666666666666666
ELM,1014,1.0,1.0
ELM,1090,0.3333333333333333,0.6666666666666666
ELM,1154,1.0,1.0
ELM,1182,0.0,0.0
ELM,175,0.3333333333333333,0.0
ELM,545,1.0,1.0
ELM,194,0.3333333333333333,0.3333333333333333
ELM,1220,0.6666666666666666,1.0
ELM,922,0.0,0.0
ELM,611,0.3333333333333333,0.0
ELM,1057,1.0,1.0
ELM,1180,0.0,0.0
ELM,807,0.0,0.3333333333333333
ELM,58,0.6666666666666666,1.0
ELM,462,0.3333333333333333,0.6666666666666666
ELM,724,0.0,0.0
ELM,1053,0.0,0.0
ELM,981,1.0,1.0
ELM,1234,1.0,1.0
ELM,261,0.3333333333333333,1.0
ELM,398,0.0,0.0
ELM,1149,0.3333333333333333,0.3333333333333333
ELM,1217,0.0,0.0
ELM,764,0.3333333333333333,0.3333333333333333
ELM,561,0.6666666666666666,0.3333333333333333
ELM,575,0.3333333333333333,0.6666666666666666
ELM,459,0.0,0.0
ELM,1019,0.6666666666666666,0.6666666666666666
ELM,162,0.0,0.6666666666666666
ELM,725,0.3333333333333333,0.3333333333333333
ELM,933,1.0,1.0
ELM,637,0.0,0.3333333333333333
ELM,937,0.3333333333333333,0.3333333333333333
ELM,503,0.0,0.3333333333333333
ELM,235,1.0,0.0
ELM,280,0.3333333333333333,0.3333333333333333
ELM,1126,1.0,1.0
ELM,1253,1.0,1.0
ELM,967,0.3333333333333333,0.3333333333333333
ELM,1031,1.0,1.0
ELM,293,0.0,0.0
ELM,1026,1.0,1.0
ELM,992,0.6666666666666666,1.0
ELM,538,1.0,1.0
ELM,855,1.0,1.0
ELM,178,0.0,0.0
ELM,516,0.6666666666666666,0.6666666666666666
ELM,785,0.3333333333333333,0.3333333333333333
ELM,67,1.0,0.6666666666666666
ELM,366,1.0,1.0
ELM,837,0.6666666666666666,0.6666666666666666
ELM,229,0.6666666666666666,0.6666666666666666
ELM,353,1.0,1.0
ELM,708,0.3333333333333333,0.3333333333333333
ELM,707,1.0,1.0
ELM,812,1.0,1.0
ELM,84,0.3333333333333333,0.6666666666666666
ELM,1063,1.0,1.0
ELM,975,1.0,1.0
ELM,591,0.6666666666666666,0.6666666666666666
ELM,885,0.3333333333333333,0.3333333333333333
ELM,1248,0.0,0.0
ELM,559,0.6666666666666666,1.0
ELM,1264,1.0,1.0
ELM,956,0.6666666666666666,0.6666666666666666
ELM,359,1.0,1.0
ELM,1062,1.0,1.0
ELM,616,0.0,0.0
ELM,282,0.6666666666666666,0.6666666666666666
ELM,522,0.6666666666666666,0.6666666666666666
ELM,770,1.0,1.0
ELM,438,1.0,1.0
ELM,160,0.3333333333333333,0.3333333333333333
ELM,74,1.0,1.0
ELM,405,1.0,1.0
ELM,993,1.0,1.0
ELM,1256,0.0,0.0
ELM,200,0.6666666666666666,0.6666666666666666
ELM,1109,0.0,0.3333333333333333
ELM,517,0.0,0.3333333333333333
ELM,257,1.0,1.0
ELM,1227,0.6666666666666666,1.0
ELM,1262,0.3333333333333333,0.3333333333333333
ELM,805,1.0,1.0
ELM,295,0.0,0.0
ELM,746,1.0,1.0
ELM,715,0.6666666666666666,0.6666666666666666
ELM,423,1.0,1.0
ELM,118,0.3333333333333333,0.3333333333333333
ELM,337,0.0,0.0
ELM,946,0.3333333333333333,0.3333333333333333
ELM,818,1.0,1.0
ELM,57,0.6666666666666666,0.6666666666666666
ELM,678,0.6666666666666666,0.6666666666666666
ELM,215,0.6666666666666666,0.3333333333333333
ELM,1128,0.6666666666666666,0.6666666666666666
ELM,529,0.6666666666666666,0.6666666666666666
ELM,54,1.0,1.0
ELM,1185,1.0,1.0
ELM,989,0.6666666666666666,0.6666666666666666
ELM,1097,1.0,1.0
ELM,190,1.0,1.0
ELM,1029,0.0,0.0
ELM,214,1.0,1.0
ELM,877,1.0,1.0
ELM,446,0.6666666666666666,1.0
ELM,889,0.3333333333333333,0.3333333333333333
ELM,284,0.6666666666666666,0.6666666666666666
ELM,781,0.0,0.0
ELM,1002,0.3333333333333333,1.0
ELM,869,1.0,1.0
ELM,375,1.0,1.0
ELM,99,0.6666666666666666,0.6666666666666666
ELM,139,0.3333333333333333,0.3333333333333333
ELM,713,0.3333333333333333,0.3333333333333333
ELM,638,0.6666666666666666,0.6666666666666666
ELM,397,0.3333333333333333,0.6666666666666666
ELM,962,1.0,1.0
ELM,320,1.0,1.0
ELM,246,0.3333333333333333,0.3333333333333333
ELM,23,0.6666666666666666,0.6666666666666666
ELM,191,1.0,1.0
ELM,505,1.0,1.0
ELM,264,1.0,1.0
ELM,1157,0.3333333333333333,0.3333333333333333
ELM,465,0.3333333333333333,0.3333333333333333
ELM,1198,0.6666666666666666,1.0
ELM,1233,0.6666666666666666,0.6666666666666666
ELM,994,0.0,0.3333333333333333
ELM,254,0.0,0.0
ELM,695,0.3333333333333333,0.3333333333333333
ELM,325,0.6666666666666666,0.6666666666666666
ELM,917,0.3333333333333333,0.6666666666666666
ELM,882,1.0,1.0
ELM,481,1.0,1.0
ELM,1192,0.6666666666666666,0.6666666666666666
ELM,520,0.6666666666666666,0.6666666666666666
ELM,1000,1.0,1.0
ELM,436,0.6666666666666666,0.3333333333333333
ELM,430,1.0,1.0
ELM,930,0.6666666666666666,1.0
ELM,262,1.0,1.0
ELM,960,0.0,0.0
ELM,242,0.0,0.0
ELM,645,1.0,1.0
ELM,806,1.0,1.0
ELM,597,0.0,0.3333333333333333
ELM,1155,1.0,1.0
ELM,780,1.0,1.0
ELM,751,0.3333333333333333,0.3333333333333333
ELM,987,1.0,1.0
ELM,515,0.3333333333333333,0.3333333333333333
ELM,594,1.0,1.0
ELM,854,0.3333333333333333,0.3333333333333333
ELM,17,1.0,1.0
ELM,1020,0.6666666666666666,0.6666666666666666
ELM,486,0.6666666666666666,0.3333333333333333
ELM,103,1.0,1.0
ELM,414,0.0,0.0
ELM,775,0.6666666666666666,1.0
ELM,327,0.6666666666666666,0.6666666666666666
ELM,104,0.3333333333333333,0.3333333333333333
ELM,1171,1.0,1.0
ELM,915,1.0,1.0
ELM,722,1.0,1.0
ELM,485,0.0,0.0
ELM,970,0.3333333333333333,0.3333333333333333
ELM,1169,1.0,1.0
ELM,443,0.3333333333333333,0.3333333333333333
ELM,210,0.3333333333333333,1.0
ELM,786,0.6666666666666666,0.6666666666666666
ELM,31,1.0,1.0
ELM,938,0.0,0.0
ELM,681,1.0,1.0
ELM,1054,0.0,0.0
ELM,383,0.3333333333333333,0.3333333333333333
ELM,1043,0.6666666666666666,0.6666666666666666
ELM,955,0.0,0.3333333333333333
ELM,355,1.0,1.0
ELM,1117,0.6666666666666666,1.0
ELM,836,0.0,0.0
ELM,926,0.3333333333333333,0.3333333333333333
ELM,568,0.0,0.0
ELM,460,0.6666666666666666,1.0
ELM,709,0.3333333333333333,0.6666666666666666
ELM,19,1.0,0.6666666666666666
ELM,16,0.3333333333333333,0.3333333333333333
ELM,308,1.0,1.0
ELM,73,1.0,1.0
ELM,52,0.0,0.0
ELM,1009,0.6666666666666666,0.6666666666666666
ELM,1073,0.0,0.0
ELM,733,1.0,0.3333333333333333
ELM,886,0.0,0.0
ELM,1089,0.3333333333333333,0.6666666666666666
ELM,815,0.3333333333333333,1.0
ELM,574,0.3333333333333333,0.3333333333333333
ELM,456,0.0,0.0
ELM,1069,0.6666666666666666,0.6666666666666666
ELM,466,0.6666666666666666,0.3333333333333333
ELM,658,0.3333333333333333,0.6666666666666666
ELM,249,0.6666666666666666,0.6666666666666666
ELM,830,0.6666666666666666,0.6666666666666666
ELM,778,0.6666666666666666,0.6666666666666666
ELM,227,0.0,0.0
ELM,247,0.3333333333333333,0.3333333333333333
ELM,1092,0.6666666666666666,0.3333333333333333
ELM,1165,1.0,1.0
ELM,170,0.6666666666666666,0.0
ELM,294,0.6666666666666666,0.6666666666666666
ELM,1046,0.6666666666666666,1.0
ELM,750,1.0,1.0
ELM,89,1.0,1.0
ELM,661,0.6666666666666666,0.6666666666666666
ELM,1214,0.0,0.3333333333333333
ELM,524,0.0,0.3333333333333333
ELM,109,1.0,0.6666666666666666
ELM,494,0.6666666666666666,1.0
ELM,852,1.0,1.0
ELM,497,0.6666666666666666,0.3333333333333333
ELM,834,0.6666666666666666,0.6666666666666666
ELM,798,0.0,0.0
ELM,519,0.6666666666666666,0.6666666666666666
ELM,600,1.0,1.0
ELM,604,1.0,1.0
ELM,816,0.6666666666666666,1.0
ELM,358,0.3333333333333333,0.0
ELM,1136,1.0,1.0
ELM,867,0.3333333333333333,0.3333333333333333
ELM,181,0.3333333333333333,0.3333333333333333
ELM,587,0.0,0.0
ELM,122,0.6666666666666666,0.6666666666666666
ELM,948,1.0,1.0
ELM,391,0.6666666666666666,0.0
ELM,165,0.6666666666666666,0.0
ELM,449,0.0,0.3333333333333333
ELM,838,1.0,1.0
ELM,401,0.6666666666666666,1.0
ELM,149,0.3333333333333333,1.0
ELM,894,1.0,1.0
ELM,1245,1.0,1.0
ELM,37,0.3333333333333333,0.3333333333333333
ELM,428,0.0,0.0
ELM,1018,0.6666666666666666,0.3333333333333333
ELM,566,0.6666666666666666,0.6666666666666666
ELM,769,0.3333333333333333,0.3333333333333333
ELM,949,1.0,1.0
ELM,13,0.3333333333333333,1.0
ELM,727,0.0,0.0
ELM,799,1.0,1.0
ELM,95,1.0,1.0
ELM,846,1.0,1.0
ELM,348,1.0,1.0
ELM,487,0.0,0.0
ELM,500,0.6666666666666666,0.6666666666666666
ELM,1008,0.3333333333333333,0.6666666666666666
ELM,411,1.0,0.6666666666666666
ELM,1056,0.3333333333333333,1.0
ELM,316,0.6666666666666666,0.6666666666666666
ELM,251,1.0,1.0
ELM,1007,1.0,1.0
ELM,1120,1.0,1.0
ELM,1102,0.0,0.0
ELM,844,1.0,1.0
ELM,760,0.3333333333333333,0.3333333333333333
ELM,376,0.3333333333333333,1.0
ELM,1087,1.0,1.0
ELM,270,1.0,1.0
ELM,1037,0.3333333333333333,1.0
ELM,986,0.3333333333333333,0.3333333333333333
ELM,788,1.0,1.0
ELM,161,1.0,0.3333333333333333
ELM,392,0.3333333333333333,0.3333333333333333
ELM,207,1.0,1.0
ELM,507,0.3333333333333333,0.3333333333333333
ELM,1042,0.3333333333333333,0.3333333333333333
ELM,665,0.3333333333333333,0.6666666666666666
ELM,523,1.0,1.0
ELM,893,1.0,1.0
ELM,205,0.0,0.3333333333333333
ELM,335,1.0,1.0
ELM,458,0.0,0.3333333333333333
ELM,76,0.0,0.0
ELM,362,0.3333333333333333,0.3333333333333333
ELM,1216,0.3333333333333333,0.3333333333333333
ELM,407,0.3333333333333333,0.3333333333333333
ELM,1221,0.3333333333333333,0.6666666666666666
ELM,977,0.0,0.0
ELM,1028,0.3333333333333333,0.3333333333333333
ELM,1118,1.0,1.0
ELM,560,0.3333333333333333,0.3333333333333333
ELM,499,0.0,0.0
ELM,323,0.3333333333333333,1.0
ELM,93,0.0,0.3333333333333333
ELM,862,0.0,0.0
ELM,1022,0.3333333333333333,0.3333333333333333
ELM,840,1.0,1.0
ELM,763,0.6666666666666666,0.6666666666666666
ELM,564,0.0,0.0
ELM,32,0.6666666666666666,0.6666666666666666
ELM,364,1.0,1.0
ELM,667,0.6666666666666666,0.6666666666666666
ELM,440,0.6666666666666666,0.6666666666666666
ELM,633,1.0,1.0
ELM,642,1.0,1.0
ELM,416,0.6666666666666666,0.6666666666666666
ELM,452,1.0,1.0
ELM,81,1.0,1.0
ELM,1160,0.6666666666666666,0.6666666666666666
ELM,820,0.0,0.0
ELM,1241,0.3333333333333333,0.3333333333333333
ELM,311,0.6666666666666666,0.6666666666666666
ELM,873,0.3333333333333333,0.3333333333333333
ELM,450,0.0,0.0
ELM,1076,0.3333333333333333,0.3333333333333333
ELM,721,0.3333333333333333,0.3333333333333333
ELM,106,0.0,0.0
ELM,1146,0.3333333333333333,0.3333333333333333
ELM,888,1.0,1.0
ELM,533,1.0,1.0
ELM,730,1.0,1.0
ELM,105,0.6666666666666666,0.3333333333333333
ELM,266,0.3333333333333333,1.0
ELM,1184,0.6666666666666666,1.0
ELM,978,0.0,0.0
ELM,1176,0.6666666666666666,0.6666666666666666
ELM,39,0.6666666666666666,1.0
ELM,339,1.0,1.0
ELM,961,0.6666666666666666,0.3333333333333333
ELM,525,0.0,0.0
ELM,189,0.3333333333333333,0.3333333333333333
ELM,1111,0.0,0.3333333333333333
ELM,732,1.0,1.0
ELM,5,0.6666666666666666,1.0
ELM,442,0.3333333333333333,0.6666666666666666
ELM,861,0.6666666666666666,1.0
ELM,878,0.0,0.0
ELM,1138,0.0,0.3333333333333333
ELM,851,0.3333333333333333,1.0
ELM,1147,1.0,1.0
ELM,301,0.3333333333333333,0.6666666666666666
ELM,1215,0.3333333333333333,0.0
ELM,718,0.0,0.0
ELM,998,1.0,1.0
ELM,654,0.0,0.0
ELM,1135,0.3333333333333333,0.3333333333333333
ELM,329,1.0,1.0
ELM,279,1.0,0.0
ELM,277,1.0,1.0
ELM,919,0.0,0.0
ELM,349,1.0,1.0
ELM,1243,1.0,1.0
ELM,65,0.6666666666666666,0.3333333333333333
ELM,1259,0.3333333333333333,0.0
ELM,1093,0.0,0.0
ELM,410,1.0,0.6666666666666666
ELM,689,0.6666666666666666,0.6666666666666666
ELM,177,0.3333333333333333,0.3333333333333333
ELM,534,0.3333333333333333,1.0
ELM,117,1.0,1.0
ELM,372,0.0,0.0
ELM,1034,0.6666666666666666,0.6666666666666666
ELM,628,1.0,1.0
ELM,821,1.0,1.0
ELM,669,0.0,0.0
ELM,63,0.0,0.0
ELM,735,0.0,0.0
ELM,951,1.0,1.0
ELM,1025,0.6666666666666666,0.6666666666666666
ELM,42,1.0,0.6666666666666666
ELM,167,1.0,1.0
ELM,809,0.0,0.3333333333333333
ELM,1100,1.0,1.0
ELM,313,1.0,1.0
ELM,296,0.0,0.0
ELM,490,0.0,0.6666666666666666
ELM,543,1.0,1.0
ELM,641,1.0,1.0
ELM,290,0.0,0.0
ELM,617,1.0,1.0
ELM,779,0.3333333333333333,1.0
ELM,910,0.0,0.0
ELM,212,0.3333333333333333,0.3333333333333333
ELM,979,0.3333333333333333,0.6666666666666666
ELM,555,1.0,1.0
ELM,1058,0.0,0.3333333333333333
ELM,672,0.6666666666666666,1.0
ELM,317,0.6666666666666666,0.6666666666666666
ELM,1081,0.3333333333333333,0.6666666666666666
ELM,535,0.3333333333333333,0.3333333333333333
ELM,1039,0.3333333333333333,0.3333333333333333
ELM,432,1.0,1.0
ELM,828,0.6666666666666666,0.6666666666666666
ELM,621,0.0,0.0
ELM,1161,0.3333333333333333,0.3333333333333333
ELM,287,0.3333333333333333,0.3333333333333333
ELM,451,0.0,0.0
ELM,1013,1.0,1.0
ELM,528,0.6666666666666666,0.0
ELM,300,0.6666666666666666,0.6666666666666666
ELM,752,0.0,0.0
ELM,622,1.0,0.3333333333333333
ELM,995,0.6666666666666666,1.0
ELM,1219,0.6666666666666666,1.0
ELM,34,1.0,0.6666666666666666
ELM,286,0.3333333333333333,1.0
ELM,314,1.0,1.0
ELM,333,0.6666666666666666,1.0
ELM,182,0.3333333333333333,0.3333333333333333
ELM,49,1.0,1.0
ELM,102,0.0,0.0
ELM,687,0.6666666666666666,1.0
ELM,41,0.3333333333333333,0.3333333333333333
ELM,275,0.0,0.0
ELM,675,1.0,1.0
ELM,1137,0.0,0.0
ELM,749,0.6666666666666666,0.6666666666666666
ELM,908,1.0,1.0
ELM,437,1.0,0.6666666666666666
ELM,491,0.0,0.0
ELM,141,0.6666666666666666,0.3333333333333333
ELM,706,0.3333333333333333,0.3333333333333333
ELM,973,1.0,1.0
RR,331,0.6666666666666666,1.0
RR,1189,0.3333333333333333,0.3333333333333333
RR,918,1.0,1.0
RR,1238,0.3333333333333333,0.6666666666666666
RR,130,0.0,0.0
RR,237,1.0,1.0
RR,30,0.0,0.3333333333333333
RR,1096,0.6666666666666666,0.6666666666666666
RR,827,1.0,0.6666666666666666
RR,82,0.6666666666666666,0.6666666666666666
RR,231,1.0,1.0
RR,1016,0.0,0.0
RR,653,0.0,0.0
RR,111,1.0,0.6666666666666666
RR,479,0.0,0.6666666666666666
RR,1094,0.6666666666666666,1.0
RR,45,1.0,1.0
RR,185,0.3333333333333333,0.0
RR,379,0.6666666666666666,1.0
RR,495,0.6666666666666666,0.6666666666666666
RR,736,0.6666666666666666,0.6666666666666666
RR,676,0.6666666666666666,0.6666666666666666
RR,232,1.0,1.0
RR,932,0.3333333333333333,0.3333333333333333
RR,634,0.0,0.0
RR,1250,0.3333333333333333,0.3333333333333333
RR,47,0.3333333333333333,1.0
RR,306,0.6666666666666666,0.6666666666666666
RR,876,1.0,1.0
RR,60,1.0,1.0
RR,150,1.0,1.0
RR,1223,0.0,0.0
RR,582,0.3333333333333333,0.6666666666666666
RR,463,1.0,0.3333333333333333
RR,1066,0.3333333333333333,0.3333333333333333
RR,674,0.3333333333333333,1.0
RR,455,1.0,1.0
RR,1079,0.3333333333333333,0.6666666666666666
RR,1067,1.0,1.0
RR,701,0.6666666666666666,1.0
RR,187,0.3333333333333333,0.6666666666666666
RR,142,0.6666666666666666,0.6666666666666666
RR,776,0.6666666666666666,0.6666666666666666
RR,179,0.3333333333333333,0.3333333333333333
RR,772,1.0,1.0
RR,1199,0.0,0.3333333333333333
RR,171,0.0,0.0
RR,134,1.0,0.3333333333333333
RR,129,0.6666666666666666,0.6666666666666666
RR,1141,0.0,0.3333333333333333
RR,83,0.0,0.0
RR,771,1.0,1.0
RR,1229,0.3333333333333333,0.3333333333333333
RR,1070,0.6666666666666666,0.6666666666666666
RR,222,1.0,1.0
RR,1226,0.3333333333333333,0.3333333333333333
RR,233,0.6666666666666666,0.6666666666666666
RR,1017,0.6666666666666666,0.3333333333333333
RR,639,1.0,0.6666666666666666
RR,350,1.0,1.0
RR,472,1.0,1.0
RR,1170,0.6666666666666666,0.6666666666666666
RR,116,0.3333333333333333,0.0
RR,448,0.3333333333333333,0.3333333333333333
RR,573,0.3333333333333333,0.3333333333333333
RR,434,1.0,1.0
RR,127,1.0,0.6666666666666666
RR,480,1.0,1.0
RR,773,0.3333333333333333,0.3333333333333333
RR,143,0.0,0.6666666666666666
RR,80,0.6666666666666666,1.0
RR,925,0.6666666666666666,0.0
RR,913,1.0,1.0
RR,20,0.3333333333333333,0.3333333333333333
RR,942,0.6666666666666666,0.3333333333333333
RR,289,0.3333333333333333,0.3333333333333333
RR,429,1.0,1.0
RR,356,1.0,1.0
RR,309,0.3333333333333333,0.6666666666666666
RR,997,0.3333333333333333,0.3333333333333333
RR,883,0.6666666666666666,0.6666666666666666
RR,1148,0.3333333333333333,0.3333333333333333
RR,599,0.0,0.0
RR,123,0.3333333333333333,0.3333333333333333
RR,711,0.6666666666666666,1.0
RR,914,1.0,1.0
RR,1005,1.0,1.0
RR,1083,1.0,0.3333333333333333
RR,1072,0.6666666666666666,0.0
RR,1036,0.0,0.0
RR,77,0.0,0.0
RR,447,0.0,0.0
RR,322,1.0,1.0
RR,354,1.0,1.0
RR,241,0.0,0.0
RR,608,0.6666666666666666,1.0
RR,1098,0.3333333333333333,0.3333333333333333
RR,548,0.0,0.3333333333333333
RR,43,0.6666666666666666,0.6666666666666666
RR,958,1.0,1.0
RR,939,0.0,0.0
RR,898,1.0,1.0
RR,69,1.0,1.0
RR,959,1.0,1.0
RR,1186,0.0,0.0
RR,135,0.0,0.3333333333333333
RR,630,1.0,1.0
RR,892,1.0,0.6666666666666666
RR,601,0.6666666666666666,0.6666666666666666
RR,238,0.6666666666666666,1.0
RR,396,0.6666666666666666,0.6666666666666666
RR,1048,0.3333333333333333,0.3333333333333333
RR,544,0.6666666666666666,0.6666666666666666
RR,945,0.0,0.3333333333333333
RR,471,0.0,0.0
RR,157,0.3333333333333333,1.0
RR,969,1.0,1.0
RR,1035,0.6666666666666666,0.6666666666666666
RR,100,0.6666666666666666,0.3333333333333333
RR,305,0.6666666666666666,0.6666666666666666
RR,723,1.0,0.6666666666666666
RR,731,0.3333333333333333,0.3333333333333333
RR,140,0.3333333333333333,0.6666666666666666
RR,1051,0.6666666666666666,0.6666666666666666
RR,1213,1.0,1.0
RR,694,0.3333333333333333,0.6666666666666666
RR,36,0.0,0.0
RR,1103,1.0,1.0
RR,152,0.3333333333333333,0.3333333333333333
RR,1112,0.0,0.0
RR,1130,1.0,1.0
RR,802,1.0,1.0
RR,774,0.0,0.3333333333333333
RR,656,0.3333333333333333,0.3333333333333333
RR,431,0.6666666666666666,0.6666666666666666
RR,1125,0.0,0.6666666666666666
RR,1086,0.3333333333333333,0.3333333333333333
RR,10,0.6666666666666666,0.6666666666666666
RR,607,1.0,1.0
RR,929,0.3333333333333333,0.3333333333333333
RR,744,0.3333333333333333,0.3333333333333333
RR,223,1.0,1.0
RR,905,0.0,0.3333333333333333
RR,857,0.3333333333333333,0.3333333333333333
RR,388,1.0,0.6666666666666666
RR,483,1.0,1.0
RR,1041,0.6666666666666666,0.6666666666666666
RR,493,0.3333333333333333,0.3333333333333333
RR,180,0.0,0.6666666666666666
RR,1050,0.6666666666666666,0.6666666666666666
RR,629,1.0,0.6666666666666666
RR,792,1.0,1.0
RR,1266,0.0,0.0
RR,747,0.3333333333333333,0.3333333333333333
RR,742,0.6666666666666666,0.6666666666666666
RR,380,0.3333333333333333,0.3333333333333333
RR,966,0.3333333333333333,0.3333333333333333
RR,146,0.6666666666666666,0.6666666666666666
RR,697,0.6666666666666666,0.3333333333333333
RR,682,0.3333333333333333,0.3333333333333333
RR,315,1.0,1.0
RR,369,1.0,1.0
RR,811,0.6666666666666666,0.6666666666666666
RR,1114,1.0,1.0
RR,1231,1.0,1.0
RR,51,1.0,1.0
RR,825,0.6666666666666666,0.3333333333333333
RR,304,0.6666666666666666,0.6666666666666666
RR,457,0.6666666666666666,0.6666666666666666
RR,640,0.6666666666666666,0.3333333333333333
RR,66,1.0,1.0
RR,421,0.3333333333333333,0.3333333333333333
RR,21,1.0,1.0
RR,475,0.6666666666666666,0.6666666666666666
RR,368,0.3333333333333333,0.3333333333333333
RR,1045,0.6666666666666666,0.3333333333333333
RR,1074,0.6666666666666666,0.6666666666666666
RR,25,0.3333333333333333,0.6666666666666666
RR,0,0.0,0.0
RR,684,0.3333333333333333,0.3333333333333333
RR,184,1.0,1.0
RR,783,0.6666666666666666,1.0
RR,14,0.6666666666666666,1.0
RR,1190,1.0,1.0
RR,546,0.3333333333333333,0.0
RR,461,0.6666666666666666,1.0
RR,248,0.3333333333333333,0.3333333333333333
RR,768,0.6666666666666666,0.6666666666666666
RR,1082,0.0,0.0
RR,849,0.6666666666666666,0.6666666666666666
RR,435,0.6666666666666666,0.6666666666666666
RR,872,1.0,0.3333333333333333
RR,875,0.6666666666666666,0.6666666666666666
RR,539,0.3333333333333333,0.0
RR,1236,1.0,1.0
RR,999,0.0,0.0
RR,627,0.6666666666666666,0.3333333333333333
RR,213,1.0,1.0
RR,927,0.3333333333333333,0.3333333333333333
RR,1202,0.6666666666666666,0.6666666666666666
RR,173,1.0,0.3333333333333333
RR,729,1.0,1.0
RR,985,1.0,1.0
RR,1232,0.6666666666666666,0.6666666666666666
RR,1158,0.6666666666666666,0.3333333333333333
RR,420,0.3333333333333333,0.3333333333333333
RR,896,0.6666666666666666,0.6666666666666666
RR,1055,0.6666666666666666,0.6666666666666666
RR,595,1.0,1.0
RR,1131,0.0,0.6666666666666666
RR,935,0.3333333333333333,0.6666666666666666
RR,636,1.0,1.0
RR,492,1.0,1.0
RR,1084,0.3333333333333333,0.6666666666666666
RR,1110,0.3333333333333333,0.0
RR,501,0.3333333333333333,0.6666666666666666
RR,897,0.6666666666666666,1.0
RR,810,0.3333333333333333,0.3333333333333333
RR,1225,0.6666666666666666,0.6666666666666666
RR,352,1.0,1.0
RR,230,0.6666666666666666,1.0
RR,1200,0.6666666666666666,0.6666666666666666
RR,198,0.6666666666666666,1.0
RR,1105,1.0,1.0
RR,767,1.0,1.0
RR,698,0.0,0.0
RR,510,1.0,1.0
RR,632,1.0,1.0
RR,1001,1.0,1.0
RR,367,1.0,1.0
RR,11,1.0,1.0
RR,518,0.3333333333333333,0.0
RR,563,0.6666666666666666,0.3333333333333333
RR,1242,0.3333333333333333,0.3333333333333333
RR,97,1.0,1.0
RR,1134,1.0,1.0
RR,131,0.3333333333333333,0.3333333333333333
RR,1257,0.3333333333333333,0.3333333333333333
RR,158,0.6666666666666666,0.6666666666666666
RR,664,0.3333333333333333,0.3333333333333333
RR,646,1.0,1.0
RR,278,1.0,1.0
RR,1167,0.0,0.3333333333333333
RR,841,1.0,1.0
RR,427,0.6666666666666666,0.6666666666666666
RR,236,1.0,1.0
RR,740,1.0,1.0
RR,395,0.3333333333333333,0.3333333333333333
RR,757,0.0,0.0
RR,110,0.3333333333333333,0.6666666666666666
RR,133,1.0,0.6666666666666666
RR,965,1.0,1.0
RR,343,0.0,0.0
RR,61,0.3333333333333333,0.3333333333333333
RR,1139,0.6666666666666666,0.6666666666666666
RR,220,1.0,1.0
RR,1162,1.0,0.6666666666666666
RR,511,0.6666666666666666,0.6666666666666666
RR,252,0.3333333333333333,0.0
RR,941,1.0,1.0
RR,128,1.0,1.0
RR,203,1.0,1.0
RR,29,1.0,1.0
RR,444,0.6666666666666666,0.6666666666666666
RR,845,0.6666666666666666,1.0
RR,2,0.0,0.0
RR,839,0.6666666666666666,1.0
RR,1004,1.0,1.0
RR,156,1.0,1.0
RR,324,1.0,1.0
RR,745,0.0,0.0
RR,1177,1.0,1.0
RR,1027,1.0,1.0
RR,283,1.0,1.0
RR,741,1.0,1.0
RR,964,1.0,1.0
RR,801,0.3333333333333333,0.3333333333333333
RR,557,0.6666666666666666,1.0
RR,759,0.0,0.3333333333333333
RR,901,0.3333333333333333,0.3333333333333333
RR,1049,0.3333333333333333,0.3333333333333333
RR,833,0.6666666666666666,0.6666666666666666
RR,419,0.3333333333333333,0.0
RR,865,1.0,1.0
RR,1107,1.0,1.0
RR,647,1.0,1.0
RR,1244,0.0,0.0
RR,558,0.3333333333333333,0.0
RR,1085,0.6666666666666666,0.3333333333333333
RR,281,0.6666666666666666,0.6666666666666666
RR,1133,0.0,0.0
RR,612,0.6666666666666666,0.6666666666666666
RR,477,1.0,1.0
RR,132,0.0,0.3333333333333333
RR,803,0.3333333333333333,0.0
RR,361,1.0,1.0
RR,549,0.6666666666666666,0.6666666666666666
RR,891,0.3333333333333333,0.6666666666666666
RR,631,0.3333333333333333,0.3333333333333333
RR,879,0.6666666666666666,0.6666666666666666
RR,378,1.0,1.0
RR,1272,0.3333333333333333,0.3333333333333333
RR,808,1.0,1.0
RR,151,0.6666666666666666,0.6666666666666666
RR,389,0.3333333333333333,0.3333333333333333
RR,626,0.3333333333333333,0.6666666666666666
RR,1038,0.0,0.0
RR,699,1.0,1.0
RR,136,0.6666666666666666,1.0
RR,307,1.0,1.0
RR,1071,0.0,0.0
RR,1194,1.0,1.0
RR,581,0.6666666666666666,0.6666666666666666
RR,1,1.0,1.0
RR,365,0.6666666666666666,0.6666666666666666
RR,94,0.6666666666666666,0.6666666666666666
RR,567,1.0,1.0
RR,243,1.0,1.0
RR,537,1.0,1.0
RR,777,1.0,1.0
RR,719,1.0,1.0
RR,602,1.0,1.0
RR,218,1.0,1.0
RR,513,1.0,1.0
RR,826,0.6666666666666666,0.3333333333333333
RR,484,0.6666666666666666,0.6666666666666666
RR,470,0.0,0.0
RR,406,1.0,1.0
RR,895,1.0,1.0
RR,1104,0.0,0.0
RR,680,1.0,1.0
RR,625,0.6666666666666666,1.0
RR,38,1.0,1.0
RR,474,0.3333333333333333,0.6666666666666666
RR,78,1.0,1.0
RR,259,0.6666666666666666,0.6666666666666666
RR,1210,1.0,1.0
RR,147,0.3333333333333333,0.3333333333333333
RR,819,0.6666666666666666,0.6666666666666666
RR,765,1.0,1.0
RR,371,0.6666666666666666,0.6666666666666666
RR,957,1.0,1.0
RR,1156,0.3333333333333333,0.3333333333333333
RR,263,1.0,1.0
RR,340,0.6666666666666666,0.3333333333333333
RR,509,0.6666666666666666,0.6666666666666666
RR,677,1.0,1.0
RR,498,0.0,0.0
RR,934,0.6666666666666666,1.0
RR,1270,1.0,1.0
RR,1195,0.6666666666666666,0.6666666666666666
RR,467,0.6666666666666666,0.6666666666666666
RR,1206,1.0,1.0
RR,244,0.6666666666666666,0.6666666666666666
RR,953,0.6666666666666666,1.0
RR,651,1.0,0.6666666666666666
RR,1239,0.0,0.0
RR,186,0.0,0.0
RR,273,0.0,0.0
RR,453,0.0,0.0
RR,692,0.3333333333333333,0.6666666666666666
RR,336,0.0,0.0
RR,551,0.6666666666666666,1.0
RR,1204,0.6666666666666666,0.6666666666666666
RR,804,1.0,1.0
RR,24,1.0,1.0
RR,12,1.0,1.0
RR,1193,0.3333333333333333,0.3333333333333333
RR,55,1.0,1.0
RR,663,0.6666666666666666,0.6666666666666666
RR,716,0.3333333333333333,0.3333333333333333
RR,346,0.0,0.0
RR,655,0.0,0.0
RR,7,0.6666666666666666,0.6666666666666666
RR,556,0.3333333333333333,0.3333333333333333
RR,197,1.0,1.0
RR,1209,1.0,1.0
RR,784,0.0,0.0
RR,253,0.6666666666666666,0.6666666666666666
RR,762,1.0,1.0
RR,1040,0.6666666666666666,0.6666666666666666
RR,98,0.6666666666666666,0.6666666666666666
RR,35,0.6666666666666666,0.6666666666666666
RR,1237,0.0,0.0
RR,909,0.3333333333333333,0.6666666666666666
RR,321,0.0,0.0
RR,91,0.3333333333333333,0.3333333333333333
RR,859,0.6666666666666666,1.0
RR,312,1.0,1.0
RR,250,0.6666666666666666,1.0
RR,1032,1.0,1.0
RR,195,0.3333333333333333,0.0
RR,310,1.0,1.0
RR,328,0.6666666666666666,0.6666666666666666
RR,297,0.6666666666666666,0.6666666666666666
RR,657,0.6666666666666666,0.6666666666666666
RR,659,0.6666666666666666,0.6666666666666666
RR,1015,0.3333333333333333,0.3333333333333333
RR,1265,0.0,0.0
RR,1115,0.6666666666666666,0.6666666666666666
RR,217,0.6666666666666666,1.0
RR,1268,1.0,1.0
RR,1175,1.0,1.0
RR,1181,0.6666666666666666,0.3333333333333333
RR,326,0.0,0.0
RR,542,1.0,1.0
RR,988,0.6666666666666666,0.6666666666666666
RR,976,1.0,1.0
RR,553,1.0,1.0
RR,1099,0.0,0.0
RR,1064,0.3333333333333333,1.0
RR,374,0.3333333333333333,0.3333333333333333
RR,1150,1.0,1.0
RR,489,1.0,1.0
RR,890,0.0,0.6666666666666666
RR,514,1.0,0.6666666666666666
RR,593,0.6666666666666666,1.0
RR,1080,1.0,1.0
RR,101,1.0,1.0
RR,950,0.6666666666666666,0.6666666666666666
RR,753,0.6666666666666666,0.6666666666666666
RR,332,0.6666666666666666,1.0
RR,585,0.3333333333333333,0.3333333333333333
RR,1061,0.0,0.0
RR,761,0.6666666666666666,0.6666666666666666
RR,125,0.0,0.6666666666666666
RR,48,1.0,1.0
RR,814,0.6666666666666666,0.0
RR,1106,0.6666666666666666,0.6666666666666666
RR,1260,0.6666666666666666,0.6666666666666666
RR,794,1.0,1.0
RR,1218,1.0,1.0
RR,1197,0.0,0.0
RR,899,1.0,1.0
RR,968,0.0,0.0
RR,1003,0.3333333333333333,0.3333333333333333
RR,224,1.0,1.0
RR,476,1.0,1.0
RR,381,1.0,1.0
RR,858,0.3333333333333333,0.3333333333333333
RR,1168,1.0,0.6666666666666666
RR,27,1.0,0.6666666666666666
RR,1077,1.0,1.0
RR,1023,1.0,1.0
RR,887,0.0,0.3333333333333333
RR,87,1.0,0.6666666666666666
RR,268,0.6666666666666666,0.6666666666666666
RR,870,0.3333333333333333,0.3333333333333333
RR,1075,0.3333333333333333,0.3333333333333333
RR,881,0.0,0.0
RR,1246,0.6666666666666666,1.0
RR,403,0.3333333333333333,0.6666666666666666
RR,743,0.6666666666666666,0.6666666666666666
RR,610,0.6666666666666666,0.6666666666666666
RR,234,1.0,1.0
RR,1208,0.0,0.3333333333333333
RR,1122,0.3333333333333333,0.3333333333333333
RR,578,1.0,1.0
RR,292,0.6666666666666666,0.6666666666666666
RR,363,1.0,1.0
RR,433,1.0,1.0
RR,202,1.0,1.0
RR,360,1.0,1.0
RR,53,0.3333333333333333,0.3333333333333333
RR,1173,1.0,1.0
RR,1119,1.0,1.0
RR,394,0.3333333333333333,0.3333333333333333
RR,219,0.0,0.0
RR,166,1.0,1.0
RR,28,0.6666666666666666,0.6666666666666666
RR,245,0.3333333333333333,0.0
RR,473,1.0,1.0
RR,425,0.6666666666666666,1.0
RR,1010,1.0,1.0
RR,192,1.0,1.0
RR,1030,0.0,0.0
RR,1116,1.0,0.3333333333333333
RR,1144,0.6666666666666666,0.6666666666666666
RR,138,0.3333333333333333,0.0
RR,148,0.3333333333333333,0.6666666666666666
RR,302,0.6666666666666666,0.3333333333333333
RR,126,0.6666666666666666,0.6666666666666666
RR,1052,1.0,1.0
RR,972,1.0,1.0
RR,874,0.0,0.0
RR,408,0.0,0.0
RR,96,0.3333333333333333,0.0
RR,618,0.3333333333333333,0.3333333333333333
RR,79,0.6666666666666666,0.3333333333333333
RR,800,1.0,1.0
RR,239,0.3333333333333333,0.6666666666666666
RR,688,0.0,0.0
RR,737,1.0,1.0
RR,1196,0.6666666666666666,0.6666666666666666
RR,285,0.3333333333333333,0.3333333333333333
RR,426,0.0,0.0
RR,86,0.6666666666666666,0.3333333333333333
RR,1183,1.0,1.0
RR,1224,1.0,1.0
RR,791,1.0,0.3333333333333333
RR,113,1.0,1.0
RR,387,1.0,1.0
RR,267,1.0,1.0
RR,596,0.0,0.0
RR,547,0.3333333333333333,0.6666666666666666
RR,1166,0.0,0.0
RR,1203,0.6666666666666666,0.3333333333333333
RR,88,0.6666666666666666,0.6666666666666666
RR,586,1.0,0.6666666666666666
RR,728,0.3333333333333333,0.6666666666666666
RR,193,0.3333333333333333,0.3333333333333333
RR,64,1.0,1.0
RR,790,0.6666666666666666,1.0
RR,1068,0.6666666666666666,0.6666666666666666
RR,260,0.3333333333333333,0.6666666666666666
RR,1267,0.0,0.6666666666666666
RR,1163,1.0,1.0
RR,9,0.3333333333333333,1.0
RR,344,0.6666666666666666,1.0
RR,347,1.0,1.0
RR,536,0.6666666666666666,0.6666666666666666
RR,530,0.3333333333333333,0.3333333333333333
RR,931,0.6666666666666666,0.3333333333333333
RR,717,0.0,0.0
RR,1145,0.3333333333333333,0.3333333333333333
RR,758,0.0,0.0
RR,550,1.0,1.0
RR,907,0.0,0.0
RR,583,1.0,0.6666666666666666
RR,15,1.0,1.0
RR,797,0.6666666666666666,1.0
RR,6,0.3333333333333333,0.6666666666666666
RR,683,0.0,0.0
RR,385,1.0,1.0
RR,199,0.3333333333333333,0.3333333333333333
RR,468,1.0,1.0
RR,299,0.6666666666666666,0.6666666666666666
RR,963,1.0,1.0
RR,1252,0.0,0.0
RR,418,0.6666666666666666,0.0
RR,936,1.0,1.0
RR,598,0.6666666666666666,0.6666666666666666
RR,619,1.0,1.0
RR,829,1.0,1.0
RR,342,1.0,1.0
RR,748,0.3333333333333333,0.3333333333333333
RR,269,1.0,1.0
RR,276,0.0,0.0
RR,983,0.3333333333333333,0.3333333333333333
RR,1247,1.0,1.0
RR,390,0.6666666666666666,0.6666666666666666
RR,991,0.3333333333333333,0.3333333333333333
RR,112,0.0,0.0
RR,1127,0.3333333333333333,0.3333333333333333
RR,705,0.6666666666666666,0.0
RR,1021,0.3333333333333333,0.3333333333333333
RR,319,1.0,1.0
RR,377,0.6666666666666666,0.6666666666666666
RR,206,0.0,0.0
RR,370,1.0,1.0
RR,120,0.6666666666666666,0.6666666666666666
RR,115,0.6666666666666666,0.6666666666666666
RR,541,0.3333333333333333,0.6666666666666666
RR,341,1.0,1.0
RR,864,1.0,1.0
RR,521,0.3333333333333333,0.3333333333333333
RR,662,0.3333333333333333,0.3333333333333333
RR,835,0.0,0.3333333333333333
RR,1143,0.6666666666666666,1.0
RR,643,0.0,0.0
RR,795,1.0,0.6666666666666666
RR,154,1.0,1.0
RR,648,1.0,1.0
RR,75,0.3333333333333333,0.3333333333333333
RR,668,1.0,1.0
RR,615,0.6666666666666666,0.6666666666666666
RR,502,1.0,1.0
RR,734,1.0,1.0
RR,868,1.0,1.0
RR,588,1.0,1.0
RR,980,0.3333333333333333,1.0
RR,1188,0.3333333333333333,0.6666666666666666
RR,754,1.0,0.6666666666666666
RR,974,0.0,0.0
RR,334,1.0,1.0
RR,201,0.0,0.0
RR,614,0.0,0.0
RR,954,1.0,1.0
RR,107,0.6666666666666666,0.6666666666666666
RR,508,1.0,1.0
RR,1108,0.0,0.0
RR,413,0.0,0.0
RR,439,1.0,1.0
RR,221,0.6666666666666666,0.6666666666666666
RR,169,0.6666666666666666,0.6666666666666666
RR,1249,1.0,1.0
RR,1255,1.0,1.0
RR,531,1.0,1.0
RR,603,0.6666666666666666,1.0
RR,1159,1.0,1.0
RR,504,0.3333333333333333,0.3333333333333333
RR,119,0.3333333333333333,0.3333333333333333
RR,72,0.3333333333333333,0.0
RR,330,1.0,1.0
RR,1212,0.0,0.6666666666666666
RR,291,0.0,0.0
RR,196,1.0,0.6666666666666666
RR,33,1.0,1.0
RR,606,0.0,0.0
RR,1152,1.0,1.0
RR,1113,1.0,1.0
RR,1240,0.6666666666666666,0.6666666666666666
RR,952,0.0,0.0
RR,208,1.0,1.0
RR,512,0.3333333333333333,0.3333333333333333
RR,540,0.3333333333333333,0.3333333333333333
RR,1191,1.0,1.0
RR,673,0.6666666666666666,0.6666666666666666
RR,240,0.6666666666666666,0.6666666666666666
RR,121,0.6666666666666666,0.6666666666666666
RR,766,1.0,1.0
RR,923,1.0,1.0
RR,813,0.6666666666666666,1.0
RR,1254,1.0,1.0
RR,679,0.0,0.0
RR,569,0.6666666666666666,1.0
RR,274,0.3333333333333333,0.3333333333333333
RR,902,1.0,1.0
RR,850,1.0,1.0
RR,613,0.0,0.0
RR,402,0.3333333333333333,0.3333333333333333
RR,71,1.0,1.0
RR,1011,0.3333333333333333,0.3333333333333333
RR,589,0.0,0.0
RR,1024,0.6666666666666666,0.6666666666666666
RR,1228,1.0,1.0
RR,454,0.3333333333333333,0.3333333333333333
RR,822,0.0,0.6666666666666666
RR,686,1.0,1.0
RR,1033,0.6666666666666666,0.6666666666666666
RR,506,1.0,1.0
RR,92,1.0,1.0
RR,847,0.0,0.0
RR,1047,1.0,1.0
RR,666,0.6666666666666666,0.0
RR,4,1.0,1.0
RR,164,0.3333333333333333,1.0
RR,445,1.0,0.3333333333333333
RR,382,1.0,1.0
RR,22,0.6666666666666666,1.0
RR,571,1.0,1.0
RR,755,1.0,1.0
RR,782,0.0,0.3333333333333333
RR,1123,0.3333333333333333,0.0
RR,920,0.6666666666666666,0.6666666666666666
RR,62,0.6666666666666666,0.3333333333333333
RR,635,0.6666666666666666,0.6666666666666666
RR,255,0.3333333333333333,0.3333333333333333
RR,856,0.6666666666666666,0.6666666666666666
RR,671,0.0,0.3333333333333333
RR,409,0.6666666666666666,1.0
RR,44,0.3333333333333333,0.3333333333333333
RR,163,1.0,0.6666666666666666
RR,623,0.3333333333333333,0.3333333333333333
RR,153,0.6666666666666666,0.3333333333333333
RR,417,0.0,0.0
RR,1065,1.0,0.6666666666666666
RR,56,1.0,1.0
RR,823,1.0,1.0
RR,848,1.0,1.0
RR,288,0.0,0.0
RR,225,0.6666666666666666,0.6666666666666666
RR,943,0.3333333333333333,0.3333333333333333
RR,1101,1.0,1.0
RR,832,0.0,0.3333333333333333
RR,710,0.0,0.0
RR,1258,0.6666666666666666,0.6666666666666666
RR,1142,0.6666666666666666,1.0
RR,40,1.0,1.0
RR,386,0.3333333333333333,0.3333333333333333
RR,114,1.0,0.0
RR,1132,1.0,1.0
RR,691,1.0,1.0
RR,1230,1.0,1.0
RR,1006,1.0,1.0
RR,590,1.0,1.0
RR,204,1.0,1.0
RR,1140,1.0,1.0
RR,1201,0.3333333333333333,0.3333333333333333
RR,1164,0.0,0.0
RR,496,1.0,1.0
RR,526,0.6666666666666666,0.6666666666666666
RR,990,0.3333333333333333,0.3333333333333333
RR,176,1.0,1.0
RR,685,1.0,1.0
RR,1187,1.0,1.0
RR,579,1.0,1.0
RR,85,1.0,1.0
RR,1263,1.0,1.0
RR,1235,1.0,1.0
RR,159,0.0,0.0
RR,50,0.0,0.6666666666666666
RR,373,0.3333333333333333,0.3333333333333333
RR,924,1.0,1.0
RR,8,1.0,1.0
RR,702,1.0,0.3333333333333333
RR,384,0.6666666666666666,0.6666666666666666
RR,1205,1.0,1.0
RR,298,1.0,1.0
RR,572,1.0,1.0
RR,824,0.3333333333333333,0.6666666666666666
RR,738,0.3333333333333333,0.3333333333333333
RR,228,1.0,1.0
RR,916,0.6666666666666666,1.0
RR,216,1.0,1.0
RR,605,1.0,1.0
RR,756,0.6666666666666666,0.6666666666666666
RR,532,1.0,1.0
RR,796,0.0,0.0
RR,271,0.3333333333333333,0.3333333333333333
RR,871,0.0,0.0
RR,1261,0.3333333333333333,0.3333333333333333
RR,18,0.3333333333333333,0.0
RR,303,0.0,0.3333333333333333
RR,183,1.0,1.0
RR,652,0.3333333333333333,0.3333333333333333
RR,464,0.6666666666666666,0.6666666666666666
RR,478,1.0,1.0
RR,424,1.0,1.0
RR,393,1.0,1.0
RR,714,0.3333333333333333,0.3333333333333333
RR,577,0.6666666666666666,0.6666666666666666
RR,911,0.6666666666666666,0.6666666666666666
RR,124,1.0,1.0
RR,272,1.0,0.6666666666666666
RR,59,1.0,1.0
RR,1178,1.0,1.0
RR,947,0.0,0.0
RR,554,1.0,1.0
RR,482,1.0,1.0
RR,660,1.0,1.0
RR,903,1.0,1.0
RR,209,1.0,1.0
RR,576,0.6666666666666666,0.6666666666666666
RR,944,1.0,1.0
RR,866,0.3333333333333333,0.3333333333333333
RR,552,1.0,1.0
RR,793,1.0,1.0
RR,1179,0.6666666666666666,0.6666666666666666
RR,580,0.0,0.3333333333333333
RR,1012,0.3333333333333333,0.6666666666666666
RR,644,1.0,1.0
RR,900,0.3333333333333333,0.3333333333333333
RR,650,0.0,0.0
RR,1153,0.3333333333333333,0.3333333333333333
RR,46,0.6666666666666666,1.0
RR,843,0.6666666666666666,0.6666666666666666
RR,696,0.6666666666666666,0.6666666666666666
RR,565,0.6666666666666666,1.0
RR,693,1.0,1.0
RR,1044,0.6666666666666666,0.6666666666666666
RR,904,0.3333333333333333,0.3333333333333333
RR,26,0.0,0.0
RR,415,1.0,0.6666666666666666
RR,703,1.0,1.0
RR,1121,1.0,1.0
RR,670,0.0,0.3333333333333333
RR,168,0.0,0.0
RR,1271,1.0,1.0
RR,399,1.0,1.0
RR,789,0.0,0.6666666666666666
RR,172,1.0,1.0
RR,258,0.0,0.0
RR,1091,1.0,1.0
RR,144,1.0,1.0
RR,649,1.0,1.0
RR,853,0.6666666666666666,0.6666666666666666
RR,831,1.0,1.0
RR,996,1.0,1.0
RR,188,0.3333333333333333,1.0
RR,137,0.0,0.0
RR,982,0.0,0.0
RR,860,0.0,0.0
RR,817,0.6666666666666666,0.6666666666666666
RR,984,1.0,1.0
RR,226,0.0,0.3333333333333333
RR,1251,1.0,0.6666666666666666
RR,620,0.3333333333333333,0.3333333333333333
RR,265,0.0,0.0
RR,712,1.0,1.0
RR,70,0.6666666666666666,0.6666666666666666
RR,527,0.6666666666666666,1.0
RR,351,1.0,1.0
RR,174,1.0,1.0
RR,1269,1.0,1.0
RR,1129,0.6666666666666666,0.6666666666666666
RR,155,1.0,1.0
RR,318,1.0,1.0
RR,880,1.0,1.0
RR,940,0.0,0.0
RR,912,1.0,1.0
RR,1088,0.0,0.0
RR,400,0.6666666666666666,0.6666666666666666
RR,1124,0.3333333333333333,1.0
RR,609,0.6666666666666666,0.6666666666666666
RR,570,0.0,0.0
RR,624,1.0,1.0
RR,211,0.6666666666666666,0.6666666666666666
RR,1172,1.0,1.0
RR,3,0.0,0.0
RR,884,1.0,1.0
RR,1059,1.0,1.0
RR,704,1.0,1.0
RR,592,0.6666666666666666,0.3333333333333333
RR,1222,0.6666666666666666,0.6666666666666666
RR,357,0.3333333333333333,0.3333333333333333
RR,921,0.6666666666666666,0.6666666666666666
RR,422,1.0,1.0
RR,739,0.0,0.0
RR,971,1.0,1.0
RR,720,0.3333333333333333,0.6666666666666666
RR,345,0.0,0.0
RR,256,0.3333333333333333,0.3333333333333333
RR,1174,0.3333333333333333,0.6666666666666666
RR,787,0.0,0.3333333333333333
RR,145,0.0,0.0
RR,842,0.3333333333333333,0.3333333333333333
RR,1060,0.6666666666666666,1.0
RR,726,1.0,1.0
RR,488,0.6666666666666666,0.6666666666666666
RR,562,1.0,1.0
RR,412,0.3333333333333333,0.6666666666666666
RR,90,1.0,1.0
RR,469,0.0,0.0
RR,906,0.6666666666666666,0.0
RR,441,0.3333333333333333,0.6666666666666666
RR,1095,0.0,0.0
RR,584,0.0,0.3333333333333333
RR,108,0.3333333333333333,0.0
RR,404,1.0,1.0
RR,338,0.6666666666666666,0.6666666666666666
RR,68,0.3333333333333333,0.3333333333333333
RR,928,0.6666666666666666,1.0
RR,863,0.0,0.0
RR,1207,0.6666666666666666,0.6666666666666666
RR,1078,0.0,0.3333333333333333
RR,690,0.6666666666666666,0.6666666666666666
RR,1211,0.6666666666666666,0.6666666666666666
RR,700,1.0,1.0
RR,1151,1.0,1.0
RR,1014,0.0,0.0
RR,1090,1.0,1.0
RR,1154,0.6666666666666666,1.0
RR,1182,0.3333333333333333,0.3333333333333333
RR,175,0.3333333333333333,1.0
RR,545,0.6666666666666666,1.0
RR,194,0.6666666666666666,0.3333333333333333
RR,1220,0.6666666666666666,1.0
RR,922,0.6666666666666666,0.3333333333333333
RR,611,1.0,1.0
RR,1057,1.0,1.0
RR,1180,0.6666666666666666,0.6666666666666666
RR,807,0.3333333333333333,0.3333333333333333
RR,58,1.0,1.0
RR,462,0.6666666666666666,1.0
RR,724,0.6666666666666666,0.6666666666666666
RR,1053,0.0,0.0
RR,981,1.0,1.0
RR,1234,1.0,1.0
RR,261,0.0,0.0
RR,398,0.6666666666666666,0.3333333333333333
RR,1149,1.0,1.0
RR,1217,0.0,0.0
RR,764,0.6666666666666666,1.0
RR,561,1.0,1.0
RR,575,0.3333333333333333,0.6666666666666666
RR,459,0.3333333333333333,0.3333333333333333
RR,1019,0.0,0.0
RR,162,0.6666666666666666,0.6666666666666666
RR,725,0.3333333333333333,0.3333333333333333
RR,933,0.3333333333333333,0.3333333333333333
RR,637,1.0,1.0
RR,937,0.0,1.0
RR,503,0.3333333333333333,0.3333333333333333
RR,235,0.6666666666666666,0.6666666666666666
RR,280,0.0,0.0
RR,1126,0.6666666666666666,1.0
RR,1253,0.3333333333333333,0.3333333333333333
RR,967,0.6666666666666666,0.6666666666666666
RR,1031,0.6666666666666666,0.6666666666666666
RR,293,1.0,0.6666666666666666
RR,1026,0.3333333333333333,0.6666666666666666
RR,992,0.3333333333333333,0.3333333333333333
RR,538,0.6666666666666666,1.0
RR,855,0.0,0.0
RR,178,0.3333333333333333,0.0
RR,516,0.0,0.0
RR,785,0.0,0.3333333333333333
RR,67,0.6666666666666666,0.6666666666666666
RR,366,1.0,1.0
RR,837,1.0,1.0
RR,229,0.3333333333333333,0.3333333333333333
RR,353,1.0,1.0
RR,708,1.0,1.0
RR,707,0.3333333333333333,0.3333333333333333
RR,812,1.0,1.0
RR,84,0.6666666666666666,0.6666666666666666
RR,1063,0.0,0.0
RR,975,1.0,1.0
RR,591,0.0,0.3333333333333333
RR,885,0.3333333333333333,0.3333333333333333
RR,1248,0.6666666666666666,0.6666666666666666
RR,559,0.3333333333333333,0.0
RR,1264,1.0,1.0
RR,956,0.6666666666666666,0.6666666666666666
RR,359,0.3333333333333333,0.6666666666666666
RR,1062,0.0,0.0
RR,616,0.0,0.0
RR,282,0.6666666666666666,0.6666666666666666
RR,522,0.3333333333333333,0.3333333333333333
RR,770,1.0,1.0
RR,438,1.0,1.0
RR,160,0.6666666666666666,0.6666666666666666
RR,74,0.0,0.0
RR,405,1.0,1.0
RR,993,1.0,1.0
RR,1256,0.3333333333333333,0.0
RR,200,0.0,0.0
RR,1109,1.0,1.0
RR,517,1.0,1.0
RR,257,0.0,0.0
RR,1227,1.0,1.0
RR,1262,0.3333333333333333,0.3333333333333333
RR,805,0.6666666666666666,0.6666666666666666
RR,295,0.0,0.0
RR,746,0.6666666666666666,0.6666666666666666
RR,715,0.6666666666666666,0.6666666666666666
RR,423,0.3333333333333333,0.3333333333333333
RR,118,0.6666666666666666,1.0
RR,337,1.0,1.0
RR,946,1.0,1.0
RR,818,0.0,0.0
RR,57,1.0,1.0
RR,678,0.6666666666666666,1.0
RR,215,0.3333333333333333,0.3333333333333333
RR,1128,0.6666666666666666,0.6666666666666666
RR,529,1.0,0.3333333333333333
RR,54,1.0,1.0
RR,1185,0.6666666666666666,0.6666666666666666
RR,989,0.6666666666666666,0.6666666666666666
RR,1097,0.3333333333333333,0.6666666666666666
RR,190,1.0,1.0
RR,1029,0.0,0.0
RR,214,0.0,0.0
RR,877,0.0,0.0
RR,446,0.6666666666666666,0.6666666666666666
RR,889,0.6666666666666666,0.6666666666666666
RR,284,0.6666666666666666,0.6666666666666666
RR,781,1.0,1.0
RR,1002,0.6666666666666666,0.6666666666666666
RR,869,0.6666666666666666,0.6666666666666666
RR,375,1.0,1.0
RR,99,0.3333333333333333,0.3333333333333333
RR,139,0.6666666666666666,0.6666666666666666
RR,713,0.6666666666666666,0.3333333333333333
RR,638,0.6666666666666666,1.0
RR,397,0.6666666666666666,0.6666666666666666
RR,962,0.0,0.6666666666666666
RR,320,0.3333333333333333,1.0
RR,246,1.0,1.0
RR,23,0.6666666666666666,1.0
RR,191,0.0,0.0
RR,505,1.0,1.0
RR,264,0.6666666666666666,0.6666666666666666
RR,1157,1.0,1.0
RR,465,0.3333333333333333,0.0
RR,1198,1.0,0.6666666666666666
RR,1233,1.0,1.0
RR,994,0.0,0.3333333333333333
RR,254,1.0,0.6666666666666666
RR,695,0.0,0.6666666666666666
RR,325,1.0,1.0
RR,917,1.0,1.0
RR,882,1.0,1.0
RR,481,1.0,1.0
RR,1192,0.3333333333333333,0.6666666666666666
RR,520,0.6666666666666666,0.6666666666666666
RR,1000,0.0,0.0
RR,436,1.0,1.0
RR,430,0.6666666666666666,0.6666666666666666
RR,930,0.6666666666666666,1.0
RR,262,0.0,0.0
RR,960,1.0,1.0
RR,242,0.3333333333333333,0.3333333333333333
RR,645,1.0,1.0
RR,806,0.0,0.0
RR,597,0.6666666666666666,0.6666666666666666
RR,1155,1.0,1.0
RR,780,1.0,0.3333333333333333
RR,751,1.0,1.0
RR,987,0.6666666666666666,1.0
RR,515,0.0,0.0
RR,594,0.0,0.0
RR,854,0.6666666666666666,1.0
RR,17,1.0,1.0
RR,1020,0.6666666666666666,1.0
RR,486,1.0,1.0
RR,103,0.6666666666666666,0.6666666666666666
RR,414,0.0,0.3333333333333333
RR,775,0.6666666666666666,0.3333333333333333
RR,327,1.0,1.0
RR,104,0.6666666666666666,0.6666666666666666
RR,1171,1.0,1.0
RR,915,0.3333333333333333,0.3333333333333333
RR,722,0.6666666666666666,1.0
RR,485,0.3333333333333333,0.3333333333333333
RR,970,0.0,0.0
RR,1169,1.0,1.0
RR,443,1.0,0.6666666666666666
RR,210,0.6666666666666666,0.0
RR,786,0.3333333333333333,0.3333333333333333
RR,31,0.3333333333333333,0.3333333333333333
RR,938,1.0,1.0
RR,681,0.3333333333333333,0.3333333333333333
RR,1054,0.6666666666666666,0.6666666666666666
RR,383,0.6666666666666666,0.6666666666666666
RR,1043,1.0,1.0
RR,955,0.0,0.0
RR,355,1.0,1.0
RR,1117,0.6666666666666666,1.0
RR,836,1.0,1.0
RR,926,0.3333333333333333,0.6666666666666666
RR,568,1.0,1.0
RR,460,0.0,0.0
RR,709,0.6666666666666666,1.0
RR,19,0.6666666666666666,1.0
RR,16,1.0,1.0
RR,308,1.0,1.0
RR,73,1.0,1.0
RR,52,1.0,1.0
RR,1009,1.0,1.0
RR,1073,0.0,0.0
RR,733,0.3333333333333333,0.3333333333333333
RR,886,0.3333333333333333,0.3333333333333333
RR,1089,0.6666666666666666,0.6666666666666666
RR,815,0.6666666666666666,1.0
RR,574,0.3333333333333333,0.3333333333333333
RR,456,0.3333333333333333,0.3333333333333333
RR,1069,1.0,1.0
RR,466,1.0,1.0
RR,658,0.3333333333333333,0.3333333333333333
RR,249,0.6666666666666666,0.6666666666666666
RR,830,0.3333333333333333,0.3333333333333333
RR,778,1.0,0.6666666666666666
RR,227,0.0,0.0
RR,247,0.3333333333333333,0.6666666666666666
RR,1092,1.0,1.0
RR,1165,1.0,1.0
RR,170,0.6666666666666666,0.6666666666666666
RR,294,0.3333333333333333,0.3333333333333333
RR,1046,1.0,1.0
RR,750,1.0,1.0
RR,89,0.3333333333333333,0.3333333333333333
RR,661,1.0,1.0
RR,1214,0.3333333333333333,0.3333333333333333
RR,524,0.6666666666666666,0.3333333333333333
RR,109,1.0,1.0
RR,494,0.6666666666666666,1.0
RR,852,1.0,1.0
RR,497,0.3333333333333333,0.3333333333333333
RR,834,1.0,1.0
RR,798,0.3333333333333333,1.0
RR,519,1.0,1.0
RR,600,1.0,1.0
RR,604,1.0,1.0
RR,816,0.3333333333333333,0.3333333333333333
RR,358,0.0,0.0
RR,1136,0.3333333333333333,1.0
RR,867,0.0,1.0
RR,181,0.0,0.0
RR,587,0.3333333333333333,0.3333333333333333
RR,122,1.0,1.0
RR,948,0.0,0.0
RR,391,0.6666666666666666,0.6666666666666666
RR,165,0.3333333333333333,0.3333333333333333
RR,449,0.3333333333333333,0.3333333333333333
RR,838,1.0,1.0
RR,401,1.0,0.6666666666666666
RR,149,0.6666666666666666,1.0
RR,894,1.0,1.0
RR,1245,0.6666666666666666,0.6666666666666666
RR,37,0.6666666666666666,1.0
RR,428,0.0,0.0
RR,1018,0.3333333333333333,0.3333333333333333
RR,566,1.0,1.0
RR,769,0.6666666666666666,0.3333333333333333
RR,949,0.6666666666666666,0.6666666666666666
RR,13,0.6666666666666666,0.3333333333333333
RR,727,0.6666666666666666,0.6666666666666666
RR,799,0.6666666666666666,0.6666666666666666
RR,95,1.0,1.0
RR,846,1.0,1.0
RR,348,0.3333333333333333,0.6666666666666666
RR,487,0.6666666666666666,0.3333333333333333
RR,500,0.6666666666666666,0.6666666666666666
RR,1008,0.6666666666666666,0.6666666666666666
RR,411,0.3333333333333333,0.3333333333333333
RR,1056,1.0,1.0
RR,316,0.6666666666666666,0.6666666666666666
RR,251,0.3333333333333333,0.6666666666666666
RR,1007,1.0,1.0
RR,1120,0.0,0.0
RR,1102,1.0,1.0
RR,844,0.0,0.0
RR,760,1.0,1.0
RR,376,1.0,1.0
RR,1087,0.6666666666666666,1.0
RR,270,1.0,1.0
RR,1037,0.6666666666666666,1.0
RR,986,0.0,0.0
RR,788,1.0,1.0
RR,161,1.0,1.0
RR,392,0.6666666666666666,0.6666666666666666
RR,207,1.0,1.0
RR,507,0.6666666666666666,0.6666666666666666
RR,1042,0.6666666666666666,0.6666666666666666
RR,665,1.0,1.0
RR,523,1.0,0.6666666666666666
RR,893,1.0,1.0
RR,205,0.0,0.0
RR,335,1.0,1.0
RR,458,1.0,1.0
RR,76,0.0,0.0
RR,362,1.0,1.0
RR,1216,0.6666666666666666,1.0
RR,407,0.6666666666666666,1.0
RR,1221,1.0,1.0
RR,977,1.0,1.0
RR,1028,1.0,1.0
RR,1118,0.3333333333333333,0.3333333333333333
RR,560,0.3333333333333333,0.3333333333333333
RR,499,0.6666666666666666,0.3333333333333333
RR,323,0.6666666666666666,0.6666666666666666
RR,93,0.6666666666666666,0.3333333333333333
RR,862,0.6666666666666666,0.6666666666666666
RR,1022,1.0,1.0
RR,840,0.0,0.0
RR,763,0.6666666666666666,0.6666666666666666
RR,564,0.3333333333333333,0.3333333333333333
RR,32,0.3333333333333333,0.3333333333333333
RR,364,0.3333333333333333,0.3333333333333333
RR,667,1.0,1.0
RR,440,0.3333333333333333,0.3333333333333333
RR,633,0.3333333333333333,0.3333333333333333
RR,642,0.0,0.6666666666666666
RR,416,0.3333333333333333,0.3333333333333333
RR,452,1.0,1.0
RR,81,1.0,1.0
RR,1160,0.6666666666666666,1.0
RR,820,0.3333333333333333,1.0
RR,1241,0.0,0.3333333333333333
RR,311,0.6666666666666666,0.6666666666666666
RR,873,0.3333333333333333,0.6666666666666666
RR,450,0.0,0.0
RR,1076,1.0,0.6666666666666666
RR,721,0.3333333333333333,0.0
RR,106,0.6666666666666666,1.0
RR,1146,1.0,1.0
RR,888,1.0,1.0
RR,533,1.0,1.0
RR,730,1.0,1.0
RR,105,1.0,1.0
RR,266,0.6666666666666666,0.6666666666666666
RR,1184,0.0,0.0
RR,978,0.6666666666666666,0.6666666666666666
RR,1176,0.3333333333333333,0.6666666666666666
RR,39,0.6666666666666666,0.6666666666666666
RR,339,1.0,1.0
RR,961,1.0,1.0
RR,525,0.3333333333333333,0.3333333333333333
RR,189,1.0,1.0
RR,1111,0.3333333333333333,0.6666666666666666
RR,732,0.0,0.0
RR,5,0.3333333333333333,0.3333333333333333
RR,442,0.0,0.0
RR,861,1.0,1.0
RR,878,0.0,0.0
RR,1138,0.6666666666666666,0.6666666666666666
RR,851,0.3333333333333333,0.6666666666666666
RR,1147,1.0,1.0
RR,301,1.0,1.0
RR,1215,0.0,0.0
RR,718,0.6666666666666666,1.0
RR,998,1.0,1.0
RR,654,0.3333333333333333,0.3333333333333333
RR,1135,1.0,0.6666666666666666
RR,329,1.0,1.0
RR,279,0.6666666666666666,0.6666666666666666
RR,277,0.6666666666666666,1.0
RR,919,1.0,1.0
RR,349,1.0,1.0
RR,1243,0.0,0.0
RR,65,1.0,0.3333333333333333
RR,1259,0.6666666666666666,0.6666666666666666
RR,1093,0.3333333333333333,0.3333333333333333
RR,410,0.3333333333333333,0.3333333333333333
RR,689,1.0,1.0
RR,177,0.3333333333333333,1.0
RR,534,1.0,1.0
RR,117,0.6666666666666666,0.6666666666666666
RR,372,0.6666666666666666,0.6666666666666666
RR,1034,1.0,1.0
RR,628,1.0,1.0
RR,821,1.0,1.0
RR,669,0.6666666666666666,1.0
RR,63,0.6666666666666666,0.6666666666666666
RR,735,0.3333333333333333,0.3333333333333333
RR,951,0.0,1.0
RR,1025,0.0,1.0
RR,42,0.6666666666666666,0.6666666666666666
RR,167,1.0,1.0
RR,809,0.0,0.0
RR,1100,0.0,0.0
RR,313,0.6666666666666666,1.0
RR,296,0.0,0.0
RR,490,0.3333333333333333,0.0
RR,543,0.3333333333333333,0.6666666666666666
RR,641,0.0,0.0
RR,290,0.0,0.0
RR,617,1.0,1.0
RR,779,1.0,1.0
RR,910,0.6666666666666666,0.3333333333333333
RR,212,0.6666666666666666,1.0
RR,979,0.3333333333333333,0.6666666666666666
RR,555,1.0,1.0
RR,1058,1.0,1.0
RR,672,0.3333333333333333,0.6666666666666666
RR,317,0.3333333333333333,0.3333333333333333
RR,1081,1.0,1.0
RR,535,0.6666666666666666,0.3333333333333333
RR,1039,1.0,0.6666666666666666
RR,432,0.6666666666666666,0.6666666666666666
RR,828,0.6666666666666666,0.6666666666666666
RR,621,1.0,1.0
RR,1161,1.0,1.0
RR,287,0.6666666666666666,0.6666666666666666
RR,451,1.0,1.0
RR,1013,1.0,1.0
RR,528,0.0,0.0
RR,300,0.3333333333333333,0.6666666666666666
RR,752,1.0,1.0
RR,622,0.6666666666666666,0.6666666666666666
RR,995,0.3333333333333333,0.3333333333333333
RR,1219,1.0,1.0
RR,34,1.0,1.0
RR,286,0.3333333333333333,0.6666666666666666
RR,314,1.0,1.0
RR,333,1.0,1.0
RR,182,0.0,1.0
RR,49,1.0,1.0
RR,102,0.0,0.3333333333333333
RR,687,1.0,1.0
RR,41,1.0,1.0
RR,275,0.0,0.0
RR,675,0.6666666666666666,0.6666666666666666
RR,1137,1.0,1.0
RR,749,0.3333333333333333,0.0
RR,908,0.3333333333333333,0.3333333333333333
RR,437,0.3333333333333333,0.6666666666666666
RR,491,0.3333333333333333,0.3333333333333333
RR,141,0.3333333333333333,0.3333333333333333
RR,706,1.0,1.0
RR,973,0.6666666666666666,0.6666666666666666
TAR,331,1.0,0.6666666666666666
TAR,1189,0.6666666666666666,0.6666666666666666
TAR,918,1.0,1.0
TAR,1238,1.0,1.0
TAR,130,0.6666666666666666,1.0
TAR,237,0.0,0.0
TAR,30,0.0,0.3333333333333333
TAR,1096,0.0,0.0
TAR,827,0.3333333333333333,0.0
TAR,82,0.6666666666666666,1.0
TAR,231,0.6666666666666666,0.3333333333333333
TAR,1016,0.3333333333333333,0.6666666666666666
TAR,653,0.0,0.0
TAR,111,0.0,0.6666666666666666
TAR,479,0.0,1.0
TAR,1094,0.6666666666666666,1.0
TAR,45,0.6666666666666666,1.0
TAR,185,0.6666666666666666,0.6666666666666666
TAR,379,0.6666666666666666,0.6666666666666666
TAR,495,0.6666666666666666,1.0
TAR,736,0.3333333333333333,0.6666666666666666
TAR,676,0.6666666666666666,1.0
TAR,232,0.6666666666666666,0.6666666666666666
TAR,932,0.0,0.0
TAR,634,0.0,0.6666666666666666
TAR,1250,0.3333333333333333,0.6666666666666666
TAR,47,0.3333333333333333,0.3333333333333333
TAR,306,1.0,1.0
TAR,876,1.0,1.0
TAR,60,0.3333333333333333,0.3333333333333333
TAR,150,0.3333333333333333,0.6666666666666666
TAR,1223,0.3333333333333333,0.3333333333333333
TAR,582,0.0,0.3333333333333333
TAR,463,0.3333333333333333,0.3333333333333333
TAR,1066,1.0,1.0
TAR,674,1.0,1.0
TAR,455,0.3333333333333333,0.3333333333333333
TAR,1079,0.6666666666666666,1.0
TAR,1067,0.6666666666666666,0.6666666666666666
TAR,701,0.0,0.0
TAR,187,1.0,1.0
TAR,142,1.0,1.0
TAR,776,0.0,0.0
TAR,179,1.0,0.6666666666666666
TAR,772,0.3333333333333333,0.6666666666666666
TAR,1199,0.3333333333333333,0.3333333333333333
TAR,171,0.3333333333333333,0.6666666666666666
TAR,134,1.0,1.0
TAR,129,0.6666666666666666,0.6666666666666666
TAR,1141,0.3333333333333333,0.3333333333333333
TAR,83,0.3333333333333333,0.6666666666666666
TAR,771,1.0,1.0
TAR,1229,0.0,0.0
TAR,1070,0.3333333333333333,1.0
TAR,222,1.0,1.0
TAR,1226,0.3333333333333333,0.3333333333333333
TAR,233,1.0,1.0
TAR,1017,1.0,1.0
TAR,639,0.0,0.3333333333333333
TAR,350,0.3333333333333333,0.3333333333333333
TAR,472,1.0,1.0
TAR,1170,0.3333333333333333,0.3333333333333333
TAR,116,1.0,1.0
TAR,448,1.0,1.0
TAR,573,0.6666666666666666,0.3333333333333333
TAR,434,0.3333333333333333,0.3333333333333333
TAR,127,1.0,1.0
TAR,480,1.0,1.0
TAR,773,0.6666666666666666,0.6666666666666666
TAR,143,1.0,1.0
TAR,80,1.0,1.0
TAR,925,0.0,0.3333333333333333
TAR,913,0.0,0.0
TAR,20,0.0,0.0
TAR,942,1.0,1.0
TAR,289,0.0,0.0
TAR,429,0.3333333333333333,0.3333333333333333
TAR,356,0.0,0.3333333333333333
TAR,309,0.0,0.0
TAR,997,0.3333333333333333,1.0
TAR,883,1.0,1.0
TAR,1148,0.0,0.6666666666666666
TAR,599,0.0,0.0
TAR,123,0.0,0.0
TAR,711,0.6666666666666666,1.0
TAR,914,1.0,1.0
TAR,1005,1.0,1.0
TAR,1083,0.3333333333333333,0.6666666666666666
TAR,1072,1.0,1.0
TAR,1036,0.0,0.3333333333333333
TAR,77,0.0,0.0
TAR,447,0.0,0.0
TAR,322,1.0,1.0
TAR,354,0.6666666666666666,0.6666666666666666
TAR,241,0.6666666666666666,0.6666666666666666
TAR,608,0.3333333333333333,0.3333333333333333
TAR,1098,0.3333333333333333,0.6666666666666666
TAR,548,0.6666666666666666,0.6666666666666666
TAR,43,0.3333333333333333,0.0
TAR,958,1.0,1.0
TAR,939,0.3333333333333333,0.3333333333333333
TAR,898,1.0,1.0
TAR,69,0.0,0.0
TAR,959,1.0,1.0
TAR,1186,0.0,0.6666666666666666
TAR,135,0.3333333333333333,0.3333333333333333
TAR,630,1.0,1.0
TAR,892,0.0,0.0
TAR,601,0.0,0.0
TAR,238,0.6666666666666666,0.3333333333333333
TAR,396,0.6666666666666666,0.6666666666666666
TAR,1048,1.0,1.0
TAR,544,0.0,0.0
TAR,945,0.0,0.0
TAR,471,0.0,0.0
TAR,157,0.0,0.6666666666666666
TAR,969,0.6666666666666666,0.6666666666666666
TAR,1035,0.6666666666666666,1.0
TAR,100,0.3333333333333333,0.0
TAR,305,0.0,0.6666666666666666
TAR,723,1.0,1.0
TAR,731,0.3333333333333333,0.3333333333333333
TAR,140,0.0,0.0
TAR,1051,0.3333333333333333,0.3333333333333333
TAR,1213,1.0,1.0
TAR,694,1.0,1.0
TAR,36,0.0,0.0
TAR,1103,0.0,0.3333333333333333
TAR,152,1.0,1.0
TAR,1112,1.0,1.0
TAR,1130,1.0,1.0
TAR,802,1.0,0.6666666666666666
TAR,774,1.0,1.0
TAR,656,1.0,1.0
TAR,431,0.3333333333333333,0.6666666666666666
TAR,1125,1.0,1.0
TAR,1086,0.3333333333333333,0.3333333333333333
TAR,10,0.6666666666666666,0.6666666666666666
TAR,607,0.0,0.3333333333333333
TAR,929,0.6666666666666666,0.6666666666666666
TAR,744,0.6666666666666666,0.6666666666666666
TAR,223,0.6666666666666666,0.6666666666666666
TAR,905,0.0,0.3333333333333333
TAR,857,0.3333333333333333,0.6666666666666666
TAR,388,0.0,0.3333333333333333
TAR,483,1.0,1.0
TAR,1041,0.0,0.3333333333333333
TAR,493,0.6666666666666666,0.0
TAR,180,0.6666666666666666,1.0
TAR,1050,0.3333333333333333,0.3333333333333333
TAR,629,1.0,1.0
TAR,792,0.0,0.0
TAR,1266,0.3333333333333333,0.3333333333333333
TAR,747,0.3333333333333333,1.0
TAR,742,0.3333333333333333,0.3333333333333333
TAR,380,0.3333333333333333,0.3333333333333333
TAR,966,0.3333333333333333,0.6666666666666666
TAR,146,0.0,0.3333333333333333
TAR,697,1.0,1.0
TAR,682,0.6666666666666666,1.0
TAR,315,1.0,1.0
TAR,369,1.0,1.0
TAR,811,1.0,1.0
TAR,1114,1.0,1.0
TAR,1231,0.0,1.0
TAR,51,1.0,1.0
TAR,825,0.6666666666666666,0.6666666666666666
TAR,304,0.0,0.3333333333333333
TAR,457,0.3333333333333333,0.6666666666666666
TAR,640,0.6666666666666666,0.6666666666666666
TAR,66,0.6666666666666666,0.6666666666666666
TAR,421,0.3333333333333333,0.3333333333333333
TAR,21,1.0,0.6666666666666666
TAR,475,0.3333333333333333,0.3333333333333333
TAR,368,1.0,0.3333333333333333
TAR,1045,0.6666666666666666,0.6666666666666666
TAR,1074,0.3333333333333333,0.3333333333333333
TAR,25,0.6666666666666666,1.0
TAR,0,0.0,0.3333333333333333
TAR,684,0.0,0.0
TAR,184,0.0,0.6666666666666666
TAR,783,1.0,1.0
TAR,14,0.3333333333333333,0.0
TAR,1190,1.0,1.0
TAR,546,0.3333333333333333,0.6666666666666666
TAR,461,0.0,0.0
TAR,248,0.0,0.0
TAR,768,0.3333333333333333,0.6666666666666666
TAR,1082,0.6666666666666666,1.0
TAR,849,0.3333333333333333,0.0
TAR,435,1.0,0.6666666666666666
TAR,872,0.0,0.0
TAR,875,0.3333333333333333,1.0
TAR,539,0.3333333333333333,0.3333333333333333
TAR,1236,1.0,1.0
TAR,999,0.3333333333333333,0.3333333333333333
TAR,627,0.3333333333333333,0.6666666666666666
TAR,213,0.6666666666666666,0.6666666666666666
TAR,927,0.6666666666666666,1.0
TAR,1202,0.6666666666666666,0.6666666666666666
TAR,173,0.3333333333333333,0.0
TAR,729,0.0,0.0
TAR,985,1.0,1.0
TAR,1232,1.0,0.6666666666666666
TAR,1158,0.0,0.0
TAR,420,0.3333333333333333,0.0
TAR,896,0.6666666666666666,0.6666666666666666
TAR,1055,0.0,0.0
TAR,595,0.6666666666666666,1.0
TAR,1131,1.0,1.0
TAR,935,1.0,1.0
TAR,636,0.0,0.6666666666666666
TAR,492,1.0,1.0
TAR,1084,0.6666666666666666,0.6666666666666666
TAR,1110,1.0,0.3333333333333333
TAR,501,0.6666666666666666,0.6666666666666666
TAR,897,0.6666666666666666,1.0
TAR,810,0.3333333333333333,0.6666666666666666
TAR,1225,0.6666666666666666,0.6666666666666666
TAR,352,0.6666666666666666,1.0
TAR,230,0.3333333333333333,0.6666666666666666
TAR,1200,0.6666666666666666,0.6666666666666666
TAR,198,0.6666666666666666,0.6666666666666666
TAR,1105,0.0,0.3333333333333333
TAR,767,0.0,0.0
TAR,698,1.0,1.0
TAR,510,1.0,1.0
TAR,632,1.0,1.0
TAR,1001,0.3333333333333333,0.3333333333333333
TAR,367,1.0,1.0
TAR,11,1.0,1.0
TAR,518,1.0,1.0
TAR,563,0.6666666666666666,0.6666666666666666
TAR,1242,1.0,1.0
TAR,97,1.0,1.0
TAR,1134,0.0,0.3333333333333333
TAR,131,1.0,1.0
TAR,1257,0.3333333333333333,0.6666666666666666
TAR,158,0.3333333333333333,0.3333333333333333
TAR,664,0.6666666666666666,0.6666666666666666
TAR,646,0.3333333333333333,0.3333333333333333
TAR,278,0.6666666666666666,0.3333333333333333
TAR,1167,0.0,0.0
TAR,841,1.0,1.0
TAR,427,0.6666666666666666,1.0
TAR,236,1.0,1.0
TAR,740,1.0,1.0
TAR,395,0.6666666666666666,0.6666666666666666
TAR,757,1.0,1.0
TAR,110,0.6666666666666666,1.0
TAR,133,1.0,0.6666666666666666
TAR,965,0.6666666666666666,1.0
TAR,343,0.6666666666666666,1.0
TAR,61,1.0,1.0
TAR,1139,1.0,1.0
TAR,220,1.0,1.0
TAR,1162,0.6666666666666666,1.0
TAR,511,0.3333333333333333,0.3333333333333333
TAR,252,0.6666666666666666,1.0
TAR,941,0.3333333333333333,0.3333333333333333
TAR,128,1.0,1.0
TAR,203,0.0,0.6666666666666666
TAR,29,0.6666666666666666,0.6666666666666666
TAR,444,0.0,0.3333333333333333
TAR,845,1.0,1.0
TAR,2,0.6666666666666666,0.3333333333333333
TAR,839,1.0,1.0
TAR,1004,0.6666666666666666,0.6666666666666666
TAR,156,1.0,1.0
TAR,324,1.0,1.0
TAR,745,1.0,1.0
TAR,1177,0.6666666666666666,0.6666666666666666
TAR,1027,0.3333333333333333,0.0
TAR,283,1.0,1.0
TAR,741,0.6666666666666666,0.0
TAR,964,0.0,0.3333333333333333
TAR,801,1.0,1.0
TAR,557,0.0,0.0
TAR,759,1.0,1.0
TAR,901,0.6666666666666666,1.0
TAR,1049,0.0,0.0
TAR,833,0.6666666666666666,1.0
TAR,419,1.0,0.6666666666666666
TAR,865,0.3333333333333333,0.3333333333333333
TAR,1107,1.0,1.0
TAR,647,1.0,1.0
TAR,1244,0.6666666666666666,0.6666666666666666
TAR,558,0.3333333333333333,0.0
TAR,1085,0.6666666666666666,0.6666666666666666
TAR,281,0.6666666666666666,0.6666666666666666
TAR,1133,0.3333333333333333,0.6666666666666666
TAR,612,1.0,1.0
TAR,477,1.0,1.0
TAR,132,1.0,1.0
TAR,803,0.6666666666666666,0.6666666666666666
TAR,361,1.0,1.0
TAR,549,0.3333333333333333,0.6666666666666666
TAR,891,0.3333333333333333,0.3333333333333333
TAR,631,0.6666666666666666,0.3333333333333333
TAR,879,0.6666666666666666,0.6666666666666666
TAR,378,0.0,0.6666666666666666
TAR,1272,0.3333333333333333,0.6666666666666666
TAR,808,1.0,1.0
TAR,151,0.6666666666666666,0.6666666666666666
TAR,389,0.3333333333333333,0.3333333333333333
TAR,626,1.0,1.0
TAR,1038,0.0,0.0
TAR,699,0.0,0.0
TAR,136,0.0,0.0
TAR,307,0.3333333333333333,0.3333333333333333
TAR,1071,0.6666666666666666,0.6666666666666666
TAR,1194,1.0,1.0
TAR,581,0.6666666666666666,1.0
TAR,1,1.0,1.0
TAR,365,0.3333333333333333,0.6666666666666666
TAR,94,1.0,1.0
TAR,567,0.6666666666666666,1.0
TAR,243,1.0,1.0
TAR,537,0.6666666666666666,0.3333333333333333
TAR,777,1.0,1.0
TAR,719,1.0,1.0
TAR,602,1.0,1.0
TAR,218,0.3333333333333333,0.6666666666666666
TAR,513,1.0,1.0
TAR,826,1.0,1.0
TAR,484,0.3333333333333333,0.3333333333333333
TAR,470,0.6666666666666666,0.3333333333333333
TAR,406,1.0,0.6666666666666666
TAR,895,1.0,1.0
TAR,1104,0.3333333333333333,0.3333333333333333
TAR,680,1.0,1.0
TAR,625,0.3333333333333333,0.0
TAR,38,0.6666666666666666,0.6666666666666666
TAR,474,0.6666666666666666,0.6666666666666666
TAR,78,0.3333333333333333,0.3333333333333333
TAR,259,0.6666666666666666,0.3333333333333333
TAR,1210,1.0,1.0
TAR,147,0.6666666666666666,0.6666666666666666
TAR,819,0.6666666666666666,0.6666666666666666
TAR,765,1.0,1.0
TAR,371,1.0,1.0
TAR,957,0.0,0.0
TAR,1156,0.6666666666666666,0.6666666666666666
TAR,263,0.0,1.0
TAR,340,0.3333333333333333,0.0
TAR,509,0.3333333333333333,0.0
TAR,677,1.0,1.0
TAR,498,0.0,0.0
TAR,934,0.3333333333333333,1.0
TAR,1270,1.0,1.0
TAR,1195,0.3333333333333333,1.0
TAR,467,0.6666666666666666,0.3333333333333333
TAR,1206,1.0,1.0
TAR,244,0.6666666666666666,1.0
TAR,953,0.6666666666666666,1.0
TAR,651,0.0,0.0
TAR,1239,0.0,0.3333333333333333
TAR,186,1.0,1.0
TAR,273,0.0,0.3333333333333333
TAR,453,1.0,1.0
TAR,692,0.3333333333333333,0.3333333333333333
TAR,336,0.0,0.3333333333333333
TAR,551,0.3333333333333333,1.0
TAR,1204,0.3333333333333333,0.6666666666666666
TAR,804,0.6666666666666666,1.0
TAR,24,0.3333333333333333,0.0
TAR,12,1.0,1.0
TAR,1193,0.3333333333333333,0.6666666666666666
TAR,55,1.0,1.0
TAR,663,0.3333333333333333,1.0
TAR,716,0.0,0.0
TAR,346,1.0,1.0
TAR,655,1.0,1.0
TAR,7,1.0,1.0
TAR,556,0.3333333333333333,0.3333333333333333
TAR,197,0.3333333333333333,0.3333333333333333
TAR,1209,1.0,1.0
TAR,784,0.6666666666666666,1.0
TAR,253,0.6666666666666666,0.6666666666666666
TAR,762,0.6666666666666666,1.0
TAR,1040,1.0,1.0
TAR,98,0.3333333333333333,0.3333333333333333
TAR,35,1.0,0.6666666666666666
TAR,1237,0.0,0.0
TAR,909,1.0,1.0
TAR,321,0.0,0.0
TAR,91,0.3333333333333333,1.0
TAR,859,0.6666666666666666,0.6666666666666666
TAR,312,1.0,1.0
TAR,250,0.6666666666666666,0.6666666666666666
TAR,1032,1.0,1.0
TAR,195,0.3333333333333333,0.3333333333333333
TAR,310,1.0,1.0
TAR,328,1.0,1.0
TAR,297,1.0,1.0
TAR,657,0.6666666666666666,0.6666666666666666
TAR,659,0.6666666666666666,0.6666666666666666
TAR,1015,0.0,0.3333333333333333
TAR,1265,0.6666666666666666,0.6666666666666666
TAR,1115,1.0,0.6666666666666666
TAR,217,0.0,0.3333333333333333
TAR,1268,0.6666666666666666,0.6666666666666666
TAR,1175,1.0,1.0
TAR,1181,0.0,0.0
TAR,326,0.3333333333333333,0.6666666666666666
TAR,542,0.0,0.3333333333333333
TAR,988,0.0,0.0
TAR,976,0.6666666666666666,0.6666666666666666
TAR,553,0.6666666666666666,0.6666666666666666
TAR,1099,0.6666666666666666,0.6666666666666666
TAR,1064,0.0,0.0
TAR,374,0.3333333333333333,0.3333333333333333
TAR,1150,0.6666666666666666,1.0
TAR,489,0.6666666666666666,1.0
TAR,890,1.0,1.0
TAR,514,1.0,1.0
TAR,593,1.0,1.0
TAR,1080,0.6666666666666666,1.0
TAR,101,1.0,1.0
TAR,950,0.6666666666666666,0.6666666666666666
TAR,753,0.6666666666666666,1.0
TAR,332,0.6666666666666666,0.3333333333333333
TAR,585,0.3333333333333333,0.3333333333333333
TAR,1061,0.0,0.0
TAR,761,1.0,1.0
TAR,125,0.3333333333333333,0.0
TAR,48,1.0,1.0
TAR,814,0.3333333333333333,0.0
TAR,1106,0.3333333333333333,0.6666666666666666
TAR,1260,0.3333333333333333,0.0
TAR,794,1.0,1.0
TAR,1218,1.0,1.0
TAR,1197,1.0,1.0
TAR,899,0.6666666666666666,1.0
TAR,968,1.0,1.0
TAR,1003,0.6666666666666666,0.0
TAR,224,1.0,1.0
TAR,476,0.3333333333333333,0.3333333333333333
TAR,381,0.6666666666666666,1.0
TAR,858,1.0,1.0
TAR,1168,0.0,0.0
TAR,27,0.6666666666666666,0.0
TAR,1077,0.3333333333333333,0.3333333333333333
TAR,1023,0.0,0.0
TAR,887,1.0,1.0
TAR,87,0.0,0.3333333333333333
TAR,268,1.0,1.0
TAR,870,0.6666666666666666,1.0
TAR,1075,1.0,1.0
TAR,881,1.0,1.0
TAR,1246,1.0,0.6666666666666666
TAR,403,0.6666666666666666,0.6666666666666666
TAR,743,0.0,0.0
TAR,610,1.0,1.0
TAR,234,0.3333333333333333,0.3333333333333333
TAR,1208,0.0,0.0
TAR,1122,0.0,0.0
TAR,578,0.0,0.0
TAR,292,0.6666666666666666,0.3333333333333333
TAR,363,1.0,1.0
TAR,433,1.0,0.6666666666666666
TAR,202,1.0,1.0
TAR,360,0.6666666666666666,1.0
TAR,53,0.3333333333333333,0.6666666666666666
TAR,1173,1.0,0.6666666666666666
TAR,1119,0.6666666666666666,1.0
TAR,394,0.0,0.0
TAR,219,0.0,0.0
TAR,166,0.3333333333333333,0.3333333333333333
TAR,28,0.3333333333333333,0.3333333333333333
TAR,245,0.3333333333333333,0.6666666666666666
TAR,473,0.6666666666666666,1.0
TAR,425,0.0,0.0
TAR,1010,0.3333333333333333,0.6666666666666666
TAR,192,0.3333333333333333,0.3333333333333333
TAR,1030,0.3333333333333333,0.3333333333333333
TAR,1116,1.0,0.6666666666666666
TAR,1144,0.6666666666666666,0.6666666666666666
TAR,138,1.0,0.6666666666666666
TAR,148,0.0,0.0
TAR,302,0.6666666666666666,0.6666666666666666
TAR,126,0.6666666666666666,0.0
TAR,1052,0.6666666666666666,0.3333333333333333
TAR,972,1.0,1.0
TAR,874,0.6666666666666666,0.6666666666666666
TAR,408,0.3333333333333333,0.3333333333333333
TAR,96,0.0,0.3333333333333333
TAR,618,1.0,1.0
TAR,79,0.3333333333333333,0.6666666666666666
TAR,800,0.3333333333333333,0.6666666666666666
TAR,239,0.0,0.0
TAR,688,1.0,1.0
TAR,737,0.0,0.0
TAR,1196,0.6666666666666666,1.0
TAR,285,0.6666666666666666,0.6666666666666666
TAR,426,0.3333333333333333,0.3333333333333333
TAR,86,0.3333333333333333,0.3333333333333333
TAR,1183,1.0,1.0
TAR,1224,1.0,0.6666666666666666
TAR,791,0.0,0.0
TAR,113,0.6666666666666666,0.3333333333333333
TAR,387,1.0,1.0
TAR,267,0.6666666666666666,1.0
TAR,596,0.6666666666666666,1.0
TAR,547,1.0,1.0
TAR,1166,1.0,1.0
TAR,1203,1.0,0.0
TAR,88,0.6666666666666666,0.3333333333333333
TAR,586,0.6666666666666666,0.6666666666666666
TAR,728,0.0,0.0
TAR,193,0.0,0.0
TAR,64,0.3333333333333333,1.0
TAR,790,0.6666666666666666,1.0
TAR,1068,0.6666666666666666,0.6666666666666666
TAR,260,1.0,1.0
TAR,1267,0.3333333333333333,0.6666666666666666
TAR,1163,0.0,0.3333333333333333
TAR,9,1.0,1.0
TAR,344,1.0,1.0
TAR,347,0.3333333333333333,1.0
TAR,536,0.3333333333333333,1.0
TAR,530,0.0,0.3333333333333333
TAR,931,0.0,0.3333333333333333
TAR,717,0.6666666666666666,0.6666666666666666
TAR,1145,1.0,1.0
TAR,758,1.0,1.0
TAR,550,0.3333333333333333,0.3333333333333333
TAR,907,0.0,0.3333333333333333
TAR,583,1.0,1.0
TAR,15,1.0,1.0
TAR,797,1.0,1.0
TAR,6,1.0,1.0
TAR,683,0.6666666666666666,0.6666666666666666
TAR,385,0.3333333333333333,0.0
TAR,199,0.6666666666666666,0.6666666666666666
TAR,468,1.0,0.6666666666666666
TAR,299,1.0,0.6666666666666666
TAR,963,0.3333333333333333,0.3333333333333333
TAR,1252,1.0,1.0
TAR,418,1.0,1.0
TAR,936,0.3333333333333333,0.3333333333333333
TAR,598,0.3333333333333333,0.3333333333333333
TAR,619,0.6666666666666666,0.3333333333333333
TAR,829,0.0,0.3333333333333333
TAR,342,1.0,1.0
TAR,748,1.0,1.0
TAR,269,1.0,1.0
TAR,276,0.0,0.3333333333333333
TAR,983,0.0,0.0
TAR,1247,0.0,0.0
TAR,390,1.0,1.0
TAR,991,0.6666666666666666,1.0
TAR,112,0.0,0.0
TAR,1127,1.0,1.0
TAR,705,1.0,1.0
TAR,1021,0.0,0.0
TAR,319,0.6666666666666666,0.6666666666666666
TAR,377,1.0,1.0
TAR,206,1.0,1.0
TAR,370,1.0,1.0
TAR,120,0.6666666666666666,0.6666666666666666
TAR,115,0.6666666666666666,0.3333333333333333
TAR,541,0.0,0.3333333333333333
TAR,341,1.0,0.6666666666666666
TAR,864,1.0,1.0
TAR,521,0.0,0.6666666666666666
TAR,662,0.0,0.0
TAR,835,1.0,1.0
TAR,1143,0.6666666666666666,0.6666666666666666
TAR,643,0.6666666666666666,1.0
TAR,795,0.0,0.3333333333333333
TAR,154,1.0,1.0
TAR,648,0.6666666666666666,1.0
TAR,75,0.6666666666666666,1.0
TAR,668,1.0,1.0
TAR,615,0.3333333333333333,0.3333333333333333
TAR,502,0.6666666666666666,0.6666666666666666
TAR,734,1.0,1.0
TAR,868,0.6666666666666666,0.6666666666666666
TAR,588,1.0,1.0
TAR,980,0.6666666666666666,0.6666666666666666
TAR,1188,0.6666666666666666,0.3333333333333333
TAR,754,0.3333333333333333,0.3333333333333333
TAR,974,1.0,1.0
TAR,334,0.6666666666666666,0.0
TAR,201,0.0,0.0
TAR,614,0.6666666666666666,0.6666666666666666
TAR,954,0.3333333333333333,0.6666666666666666
TAR,107,0.0,0.3333333333333333
TAR,508,1.0,1.0
TAR,1108,1.0,1.0
TAR,413,1.0,0.3333333333333333
TAR,439,0.3333333333333333,0.6666666666666666
TAR,221,0.3333333333333333,0.6666666666666666
TAR,169,0.3333333333333333,0.3333333333333333
TAR,1249,1.0,1.0
TAR,1255,1.0,1.0
TAR,531,1.0,1.0
TAR,603,0.0,0.6666666666666666
TAR,1159,1.0,1.0
TAR,504,0.6666666666666666,1.0
TAR,119,0.6666666666666666,0.0
TAR,72,0.3333333333333333,0.3333333333333333
TAR,330,1.0,1.0
TAR,1212,0.0,0.0
TAR,291,0.3333333333333333,0.0
TAR,196,1.0,1.0
TAR,33,0.6666666666666666,0.6666666666666666
TAR,606,0.0,0.0
TAR,1152,0.6666666666666666,1.0
TAR,1113,0.3333333333333333,1.0
TAR,1240,1.0,0.6666666666666666
TAR,952,0.6666666666666666,0.6666666666666666
TAR,208,1.0,1.0
TAR,512,0.6666666666666666,1.0
TAR,540,0.6666666666666666,0.6666666666666666
TAR,1191,1.0,1.0
TAR,673,1.0,1.0
TAR,240,0.6666666666666666,0.6666666666666666
TAR,121,0.3333333333333333,0.3333333333333333
TAR,766,0.3333333333333333,0.3333333333333333
TAR,923,0.3333333333333333,0.3333333333333333
TAR,813,0.3333333333333333,0.3333333333333333
TAR,1254,1.0,1.0
TAR,679,1.0,0.6666666666666666
TAR,569,0.6666666666666666,0.6666666666666666
TAR,274,1.0,1.0
TAR,902,0.6666666666666666,0.6666666666666666
TAR,850,0.6666666666666666,0.6666666666666666
TAR,613,1.0,0.6666666666666666
TAR,402,0.0,1.0
TAR,71,1.0,1.0
TAR,1011,1.0,1.0
TAR,589,0.3333333333333333,0.3333333333333333
TAR,1024,1.0,1.0
TAR,1228,1.0,1.0
TAR,454,0.6666666666666666,0.6666666666666666
TAR,822,0.6666666666666666,0.3333333333333333
TAR,686,1.0,1.0
TAR,1033,0.3333333333333333,0.3333333333333333
TAR,506,1.0,0.3333333333333333
TAR,92,1.0,1.0
TAR,847,0.6666666666666666,0.0
TAR,1047,0.6666666666666666,1.0
TAR,666,1.0,1.0
TAR,4,0.6666666666666666,0.6666666666666666
TAR,164,0.6666666666666666,0.6666666666666666
TAR,445,0.6666666666666666,0.6666666666666666
TAR,382,0.0,0.0
TAR,22,0.0,0.0
TAR,571,0.0,0.0
TAR,755,0.3333333333333333,0.3333333333333333
TAR,782,0.0,0.0
TAR,1123,1.0,1.0
TAR,920,0.0,0.0
TAR,62,1.0,1.0
TAR,635,0.6666666666666666,0.6666666666666666
TAR,255,0.6666666666666666,0.0
TAR,856,0.6666666666666666,0.6666666666666666
TAR,671,1.0,1.0
TAR,409,0.6666666666666666,0.6666666666666666
TAR,44,0.6666666666666666,0.6666666666666666
TAR,163,0.6666666666666666,0.6666666666666666
TAR,623,0.0,0.0
TAR,153,0.6666666666666666,0.6666666666666666
TAR,417,0.0,0.6666666666666666
TAR,1065,0.3333333333333333,1.0
TAR,56,1.0,1.0
TAR,823,1.0,1.0
TAR,848,0.6666666666666666,0.6666666666666666
TAR,288,0.6666666666666666,1.0
TAR,225,1.0,1.0
TAR,943,0.6666666666666666,1.0
TAR,1101,1.0,0.6666666666666666
TAR,832,0.3333333333333333,0.6666666666666666
TAR,710,0.0,0.3333333333333333
TAR,1258,1.0,1.0
TAR,1142,0.3333333333333333,0.3333333333333333
TAR,40,1.0,1.0
TAR,386,0.3333333333333333,1.0
TAR,114,1.0,1.0
TAR,1132,0.3333333333333333,0.3333333333333333
TAR,691,1.0,1.0
TAR,1230,1.0,1.0
TAR,1006,1.0,0.6666666666666666
TAR,590,0.3333333333333333,0.3333333333333333
TAR,204,1.0,1.0
TAR,1140,0.0,0.0
TAR,1201,0.0,0.3333333333333333
TAR,1164,0.3333333333333333,0.6666666666666666
TAR,496,0.6666666666666666,0.3333333333333333
TAR,526,0.0,0.0
TAR,990,0.0,0.6666666666666666
TAR,176,0.3333333333333333,0.3333333333333333
TAR,685,1.0,1.0
TAR,1187,1.0,1.0
TAR,579,0.3333333333333333,0.6666666666666666
TAR,85,0.6666666666666666,0.6666666666666666
TAR,1263,0.6666666666666666,1.0
TAR,1235,1.0,1.0
TAR,159,0.3333333333333333,1.0
TAR,50,0.0,0.0
TAR,373,0.0,0.0
TAR,924,1.0,1.0
TAR,8,0.6666666666666666,0.3333333333333333
TAR,702,0.6666666666666666,0.0
TAR,384,0.3333333333333333,0.3333333333333333
TAR,1205,1.0,0.6666666666666666
TAR,298,1.0,1.0
TAR,572,0.3333333333333333,0.3333333333333333
TAR,824,0.3333333333333333,0.3333333333333333
TAR,738,1.0,0.6666666666666666
TAR,228,0.6666666666666666,0.0
TAR,916,0.3333333333333333,0.3333333333333333
TAR,216,0.6666666666666666,0.6666666666666666
TAR,605,0.6666666666666666,0.6666666666666666
TAR,756,1.0,0.6666666666666666
TAR,532,0.6666666666666666,0.3333333333333333
TAR,796,0.3333333333333333,0.3333333333333333
TAR,271,0.0,0.3333333333333333
TAR,871,0.0,0.6666666666666666
TAR,1261,0.0,0.3333333333333333
TAR,18,0.6666666666666666,1.0
TAR,303,0.0,0.0
TAR,183,0.6666666666666666,0.6666666666666666
TAR,652,0.3333333333333333,0.3333333333333333
TAR,464,1.0,0.6666666666666666
TAR,478,1.0,1.0
TAR,424,1.0,1.0
TAR,393,0.0,0.0
TAR,714,0.0,0.0
TAR,577,0.0,0.6666666666666666
TAR,911,0.6666666666666666,1.0
TAR,124,0.3333333333333333,0.3333333333333333
TAR,272,1.0,0.3333333333333333
TAR,59,1.0,1.0
TAR,1178,0.6666666666666666,0.6666666666666666
TAR,947,0.0,0.0
TAR,554,0.6666666666666666,0.6666666666666666
TAR,482,0.3333333333333333,0.3333333333333333
TAR,660,0.6666666666666666,0.3333333333333333
TAR,903,0.6666666666666666,0.6666666666666666
TAR,209,0.6666666666666666,1.0
TAR,576,0.3333333333333333,1.0
TAR,944,0.6666666666666666,0.6666666666666666
TAR,866,0.3333333333333333,0.3333333333333333
TAR,552,1.0,1.0
TAR,793,1.0,1.0
TAR,1179,1.0,1.0
TAR,580,1.0,1.0
TAR,1012,1.0,1.0
TAR,644,0.3333333333333333,0.3333333333333333
TAR,900,1.0,1.0
TAR,650,1.0,1.0
TAR,1153,0.0,0.0
TAR,46,0.3333333333333333,0.0
TAR,843,0.3333333333333333,0.3333333333333333
TAR,696,0.3333333333333333,0.3333333333333333
TAR,565,0.0,0.0
TAR,693,0.3333333333333333,0.6666666666666666
TAR,1044,0.0,0.0
TAR,904,0.6666666666666666,0.6666666666666666
TAR,26,0.3333333333333333,0.3333333333333333
TAR,415,0.6666666666666666,1.0
TAR,703,0.0,0.0
TAR,1121,0.0,0.0
TAR,670,0.0,0.0
TAR,168,1.0,1.0
TAR,1271,0.6666666666666666,0.6666666666666666
TAR,399,1.0,1.0
TAR,789,1.0,1.0
TAR,172,0.0,0.0
TAR,258,1.0,1.0
TAR,1091,1.0,1.0
TAR,144,0.6666666666666666,1.0
TAR,649,0.0,0.0
TAR,853,0.6666666666666666,0.6666666666666666
TAR,831,0.0,0.0
TAR,996,0.3333333333333333,0.3333333333333333
TAR,188,0.3333333333333333,0.3333333333333333
TAR,137,1.0,1.0
TAR,982,1.0,1.0
TAR,860,0.3333333333333333,0.3333333333333333
TAR,817,0.6666666666666666,0.6666666666666666
TAR,984,1.0,1.0
TAR,226,1.0,1.0
TAR,1251,0.6666666666666666,0.3333333333333333
TAR,620,1.0,1.0
TAR,265,0.3333333333333333,0.3333333333333333
TAR,712,1.0,1.0
TAR,70,0.6666666666666666,0.6666666666666666
TAR,527,1.0,1.0
TAR,351,0.6666666666666666,0.6666666666666666
TAR,174,1.0,1.0
TAR,1269,0.0,0.0
TAR,1129,0.3333333333333333,0.3333333333333333
TAR,155,1.0,1.0
TAR,318,1.0,1.0
TAR,880,0.6666666666666666,0.6666666666666666
TAR,940,0.0,0.0
TAR,912,0.6666666666666666,0.6666666666666666
TAR,1088,0.0,0.0
TAR,400,0.3333333333333333,0.3333333333333333
TAR,1124,1.0,1.0
TAR,609,0.3333333333333333,0.3333333333333333
TAR,570,1.0,1.0
TAR,624,1.0,1.0
TAR,211,0.0,0.0
TAR,1172,1.0,1.0
TAR,3,1.0,1.0
TAR,884,0.6666666666666666,1.0
TAR,1059,1.0,1.0
TAR,704,0.6666666666666666,1.0
TAR,592,0.6666666666666666,0.6666666666666666
TAR,1222,1.0,1.0
TAR,357,0.6666666666666666,1.0
TAR,921,0.0,0.0
TAR,422,0.3333333333333333,0.0
TAR,739,0.3333333333333333,0.3333333333333333
TAR,971,1.0,1.0
TAR,720,1.0,1.0
TAR,345,0.6666666666666666,0.6666666666666666
TAR,256,0.6666666666666666,0.6666666666666666
TAR,1174,0.3333333333333333,0.3333333333333333
TAR,787,0.0,0.0
TAR,145,0.0,0.0
TAR,842,0.6666666666666666,0.6666666666666666
TAR,1060,1.0,1.0
TAR,726,0.3333333333333333,0.3333333333333333
TAR,488,1.0,1.0
TAR,562,0.6666666666666666,1.0
TAR,412,0.0,0.0
TAR,90,1.0,1.0
TAR,469,0.3333333333333333,0.6666666666666666
TAR,906,0.0,0.0
TAR,441,1.0,1.0
TAR,1095,1.0,1.0
TAR,584,0.0,0.0
TAR,108,0.6666666666666666,1.0
TAR,404,0.3333333333333333,0.3333333333333333
TAR,338,0.0,0.0
TAR,68,0.3333333333333333,0.6666666666666666
TAR,928,1.0,1.0
TAR,863,0.6666666666666666,0.6666666666666666
TAR,1207,1.0,1.0
TAR,1078,0.6666666666666666,0.6666666666666666
TAR,690,0.6666666666666666,0.6666666666666666
TAR,1211,1.0,0.6666666666666666
TAR,700,0.0,0.0
TAR,1151,0.3333333333333333,1.0
TAR,1014,0.6666666666666666,0.6666666666666666
TAR,1090,0.0,0.0
TAR,1154,0.6666666666666666,0.6666666666666666
TAR,1182,0.3333333333333333,0.3333333333333333
TAR,175,0.3333333333333333,0.0
TAR,545,0.3333333333333333,0.3333333333333333
TAR,194,0.0,0.0
TAR,1220,0.6666666666666666,0.6666666666666666
TAR,922,0.0,0.0
TAR,611,0.6666666666666666,0.6666666666666666
TAR,1057,1.0,1.0
TAR,1180,0.3333333333333333,0.3333333333333333
TAR,807,0.3333333333333333,0.6666666666666666
TAR,58,0.6666666666666666,0.6666666666666666
TAR,462,0.6666666666666666,1.0
TAR,724,1.0,1.0
TAR,1053,1.0,1.0
TAR,981,1.0,1.0
TAR,1234,1.0,1.0
TAR,261,0.3333333333333333,0.6666666666666666
TAR,398,1.0,1.0
TAR,1149,1.0,1.0
TAR,1217,0.3333333333333333,0.3333333333333333
TAR,764,1.0,1.0
TAR,561,1.0,1.0
TAR,575,0.3333333333333333,0.3333333333333333
TAR,459,0.3333333333333333,0.3333333333333333
TAR,1019,0.3333333333333333,0.0
TAR,162,1.0,1.0
TAR,725,0.0,0.0
TAR,933,0.3333333333333333,0.6666666666666666
TAR,637,0.0,0.0
TAR,937,1.0,1.0
TAR,503,0.0,0.0
TAR,235,0.6666666666666666,0.6666666666666666
TAR,280,0.0,0.3333333333333333
TAR,1126,1.0,1.0
TAR,1253,1.0,1.0
TAR,967,0.6666666666666666,0.6666666666666666
TAR,1031,0.0,0.0
TAR,293,0.0,0.0
TAR,1026,0.6666666666666666,1.0
TAR,992,0.0,0.0
TAR,538,1.0,1.0
TAR,855,1.0,1.0
TAR,178,1.0,1.0
TAR,516,0.6666666666666666,0.6666666666666666
TAR,785,1.0,0.6666666666666666
TAR,67,1.0,1.0
TAR,366,1.0,1.0
TAR,837,1.0,1.0
TAR,229,1.0,1.0
TAR,353,0.0,0.6666666666666666
TAR,708,0.3333333333333333,0.3333333333333333
TAR,707,0.3333333333333333,0.3333333333333333
TAR,812,1.0,1.0
TAR,84,1.0,1.0
TAR,1063,1.0,1.0
TAR,975,1.0,1.0
TAR,591,0.6666666666666666,0.6666666666666666
TAR,885,0.0,0.0
TAR,1248,0.3333333333333333,0.0
TAR,559,1.0,1.0
TAR,1264,1.0,1.0
TAR,956,0.6666666666666666,0.6666666666666666
TAR,359,0.0,0.3333333333333333
TAR,1062,0.6666666666666666,0.6666666666666666
TAR,616,0.0,0.0
TAR,282,1.0,0.6666666666666666
TAR,522,0.3333333333333333,0.3333333333333333
TAR,770,1.0,1.0
TAR,438,0.6666666666666666,0.6666666666666666
TAR,160,1.0,0.3333333333333333
TAR,74,1.0,1.0
TAR,405,0.0,0.0
TAR,993,1.0,1.0
TAR,1256,0.3333333333333333,0.6666666666666666
TAR,200,1.0,1.0
TAR,1109,0.0,0.0
TAR,517,0.6666666666666666,1.0
TAR,257,0.6666666666666666,0.3333333333333333
TAR,1227,1.0,1.0
TAR,1262,0.6666666666666666,0.6666666666666666
TAR,805,1.0,1.0
TAR,295,0.0,0.0
TAR,746,1.0,1.0
TAR,715,0.6666666666666666,0.6666666666666666
TAR,423,1.0,1.0
TAR,118,0.6666666666666666,0.6666666666666666
TAR,337,0.0,0.0
TAR,946,1.0,1.0
TAR,818,0.6666666666666666,1.0
TAR,57,1.0,1.0
TAR,678,0.3333333333333333,0.6666666666666666
TAR,215,1.0,0.6666666666666666
TAR,1128,0.3333333333333333,0.3333333333333333
TAR,529,0.6666666666666666,1.0
TAR,54,0.6666666666666666,0.6666666666666666
TAR,1185,1.0,1.0
TAR,989,0.6666666666666666,0.6666666666666666
TAR,1097,0.6666666666666666,0.6666666666666666
TAR,190,1.0,1.0
TAR,1029,0.3333333333333333,0.0
TAR,214,0.6666666666666666,0.6666666666666666
TAR,877,0.3333333333333333,0.3333333333333333
TAR,446,0.3333333333333333,0.3333333333333333
TAR,889,0.6666666666666666,0.6666666666666666
TAR,284,0.6666666666666666,0.6666666666666666
TAR,781,0.0,0.3333333333333333
TAR,1002,0.3333333333333333,0.3333333333333333
TAR,869,1.0,1.0
TAR,375,0.0,0.0
TAR,99,0.0,0.0
TAR,139,1.0,1.0
TAR,713,0.3333333333333333,0.3333333333333333
TAR,638,0.3333333333333333,0.3333333333333333
TAR,397,0.3333333333333333,1.0
TAR,962,0.3333333333333333,0.3333333333333333
TAR,320,1.0,1.0
TAR,246,1.0,1.0
TAR,23,0.6666666666666666,0.6666666666666666
TAR,191,0.0,0.0
TAR,505,0.3333333333333333,0.3333333333333333
TAR,264,0.3333333333333333,0.3333333333333333
TAR,1157,0.6666666666666666,0.6666666666666666
TAR,465,0.6666666666666666,0.6666666666666666
TAR,1198,0.6666666666666666,0.6666666666666666
TAR,1233,1.0,1.0
TAR,994,0.3333333333333333,0.6666666666666666
TAR,254,0.3333333333333333,0.6666666666666666
TAR,695,0.3333333333333333,0.3333333333333333
TAR,325,1.0,1.0
TAR,917,0.3333333333333333,0.3333333333333333
TAR,882,0.0,0.0
TAR,481,1.0,1.0
TAR,1192,0.0,0.0
TAR,520,0.6666666666666666,0.3333333333333333
TAR,1000,0.3333333333333333,0.6666666666666666
TAR,436,0.6666666666666666,1.0
TAR,430,0.6666666666666666,0.6666666666666666
TAR,930,1.0,1.0
TAR,262,0.6666666666666666,1.0
TAR,960,0.3333333333333333,0.3333333333333333
TAR,242,1.0,1.0
TAR,645,0.3333333333333333,0.3333333333333333
TAR,806,1.0,1.0
TAR,597,0.0,0.0
TAR,1155,1.0,1.0
TAR,780,1.0,1.0
TAR,751,0.0,0.0
TAR,987,0.3333333333333333,1.0
TAR,515,0.3333333333333333,0.3333333333333333
TAR,594,1.0,1.0
TAR,854,0.3333333333333333,0.3333333333333333
TAR,17,0.3333333333333333,0.3333333333333333
TAR,1020,0.3333333333333333,0.6666666666666666
TAR,486,0.3333333333333333,0.3333333333333333
TAR,103,0.6666666666666666,0.6666666666666666
TAR,414,0.0,0.0
TAR,775,1.0,1.0
TAR,327,0.6666666666666666,1.0
TAR,104,0.0,0.3333333333333333
TAR,1171,0.3333333333333333,0.3333333333333333
TAR,915,0.0,0.0
TAR,722,1.0,1.0
TAR,485,0.3333333333333333,0.3333333333333333
TAR,970,0.0,0.0
TAR,1169,0.6666666666666666,0.6666666666666666
TAR,443,0.6666666666666666,0.3333333333333333
TAR,210,1.0,1.0
TAR,786,1.0,1.0
TAR,31,0.3333333333333333,0.0
TAR,938,0.6666666666666666,0.6666666666666666
TAR,681,1.0,1.0
TAR,1054,0.0,0.0
TAR,383,0.3333333333333333,0.3333333333333333
TAR,1043,0.6666666666666666,0.6666666666666666
TAR,955,0.0,0.0
TAR,355,0.3333333333333333,0.0
TAR,1117,1.0,1.0
TAR,836,0.0,0.0
TAR,926,0.0,0.3333333333333333
TAR,568,0.3333333333333333,0.6666666666666666
TAR,460,1.0,1.0
TAR,709,0.6666666666666666,0.6666666666666666
TAR,19,0.3333333333333333,0.6666666666666666
TAR,16,0.0,0.0
TAR,308,0.6666666666666666,0.0
TAR,73,0.3333333333333333,0.6666666666666666
TAR,52,0.6666666666666666,0.6666666666666666
TAR,1009,0.3333333333333333,0.3333333333333333
TAR,1073,0.0,0.0
TAR,733,0.0,0.0
TAR,886,0.6666666666666666,1.0
TAR,1089,0.3333333333333333,0.3333333333333333
TAR,815,0.3333333333333333,0.3333333333333333
TAR,574,1.0,0.6666666666666666
TAR,456,0.3333333333333333,0.3333333333333333
TAR,1069,0.3333333333333333,0.3333333333333333
TAR,466,0.3333333333333333,0.6666666666666666
TAR,658,1.0,1.0
TAR,249,0.3333333333333333,0.0
TAR,830,1.0,1.0
TAR,778,1.0,1.0
TAR,227,0.0,0.0
TAR,247,1.0,0.6666666666666666
TAR,1092,0.0,0.3333333333333333
TAR,1165,1.0,1.0
TAR,170,1.0,1.0
TAR,294,0.3333333333333333,0.6666666666666666
TAR,1046,0.6666666666666666,0.6666666666666666
TAR,750,1.0,1.0
TAR,89,0.0,0.3333333333333333
TAR,661,0.3333333333333333,0.3333333333333333
TAR,1214,1.0,1.0
TAR,524,0.3333333333333333,0.3333333333333333
TAR,109,0.3333333333333333,0.3333333333333333
TAR,494,1.0,1.0
TAR,852,0.6666666666666666,0.6666666666666666
TAR,497,1.0,1.0
TAR,834,0.6666666666666666,0.6666666666666666
TAR,798,0.0,0.0
TAR,519,1.0,1.0
TAR,600,1.0,1.0
TAR,604,0.0,0.0
TAR,816,1.0,1.0
TAR,358,0.6666666666666666,0.0
TAR,1136,0.0,0.0
TAR,867,0.0,0.0
TAR,181,1.0,1.0
TAR,587,0.0,0.0
TAR,122,0.6666666666666666,0.6666666666666666
TAR,948,0.0,0.3333333333333333
TAR,391,0.0,0.0
TAR,165,0.3333333333333333,0.6666666666666666
TAR,449,0.0,0.0
TAR,838,1.0,1.0
TAR,401,1.0,1.0
TAR,149,0.6666666666666666,0.6666666666666666
TAR,894,0.0,0.0
TAR,1245,0.0,0.0
TAR,37,1.0,1.0
TAR,428,0.0,0.0
TAR,1018,0.6666666666666666,0.6666666666666666
TAR,566,0.3333333333333333,0.6666666666666666
TAR,769,0.6666666666666666,0.6666666666666666
TAR,949,0.3333333333333333,0.3333333333333333
TAR,13,1.0,1.0
TAR,727,0.6666666666666666,0.0
TAR,799,0.6666666666666666,1.0
TAR,95,0.3333333333333333,0.3333333333333333
TAR,846,0.6666666666666666,0.6666666666666666
TAR,348,1.0,1.0
TAR,487,0.3333333333333333,0.0
TAR,500,0.0,0.0
TAR,1008,1.0,1.0
TAR,411,0.6666666666666666,0.6666666666666666
TAR,1056,0.6666666666666666,1.0
TAR,316,0.6666666666666666,1.0
TAR,251,0.6666666666666666,0.6666666666666666
TAR,1007,0.6666666666666666,0.6666666666666666
TAR,1120,1.0,1.0
TAR,1102,0.3333333333333333,1.0
TAR,844,1.0,1.0
TAR,760,0.3333333333333333,0.6666666666666666
TAR,376,0.0,0.0
TAR,1087,0.6666666666666666,1.0
TAR,270,0.3333333333333333,0.3333333333333333
TAR,1037,0.3333333333333333,0.6666666666666666
TAR,986,0.3333333333333333,0.6666666666666666
TAR,788,0.6666666666666666,1.0
TAR,161,1.0,1.0
TAR,392,1.0,0.6666666666666666
TAR,207,1.0,1.0
TAR,507,0.6666666666666666,0.6666666666666666
TAR,1042,0.3333333333333333,1.0
TAR,665,0.6666666666666666,0.6666666666666666
TAR,523,1.0,1.0
TAR,893,1.0,1.0
TAR,205,1.0,1.0
TAR,335,1.0,1.0
TAR,458,0.0,0.0
TAR,76,0.0,0.0
TAR,362,0.6666666666666666,0.6666666666666666
TAR,1216,0.6666666666666666,0.6666666666666666
TAR,407,0.6666666666666666,0.6666666666666666
TAR,1221,0.6666666666666666,1.0
TAR,977,1.0,0.6666666666666666
TAR,1028,0.0,0.3333333333333333
TAR,1118,0.3333333333333333,0.3333333333333333
TAR,560,0.3333333333333333,0.6666666666666666
TAR,499,0.6666666666666666,0.3333333333333333
TAR,323,0.6666666666666666,0.6666666666666666
TAR,93,0.6666666666666666,0.0
TAR,862,0.3333333333333333,0.6666666666666666
TAR,1022,0.3333333333333333,0.3333333333333333
TAR,840,1.0,1.0
TAR,763,1.0,1.0
TAR,564,0.3333333333333333,0.3333333333333333
TAR,32,0.3333333333333333,0.3333333333333333
TAR,364,0.3333333333333333,0.3333333333333333
TAR,667,0.6666666666666666,0.6666666666666666
TAR,440,0.6666666666666666,0.3333333333333333
TAR,633,0.6666666666666666,1.0
TAR,642,0.3333333333333333,0.3333333333333333
TAR,416,1.0,1.0
TAR,452,1.0,1.0
TAR,81,1.0,0.6666666666666666
TAR,1160,0.6666666666666666,0.6666666666666666
TAR,820,0.3333333333333333,0.3333333333333333
TAR,1241,0.0,0.0
TAR,311,0.6666666666666666,0.6666666666666666
TAR,873,0.6666666666666666,1.0
TAR,450,0.0,0.0
TAR,1076,0.0,0.0
TAR,721,0.6666666666666666,0.6666666666666666
TAR,106,0.0,0.0
TAR,1146,0.6666666666666666,0.6666666666666666
TAR,888,1.0,1.0
TAR,533,1.0,1.0
TAR,730,0.0,0.0
TAR,105,1.0,1.0
TAR,266,0.3333333333333333,0.0
TAR,1184,0.6666666666666666,1.0
TAR,978,1.0,1.0
TAR,1176,0.3333333333333333,0.3333333333333333
TAR,39,1.0,1.0
TAR,339,1.0,1.0
TAR,961,0.0,0.3333333333333333
TAR,525,0.0,0.6666666666666666
TAR,189,0.3333333333333333,0.6666666666666666
TAR,1111,0.3333333333333333,0.3333333333333333
TAR,732,0.3333333333333333,0.3333333333333333
TAR,5,0.3333333333333333,0.3333333333333333
TAR,442,0.3333333333333333,0.3333333333333333
TAR,861,0.3333333333333333,0.6666666666666666
TAR,878,0.0,0.0
TAR,1138,0.6666666666666666,0.6666666666666666
TAR,851,0.6666666666666666,1.0
TAR,1147,0.6666666666666666,1.0
TAR,301,0.6666666666666666,0.6666666666666666
TAR,1215,0.6666666666666666,0.0
TAR,718,0.0,0.0
TAR,998,1.0,1.0
TAR,654,0.3333333333333333,0.3333333333333333
TAR,1135,1.0,1.0
TAR,329,1.0,1.0
TAR,279,0.0,0.0
TAR,277,1.0,1.0
TAR,919,0.0,0.6666666666666666
TAR,349,1.0,1.0
TAR,1243,1.0,1.0
TAR,65,0.0,0.0
TAR,1259,0.0,0.3333333333333333
TAR,1093,0.0,0.6666666666666666
TAR,410,0.3333333333333333,0.3333333333333333
TAR,689,1.0,1.0
TAR,177,1.0,0.6666666666666666
TAR,534,0.3333333333333333,0.6666666666666666
TAR,117,0.6666666666666666,0.6666666666666666
TAR,372,1.0,1.0
TAR,1034,0.0,0.0
TAR,628,1.0,1.0
TAR,821,0.0,0.0
TAR,669,0.6666666666666666,1.0
TAR,63,0.3333333333333333,0.6666666666666666
TAR,735,0.6666666666666666,0.3333333333333333
TAR,951,0.0,0.0
TAR,1025,0.6666666666666666,0.6666666666666666
TAR,42,0.6666666666666666,0.6666666666666666
TAR,167,0.6666666666666666,1.0
TAR,809,0.0,0.0
TAR,1100,0.6666666666666666,0.6666666666666666
TAR,313,0.0,0.6666666666666666
TAR,296,0.6666666666666666,0.0
TAR,490,0.0,0.0
TAR,543,0.0,0.0
TAR,641,0.3333333333333333,0.6666666666666666
TAR,290,0.3333333333333333,0.0
TAR,617,0.0,0.3333333333333333
TAR,779,1.0,1.0
TAR,910,0.0,0.0
TAR,212,1.0,1.0
TAR,979,0.3333333333333333,0.6666666666666666
TAR,555,0.6666666666666666,1.0
TAR,1058,1.0,1.0
TAR,672,0.6666666666666666,0.6666666666666666
TAR,317,1.0,1.0
TAR,1081,0.6666666666666666,0.6666666666666666
TAR,535,0.3333333333333333,0.6666666666666666
TAR,1039,0.0,0.3333333333333333
TAR,432,1.0,1.0
TAR,828,0.0,0.6666666666666666
TAR,621,0.6666666666666666,1.0
TAR,1161,0.0,0.0
TAR,287,0.3333333333333333,0.6666666666666666
TAR,451,0.0,0.3333333333333333
TAR,1013,0.3333333333333333,0.6666666666666666
TAR,528,1.0,1.0
TAR,300,0.6666666666666666,0.6666666666666666
TAR,752,0.0,0.6666666666666666
TAR,622,1.0,0.6666666666666666
TAR,995,1.0,1.0
TAR,1219,0.6666666666666666,0.3333333333333333
TAR,34,1.0,1.0
TAR,286,0.3333333333333333,0.0
TAR,314,1.0,1.0
TAR,333,1.0,1.0
TAR,182,0.3333333333333333,0.3333333333333333
TAR,49,0.6666666666666666,0.6666666666666666
TAR,102,0.3333333333333333,0.6666666666666666
TAR,687,0.6666666666666666,0.6666666666666666
TAR,41,0.6666666666666666,0.6666666666666666
TAR,275,0.0,0.0
TAR,675,1.0,1.0
TAR,1137,0.6666666666666666,0.6666666666666666
TAR,749,0.3333333333333333,0.3333333333333333
TAR,908,1.0,1.0
TAR,437,0.0,0.0
TAR,491,1.0,1.0
TAR,141,0.6666666666666666,1.0
TAR,706,0.3333333333333333,1.0
TAR,973,0.6666666666666666,0.6666666666666666
PB_J,331,0.6666666666666666,1.0
PB_J,1189,0.6666666666666666,1.0
PB_J,918,0.3333333333333333,0.3333333333333333
PB_J,1238,1.0,1.0
PB_J,130,1.0,1.0
PB_J,237,1.0,1.0
PB_J,30,0.6666666666666666,0.6666666666666666
PB_J,1096,0.0,0.0
PB_J,827,0.0,0.0
PB_J,82,1.0,1.0
PB_J,231,0.6666666666666666,0.6666666666666666
PB_J,1016,0.0,0.0
PB_J,653,0.6666666666666666,1.0
PB_J,111,0.6666666666666666,0.6666666666666666
PB_J,479,0.6666666666666666,1.0
PB_J,1094,0.0,1.0
PB_J,45,1.0,1.0
PB_J,185,0.3333333333333333,0.6666666666666666
PB_J,379,0.0,0.0
PB_J,495,1.0,1.0
PB_J,736,0.6666666666666666,0.6666666666666666
PB_J,676,0.0,0.0
PB_J,232,0.0,0.0
PB_J,932,0.3333333333333333,0.6666666666666666
PB_J,634,1.0,1.0
PB_J,1250,0.6666666666666666,0.6666666666666666
PB_J,47,0.3333333333333333,0.6666666666666666
PB_J,306,1.0,1.0
PB_J,876,1.0,1.0
PB_J,60,0.3333333333333333,0.3333333333333333
PB_J,150,0.3333333333333333,0.3333333333333333
PB_J,1223,0.0,0.0
PB_J,582,0.6666666666666666,0.6666666666666666
PB_J,463,0.3333333333333333,0.3333333333333333
PB_J,1066,0.6666666666666666,1.0
PB_J,674,1.0,1.0
PB_J,455,0.3333333333333333,0.3333333333333333
PB_J,1079,0.3333333333333333,0.3333333333333333
PB_J,1067,0.0,0.0
PB_J,701,0.3333333333333333,0.6666666666666666
PB_J,187,0.0,0.0
PB_J,142,1.0,1.0
PB_J,776,1.0,1.0
PB_J,179,0.6666666666666666,0.6666666666666666
PB_J,772,0.6666666666666666,1.0
PB_J,1199,0.0,0.0
PB_J,171,0.6666666666666666,0.0
PB_J,134,0.3333333333333333,0.6666666666666666
PB_J,129,0.6666666666666666,0.0
PB_J,1141,0.3333333333333333,0.6666666666666666
PB_J,83,0.3333333333333333,0.6666666666666666
PB_J,771,1.0,1.0
PB_J,1229,0.6666666666666666,0.6666666666666666
PB_J,1070,0.6666666666666666,1.0
PB_J,222,1.0,1.0
PB_J,1226,0.3333333333333333,0.3333333333333333
PB_J,233,1.0,1.0
PB_J,1017,1.0,0.6666666666666666
PB_J,639,1.0,0.6666666666666666
PB_J,350,1.0,0.6666666666666666
PB_J,472,1.0,1.0
PB_J,1170,0.0,0.6666666666666666
PB_J,116,0.0,0.0
PB_J,448,0.6666666666666666,0.6666666666666666
PB_J,573,1.0,0.6666666666666666
PB_J,434,0.6666666666666666,0.0
PB_J,127,0.0,0.0
PB_J,480,1.0,1.0
PB_J,773,0.3333333333333333,0.3333333333333333
PB_J,143,0.6666666666666666,1.0
PB_J,80,1.0,1.0
PB_J,925,0.6666666666666666,0.6666666666666666
PB_J,913,1.0,1.0
PB_J,20,0.3333333333333333,0.3333333333333333
PB_J,942,0.0,0.0
PB_J,289,0.0,0.0
PB_J,429,0.6666666666666666,0.6666666666666666
PB_J,356,0.0,0.0
PB_J,309,0.3333333333333333,0.0
PB_J,997,0.0,0.0
PB_J,883,0.6666666666666666,1.0
PB_J,1148,0.3333333333333333,0.3333333333333333
PB_J,599,0.0,0.0
PB_J,123,1.0,1.0
PB_J,711,0.3333333333333333,0.3333333333333333
PB_J,914,0.0,0.3333333333333333
PB_J,1005,1.0,0.6666666666666666
PB_J,1083,0.3333333333333333,1.0
PB_J,1072,0.0,0.0
PB_J,1036,0.6666666666666666,0.6666666666666666
PB_J,77,0.0,0.0
PB_J,447,0.3333333333333333,0.3333333333333333
PB_J,322,1.0,1.0
PB_J,354,0.0,0.0
PB_J,241,1.0,1.0
PB_J,608,0.3333333333333333,0.3333333333333333
PB_J,1098,0.0,0.0
PB_J,548,0.3333333333333333,0.6666666666666666
PB_J,43,1.0,0.3333333333333333
PB_J,958,0.0,0.3333333333333333
PB_J,939,0.3333333333333333,0.3333333333333333
PB_J,898,0.3333333333333333,0.6666666666666666
PB_J,69,0.6666666666666666,0.6666666666666666
PB_J,959,0.0,0.0
PB_J,1186,0.6666666666666666,1.0
PB_J,135,0.6666666666666666,0.3333333333333333
PB_J,630,1.0,1.0
PB_J,892,0.3333333333333333,0.6666666666666666
PB_J,601,0.3333333333333333,0.3333333333333333
PB_J,238,1.0,1.0
PB_J,396,0.6666666666666666,0.6666666666666666
PB_J,1048,0.6666666666666666,0.0
PB_J,544,0.0,0.3333333333333333
PB_J,945,0.6666666666666666,0.6666666666666666
PB_J,471,0.3333333333333333,0.0
PB_J,157,0.0,0.3333333333333333
PB_J,969,1.0,1.0
PB_J,1035,0.3333333333333333,0.0
PB_J,100,1.0,1.0
PB_J,305,1.0,1.0
PB_J,723,1.0,1.0
PB_J,731,0.0,0.0
PB_J,140,0.3333333333333333,0.6666666666666666
PB_J,1051,0.3333333333333333,0.3333333333333333
PB_J,1213,1.0,1.0
PB_J,694,1.0,0.6666666666666666
PB_J,36,0.0,0.0
PB_J,1103,0.0,0.0
PB_J,152,1.0,1.0
PB_J,1112,1.0,1.0
PB_J,1130,1.0,1.0
PB_J,802,1.0,1.0
PB_J,774,0.3333333333333333,0.3333333333333333
PB_J,656,1.0,1.0
PB_J,431,1.0,0.6666666666666666
PB_J,1125,0.6666666666666666,0.6666666666666666
PB_J,1086,0.0,0.0
PB_J,10,0.6666666666666666,0.6666666666666666
PB_J,607,0.3333333333333333,0.3333333333333333
PB_J,929,1.0,1.0
PB_J,744,1.0,1.0
PB_J,223,0.3333333333333333,0.3333333333333333
PB_J,905,1.0,1.0
PB_J,857,0.0,0.0
PB_J,388,1.0,0.6666666666666666
PB_J,483,0.6666666666666666,0.3333333333333333
PB_J,1041,0.3333333333333333,0.3333333333333333
PB_J,493,0.3333333333333333,0.0
PB_J,180,0.6666666666666666,0.6666666666666666
PB_J,1050,1.0,1.0
PB_J,629,0.3333333333333333,0.3333333333333333
PB_J,792,0.3333333333333333,0.3333333333333333
PB_J,1266,1.0,1.0
PB_J,747,0.6666666666666666,1.0
PB_J,742,1.0,0.6666666666666666
PB_J,380,0.6666666666666666,0.3333333333333333
PB_J,966,0.3333333333333333,1.0
PB_J,146,1.0,1.0
PB_J,697,0.0,0.3333333333333333
PB_J,682,1.0,1.0
PB_J,315,1.0,1.0
PB_J,369,1.0,1.0
PB_J,811,1.0,0.3333333333333333
PB_J,1114,0.0,0.0
PB_J,1231,0.0,0.6666666666666666
PB_J,51,1.0,1.0
PB_J,825,1.0,1.0
PB_J,304,0.6666666666666666,0.6666666666666666
PB_J,457,0.6666666666666666,0.6666666666666666
PB_J,640,0.3333333333333333,0.3333333333333333
PB_J,66,0.0,0.0
PB_J,421,0.0,0.0
PB_J,21,0.3333333333333333,0.3333333333333333
PB_J,475,0.6666666666666666,0.6666666666666666
PB_J,368,0.6666666666666666,0.6666666666666666
PB_J,1045,0.3333333333333333,0.3333333333333333
PB_J,1074,0.6666666666666666,0.3333333333333333
PB_J,25,1.0,0.3333333333333333
PB_J,0,1.0,1.0
PB_J,684,0.0,0.0
PB_J,184,0.6666666666666666,0.6666666666666666
PB_J,783,1.0,1.0
PB_J,14,0.0,0.0
PB_J,1190,0.3333333333333333,0.3333333333333333
PB_J,546,0.3333333333333333,0.3333333333333333
PB_J,461,0.3333333333333333,0.3333333333333333
PB_J,248,1.0,1.0
PB_J,768,1.0,1.0
PB_J,1082,0.0,0.3333333333333333
PB_J,849,0.6666666666666666,0.3333333333333333
PB_J,435,0.3333333333333333,0.3333333333333333
PB_J,872,0.3333333333333333,0.3333333333333333
PB_J,875,0.3333333333333333,0.0
PB_J,539,1.0,0.6666666666666666
PB_J,1236,1.0,1.0
PB_J,999,0.3333333333333333,0.6666666666666666
PB_J,627,0.3333333333333333,0.3333333333333333
PB_J,213,0.3333333333333333,0.3333333333333333
PB_J,927,0.0,0.0
PB_J,1202,1.0,1.0
PB_J,173,0.6666666666666666,0.0
PB_J,729,1.0,1.0
PB_J,985,0.0,1.0
PB_J,1232,1.0,1.0
PB_J,1158,1.0,1.0
PB_J,420,0.6666666666666666,1.0
PB_J,896,1.0,0.6666666666666666
PB_J,1055,0.0,0.3333333333333333
PB_J,595,0.3333333333333333,0.3333333333333333
PB_J,1131,0.0,0.0
PB_J,935,0.0,0.0
PB_J,636,0.3333333333333333,0.3333333333333333
PB_J,492,1.0,1.0
PB_J,1084,0.0,0.3333333333333333
PB_J,1110,0.6666666666666666,1.0
PB_J,501,0.3333333333333333,0.3333333333333333
PB_J,897,0.6666666666666666,0.0
PB_J,810,0.0,0.0
PB_J,1225,1.0,1.0
PB_J,352,1.0,1.0
PB_J,230,1.0,1.0
PB_J,1200,0.6666666666666666,0.6666666666666666
PB_J,198,1.0,1.0
PB_J,1105,0.0,0.0
PB_J,767,1.0,1.0
PB_J,698,0.3333333333333333,0.3333333333333333
PB_J,510,1.0,1.0
PB_J,632,0.3333333333333333,0.0
PB_J,1001,1.0,1.0
PB_J,367,1.0,1.0
PB_J,11,1.0,1.0
PB_J,518,0.3333333333333333,0.3333333333333333
PB_J,563,0.6666666666666666,0.3333333333333333
PB_J,1242,1.0,1.0
PB_J,97,1.0,1.0
PB_J,1134,0.0,0.0
PB_J,131,0.6666666666666666,0.6666666666666666
PB_J,1257,1.0,1.0
PB_J,158,0.6666666666666666,0.0
PB_J,664,0.6666666666666666,0.6666666666666666
PB_J,646,1.0,1.0
PB_J,278,0.6666666666666666,1.0
PB_J,1167,1.0,1.0
PB_J,841,1.0,1.0
PB_J,427,1.0,1.0
PB_J,236,0.0,0.0
PB_J,740,1.0,1.0
PB_J,395,0.6666666666666666,0.3333333333333333
PB_J,757,0.6666666666666666,0.6666666666666666
PB_J,110,0.3333333333333333,0.6666666666666666
PB_J,133,0.3333333333333333,0.6666666666666666
PB_J,965,1.0,1.0
PB_J,343,0.0,0.0
PB_J,61,0.6666666666666666,1.0
PB_J,1139,0.3333333333333333,0.6666666666666666
PB_J,220,0.3333333333333333,0.3333333333333333
PB_J,1162,0.0,0.6666666666666666
PB_J,511,0.6666666666666666,0.6666666666666666
PB_J,252,0.0,0.0
PB_J,941,0.0,0.0
PB_J,128,1.0,1.0
PB_J,203,0.3333333333333333,0.3333333333333333
PB_J,29,1.0,1.0
PB_J,444,0.3333333333333333,0.3333333333333333
PB_J,845,0.3333333333333333,0.0
PB_J,2,0.6666666666666666,0.6666666666666666
PB_J,839,1.0,1.0
PB_J,1004,1.0,1.0
PB_J,156,1.0,1.0
PB_J,324,1.0,1.0
PB_J,745,0.0,0.3333333333333333
PB_J,1177,0.3333333333333333,1.0
PB_J,1027,1.0,1.0
PB_J,283,1.0,1.0
PB_J,741,1.0,1.0
PB_J,964,1.0,1.0
PB_J,801,1.0,1.0
PB_J,557,0.0,0.0
PB_J,759,0.6666666666666666,0.6666666666666666
PB_J,901,0.0,0.6666666666666666
PB_J,1049,0.0,0.0
PB_J,833,0.6666666666666666,0.0
PB_J,419,1.0,0.3333333333333333
PB_J,865,0.3333333333333333,0.6666666666666666
PB_J,1107,0.6666666666666666,1.0
PB_J,647,0.0,0.0
PB_J,1244,0.0,0.0
PB_J,558,0.0,0.0
PB_J,1085,1.0,1.0
PB_J,281,0.3333333333333333,0.3333333333333333
PB_J,1133,1.0,1.0
PB_J,612,1.0,1.0
PB_J,477,0.0,0.0
PB_J,132,0.0,0.0
PB_J,803,0.6666666666666666,0.6666666666666666
PB_J,361,0.3333333333333333,0.3333333333333333
PB_J,549,0.0,0.3333333333333333
PB_J,891,0.0,0.0
PB_J,631,0.6666666666666666,0.6666666666666666
PB_J,879,0.3333333333333333,0.3333333333333333
PB_J,378,0.6666666666666666,0.6666666666666666
PB_J,1272,0.6666666666666666,0.6666666666666666
PB_J,808,1.0,1.0
PB_J,151,0.0,0.0
PB_J,389,0.3333333333333333,0.3333333333333333
PB_J,626,0.3333333333333333,0.6666666666666666
PB_J,1038,0.0,0.0
PB_J,699,0.6666666666666666,0.6666666666666666
PB_J,136,0.6666666666666666,0.6666666666666666
PB_J,307,1.0,1.0
PB_J,1071,0.6666666666666666,0.6666666666666666
PB_J,1194,0.6666666666666666,1.0
PB_J,581,1.0,1.0
PB_J,1,1.0,1.0
PB_J,365,1.0,1.0
PB_J,94,1.0,1.0
PB_J,567,1.0,0.6666666666666666
PB_J,243,1.0,1.0
PB_J,537,0.6666666666666666,0.6666666666666666
PB_J,777,1.0,1.0
PB_J,719,1.0,1.0
PB_J,602,1.0,1.0
PB_J,218,1.0,1.0
PB_J,513,1.0,1.0
PB_J,826,1.0,1.0
PB_J,484,1.0,1.0
PB_J,470,0.6666666666666666,0.3333333333333333
PB_J,406,1.0,1.0
PB_J,895,0.0,0.0
PB_J,1104,0.6666666666666666,0.3333333333333333
PB_J,680,0.6666666666666666,0.6666666666666666
PB_J,625,0.3333333333333333,0.3333333333333333
PB_J,38,0.3333333333333333,0.3333333333333333
PB_J,474,0.3333333333333333,0.6666666666666666
PB_J,78,0.0,0.0
PB_J,259,0.3333333333333333,0.6666666666666666
PB_J,1210,1.0,1.0
PB_J,147,0.0,0.0
PB_J,819,0.0,0.0
PB_J,765,1.0,1.0
PB_J,371,1.0,1.0
PB_J,957,0.6666666666666666,1.0
PB_J,1156,0.6666666666666666,0.3333333333333333
PB_J,263,1.0,1.0
PB_J,340,0.6666666666666666,0.6666666666666666
PB_J,509,0.6666666666666666,0.6666666666666666
PB_J,677,1.0,1.0
PB_J,498,0.0,0.0
PB_J,934,0.0,0.0
PB_J,1270,1.0,1.0
PB_J,1195,0.6666666666666666,0.6666666666666666
PB_J,467,0.3333333333333333,0.3333333333333333
PB_J,1206,1.0,1.0
PB_J,244,0.3333333333333333,0.3333333333333333
PB_J,953,0.0,0.0
PB_J,651,0.6666666666666666,1.0
PB_J,1239,0.0,0.0
PB_J,186,0.0,0.0
PB_J,273,0.3333333333333333,0.6666666666666666
PB_J,453,1.0,1.0
PB_J,692,0.6666666666666666,0.0
PB_J,336,0.3333333333333333,0.3333333333333333
PB_J,551,0.3333333333333333,0.3333333333333333
PB_J,1204,0.6666666666666666,0.6666666666666666
PB_J,804,0.6666666666666666,0.6666666666666666
PB_J,24,0.6666666666666666,0.3333333333333333
PB_J,12,1.0,1.0
PB_J,1193,0.3333333333333333,0.3333333333333333
PB_J,55,0.3333333333333333,0.3333333333333333
PB_J,663,0.3333333333333333,0.3333333333333333
PB_J,716,0.6666666666666666,0.6666666666666666
PB_J,346,1.0,1.0
PB_J,655,1.0,1.0
PB_J,7,0.6666666666666666,0.3333333333333333
PB_J,556,0.6666666666666666,0.6666666666666666
PB_J,197,1.0,0.6666666666666666
PB_J,1209,1.0,1.0
PB_J,784,1.0,1.0
PB_J,253,1.0,1.0
PB_J,762,1.0,0.6666666666666666
PB_J,1040,1.0,1.0
PB_J,98,0.6666666666666666,0.6666666666666666
PB_J,35,1.0,1.0
PB_J,1237,0.0,0.0
PB_J,909,1.0,1.0
PB_J,321,0.0,0.0
PB_J,91,0.3333333333333333,0.3333333333333333
PB_J,859,1.0,1.0
PB_J,312,1.0,1.0
PB_J,250,0.6666666666666666,0.3333333333333333
PB_J,1032,0.6666666666666666,0.6666666666666666
PB_J,195,0.3333333333333333,0.3333333333333333
PB_J,310,1.0,1.0
PB_J,328,0.3333333333333333,0.3333333333333333
PB_J,297,1.0,1.0
PB_J,657,1.0,1.0
PB_J,659,0.0,0.6666666666666666
PB_J,1015,1.0,1.0
PB_J,1265,0.3333333333333333,0.3333333333333333
PB_J,1115,0.0,0.0
PB_J,217,1.0,1.0
PB_J,1268,0.0,0.3333333333333333
PB_J,1175,0.6666666666666666,1.0
PB_J,1181,1.0,1.0
PB_J,326,0.0,0.0
PB_J,542,1.0,1.0
PB_J,988,0.0,0.6666666666666666
PB_J,976,0.3333333333333333,0.6666666666666666
PB_J,553,0.0,0.0
PB_J,1099,0.6666666666666666,0.6666666666666666
PB_J,1064,1.0,0.6666666666666666
PB_J,374,1.0,1.0
PB_J,1150,0.0,0.0
PB_J,489,1.0,1.0
PB_J,890,1.0,0.6666666666666666
PB_J,514,1.0,1.0
PB_J,593,0.3333333333333333,0.6666666666666666
PB_J,1080,0.0,0.0
PB_J,101,0.0,0.0
PB_J,950,0.6666666666666666,0.6666666666666666
PB_J,753,1.0,1.0
PB_J,332,1.0,1.0
PB_J,585,0.0,0.0
PB_J,1061,0.6666666666666666,0.6666666666666666
PB_J,761,0.6666666666666666,1.0
PB_J,125,1.0,1.0
PB_J,48,1.0,1.0
PB_J,814,0.0,0.0
PB_J,1106,0.6666666666666666,0.6666666666666666
PB_J,1260,1.0,1.0
PB_J,794,1.0,0.6666666666666666
PB_J,1218,1.0,1.0
PB_J,1197,0.6666666666666666,0.6666666666666666
PB_J,899,0.6666666666666666,0.6666666666666666
PB_J,968,1.0,1.0
PB_J,1003,0.6666666666666666,0.6666666666666666
PB_J,224,1.0,1.0
PB_J,476,1.0,0.6666666666666666
PB_J,381,0.6666666666666666,0.3333333333333333
PB_J,858,0.6666666666666666,0.6666666666666666
PB_J,1168,1.0,1.0
PB_J,27,1.0,1.0
PB_J,1077,1.0,1.0
PB_J,1023,0.3333333333333333,0.6666666666666666
PB_J,887,0.3333333333333333,0.6666666666666666
PB_J,87,0.3333333333333333,0.0
PB_J,268,0.6666666666666666,0.0
PB_J,870,0.3333333333333333,0.3333333333333333
PB_J,1075,1.0,1.0
PB_J,881,0.0,0.3333333333333333
PB_J,1246,0.6666666666666666,0.6666666666666666
PB_J,403,0.3333333333333333,0.3333333333333333
PB_J,743,0.0,0.0
PB_J,610,1.0,1.0
PB_J,234,1.0,1.0
PB_J,1208,0.0,0.0
PB_J,1122,0.6666666666666666,1.0
PB_J,578,0.0,0.0
PB_J,292,0.3333333333333333,0.6666666666666666
PB_J,363,1.0,1.0
PB_J,433,0.6666666666666666,0.6666666666666666
PB_J,202,1.0,1.0
PB_J,360,1.0,1.0
PB_J,53,0.6666666666666666,0.6666666666666666
PB_J,1173,1.0,1.0
PB_J,1119,0.0,0.6666666666666666
PB_J,394,0.0,0.0
PB_J,219,0.0,0.0
PB_J,166,0.0,0.0
PB_J,28,0.3333333333333333,0.3333333333333333
PB_J,245,0.3333333333333333,0.3333333333333333
PB_J,473,1.0,1.0
PB_J,425,1.0,0.6666666666666666
PB_J,1010,1.0,1.0
PB_J,192,1.0,0.6666666666666666
PB_J,1030,0.0,1.0
PB_J,1116,0.6666666666666666,0.6666666666666666
PB_J,1144,1.0,1.0
PB_J,138,0.6666666666666666,1.0
PB_J,148,0.6666666666666666,1.0
PB_J,302,0.3333333333333333,0.3333333333333333
PB_J,126,0.6666666666666666,0.6666666666666666
PB_J,1052,0.3333333333333333,0.3333333333333333
PB_J,972,0.6666666666666666,0.6666666666666666
PB_J,874,0.3333333333333333,0.6666666666666666
PB_J,408,1.0,0.6666666666666666
PB_J,96,0.0,0.0
PB_J,618,0.6666666666666666,0.6666666666666666
PB_J,79,0.6666666666666666,0.6666666666666666
PB_J,800,0.6666666666666666,1.0
PB_J,239,0.6666666666666666,0.6666666666666666
PB_J,688,1.0,1.0
PB_J,737,1.0,1.0
PB_J,1196,0.6666666666666666,0.6666666666666666
PB_J,285,0.3333333333333333,0.6666666666666666
PB_J,426,0.6666666666666666,0.6666666666666666
PB_J,86,1.0,1.0
PB_J,1183,0.3333333333333333,1.0
PB_J,1224,1.0,1.0
PB_J,791,0.3333333333333333,0.3333333333333333
PB_J,113,0.3333333333333333,0.0
PB_J,387,1.0,1.0
PB_J,267,0.6666666666666666,0.6666666666666666
PB_J,596,0.0,0.0
PB_J,547,0.0,0.0
PB_J,1166,1.0,1.0
PB_J,1203,0.3333333333333333,0.0
PB_J,88,0.6666666666666666,0.6666666666666666
PB_J,586,0.3333333333333333,0.6666666666666666
PB_J,728,0.6666666666666666,0.6666666666666666
PB_J,193,0.3333333333333333,0.3333333333333333
PB_J,64,0.6666666666666666,1.0
PB_J,790,0.3333333333333333,0.3333333333333333
PB_J,1068,0.0,0.0
PB_J,260,0.3333333333333333,1.0
PB_J,1267,0.0,0.0
PB_J,1163,1.0,1.0
PB_J,9,0.0,0.0
PB_J,344,1.0,1.0
PB_J,347,0.6666666666666666,0.6666666666666666
PB_J,536,0.3333333333333333,0.6666666666666666
PB_J,530,0.6666666666666666,0.6666666666666666
PB_J,931,0.3333333333333333,0.3333333333333333
PB_J,717,0.6666666666666666,0.6666666666666666
PB_J,1145,0.3333333333333333,0.6666666666666666
PB_J,758,0.0,0.0
PB_J,550,0.0,0.0
PB_J,907,1.0,1.0
PB_J,583,0.3333333333333333,0.6666666666666666
PB_J,15,1.0,1.0
PB_J,797,1.0,0.6666666666666666
PB_J,6,0.6666666666666666,0.6666666666666666
PB_J,683,1.0,1.0
PB_J,385,0.6666666666666666,0.6666666666666666
PB_J,199,1.0,1.0
PB_J,468,0.6666666666666666,0.6666666666666666
PB_J,299,0.3333333333333333,1.0
PB_J,963,0.0,0.0
PB_J,1252,1.0,1.0
PB_J,418,1.0,1.0
PB_J,936,0.0,0.3333333333333333
PB_J,598,0.6666666666666666,0.6666666666666666
PB_J,619,0.3333333333333333,0.6666666666666666
PB_J,829,0.6666666666666666,1.0
PB_J,342,1.0,1.0
PB_J,748,0.0,0.0
PB_J,269,1.0,1.0
PB_J,276,0.0,0.0
PB_J,983,0.0,0.0
PB_J,1247,1.0,1.0
PB_J,390,0.3333333333333333,0.3333333333333333
PB_J,991,0.0,0.0
PB_J,112,0.0,1.0
PB_J,1127,0.0,0.3333333333333333
PB_J,705,0.6666666666666666,0.6666666666666666
PB_J,1021,0.3333333333333333,0.3333333333333333
PB_J,319,1.0,1.0
PB_J,377,0.6666666666666666,0.6666666666666666
PB_J,206,1.0,1.0
PB_J,370,1.0,1.0
PB_J,120,0.0,0.0
PB_J,115,0.0,0.0
PB_J,541,1.0,1.0
PB_J,341,0.6666666666666666,0.6666666666666666
PB_J,864,0.6666666666666666,0.3333333333333333
PB_J,521,0.0,0.0
PB_J,662,0.6666666666666666,0.6666666666666666
PB_J,835,1.0,1.0
PB_J,1143,1.0,1.0
PB_J,643,1.0,1.0
PB_J,795,0.0,0.0
PB_J,154,0.0,0.0
PB_J,648,0.0,0.0
PB_J,75,0.3333333333333333,0.3333333333333333
PB_J,668,1.0,1.0
PB_J,615,1.0,0.6666666666666666
PB_J,502,0.6666666666666666,0.6666666666666666
PB_J,734,0.3333333333333333,0.3333333333333333
PB_J,868,1.0,1.0
PB_J,588,1.0,1.0
PB_J,980,0.6666666666666666,0.6666666666666666
PB_J,1188,0.3333333333333333,0.6666666666666666
PB_J,754,0.3333333333333333,0.3333333333333333
PB_J,974,0.6666666666666666,0.3333333333333333
PB_J,334,1.0,1.0
PB_J,201,1.0,1.0
PB_J,614,1.0,1.0
PB_J,954,0.0,0.0
PB_J,107,0.6666666666666666,0.6666666666666666
PB_J,508,1.0,1.0
PB_J,1108,0.6666666666666666,1.0
PB_J,413,0.6666666666666666,0.6666666666666666
PB_J,439,0.0,0.6666666666666666
PB_J,221,1.0,1.0
PB_J,169,0.0,0.0
PB_J,1249,1.0,1.0
PB_J,1255,1.0,1.0
PB_J,531,0.6666666666666666,0.6666666666666666
PB_J,603,1.0,1.0
PB_J,1159,0.3333333333333333,0.3333333333333333
PB_J,504,0.6666666666666666,0.6666666666666666
PB_J,119,0.6666666666666666,0.3333333333333333
PB_J,72,1.0,1.0
PB_J,330,1.0,1.0
PB_J,1212,0.0,0.0
PB_J,291,0.0,0.0
PB_J,196,0.0,0.0
PB_J,33,0.3333333333333333,0.3333333333333333
PB_J,606,0.0,0.0
PB_J,1152,1.0,1.0
PB_J,1113,0.3333333333333333,0.3333333333333333
PB_J,1240,1.0,1.0
PB_J,952,1.0,1.0
PB_J,208,0.6666666666666666,0.6666666666666666
PB_J,512,0.6666666666666666,1.0
PB_J,540,0.6666666666666666,0.6666666666666666
PB_J,1191,1.0,1.0
PB_J,673,0.3333333333333333,0.3333333333333333
PB_J,240,1.0,1.0
PB_J,121,0.0,0.0
PB_J,766,1.0,0.6666666666666666
PB_J,923,0.0,1.0
PB_J,813,1.0,0.6666666666666666
PB_J,1254,0.6666666666666666,0.6666666666666666
PB_J,679,0.6666666666666666,0.6666666666666666
PB_J,569,1.0,1.0
PB_J,274,1.0,0.6666666666666666
PB_J,902,0.6666666666666666,1.0
PB_J,850,1.0,0.6666666666666666
PB_J,613,0.3333333333333333,0.0
PB_J,402,0.0,0.0
PB_J,71,1.0,1.0
PB_J,1011,1.0,1.0
PB_J,589,0.3333333333333333,0.6666666666666666
PB_J,1024,1.0,1.0
PB_J,1228,1.0,1.0
PB_J,454,0.0,0.0
PB_J,822,0.6666666666666666,0.0
PB_J,686,0.3333333333333333,0.6666666666666666
PB_J,1033,0.3333333333333333,0.0
PB_J,506,1.0,1.0
PB_J,92,1.0,1.0
PB_J,847,0.0,0.0
PB_J,1047,0.6666666666666666,0.6666666666666666
PB_J,666,0.3333333333333333,0.3333333333333333
PB_J,4,1.0,1.0
PB_J,164,0.3333333333333333,1.0
PB_J,445,0.6666666666666666,0.6666666666666666
PB_J,382,1.0,1.0
PB_J,22,0.6666666666666666,0.3333333333333333
PB_J,571,0.3333333333333333,0.3333333333333333
PB_J,755,0.3333333333333333,1.0
PB_J,782,0.6666666666666666,0.6666666666666666
PB_J,1123,0.3333333333333333,0.3333333333333333
PB_J,920,0.0,0.0
PB_J,62,0.3333333333333333,0.3333333333333333
PB_J,635,1.0,1.0
PB_J,255,1.0,1.0
PB_J,856,0.3333333333333333,0.3333333333333333
PB_J,671,0.0,0.0
PB_J,409,0.3333333333333333,0.3333333333333333
PB_J,44,1.0,1.0
PB_J,163,0.6666666666666666,0.3333333333333333
PB_J,623,1.0,1.0
PB_J,153,0.6666666666666666,0.3333333333333333
PB_J,417,0.3333333333333333,0.0
PB_J,1065,0.3333333333333333,0.6666666666666666
PB_J,56,0.6666666666666666,0.3333333333333333
PB_J,823,1.0,1.0
PB_J,848,1.0,1.0
PB_J,288,0.6666666666666666,1.0
PB_J,225,0.0,1.0
PB_J,943,0.0,0.0
PB_J,1101,0.3333333333333333,0.3333333333333333
PB_J,832,0.0,0.0
PB_J,710,0.3333333333333333,0.3333333333333333
PB_J,1258,0.0,0.0
PB_J,1142,0.6666666666666666,0.6666666666666666
PB_J,40,1.0,1.0
PB_J,386,0.3333333333333333,0.3333333333333333
PB_J,114,0.3333333333333333,0.3333333333333333
PB_J,1132,1.0,1.0
PB_J,691,1.0,1.0
PB_J,1230,1.0,1.0
PB_J,1006,0.3333333333333333,0.3333333333333333
PB_J,590,1.0,0.6666666666666666
PB_J,204,1.0,0.3333333333333333
PB_J,1140,0.0,0.0
PB_J,1201,0.6666666666666666,0.6666666666666666
PB_J,1164,1.0,1.0
PB_J,496,0.3333333333333333,0.3333333333333333
PB_J,526,0.0,0.0
PB_J,990,0.3333333333333333,0.3333333333333333
PB_J,176,1.0,1.0
PB_J,685,1.0,1.0
PB_J,1187,1.0,1.0
PB_J,579,0.3333333333333333,0.6666666666666666
PB_J,85,1.0,1.0
PB_J,1263,0.6666666666666666,0.6666666666666666
PB_J,1235,1.0,1.0
PB_J,159,0.0,0.0
PB_J,50,0.6666666666666666,0.6666666666666666
PB_J,373,0.0,0.0
PB_J,924,1.0,1.0
PB_J,8,0.0,0.0
PB_J,702,0.3333333333333333,0.3333333333333333
PB_J,384,0.6666666666666666,0.6666666666666666
PB_J,1205,1.0,1.0
PB_J,298,0.6666666666666666,0.6666666666666666
PB_J,572,1.0,1.0
PB_J,824,0.3333333333333333,0.3333333333333333
PB_J,738,1.0,1.0
PB_J,228,0.3333333333333333,0.0
PB_J,916,1.0,1.0
PB_J,216,1.0,1.0
PB_J,605,1.0,1.0
PB_J,756,0.3333333333333333,0.3333333333333333
PB_J,532,1.0,1.0
PB_J,796,0.0,0.0
PB_J,271,0.0,0.0
PB_J,871,0.6666666666666666,0.6666666666666666
PB_J,1261,0.0,0.3333333333333333
PB_J,18,0.3333333333333333,0.3333333333333333
PB_J,303,0.0,0.0
PB_J,183,0.3333333333333333,0.6666666666666666
PB_J,652,0.3333333333333333,0.3333333333333333
PB_J,464,0.3333333333333333,0.3333333333333333
PB_J,478,1.0,1.0
PB_J,424,1.0,1.0
PB_J,393,0.6666666666666666,0.6666666666666666
PB_J,714,0.0,0.0
PB_J,577,0.3333333333333333,0.3333333333333333
PB_J,911,0.6666666666666666,0.6666666666666666
PB_J,124,1.0,1.0
PB_J,272,0.6666666666666666,0.6666666666666666
PB_J,59,0.6666666666666666,0.6666666666666666
PB_J,1178,0.3333333333333333,0.6666666666666666
PB_J,947,0.0,0.0
PB_J,554,1.0,1.0
PB_J,482,0.3333333333333333,0.6666666666666666
PB_J,660,0.3333333333333333,0.6666666666666666
PB_J,903,0.3333333333333333,0.3333333333333333
PB_J,209,0.6666666666666666,0.6666666666666666
PB_J,576,0.0,0.0
PB_J,944,1.0,1.0
PB_J,866,0.6666666666666666,1.0
PB_J,552,0.0,0.0
PB_J,793,0.3333333333333333,0.6666666666666666
PB_J,1179,0.0,0.0
PB_J,580,1.0,0.6666666666666666
PB_J,1012,0.0,0.0
PB_J,644,0.6666666666666666,0.6666666666666666
PB_J,900,0.6666666666666666,1.0
PB_J,650,0.0,0.0
PB_J,1153,0.0,0.0
PB_J,46,1.0,1.0
PB_J,843,1.0,1.0
PB_J,696,1.0,1.0
PB_J,565,1.0,1.0
PB_J,693,0.3333333333333333,1.0
PB_J,1044,1.0,1.0
PB_J,904,0.0,0.0
PB_J,26,0.3333333333333333,0.6666666666666666
PB_J,415,0.6666666666666666,0.6666666666666666
PB_J,703,1.0,1.0
PB_J,1121,0.0,0.3333333333333333
PB_J,670,0.3333333333333333,0.3333333333333333
PB_J,168,1.0,1.0
PB_J,1271,1.0,1.0
PB_J,399,1.0,1.0
PB_J,789,0.3333333333333333,0.3333333333333333
PB_J,172,1.0,1.0
PB_J,258,0.0,0.0
PB_J,1091,0.0,0.3333333333333333
PB_J,144,0.3333333333333333,0.0
PB_J,649,0.0,0.0
PB_J,853,0.0,0.0
PB_J,831,1.0,1.0
PB_J,996,0.6666666666666666,1.0
PB_J,188,0.0,0.0
PB_J,137,0.3333333333333333,0.3333333333333333
PB_J,982,0.6666666666666666,0.6666666666666666
PB_J,860,0.6666666666666666,0.6666666666666666
PB_J,817,1.0,1.0
PB_J,984,0.6666666666666666,0.6666666666666666
PB_J,226,0.0,0.0
PB_J,1251,1.0,1.0
PB_J,620,1.0,1.0
PB_J,265,0.0,0.3333333333333333
PB_J,712,0.0,0.0
PB_J,70,0.6666666666666666,0.6666666666666666
PB_J,527,0.6666666666666666,0.6666666666666666
PB_J,351,1.0,1.0
PB_J,174,0.3333333333333333,0.3333333333333333
PB_J,1269,0.6666666666666666,0.6666666666666666
PB_J,1129,1.0,1.0
PB_J,155,1.0,1.0
PB_J,318,1.0,1.0
PB_J,880,0.3333333333333333,1.0
PB_J,940,0.0,0.0
PB_J,912,0.3333333333333333,0.3333333333333333
PB_J,1088,0.3333333333333333,0.3333333333333333
PB_J,400,1.0,1.0
PB_J,1124,1.0,1.0
PB_J,609,1.0,1.0
PB_J,570,0.6666666666666666,0.6666666666666666
PB_J,624,0.3333333333333333,0.6666666666666666
PB_J,211,0.3333333333333333,0.3333333333333333
PB_J,1172,0.0,0.0
PB_J,3,0.3333333333333333,0.3333333333333333
PB_J,884,0.6666666666666666,0.6666666666666666
PB_J,1059,0.3333333333333333,0.3333333333333333
PB_J,704,0.6666666666666666,0.6666666666666666
PB_J,592,1.0,1.0
PB_J,1222,0.6666666666666666,0.6666666666666666
PB_J,357,1.0,1.0
PB_J,921,0.6666666666666666,0.6666666666666666
PB_J,422,0.3333333333333333,0.3333333333333333
PB_J,739,0.0,0.0
PB_J,971,1.0,1.0
PB_J,720,0.3333333333333333,0.3333333333333333
PB_J,345,0.6666666666666666,0.3333333333333333
PB_J,256,0.6666666666666666,0.6666666666666666
PB_J,1174,0.0,0.0
PB_J,787,0.3333333333333333,0.3333333333333333
PB_J,145,0.0,0.0
PB_J,842,1.0,1.0
PB_J,1060,0.3333333333333333,0.3333333333333333
PB_J,726,1.0,1.0
PB_J,488,1.0,1.0
PB_J,562,0.6666666666666666,0.6666666666666666
PB_J,412,0.6666666666666666,0.6666666666666666
PB_J,90,1.0,1.0
PB_J,469,1.0,1.0
PB_J,906,0.3333333333333333,0.3333333333333333
PB_J,441,0.6666666666666666,0.6666666666666666
PB_J,1095,0.3333333333333333,0.3333333333333333
PB_J,584,0.0,0.0
PB_J,108,0.3333333333333333,0.3333333333333333
PB_J,404,0.3333333333333333,0.3333333333333333
PB_J,338,0.3333333333333333,0.3333333333333333
PB_J,68,0.3333333333333333,0.3333333333333333
PB_J,928,0.6666666666666666,0.6666666666666666
PB_J,863,0.0,0.0
PB_J,1207,1.0,1.0
PB_J,1078,0.6666666666666666,0.6666666666666666
PB_J,690,1.0,1.0
PB_J,1211,0.6666666666666666,0.6666666666666666
PB_J,700,1.0,1.0
PB_J,1151,0.6666666666666666,0.6666666666666666
PB_J,1014,0.0,0.0
PB_J,1090,0.6666666666666666,0.6666666666666666
PB_J,1154,0.0,0.0
PB_J,1182,0.3333333333333333,0.3333333333333333
PB_J,175,1.0,1.0
PB_J,545,0.6666666666666666,0.6666666666666666
PB_J,194,0.3333333333333333,0.3333333333333333
PB_J,1220,0.6666666666666666,1.0
PB_J,922,0.0,0.0
PB_J,611,0.0,0.0
PB_J,1057,1.0,1.0
PB_J,1180,0.6666666666666666,0.6666666666666666
PB_J,807,1.0,1.0
PB_J,58,1.0,1.0
PB_J,462,1.0,1.0
PB_J,724,0.3333333333333333,0.3333333333333333
PB_J,1053,0.3333333333333333,0.6666666666666666
PB_J,981,1.0,1.0
PB_J,1234,1.0,1.0
PB_J,261,0.3333333333333333,0.3333333333333333
PB_J,398,1.0,1.0
PB_J,1149,0.6666666666666666,0.6666666666666666
PB_J,1217,0.0,0.0
PB_J,764,0.3333333333333333,0.3333333333333333
PB_J,561,0.6666666666666666,0.6666666666666666
PB_J,575,0.6666666666666666,0.6666666666666666
PB_J,459,0.3333333333333333,0.3333333333333333
PB_J,1019,1.0,1.0
PB_J,162,1.0,1.0
PB_J,725,0.6666666666666666,0.6666666666666666
PB_J,933,0.6666666666666666,0.6666666666666666
PB_J,637,1.0,1.0
PB_J,937,0.0,0.0
PB_J,503,0.0,0.0
PB_J,235,0.6666666666666666,1.0
PB_J,280,0.3333333333333333,0.3333333333333333
PB_J,1126,0.0,0.0
PB_J,1253,0.6666666666666666,0.6666666666666666
PB_J,967,1.0,1.0
PB_J,1031,1.0,1.0
PB_J,293,0.0,0.0
PB_J,1026,0.3333333333333333,0.6666666666666666
PB_J,992,0.6666666666666666,0.3333333333333333
PB_J,538,0.0,0.0
PB_J,855,0.0,0.0
PB_J,178,0.3333333333333333,0.3333333333333333
PB_J,516,1.0,1.0
PB_J,785,0.3333333333333333,0.3333333333333333
PB_J,67,0.3333333333333333,0.3333333333333333
PB_J,366,1.0,1.0
PB_J,837,0.6666666666666666,0.6666666666666666
PB_J,229,1.0,1.0
PB_J,353,1.0,1.0
PB_J,708,0.0,0.0
PB_J,707,0.0,0.0
PB_J,812,0.6666666666666666,0.6666666666666666
PB_J,84,1.0,1.0
PB_J,1063,0.6666666666666666,0.6666666666666666
PB_J,975,0.3333333333333333,0.6666666666666666
PB_J,591,0.3333333333333333,0.3333333333333333
PB_J,885,0.3333333333333333,0.3333333333333333
PB_J,1248,0.6666666666666666,0.6666666666666666
PB_J,559,0.3333333333333333,0.3333333333333333
PB_J,1264,1.0,1.0
PB_J,956,0.6666666666666666,0.6666666666666666
PB_J,359,0.6666666666666666,0.6666666666666666
PB_J,1062,0.3333333333333333,0.3333333333333333
PB_J,616,0.0,0.0
PB_J,282,0.6666666666666666,0.6666666666666666
PB_J,522,0.0,0.0
PB_J,770,1.0,1.0
PB_J,438,0.0,0.0
PB_J,160,1.0,0.6666666666666666
PB_J,74,0.0,0.0
PB_J,405,0.0,0.0
PB_J,993,1.0,1.0
PB_J,1256,0.0,0.0
PB_J,200,0.3333333333333333,0.3333333333333333
PB_J,1109,0.3333333333333333,0.3333333333333333
PB_J,517,0.6666666666666666,0.6666666666666666
PB_J,257,0.0,0.0
PB_J,1227,1.0,1.0
PB_J,1262,1.0,1.0
PB_J,805,0.3333333333333333,0.3333333333333333
PB_J,295,0.0,0.0
PB_J,746,0.3333333333333333,0.6666666666666666
PB_J,715,0.0,0.0
PB_J,423,1.0,1.0
PB_J,118,1.0,1.0
PB_J,337,1.0,0.6666666666666666
PB_J,946,0.3333333333333333,0.3333333333333333
PB_J,818,1.0,1.0
PB_J,57,1.0,1.0
PB_J,678,0.0,0.0
PB_J,215,0.0,0.0
PB_J,1128,0.6666666666666666,0.6666666666666666
PB_J,529,0.0,0.0
PB_J,54,0.0,0.0
PB_J,1185,0.3333333333333333,0.3333333333333333
PB_J,989,0.3333333333333333,0.3333333333333333
PB_J,1097,0.6666666666666666,0.6666666666666666
PB_J,190,1.0,1.0
PB_J,1029,1.0,1.0
PB_J,214,1.0,1.0
PB_J,877,0.0,0.0
PB_J,446,1.0,1.0
PB_J,889,1.0,1.0
PB_J,284,0.6666666666666666,0.6666666666666666
PB_J,781,1.0,1.0
PB_J,1002,0.0,0.0
PB_J,869,0.6666666666666666,0.6666666666666666
PB_J,375,1.0,1.0
PB_J,99,0.6666666666666666,0.6666666666666666
PB_J,139,0.6666666666666666,0.3333333333333333
PB_J,713,0.6666666666666666,0.6666666666666666
PB_J,638,0.6666666666666666,0.6666666666666666
PB_J,397,0.3333333333333333,0.3333333333333333
PB_J,962,0.6666666666666666,0.6666666666666666
PB_J,320,0.6666666666666666,0.6666666666666666
PB_J,246,1.0,1.0
PB_J,23,0.6666666666666666,0.6666666666666666
PB_J,191,0.0,0.0
PB_J,505,0.6666666666666666,0.6666666666666666
PB_J,264,0.6666666666666666,0.6666666666666666
PB_J,1157,0.0,0.3333333333333333
PB_J,465,0.3333333333333333,0.3333333333333333
PB_J,1198,0.6666666666666666,0.6666666666666666
PB_J,1233,1.0,1.0
PB_J,994,0.6666666666666666,1.0
PB_J,254,0.6666666666666666,0.6666666666666666
PB_J,695,1.0,0.6666666666666666
PB_J,325,1.0,1.0
PB_J,917,0.6666666666666666,0.6666666666666666
PB_J,882,1.0,1.0
PB_J,481,1.0,1.0
PB_J,1192,0.6666666666666666,0.6666666666666666
PB_J,520,0.3333333333333333,0.3333333333333333
PB_J,1000,1.0,1.0
PB_J,436,0.0,0.0
PB_J,430,1.0,1.0
PB_J,930,1.0,1.0
PB_J,262,0.3333333333333333,0.3333333333333333
PB_J,960,0.6666666666666666,0.6666666666666666
PB_J,242,0.6666666666666666,0.6666666666666666
PB_J,645,1.0,1.0
PB_J,806,1.0,1.0
PB_J,597,1.0,1.0
PB_J,1155,0.0,0.0
PB_J,780,1.0,1.0
PB_J,751,1.0,1.0
PB_J,987,1.0,1.0
PB_J,515,1.0,1.0
PB_J,594,0.6666666666666666,0.6666666666666666
PB_J,854,0.6666666666666666,0.6666666666666666
PB_J,17,1.0,1.0
PB_J,1020,0.0,0.0
PB_J,486,0.3333333333333333,0.3333333333333333
PB_J,103,0.6666666666666666,0.6666666666666666
PB_J,414,0.6666666666666666,0.6666666666666666
PB_J,775,1.0,1.0
PB_J,327,0.6666666666666666,0.6666666666666666
PB_J,104,0.0,0.0
PB_J,1171,0.6666666666666666,0.6666666666666666
PB_J,915,0.6666666666666666,0.6666666666666666
PB_J,722,0.3333333333333333,0.3333333333333333
PB_J,485,0.6666666666666666,0.3333333333333333
PB_J,970,0.6666666666666666,0.6666666666666666
PB_J,1169,0.3333333333333333,0.3333333333333333
PB_J,443,0.0,0.0
PB_J,210,0.6666666666666666,0.6666666666666666
PB_J,786,0.3333333333333333,0.3333333333333333
PB_J,31,0.6666666666666666,0.6666666666666666
PB_J,938,0.3333333333333333,0.6666666666666666
PB_J,681,1.0,1.0
PB_J,1054,0.3333333333333333,0.3333333333333333
PB_J,383,0.0,0.0
PB_J,1043,0.3333333333333333,0.3333333333333333
PB_J,955,0.0,0.0
PB_J,355,1.0,1.0
PB_J,1117,0.0,0.0
PB_J,836,1.0,1.0
PB_J,926,0.6666666666666666,0.6666666666666666
PB_J,568,0.6666666666666666,0.3333333333333333
PB_J,460,0.6666666666666666,0.3333333333333333
PB_J,709,0.6666666666666666,0.6666666666666666
PB_J,19,1.0,1.0
PB_J,16,0.3333333333333333,0.3333333333333333
PB_J,308,0.6666666666666666,0.6666666666666666
PB_J,73,1.0,1.0
PB_J,52,0.0,0.0
PB_J,1009,0.0,0.0
PB_J,1073,0.3333333333333333,0.3333333333333333
PB_J,733,1.0,1.0
PB_J,886,0.3333333333333333,0.3333333333333333
PB_J,1089,1.0,1.0
PB_J,815,1.0,1.0
PB_J,574,0.6666666666666666,0.6666666666666666
PB_J,456,0.6666666666666666,1.0
PB_J,1069,0.6666666666666666,0.6666666666666666
PB_J,466,0.6666666666666666,0.6666666666666666
PB_J,658,0.6666666666666666,1.0
PB_J,249,0.6666666666666666,0.6666666666666666
PB_J,830,1.0,1.0
PB_J,778,0.6666666666666666,1.0
PB_J,227,0.3333333333333333,0.3333333333333333
PB_J,247,0.0,0.0
PB_J,1092,0.6666666666666666,0.6666666666666666
PB_J,1165,0.3333333333333333,0.3333333333333333
PB_J,170,0.0,0.0
PB_J,294,0.3333333333333333,0.3333333333333333
PB_J,1046,0.6666666666666666,0.6666666666666666
PB_J,750,1.0,1.0
PB_J,89,0.0,0.0
PB_J,661,0.6666666666666666,1.0
PB_J,1214,1.0,1.0
PB_J,524,0.6666666666666666,0.6666666666666666
PB_J,109,1.0,1.0
PB_J,494,0.0,0.0
PB_J,852,0.3333333333333333,0.3333333333333333
PB_J,497,1.0,1.0
PB_J,834,1.0,1.0
PB_J,798,0.3333333333333333,0.3333333333333333
PB_J,519,1.0,1.0
PB_J,600,1.0,1.0
PB_J,604,1.0,1.0
PB_J,816,0.6666666666666666,0.6666666666666666
PB_J,358,0.0,0.0
PB_J,1136,0.6666666666666666,0.6666666666666666
PB_J,867,1.0,1.0
PB_J,181,0.3333333333333333,0.6666666666666666
PB_J,587,0.0,0.0
PB_J,122,1.0,1.0
PB_J,948,1.0,1.0
PB_J,391,0.3333333333333333,0.3333333333333333
PB_J,165,0.0,0.0
PB_J,449,0.0,0.0
PB_J,838,1.0,1.0
PB_J,401,0.3333333333333333,0.3333333333333333
PB_J,149,0.0,0.0
PB_J,894,1.0,1.0
PB_J,1245,0.6666666666666666,0.6666666666666666
PB_J,37,0.3333333333333333,0.3333333333333333
PB_J,428,0.3333333333333333,0.3333333333333333
PB_J,1018,0.0,0.0
PB_J,566,0.3333333333333333,0.6666666666666666
PB_J,769,0.3333333333333333,0.3333333333333333
PB_J,949,0.0,0.0
PB_J,13,0.3333333333333333,0.6666666666666666
PB_J,727,0.3333333333333333,0.3333333333333333
PB_J,799,1.0,1.0
PB_J,95,1.0,1.0
PB_J,846,0.3333333333333333,0.3333333333333333
PB_J,348,1.0,1.0
PB_J,487,0.6666666666666666,0.6666666666666666
PB_J,500,0.3333333333333333,0.3333333333333333
PB_J,1008,0.0,0.0
PB_J,411,0.0,0.0
PB_J,1056,0.0,0.0
PB_J,316,0.6666666666666666,0.6666666666666666
PB_J,251,0.3333333333333333,0.3333333333333333
PB_J,1007,0.3333333333333333,0.3333333333333333
PB_J,1120,1.0,1.0
PB_J,1102,0.0,0.0
PB_J,844,0.0,0.6666666666666666
PB_J,760,0.3333333333333333,0.0
PB_J,376,0.3333333333333333,0.6666666666666666
PB_J,1087,0.3333333333333333,0.3333333333333333
PB_J,270,1.0,1.0
PB_J,1037,1.0,1.0
PB_J,986,0.3333333333333333,0.3333333333333333
PB_J,788,1.0,1.0
PB_J,161,1.0,1.0
PB_J,392,0.3333333333333333,0.3333333333333333
PB_J,207,1.0,1.0
PB_J,507,0.6666666666666666,0.6666666666666666
PB_J,1042,0.6666666666666666,0.6666666666666666
PB_J,665,0.6666666666666666,0.6666666666666666
PB_J,523,1.0,1.0
PB_J,893,1.0,1.0
PB_J,205,1.0,1.0
PB_J,335,1.0,1.0
PB_J,458,0.6666666666666666,0.6666666666666666
PB_J,76,0.0,0.0
PB_J,362,1.0,1.0
PB_J,1216,1.0,1.0
PB_J,407,0.0,0.0
PB_J,1221,1.0,1.0
PB_J,977,1.0,0.6666666666666666
PB_J,1028,1.0,1.0
PB_J,1118,0.3333333333333333,0.6666666666666666
PB_J,560,0.3333333333333333,0.3333333333333333
PB_J,499,0.6666666666666666,0.6666666666666666
PB_J,323,0.3333333333333333,0.3333333333333333
PB_J,93,0.3333333333333333,0.3333333333333333
PB_J,862,0.6666666666666666,0.6666666666666666
PB_J,1022,0.0,0.0
PB_J,840,1.0,1.0
PB_J,763,1.0,1.0
PB_J,564,0.3333333333333333,0.3333333333333333
PB_J,32,1.0,1.0
PB_J,364,1.0,1.0
PB_J,667,0.6666666666666666,0.6666666666666666
PB_J,440,0.0,0.0
PB_J,633,1.0,1.0
PB_J,642,0.0,0.3333333333333333
PB_J,416,0.3333333333333333,0.6666666666666666
PB_J,452,1.0,1.0
PB_J,81,1.0,1.0
PB_J,1160,1.0,1.0
PB_J,820,0.0,0.6666666666666666
PB_J,1241,0.0,0.0
PB_J,311,0.6666666666666666,0.6666666666666666
PB_J,873,0.6666666666666666,1.0
PB_J,450,0.0,0.0
PB_J,1076,0.6666666666666666,1.0
PB_J,721,0.6666666666666666,1.0
PB_J,106,0.3333333333333333,0.3333333333333333
PB_J,1146,0.6666666666666666,1.0
PB_J,888,1.0,1.0
PB_J,533,1.0,1.0
PB_J,730,1.0,1.0
PB_J,105,1.0,1.0
PB_J,266,0.6666666666666666,0.6666666666666666
PB_J,1184,0.0,0.0
PB_J,978,1.0,1.0
PB_J,1176,0.6666666666666666,1.0
PB_J,39,1.0,1.0
PB_J,339,1.0,1.0
PB_J,961,0.6666666666666666,0.6666666666666666
PB_J,525,0.3333333333333333,0.6666666666666666
PB_J,189,1.0,1.0
PB_J,1111,0.3333333333333333,0.6666666666666666
PB_J,732,0.6666666666666666,0.0
PB_J,5,0.0,0.0
PB_J,442,1.0,1.0
PB_J,861,1.0,1.0
PB_J,878,0.0,0.0
PB_J,1138,0.6666666666666666,0.6666666666666666
PB_J,851,0.6666666666666666,0.6666666666666666
PB_J,1147,0.0,0.0
PB_J,301,0.6666666666666666,0.6666666666666666
PB_J,1215,0.0,0.0
PB_J,718,0.0,0.0
PB_J,998,0.3333333333333333,0.3333333333333333
PB_J,654,0.3333333333333333,0.3333333333333333
PB_J,1135,0.0,0.0
PB_J,329,1.0,1.0
PB_J,279,0.6666666666666666,0.6666666666666666
PB_J,277,1.0,1.0
PB_J,919,1.0,1.0
PB_J,349,1.0,1.0
PB_J,1243,1.0,1.0
PB_J,65,1.0,0.6666666666666666
PB_J,1259,1.0,1.0
PB_J,1093,0.0,0.0
PB_J,410,0.6666666666666666,0.6666666666666666
PB_J,689,0.3333333333333333,0.6666666666666666
PB_J,177,0.3333333333333333,0.3333333333333333
PB_J,534,1.0,1.0
PB_J,117,0.6666666666666666,0.6666666666666666
PB_J,372,0.0,0.0
PB_J,1034,0.6666666666666666,0.6666666666666666
PB_J,628,1.0,1.0
PB_J,821,1.0,1.0
PB_J,669,1.0,0.0
PB_J,63,0.0,0.0
PB_J,735,0.0,0.0
PB_J,951,0.3333333333333333,0.3333333333333333
PB_J,1025,0.0,0.0
PB_J,42,1.0,1.0
PB_J,167,1.0,0.6666666666666666
PB_J,809,0.6666666666666666,0.6666666666666666
PB_J,1100,1.0,1.0
PB_J,313,0.6666666666666666,0.6666666666666666
PB_J,296,0.0,0.0
PB_J,490,0.3333333333333333,0.3333333333333333
PB_J,543,0.6666666666666666,0.6666666666666666
PB_J,641,0.6666666666666666,0.6666666666666666
PB_J,290,0.0,0.0
PB_J,617,0.6666666666666666,0.6666666666666666
PB_J,779,0.6666666666666666,0.6666666666666666
PB_J,910,0.0,0.0
PB_J,212,1.0,1.0
PB_J,979,0.6666666666666666,1.0
PB_J,555,1.0,1.0
PB_J,1058,1.0,0.6666666666666666
PB_J,672,0.0,0.0
PB_J,317,1.0,1.0
PB_J,1081,1.0,1.0
PB_J,535,0.3333333333333333,0.3333333333333333
PB_J,1039,0.6666666666666666,0.6666666666666666
PB_J,432,0.6666666666666666,0.6666666666666666
PB_J,828,0.3333333333333333,0.3333333333333333
PB_J,621,0.0,0.0
PB_J,1161,0.0,0.0
PB_J,287,0.6666666666666666,0.6666666666666666
PB_J,451,0.6666666666666666,0.3333333333333333
PB_J,1013,1.0,1.0
PB_J,528,0.0,0.0
PB_J,300,0.6666666666666666,0.6666666666666666
PB_J,752,1.0,1.0
PB_J,622,1.0,1.0
PB_J,995,0.3333333333333333,0.3333333333333333
PB_J,1219,1.0,1.0
PB_J,34,0.3333333333333333,0.3333333333333333
PB_J,286,0.3333333333333333,0.0
PB_J,314,1.0,1.0
PB_J,333,1.0,1.0
PB_J,182,0.3333333333333333,0.3333333333333333
PB_J,49,0.6666666666666666,0.6666666666666666
PB_J,102,0.3333333333333333,0.3333333333333333
PB_J,687,1.0,1.0
PB_J,41,1.0,1.0
PB_J,275,0.0,0.0
PB_J,675,0.0,0.0
PB_J,1137,0.6666666666666666,0.3333333333333333
PB_J,749,0.6666666666666666,0.6666666666666666
PB_J,908,1.0,1.0
PB_J,437,0.3333333333333333,0.3333333333333333
PB_J,491,1.0,1.0
PB_J,141,0.3333333333333333,0.3333333333333333
PB_J,706,0.0,0.0
PB_J,973,0.3333333333333333,0.6666666666666666
