method,subset,question_idx,mid_auc,overlap_low,overlap_high,ext_k_base,ext_k_ck1,ext_k_ck2,ext_k_ck3,ext_k_ck4,ext_k_ck5,ext_k_ck6,ext_k_ck7,late_k_base,late_k_ck1,late_k_ck2,late_k_ck3,late_k_ck4,late_k_ck5,late_k_ck6,late_k_ck7,mid_k_base,mid_k_ck1,mid_k_ck2,mid_k_ck3,mid_k_ck4,mid_k_ck5,mid_k_ck6,mid_k_ck7,target,mid_k_slope_ck1_to_ck7,mid_k_min_ck1_to_ck7,mid_k_var_ck1_to_ck7,late_k_slope_ck1_to_ck7,late_k_min_ck1_to_ck7,late_k_var_ck1_to_ck7,ext_k_slope_ck1_to_ck7,ext_k_min_ck1_to_ck7,ext_k_var_ck1_to_ck7,late_minus_mid_ck7,mid_minus_late_ck7
GradDiff,suppressed,17,0.8588235352943145,0.5900653666140986,0.8960348618186378,1.0,0.6666666865348816,0.6666666865348816,0.3333333432674408,1.0,0.6666666865348816,0.0,0.3333333432674408,0.9833333343267441,0.8166666770974795,0.5111111198862394,0.8388888974984486,0.6388889074325561,0.9611111134290695,0.9666666686534882,0.9944444447755814,0.921212124824524,0.8787878860126842,0.8242424287579276,0.7818181883205068,0.6666666854511608,0.8909090957858345,0.9393939419226213,0.9393939413807609,1,0.06060605536807673,0.6666666854511608,0.009548295820550164,0.17777776767810183,0.5111111198862394,0.033402408621570186,-0.3333333432674408,0.0,0.10582010739694836,0.05505050339482043,-0.05505050339482043
GradDiff,suppressed,46,0.6474945604022033,0.5900653666140986,0.8960348618186378,1.0,0.3333333432674408,1.0,0.3333333432674408,0.6666666865348816,0.0,0.0,0.0,0.9388888910412788,0.5777777850627899,0.316666675110658,0.3111111169060071,0.922222226858139,0.0,0.3444444537162781,0.5222222343087196,0.9393939424644817,0.7575757611881603,0.5818181888623671,0.6848484933376312,0.8363636461171237,0.4787878833033822,0.5454545530405912,0.6121212227778001,1,-0.14545453841036016,0.4787878833033822,0.015573921176246596,-0.05555555075407026,0.0,0.08196502128930251,-0.3333333432674408,0.0,0.14814815035572765,-0.08989898846908051,0.08989898846908051
GradDiff,suppressed,172,0.641830071358899,0.5900653666140986,0.8960348618186378,1.0,1.0,0.0,1.0,0.6666666865348816,0.0,0.0,0.0,0.6277777920166652,0.28888889253139494,0.2722222293416659,0.7555555621782939,0.6333333387970924,0.5944444512327512,0.5555555646618208,0.6611111183961232,0.6484848575158553,0.54545455141501,0.40606061111796987,0.45454546050591904,0.7939393986355174,0.5939394008029591,0.5151515240019018,0.5212121259082447,1,-0.024242425506765253,0.40606061111796987,0.01554593547858743,0.3722222258647283,0.2722222293416659,0.034626690393630234,-1.0,0.0,0.23809523998744905,0.13989899248787852,-0.13989899248787852
GradDiff,suppressed,178,0.6374727721697364,0.5900653666140986,0.8960348618186378,1.0,0.3333333432674408,0.6666666865348816,0.3333333432674408,1.0,0.0,0.0,0.0,0.8055555651585261,0.36666667014360427,0.32222222884496055,0.894444448252519,0.6555555686354637,0.2611111174027125,0.32777778307596844,0.1666666681567828,0.9151515169577165,0.6060606094923886,0.6363636423241008,0.8424242480234666,0.7454545524987307,0.5212121286175467,0.5090909155932339,0.5030303077264265,1,-0.10303030176596206,0.5030303077264265,0.01688923872060866,-0.20000000198682147,0.1666666681567828,0.06508230515253645,-0.3333333432674408,0.0,0.14814815035572765,-0.33636363956964377,0.33636363956964377
GradDiff,suppressed,209,0.5925925988777011,0.5900653666140986,0.8960348618186378,1.0,1.0,1.0,0.3333333432674408,0.6666666865348816,1.0,0.6666666865348816,0.3333333432674408,1.0,0.9777777791023254,0.8222222278515497,0.4611111203829447,0.27777778506278994,0.872222225368023,0.9388888910412788,0.6166666756073634,0.7696969731287523,0.6848484911701896,0.6060606111179698,0.4303030393340371,0.2787878865545446,0.6242424314672297,0.7151515196670185,0.6545454621315002,1,-0.030303029038689422,0.2787878865545446,0.0249945337677811,-0.361111103494962,0.27777778506278994,0.07007936365153425,-0.6666666567325592,0.3333333432674408,0.08994708679340511,-0.03787878652413679,0.03787878652413679
GradDiff,suppressed,317,0.7882353026492923,0.5900653666140986,0.8960348618186378,1.0,0.6666666865348816,0.6666666865348816,0.6666666865348816,0.6666666865348816,0.0,0.3333333432674408,0.3333333432674408,0.7944444482525189,0.48888890296220777,0.8777777845660846,0.694444461663564,0.8500000034769376,0.9833333343267441,0.9777777791023254,0.9611111134290695,0.8303030349991538,0.6606060748750513,0.6848484992980957,0.8000000081279061,0.7575757628137415,0.8181818257678639,0.9151515185832977,0.9272727305238897,1,0.2666666556488384,0.6606060748750513,0.010681707985030342,0.47222221046686175,0.48888890296220777,0.03331275512069592,-0.3333333432674408,0.0,0.06878307288285922,0.03383838290517982,-0.03383838290517982
GradDiff,suppressed,359,0.7281045827600691,0.5900653666140986,0.8960348618186378,1.0,0.6666666865348816,1.0,0.0,0.6666666865348816,0.0,0.3333333432674408,0.3333333432674408,0.761111123363177,0.7444444552063942,0.5944444571932157,0.833333338300387,0.5111111218730608,0.6777777835726738,0.49444445023934047,0.49444445172945656,0.8242424341765318,0.8060606159947136,0.6242424325509505,0.8787878838452425,0.47272728139703923,0.8060606105761094,0.7818181877786463,0.757575763355602,1,-0.04848485263911162,0.47272728139703923,0.01908085150531866,-0.2500000034769377,0.49444445023934047,0.018059964563559613,-0.3333333432674408,0.0,0.1375661400890856,-0.2631313116261454,0.2631313116261454
GradDiff,suppressed,405,0.7503268043200174,0.5900653666140986,0.8960348618186378,1.0,1.0,0.3333333432674408,0.0,1.0,1.0,1.0,1.0,0.9444444472591083,0.772222229341666,0.9611111129323642,0.5500000074505806,0.8666666741172473,0.6000000084439914,0.7277777855594952,0.8722222298383713,0.8787878833033822,0.8303030360828746,0.636363643949682,0.6909090995788574,0.7030303136868911,0.8242424303835089,0.8424242491071875,0.8121212179010565,1,-0.018181818181818077,0.636363643949682,0.006971883124457388,0.10000000049670532,0.5500000074505806,0.02252939405115754,0.0,0.0,0.17460317318401639,0.06010101193731476,-0.06010101193731476
GradDiff,suppressed,415,0.7538126468268875,0.5900653666140986,0.8960348618186378,1.0,1.0,0.6666666865348816,1.0,1.0,0.0,0.6666666865348816,0.0,0.9055555611848831,0.9444444472591083,0.7333333492279053,0.5333333482344945,0.6222222333153089,0.5666666835546493,0.8444444532195727,0.8388888984918594,0.9333333373069763,0.8909090957858345,0.6545454702594063,0.39393940567970276,0.7818181910298088,0.6666666800325567,0.7393939538435502,0.7515151663260027,1,-0.13939392945983187,0.39393940567970276,0.02402203807379809,-0.10555554876724882,0.5333333482344945,0.02463697695696203,-1.0,0.0,0.20105820168893815,0.08737373216585675,-0.08737373216585675
GradDiff,suppressed,438,0.7843137319571053,0.5900653666140986,0.8960348618186378,1.0,0.6666666865348816,0.6666666865348816,0.6666666865348816,1.0,0.0,0.0,0.0,0.8833333378036817,0.42222223430871964,0.7555555631717046,0.5944444512327512,0.8277777835726738,0.8611111188928287,0.8444444497426351,0.7833333397905032,0.9151515196670186,0.6181818273934451,0.6969697052782232,0.6000000102953478,0.5818181904879484,0.9454545481638474,0.9575757601044395,0.8727272781458768,1,0.25454545075243173,0.5818181904879484,0.0278752886631809,0.3611111054817836,0.42222223430871964,0.02606407936909913,-0.6666666865348816,0.0,0.1746031793337021,-0.08939393835537357,0.08939393835537357
GradDiff,suppressed,478,0.6579520782224493,0.5900653666140986,0.8960348618186378,1.0,1.0,0.6666666865348816,0.0,0.0,0.3333333432674408,0.0,0.0,0.8000000074505806,0.8611111178994179,0.5222222377856572,0.7611111213763555,0.7722222288449605,0.6944444586833318,0.577777790526549,0.4444444547096888,0.848484855890274,0.890909096327695,0.6121212287382646,0.4848484971306541,0.8424242463978854,0.7636363706805489,0.6121212211522189,0.6060606154528532,1,-0.2848484808748418,0.4848484971306541,0.02170623891151043,-0.41666666318972906,0.4444444547096888,0.02277189824495823,-1.0,0.0,0.16402116670179626,-0.16161616074316437,0.16161616074316437
GradDiff,suppressed,523,0.7782135130922779,0.5900653666140986,0.8960348618186378,1.0,1.0,0.6666666865348816,0.0,0.6666666865348816,0.6666666865348816,0.3333333432674408,0.3333333432674408,0.9166666716337204,0.9222222248713176,0.9833333343267441,0.7944444492459297,0.3222222293416659,0.3722222303350767,0.3333333412806193,0.3722222298383713,0.9818181829019026,0.9878787886012684,0.8060606122016907,0.9939393943006342,0.5696969785473563,0.7454545535824516,0.8000000059604645,0.8181818241422827,1,-0.16969696445898574,0.5696969785473563,0.021199002098602437,-0.5499999950329463,0.3222222293416659,0.08986478377000014,-0.6666666567325592,0.0,0.10582010739694836,-0.4459595943039114,0.4459595943039114
GradDiff,suppressed,534,0.8784313757045595,0.5900653666140986,0.8960348618186378,1.0,1.0,1.0,1.0,0.0,0.6666666865348816,0.3333333432674408,0.6666666865348816,0.9500000029802322,0.9777777791023254,1.0,0.5500000089406967,0.6777777880430221,0.8333333417773247,0.9333333348234495,0.9833333338300387,0.9757575766606764,0.969696971503171,0.9818181829019026,0.8727272786877373,0.36969697854735634,0.9090909112583507,0.9515151538632133,0.9333333367651159,1,-0.03636363473805515,0.36969697854735634,0.04724124252397403,0.005555554727713297,0.5500000089406967,0.03058053943972987,-0.3333333134651184,0.0,0.1481481470443585,0.04999999706492286,-0.04999999706492286
GradDiff,suppressed,568,0.858387804031372,0.5900653666140986,0.8960348618186378,1.0,0.6666666865348816,0.6666666865348816,0.0,0.0,0.0,0.0,0.0,1.0,0.5722222323218982,0.8055555656552315,0.9444444477558136,0.9777777791023254,0.6888888970017433,0.9944444447755814,0.9833333343267441,0.9939393943006342,0.8121212184429168,0.8424242469397458,0.8363636423241009,0.8303030377084558,0.8484848542646928,0.9878787886012684,1.0,1,0.18787878155708315,0.8121212184429168,0.006237263978922027,0.4111111020048459,0.5722222323218982,0.02815696516338692,-0.6666666865348816,0.0,0.10582011212747572,-0.01666666567325592,0.01666666567325592
GradDiff,suppressed,584,0.8409586109367072,0.5900653666140986,0.8960348618186378,1.0,1.0,1.0,0.0,0.0,0.0,0.3333333432674408,0.3333333432674408,0.9833333343267441,0.9944444447755814,0.8388888960083326,0.8777777835726738,0.8166666756073634,0.861111119389534,0.9000000059604645,0.9333333373069763,0.969696971503171,0.9636363652619448,0.8181818230585618,0.7272727337750522,0.7818181899460879,0.8484848569739949,0.860606067830866,0.9333333362232555,1,-0.03030302903868931,0.7272727337750522,0.0067759846499930755,-0.06111110746860504,0.8166666756073634,0.0036419749692266448,-0.6666666567325592,0.0,0.20105820074283257,1.083720779782027e-09,-1.083720779782027e-09
GradDiff,suppressed,641,0.7019607926895417,0.5900653666140986,0.8960348618186378,1.0,1.0,0.6666666865348816,0.6666666865348816,0.6666666865348816,0.0,0.0,0.0,1.0,0.8777777820825576,0.9833333343267441,0.5166666741172473,0.5944444596767425,0.8388888940215111,0.9000000059604645,0.7888888984918594,0.7575757649811832,0.7636363706805489,0.7757575815374201,0.33939394788308574,0.7636363755572926,0.6606060716238888,0.7393939489668065,0.6606060721657493,1,-0.10303029851479961,0.33939394788308574,0.023831387438090837,-0.08888888359069824,0.5166666741172473,0.02873309706394146,-1.0,0.0,0.1746031793337021,0.1282828263261101,-0.1282828263261101
GradDiff,suppressed,644,0.8745098093366311,0.5900653666140986,0.8960348618186378,1.0,1.0,1.0,0.6666666865348816,1.0,0.6666666865348816,0.0,0.0,1.0,1.0,0.9944444447755814,0.9722222238779068,0.8666666716337204,0.5444444596767426,0.7333333467443784,0.861111119389534,0.9878787886012684,0.9878787886012684,0.9818181829019026,0.9939393943006342,0.8606060634959828,0.7454545579173348,0.7757575853304429,0.8181818257678639,1,-0.16969696283340452,0.7454545579173348,0.011358606726148817,-0.138888880610466,0.5444444596767426,0.02760140895698965,-1.0,0.0,0.20105820168893815,0.042929293621670084,-0.042929293621670084
GradDiff,suppressed,672,0.7795207040372237,0.5900653666140986,0.8960348618186378,1.0,1.0,0.6666666865348816,0.0,0.3333333432674408,0.6666666865348816,0.3333333432674408,0.3333333432674408,0.9277777820825577,0.9944444447755814,0.6611111203829447,0.42222223480542503,0.18333333879709243,0.8722222278515498,0.6888889024655024,0.7000000139077505,0.969696971503171,0.987878788059408,0.7515151603655381,0.6060606170784343,0.4181818263097243,0.9212121253663843,0.8000000086697665,0.8666666740720922,1,-0.1212121139873158,0.4181818263097243,0.03856049576905128,-0.2944444308678309,0.18333333879709243,0.07361845890177236,-0.6666666567325592,0.0,0.10582010692389561,-0.16666666016434173,0.16666666016434173
GradDiff,suppressed,687,0.7093681996943904,0.5900653666140986,0.8960348618186378,1.0,1.0,0.6666666865348816,0.6666666865348816,1.0,0.0,0.3333333432674408,0.3333333432674408,0.933333336810271,0.8333333378036817,0.7722222333153089,0.9388888920346896,0.966666667163372,0.9888888890544574,0.8555555626749992,0.5944444586833318,0.8848484879190271,0.7212121280756864,0.7272727370262146,0.8969697014852004,0.6606060689145868,0.7333333432674408,0.5515151630748402,0.5090909199281173,1,-0.21212120814756907,0.5090909199281173,0.016619877905374215,-0.23888887912034984,0.5944444586833318,0.018744854575076738,-0.6666666567325592,0.0,0.13756613725076913,0.08535353875521456,-0.08535353875521456
GradDiff,suppressed,760,0.7276688531333325,0.5900653666140986,0.8960348618186378,1.0,0.3333333432674408,0.3333333432674408,0.3333333432674408,0.0,1.0,0.3333333432674408,0.3333333432674408,0.9444444477558136,0.9888888895511627,0.7722222333153089,0.7444444561998049,0.6277777830759684,0.12777778158585232,0.6888888999819756,0.8222222293416659,0.9090909118002112,1.0,0.8000000102953477,0.6909091060811823,0.696969706361944,0.32727273269133134,0.6969697041945024,0.7878787945617329,1,-0.21212120543826707,0.32727273269133134,0.04088678952263018,-0.16666666020949683,0.12777778158585232,0.07267195788128353,0.0,0.0,0.08994708915866874,0.03434343477993296,-0.03434343477993296
GradDiff,suppressed,793,0.6636165680448993,0.5900653666140986,0.8960348618186378,1.0,1.0,1.0,0.6666666865348816,0.3333333432674408,0.6666666865348816,1.0,0.6666666865348816,0.8222222328186035,1.0,0.9666666686534882,0.933333336810271,0.3444444532195727,0.6722222417593002,0.5944444611668587,0.7111111248532931,0.9393939430063422,0.7696969834241,0.8060606122016907,0.6363636455752633,0.4242424352602525,0.5454545584591952,0.47878789088942786,0.6363636499101465,1,-0.1333333335139535,0.4242424352602525,0.020186278107722076,-0.2888888751467069,0.3444444532195727,0.05652998006625051,-0.3333333134651184,0.3333333432674408,0.06349206018069443,0.0747474749431466,-0.0747474749431466
GradDiff,suppressed,805,0.7350762599044376,0.5900653666140986,0.8960348618186378,1.0,1.0,1.0,0.6666666865348816,1.0,0.3333333432674408,0.6666666865348816,0.6666666865348816,0.9777777791023254,0.8111111188928286,0.900000003973643,0.9888888895511627,0.07222222437461218,0.6000000144044558,0.7777777880430221,0.73333334227403,0.8060606122016907,0.7818181915716691,0.9151515174995769,0.9030303066427058,0.4848484927957708,0.7272727364843542,0.7272727370262146,0.7939394018866799,1,0.012121210315010789,0.4848484927957708,0.02066378015038162,-0.07777777661879859,0.07222222437461218,0.09117136987253614,-0.3333333134651184,0.3333333432674408,0.06349206018069443,-0.060606059612649865,0.060606059612649865
GradDiff,suppressed,853,0.8461873724959256,0.5900653666140986,0.8960348618186378,1.0,0.6666666865348816,1.0,1.0,0.6666666865348816,0.3333333432674408,0.3333333432674408,0.3333333432674408,1.0,1.0,0.8222222328186035,0.7000000124176343,0.6722222402691841,0.7055555726091067,0.6611111288269361,0.8055555671453476,0.9757575772025369,0.8969697031107816,0.800000011920929,0.7878787994384766,0.7696969834241,0.7696969834241,0.9030303088101473,0.9515151544050737,1,0.05454545129429211,0.7696969834241,0.0056425722614188295,-0.1944444328546524,0.6611111288269361,0.014547323634533765,-0.3333333432674408,0.3333333432674408,0.08994708773951059,-0.14595958725972613,0.14595958725972613
GradDiff,suppressed,906,0.8326797465093775,0.5900653666140986,0.8960348618186378,1.0,1.0,1.0,0.0,0.6666666865348816,1.0,0.6666666865348816,0.3333333432674408,0.9944444447755814,0.9944444447755814,0.9888888895511627,0.9277777820825577,0.6277777925133705,0.9888888895511627,0.9833333343267441,1.0,0.903030308268287,0.9454545487057079,0.8666666740720922,0.7030303191054951,0.5636363804340363,0.8727272803133185,0.8363636461171237,0.9272727316076105,1,-0.018181817098097408,0.5636363804340363,0.018631333602606468,0.00555555522441864,0.6277777925133705,0.018362726369135763,-0.6666666567325592,0.0,0.14814814704435852,0.07272726839238952,-0.07272726839238952
GradDiff,suppressed,917,0.8457516388565887,0.5900653666140986,0.8960348618186378,1.0,0.6666666865348816,0.3333333432674408,1.0,0.6666666865348816,0.0,0.3333333432674408,0.3333333432674408,0.9388888915379842,0.8722222263614337,0.9944444447755814,0.8000000094374021,0.7055555626749992,0.25000000596046446,0.705555567642053,0.8388888970017433,0.9757575772025369,0.8484848526391116,0.9575757590207187,0.8787878833033822,0.9030303077264266,0.6363636444915425,0.7696969758380543,0.8121212222359397,1,-0.03636363040317181,0.6363636444915425,0.010963312355304065,-0.033333329359690356,0.25000000596046446,0.056341857233340446,-0.3333333432674408,0.0,0.10582010692389561,0.02676767476580355,-0.02676767476580355
GradDiff,suppressed,919,0.8169934699348375,0.5900653666140986,0.8960348618186378,1.0,0.6666666865348816,1.0,0.0,0.3333333432674408,0.3333333432674408,0.3333333432674408,0.3333333432674408,0.8833333378036817,0.9500000029802322,0.9888888895511627,0.3055555591980616,0.3500000059604645,0.9833333343267441,0.7611111253499985,0.7277777940034866,0.9333333373069763,0.9515151544050737,0.921212124824524,0.539393949508667,0.503030313686891,0.878787884387103,0.8787878854708238,0.8363636461171237,1,-0.11515150828795007,0.503030313686891,0.03438541157984069,-0.2222222089767456,0.3055555591980616,0.0841431504047352,-0.3333333432674408,0.0,0.10052910084446909,-0.10858585211363703,0.10858585211363703
GradDiff,suppressed,921,0.7790849757739922,0.5900653666140986,0.8960348618186378,1.0,1.0,1.0,0.3333333432674408,1.0,0.3333333432674408,0.3333333432674408,0.6666666865348816,1.0,0.9944444447755814,0.7666666805744171,0.5388889009753863,0.3611111218730609,0.3444444542129835,0.6722222343087196,0.5722222353021303,0.8909090974114158,0.9757575766606764,0.9757575766606764,0.7030303147706118,0.5333333492279053,0.8727272781458768,0.8545454626733606,0.7757575869560241,1,-0.19999998970465227,0.5333333492279053,0.024994532353001583,-0.422222209473451,0.3444444542129835,0.05251763556356259,-0.3333333134651184,0.3333333432674408,0.111111107799742,-0.2035353516538938,0.2035353516538938
GradDiff,suppressed,947,0.672766891297172,0.5900653666140986,0.8960348618186378,1.0,0.3333333432674408,0.0,0.0,0.3333333432674408,0.0,0.0,0.0,0.9722222238779068,0.9611111134290695,0.6722222367922465,0.055555557211240135,0.8722222248713175,0.44444445421298345,0.7166666785875956,0.6388888994852702,0.8545454572547566,0.7454545487057079,0.45454546538266266,0.3878787940198725,0.7272727337750522,0.3878787967291745,0.6424242518164894,0.7575757638974623,1,0.012121215191754353,0.3878787940198725,0.02896497396929878,-0.32222221394379935,0.055555557211240135,0.09029247526852509,-0.3333333432674408,0.0,0.02645502803186893,-0.11868686441219212,0.11868686441219212
GradDiff,suppressed,992,0.8636165611884173,0.5900653666140986,0.8960348618186378,1.0,1.0,1.0,0.0,0.0,0.3333333432674408,0.3333333432674408,0.3333333432674408,1.0,1.0,0.9722222238779068,0.7000000064571699,0.8555555601914724,0.7666666731238365,0.8722222263614337,0.9555555577079455,0.9454545470801267,0.8666666702790694,0.8121212179010565,0.4666666740720922,0.8606060662052848,0.836363638531078,0.9333333351395346,0.9030303061008453,1,0.03636363582177593,0.4666666740720922,0.024700686014330883,-0.044444442292054465,0.7000000064571699,0.012385361023128988,-0.6666666567325592,0.0,0.17460317365706915,0.0525252516071002,-0.0525252516071002
GradDiff,suppressed,994,0.8318082845288944,0.5900653666140986,0.8960348618186378,1.0,1.0,1.0,0.6666666865348816,0.0,0.3333333432674408,0.0,0.0,0.8333333392937978,0.938888892531395,1.0,0.5944444517294566,0.8611111164093017,0.9611111134290695,0.8666666696468989,0.7944444512327512,0.878787884387103,0.8787878827615218,0.9030303061008453,0.8060606105761094,0.8909090941602533,0.8787878833033822,0.7696969774636355,0.7939394002610987,1,-0.0848484825004231,0.7696969774636355,0.0029244827581977237,-0.14444444129864376,0.5944444517294566,0.01848471426739545,-1.0,0.0,0.21164021290168566,0.0005050509716525431,-0.0005050509716525431
GradDiff,suppressed,1008,0.8819172145494449,0.5900653666140986,0.8960348618186378,1.0,1.0,0.3333333432674408,0.3333333432674408,0.0,0.6666666865348816,0.0,0.0,1.0,1.0,0.6833333397905031,0.7111111248532931,0.6500000074505806,1.0,0.9333333353201548,0.8888888930281004,1.0,0.9878787886012684,0.9575757590207187,0.7454545530405912,0.5696969758380543,0.9151515174995769,0.9272727299820293,0.9515151538632133,1,-0.03636363473805515,0.5696969758380543,0.023173727959380122,-0.11111110697189963,0.6500000074505806,0.023255436728888603,-1.0,0.0,0.14814815035572765,-0.06262626083511291,0.06262626083511291
GradDiff,suppressed,1093,0.81786492977267,0.5900653666140986,0.8960348618186378,1.0,1.0,1.0,0.0,0.6666666865348816,0.0,0.6666666865348816,1.0,0.7111111169060071,0.9944444447755814,0.533333346247673,0.4222222283482552,0.8277777805924416,0.6722222333153088,0.7277777875463168,0.6722222328186035,0.9090909123420715,0.9272727305238897,0.6606060672890056,0.8909090957858345,0.7333333400162784,0.842424248565327,0.8121212200684981,0.8727272781458768,1,-0.05454545237801289,0.6606060672890056,0.008799684968157955,-0.32222221195697787,0.4222222283482552,0.03498677137181349,0.0,0.0,0.20105820168893815,-0.2005050453272733,0.2005050453272733
GradDiff,suppressed,1095,0.6331154747726092,0.5900653666140986,0.8960348618186378,1.0,0.6666666865348816,0.0,0.6666666865348816,1.0,0.6666666865348816,0.0,0.0,0.8111111208796501,0.8388888950149218,0.2833333407839139,0.3388888955116272,0.8222222298383712,1.0,0.9888888895511627,0.5166666756073633,0.7454545530405912,0.8303030355410143,0.278787884387103,0.6060606116598303,0.5393939500505274,0.8545454567128962,0.7030303082682869,0.6848484911701896,1,-0.1454545443708246,0.278787884387103,0.03832261970475941,-0.32222221940755846,0.2833333407839139,0.09059082740145807,-0.6666666865348816,0.0,0.17460317933370206,-0.1681818155628263,0.1681818155628263
GradDiff,suppressed,1154,0.7986928161063225,0.5900653666140986,0.8960348618186378,1.0,1.0,1.0,0.0,0.3333333432674408,0.3333333432674408,0.3333333432674408,0.3333333432674408,0.9277777815858523,0.9777777791023254,0.9611111119389534,0.5777777850627899,0.6888888970017433,0.9555555582046509,0.922222226858139,0.9277777820825577,0.6181818273934451,0.8060606132854115,0.848484855890274,0.7212121275338259,0.4727272819388996,0.8242424325509505,0.8969697020270607,0.921212124824524,1,0.11515151153911252,0.4727272819388996,0.023114259062704107,-0.04999999701976776,0.5777777850627899,0.025101410156703932,-0.6666666567325592,0.0,0.14285714096493196,0.006565657258033708,-0.006565657258033708
GradDiff,suppressed,1160,0.7494553450665443,0.5900653666140986,0.8960348618186378,1.0,0.6666666865348816,0.6666666865348816,0.3333333432674408,0.3333333432674408,0.3333333432674408,0.3333333432674408,0.3333333432674408,1.0,0.9000000034769376,0.6111111278335254,0.5722222328186035,0.2000000054637591,0.6222222323218981,0.48333334376414616,0.5611111223697662,0.9393939430063422,0.7818181937391108,0.6242424347183921,0.8727272786877373,0.478787887096405,0.848484855890274,0.7878787940198725,0.8666666708209297,1,0.08484847708181897,0.478787887096405,0.02169574496685492,-0.3388888811071714,0.2000000054637591,0.04293062895807994,-0.3333333432674408,0.3333333432674408,0.02645502803186893,-0.3055555484511635,0.3055555484511635
GradDiff,suppressed,1178,0.8893246247877483,0.5900653666140986,0.8960348618186378,1.0,0.6666666865348816,0.6666666865348816,0.0,0.3333333432674408,0.3333333432674408,0.0,0.0,0.922222226858139,0.9666666686534882,0.9833333343267441,1.0,1.0,0.611111119389534,0.794444456199805,0.8222222318251927,0.8606060689145868,0.8909090974114158,0.8484848575158552,0.9696969704194502,1.0,0.8242424336346713,0.8121212227778001,0.8363636461171237,1,-0.05454545129429211,0.8121212227778001,0.005518386681541002,-0.14444443682829544,0.611111119389534,0.021650498507874028,-0.6666666865348816,0.0,0.08994709530835437,-0.014141414291930943,0.014141414291930943
GradDiff,suppressed,1180,0.6444444535994062,0.5900653666140986,0.8960348618186378,1.0,1.0,1.0,0.3333333432674408,1.0,0.6666666865348816,0.0,0.0,1.0,1.0,0.8666666746139526,0.6666666845480601,0.2500000074505806,0.6666666865348816,0.6666666865348816,0.6888889064391454,0.9757575772025369,0.9818181823600423,0.7696969774636355,0.36969698071479795,0.2787878865545446,0.5212121351198716,0.6545454697175459,0.7272727419029582,1,-0.25454544045708405,0.2787878865545446,0.05911058539811296,-0.31111109356085465,0.2500000074505806,0.05374338526942329,-1.0,0.0,0.21164021148252746,-0.038383835463812854,0.038383835463812854
GradDiff,forgotten,226,0.6788671092659819,0.5900653666140986,0.8960348618186378,1.0,1.0,1.0,1.0,0.3333333432674408,0.0,0.6666666865348816,0.0,0.9888888895511627,0.8055555656552315,0.4611111203829447,0.08888889153798421,0.4944444537162781,0.8333333373069763,0.48888889998197554,0.4166666766007741,0.9454545470801267,0.8000000097534873,0.8303030382503163,0.2727272776040164,0.4060606127435511,0.8484848520972512,0.7757575831630014,0.6848484927957709,0,-0.11515151695771642,0.2727272776040164,0.052101972395760004,-0.38888888905445734,0.08888889153798421,0.06349500335393796,-1.0,0.0,0.21164021148252746,-0.26818181619499676,0.26818181619499676
GradDiff,forgotten,706,0.6540305142698725,0.5900653666140986,0.8960348618186378,1.0,1.0,0.0,0.3333333432674408,1.0,0.3333333432674408,0.6666666865348816,0.3333333432674408,0.7500000149011612,0.6444444636503855,0.4000000114242236,0.6555555736025175,0.7666666800777118,0.15555556019147238,0.6388889074325561,0.6777777964870135,0.872727279771458,0.7151515315879475,0.5878787994384765,0.6606060710820285,0.40000001192092893,0.6969697096131064,0.7515151652422818,0.7393939538435502,0,0.02424242225560269,0.40000001192092893,0.015203113632587062,0.03333333283662798,0.15555556019147238,0.04469870857679798,-0.6666666567325592,0.0,0.14285714191103746,-0.061616157356536694,0.061616157356536694
GradDiff,forgotten,726,0.6100217958291371,0.5900653666140986,0.8960348618186378,1.0,0.6666666865348816,1.0,0.3333333432674408,0.0,1.0,0.3333333432674408,0.3333333432674408,0.8833333397905032,0.7833333392937978,0.6500000139077504,0.6222222338120142,0.866666671137015,0.7833333442608515,0.6611111203829447,0.6055555666486422,0.8848484868353064,0.5696969796310771,0.5878787967291745,0.7030303147706118,0.721212130243128,0.5515151636167006,0.345454554124312,0.4666666773232547,0,-0.10303030230782245,0.345454554124312,0.01700642800309223,-0.1777777726451556,0.6055555666486422,0.00998383252398013,-0.3333333432674408,0.0,0.14285714191103746,0.1388888893253875,-0.1388888893253875
GradDiff,forgotten,1028,0.8636165616948621,0.5900653666140986,0.8960348618186378,1.0,1.0,1.0,0.6666666865348816,0.6666666865348816,0.3333333432674408,0.3333333432674408,0.3333333432674408,1.0,0.9722222238779068,0.9944444447755814,0.24444445172945659,0.8777777825792631,0.7277777845660846,0.9722222233812015,0.9333333373069763,0.9454545476219871,0.9696969709613107,0.8909090925346721,0.7090909188443965,0.9151515196670186,0.6242424325509505,0.9515151538632133,0.9272727299820293,0,-0.042424240979281436,0.6242424325509505,0.017856486128897533,-0.03888888657093048,0.24444445172945659,0.07211346148936489,-0.6666666567325592,0.3333333432674408,0.08994708773951059,0.006060607324947065,-0.006060607324947065
GradDiff,forgotten,1054,0.7320261508810754,0.5900653666140986,0.8960348618186378,1.0,1.0,1.0,0.3333333432674408,1.0,0.0,0.3333333432674408,0.3333333432674408,1.0,1.0,0.9277777820825577,0.3611111213763555,0.5722222278515497,0.3722222333153089,0.4722222318251928,0.9166666706403096,0.9090909134257924,0.8848484911701896,0.7818181883205068,0.6121212216940793,0.7393939462575045,0.4545454659245231,0.49090910120443865,0.6181818306446075,0,-0.2666666605255821,0.4545454659245231,0.024389347374384515,-0.0833333293596904,0.3611111213763555,0.07804967452762655,-0.6666666567325592,0.0,0.17460317223791091,0.2984848399957021,-0.2984848399957021
RMU,suppressed,162,0.7703703772787954,0.5559041451122247,0.8860130762820151,1.0,1.0,0.6666666865348816,1.0,1.0,0.6666666865348816,1.0,1.0,0.861111119389534,0.6277777845660846,0.7666666805744171,0.6166666766007741,0.5777777855594953,0.7944444566965103,0.8444444487492243,0.9055555587013563,0.9757575772025369,0.703030310977589,0.8121212227778001,0.8545454626733606,0.8909090968695554,0.7151515245437622,0.860606065121564,0.9575757601044395,1,0.2545454491268505,0.703030310977589,0.00851982995727639,0.2777777741352717,0.5777777855594953,0.015967077904767965,0.0,0.6666666865348816,0.02645502330134164,-0.052020201403083166,0.052020201403083166
RMU,suppressed,200,0.8065359535170535,0.5559041451122247,0.8860130762820151,1.0,1.0,1.0,1.0,0.3333333432674408,0.6666666865348816,0.3333333432674408,0.0,1.0,0.6944444547096889,0.700000009437402,0.4444444557030996,0.45000001341104506,0.8111111208796501,0.4944444552063942,0.8555555606881777,1.0,0.7878787999803369,0.7272727343169125,0.7454545519568704,0.7515151619911193,0.9454545481638474,0.7939393980936571,0.9090909134257924,1,0.12121211344545546,0.7272727343169125,0.007222003222470991,0.16111110597848888,0.4444444557030996,0.029617871135727298,-1.0,0.0,0.16402116244432163,-0.05353535273761467,0.05353535273761467
RMU,suppressed,209,0.7760348640625773,0.5559041451122247,0.8860130762820151,1.0,0.6666666865348816,0.6666666865348816,1.0,0.6666666865348816,0.3333333432674408,0.3333333432674408,0.3333333432674408,1.0,0.9055555601914723,0.9944444447755814,0.9166666716337204,0.9000000029802322,0.6833333522081375,0.8222222318251927,0.8500000074505806,0.7696969731287523,0.6909090979532762,0.7757575831630014,0.8848484879190271,0.8000000059604645,0.7212121291594071,0.8484848515553908,0.8666666686534882,1,0.17575757070021203,0.6909090979532762,0.00544492512189429,-0.055555552740891745,0.6833333522081375,0.009551733114013703,-0.3333333432674408,0.3333333432674408,0.06349206301901081,-0.016666661202907607,0.016666661202907607
RMU,suppressed,362,0.640087155111475,0.5559041451122247,0.8860130762820151,1.0,0.3333333432674408,0.6666666865348816,0.6666666865348816,0.6666666865348816,0.3333333432674408,0.3333333432674408,0.3333333432674408,0.7055555711189906,0.6000000163912773,0.7388889024655024,0.7500000114242236,0.9000000054637591,0.7277777880430222,0.6611111243565877,0.6222222362955411,0.642424245856025,0.5090909177606756,0.8181818225167015,0.5151515207507393,0.6181818295608867,0.7878787972710349,0.47272728248076007,0.6666666789488359,1,0.1575757611881603,0.47272728248076007,0.019049368001358726,0.022222219904263762,0.6000000163912773,0.010152850604623238,0.0,0.3333333432674408,0.03174603363824272,-0.044444442653294836,0.044444442653294836
RMU,suppressed,373,0.8562091534823374,0.5559041451122247,0.8860130762820151,1.0,1.0,1.0,1.0,1.0,0.0,1.0,0.6666666865348816,1.0,0.9833333343267441,0.9833333333333333,1.0,1.0,0.9166666686534881,0.9944444447755814,0.9500000019868214,0.9757575766606764,0.8848484890027479,0.9090909096327695,0.9515151522376321,0.8121212173591961,0.5636363674293865,0.818181824684143,0.7212121313268488,1,-0.16363635767589912,0.5636363674293865,0.017347500563981457,-0.03333333233992264,0.9166666686534881,0.0009656084146238949,-0.3333333134651184,0.0,0.14285714191103746,0.22878787065997264,-0.22878787065997264
RMU,suppressed,376,0.8326797433927946,0.5559041451122247,0.8860130762820151,1.0,1.0,1.0,1.0,0.6666666865348816,0.6666666865348816,0.3333333432674408,0.3333333432674408,1.0,0.9166666686534881,0.9055555606881778,0.9000000034769376,0.5222222278515498,0.7166666726271311,0.7166666731238365,0.6555555631717046,1.0,0.8969696998596192,0.8727272786877373,0.7757575842467221,0.8787878833033822,0.6727272792295976,0.8545454599640586,0.8909090952439742,1,-0.006060604615644949,0.6727272792295976,0.0067549956478743815,-0.2611111054817835,0.5222222278515498,0.022751322352644418,-0.6666666567325592,0.3333333432674408,0.08994708679340513,-0.2353535320722696,0.2353535320722696
RMU,suppressed,400,0.6614379213915931,0.5559041451122247,0.8860130762820151,1.0,1.0,0.6666666865348816,1.0,0.6666666865348816,0.6666666865348816,0.6666666865348816,0.6666666865348816,0.6888889049490293,0.5555555706222852,0.4444444557030996,0.4722222362955411,0.7444444542129834,0.6666666795810063,0.5444444591800371,0.755555569132169,0.6060606214133176,0.7575757720253684,0.5939394078471444,0.6363636504520069,0.6848484982143749,0.5575757709416476,0.49090910337188026,0.6303030442107808,1,-0.12727272781458765,0.49090910337188026,0.007454632997742176,0.19999999850988381,0.4444444557030996,0.015842151530021293,-0.3333333134651184,0.6666666865348816,0.02645502330134164,0.12525252492138828,-0.12525252492138828
RMU,suppressed,405,0.6222222295072343,0.5559041451122247,0.8860130762820151,1.0,1.0,0.0,0.0,1.0,0.3333333432674408,1.0,1.0,0.9444444472591083,0.755555569132169,0.3444444492459297,0.3444444477558136,0.26111111243565877,0.8111111164093018,0.5500000104308128,0.33333334177732465,0.8787878833033822,0.6787878854708238,0.3636363712224093,0.6121212227778001,0.7272727326913313,0.7636363723061301,0.739393949508667,0.6000000075860457,1,-0.07878787788477815,0.3636363712224093,0.018839477045638525,-0.4222222273548444,0.26111111243565877,0.04940182356664289,0.0,0.0,0.23809523714913264,-0.266666665808721,0.266666665808721
RMU,suppressed,415,0.6980392259320403,0.5559041451122247,0.8860130762820151,1.0,1.0,0.6666666865348816,0.6666666865348816,1.0,0.3333333432674408,1.0,1.0,0.9055555611848831,0.600000015894572,0.6333333472410838,0.8722222293416659,0.5444444502393405,0.7833333383003871,0.7277777850627899,0.5000000099341074,0.9333333373069763,0.642424260486256,0.5636363798921759,0.6848484982143749,0.5878788016059182,0.8242424320090901,0.6242424368858337,0.5151515267112038,1,-0.12727273377505222,0.5151515267112038,0.010024049682774415,-0.10000000596046454,0.5000000099341074,0.01797765975070135,0.0,0.3333333432674408,0.06878306531401547,-0.015151516777096363,0.015151516777096363
RMU,suppressed,478,0.5625272385045594,0.5559041451122247,0.8860130762820151,1.0,0.3333333432674408,0.0,0.0,1.0,0.0,1.0,1.0,0.8000000074505806,0.150000003973643,0.1444444477558136,0.2500000074505806,0.2611111188928286,0.9555555582046509,0.20555556168158848,0.18333333879709243,0.848484855890274,0.5818181888623671,0.442424248565327,0.41212121898477727,0.45454546050591904,0.9939393943006342,0.503030308268287,0.460606065121564,1,-0.12121212374080315,0.41212121898477727,0.041331058701781206,0.03333333482344944,0.1444444477558136,0.08377278020781746,0.6666666567325592,0.0,0.25396825349520125,-0.27727272632447153,0.27727272632447153
RMU,suppressed,482,0.5777777882183299,0.5559041451122247,0.8860130762820151,1.0,1.0,0.6666666865348816,0.6666666865348816,0.3333333432674408,0.6666666865348816,0.3333333432674408,0.3333333432674408,0.5222222357988358,0.3944444532195727,0.8388888955116272,0.8555555641651154,0.4555555656552315,0.6611111228664716,0.5333333427707354,0.35555556366840996,0.5878787983547558,0.4242424347183921,0.5575757649811831,0.5515151581980965,0.5090909204699776,0.6121212244033813,0.5939394056797027,0.6303030425851995,1,0.2060606078668074,0.4242424347183921,0.004944685028453076,-0.038888889551162764,0.35555556366840996,0.04197236905525986,-0.6666666567325592,0.3333333432674408,0.06349206301901081,-0.2747474789167896,0.2747474789167896
RMU,suppressed,576,0.8679738595594768,0.5559041451122247,0.8860130762820151,1.0,0.0,0.6666666865348816,1.0,1.0,0.0,1.0,1.0,1.0,0.7611111169060071,0.9500000024835269,0.5444444557030995,0.783333336810271,0.3666666731238365,0.45555556068817776,0.7222222283482551,0.9757575766606764,0.8909090930765325,1.0,0.9636363658038053,0.9454545470801267,0.8424242474816063,0.890909093618393,0.860606065121564,1,-0.03030302795496853,0.8424242474816063,0.0033145304051260416,-0.038888888557751966,0.3666666731238365,0.04240152787432505,1.0,0.0,0.22222222222222224,-0.1383838367733089,0.1383838367733089
RMU,suppressed,604,0.7860566543987374,0.5559041451122247,0.8860130762820151,1.0,0.6666666865348816,1.0,1.0,1.0,0.3333333432674408,0.6666666865348816,0.6666666865348816,0.9777777791023254,0.41111112336317696,0.9833333343267441,0.9833333343267441,0.7666666805744171,0.9722222238779068,0.7111111278335254,0.783333346247673,0.8181818236004222,0.6303030442107808,0.8000000097534873,0.8363636423241009,0.8242424341765318,0.800000009211627,0.7030303191054951,0.6848484992980957,1,0.0545454550873149,0.6303030442107808,0.006438409579202117,0.3722222228844961,0.41111112336317696,0.04289829299554698,0.0,0.3333333432674408,0.06349206018069443,0.09848484694957738,-0.09848484694957738
RMU,suppressed,633,0.7616557781992395,0.5559041451122247,0.8860130762820151,1.0,0.6666666865348816,0.3333333432674408,1.0,0.0,0.6666666865348816,0.0,0.0,1.0,0.7888888974984487,0.9111111164093018,0.866666671137015,0.700000007947286,0.316666675110658,0.4222222278515498,0.30000000695387524,0.9818181829019026,0.8848484906283292,0.9090909123420715,0.8666666713627902,0.8303030349991538,0.5878787945617329,0.6909090979532762,0.6909090968695554,1,-0.19393939375877378,0.5878787945617329,0.015080676639891669,-0.48888889054457346,0.30000000695387524,0.06897854172341583,-0.6666666865348816,0.0,0.16402116764790176,-0.39090908991568013,0.39090908991568013
RMU,suppressed,661,0.8261437994981903,0.5559041451122247,0.8860130762820151,1.0,0.6666666865348816,1.0,0.6666666865348816,0.6666666865348816,0.0,0.6666666865348816,0.6666666865348816,0.9444444477558136,0.938888892531395,0.8666666701436043,0.672222238779068,0.9166666716337204,0.8055555671453476,0.9166666716337204,0.9000000059604645,0.848484853180972,0.8000000065023248,0.9575757601044395,0.7818181910298088,0.8121212227778001,0.7575757698579269,0.8424242518164895,0.7939394062215631,1,-0.006060600280761719,0.7575757698579269,0.004320258484717008,-0.03888888657093048,0.672222238779068,0.008752203717617578,0.0,0.0,0.08994709152393249,0.10606059973890136,-0.10606059973890136
RMU,suppressed,667,0.664052295061498,0.5559041451122247,0.8860130762820151,1.0,1.0,0.6666666865348816,0.6666666865348816,0.0,0.3333333432674408,0.0,0.0,1.0,0.7500000129143397,0.5944444586833318,0.5444444606701533,0.4111111208796501,0.37777778804302214,0.7000000104308128,0.8388888960083326,0.9151515196670186,0.878787884387103,0.49090910174629904,0.587878797271035,0.48484849333763125,0.44242425019090825,0.5696969785473563,0.5515151619911194,1,-0.3272727223959836,0.44242425019090825,0.020959376985960357,0.0888888830939929,0.37777778804302214,0.02961787163387812,-1.0,0.0,0.16402116764790176,0.2873737340172132,-0.2873737340172132
RMU,suppressed,672,0.7045751690864563,0.5559041451122247,0.8860130762820151,1.0,0.6666666865348816,0.0,0.6666666865348816,0.6666666865348816,0.0,1.0,1.0,0.9277777820825577,0.41111111889282864,0.9611111129323642,0.877777781089147,0.3166666731238365,0.9111111159125964,0.1277777795990308,0.1055555577079455,0.969696971503171,0.8000000086697665,0.8606060656634245,0.8909090947021138,0.46666667353023183,0.872727279771458,0.4242424309253693,0.3636363690549677,1,-0.4363636396147988,0.3636363690549677,0.05645196545243425,-0.30555556118488314,0.1055555577079455,0.14227219276555073,0.3333333134651184,0.0,0.17460317649538568,-0.2580808113470222,0.2580808113470222
RMU,suppressed,700,0.7485838854624556,0.5559041451122247,0.8860130762820151,1.0,1.0,1.0,1.0,1.0,0.0,1.0,1.0,1.0,0.9944444447755814,0.9055555601914723,0.6444444596767426,0.2833333397905032,0.7000000064571699,0.5222222333153089,0.5777777875463168,0.9696969704194502,0.9454545481638474,0.9030303077264266,0.7696969796310772,0.5515151630748402,0.6606060699983076,0.5878787988966162,0.5393939500505274,1,-0.40606059811332007,0.5393939500505274,0.027969739625125455,-0.41666665722926455,0.2833333397905032,0.05693415519417314,0.0,0.0,0.14285714285714288,0.03838383749578944,-0.03838383749578944
RMU,suppressed,703,0.8740740781126459,0.5559041451122247,0.8860130762820151,1.0,1.0,0.6666666865348816,1.0,0.0,0.0,0.0,0.0,1.0,0.9833333343267441,0.7055555726091067,0.9944444447755814,0.922222226858139,0.9555555582046509,0.8277777840693792,0.7000000134110451,0.9878787886012684,0.9575757601044395,0.7757575858723034,0.9818181829019026,0.8363636396147988,0.8787878822196614,0.8666666702790694,0.8181818236004222,1,-0.1393939365040172,0.7757575858723034,0.005478157842626857,-0.28333332091569896,0.7000000134110451,0.01601704722144445,-1.0,0.0,0.23809523998744905,-0.11818181018937712,0.11818181018937712
RMU,suppressed,706,0.7315904248773663,0.5559041451122247,0.8860130762820151,1.0,0.0,0.3333333432674408,0.6666666865348816,0.6666666865348816,0.0,0.6666666865348816,0.6666666865348816,0.7500000149011612,0.6277777954936028,0.666666679084301,0.6444444606701533,0.622222238779068,0.7500000144044559,0.6500000158945719,0.7555555681387583,0.872727279771458,0.6848484992980957,0.7454545546661724,0.7333333438093012,0.7757575858723034,0.6666666773232547,0.8060606132854115,0.8121212200684981,1,0.12727272077040241,0.6666666773232547,0.0031763520576586026,0.12777777264515555,0.622222238779068,0.0031246324067060465,0.6666666865348816,0.0,0.10052910652110196,-0.056565651929739724,0.056565651929739724
RMU,suppressed,709,0.8396514227966857,0.5559041451122247,0.8860130762820151,1.0,1.0,1.0,1.0,0.6666666865348816,0.3333333432674408,0.6666666865348816,0.6666666865348816,1.0,0.716666683057944,0.7166666805744171,1.0,0.8722222293416659,0.4000000114242236,0.9500000029802322,0.8277777880430222,0.9151515174995769,0.8484848575158552,0.9393939430063422,0.9030303071845661,0.8787878838452425,0.7818181910298088,0.9272727316076105,0.848484855890274,1,-1.6255812251841917e-09,0.7818181910298088,0.002961213632553431,0.11111110498507815,0.4000000114242236,0.040072014856424386,-0.3333333134651184,0.3333333432674408,0.06349206018069443,-0.020707067847251848,0.020707067847251848
RMU,suppressed,713,0.821786499374053,0.5559041451122247,0.8860130762820151,1.0,1.0,1.0,1.0,1.0,0.6666666865348816,1.0,0.3333333432674408,0.7000000109275182,0.7055555666486423,0.9888888895511627,0.8722222298383713,0.8388888950149218,0.6833333482344945,0.7888888994852702,0.48888890345891317,0.696969706361944,0.8727272792295976,0.9575757601044395,0.9515151544050737,0.9757575772025369,0.7575757676904852,0.8545454605059191,0.7575757682323456,1,-0.11515151099725196,0.7575757676904852,0.00847085507249973,-0.2166666631897291,0.48888890345891317,0.025679010899714503,-0.6666666567325592,0.3333333432674408,0.06878306578706818,-0.26868686477343245,0.26868686477343245
RMU,suppressed,752,0.8854030565498702,0.5559041451122247,0.8860130762820151,1.0,1.0,0.6666666865348816,1.0,0.3333333432674408,0.0,0.3333333432674408,0.0,1.0,0.9722222238779068,0.8333333397905032,1.0,0.9444444477558136,0.7555555701255798,0.8333333417773247,0.8833333402872086,0.9878787886012684,0.8909090974114158,0.9454545487057079,0.9575757601044395,0.88484849171205,0.8242424341765318,0.8545454632152211,0.8727272803133185,1,-0.018181817098097297,0.8242424341765318,0.0022580783644160036,-0.08888888359069824,0.7555555701255798,0.007726336619490974,-1.0,0.0,0.17989418020954848,0.01060605997389008,-0.01060605997389008
RMU,suppressed,760,0.6710239738810295,0.5559041451122247,0.8860130762820151,1.0,1.0,0.3333333432674408,0.6666666865348816,0.6666666865348816,0.0,0.3333333432674408,0.3333333432674408,0.9444444477558136,0.8388888910412788,0.7444444492459297,0.7222222298383713,0.5555555681387584,0.3333333432674408,0.7722222323218981,0.8500000069538752,0.9090909118002112,0.8121212162754753,0.5757575809955597,0.6484848564321345,0.6484848613088782,0.5878787988966162,0.751515161449259,0.7515151625329798,1,-0.0606060537424955,0.5757575809955597,0.008164764425658538,0.011111115912596392,0.3333333432674408,0.03396531373371909,-0.6666666567325592,0.0,0.10582010692389561,0.09848484442089545,-0.09848484442089545
RMU,suppressed,781,0.832244011272792,0.5559041451122247,0.8860130762820151,1.0,1.0,1.0,1.0,1.0,0.0,1.0,1.0,0.9777777791023254,0.23333334028720856,0.21111111243565878,0.5166666686534882,0.8166666681567828,0.9611111119389534,0.6722222248713176,0.6777777805924415,0.8606060656634245,0.3393939424644817,0.866666669737209,0.9212121231989427,0.9636363647200844,0.9393939408389005,0.9515151522376321,0.9333333351395346,1,0.5939393926750529,0.3393939424644817,0.05067471221510941,0.444444440305233,0.21111111243565878,0.07991181594117608,0.0,0.0,0.14285714285714288,-0.2555555545470931,0.2555555545470931
RMU,suppressed,788,0.7738562129291834,0.5559041451122247,0.8860130762820151,1.0,0.0,0.3333333432674408,0.0,1.0,0.3333333432674408,1.0,1.0,1.0,0.7944444472591082,0.7111111174027125,0.7111111149191857,0.8222222228844961,0.327777786552906,0.672222226858139,0.7944444482525189,0.7757575772025368,0.7939393997192383,0.8666666691953485,0.7818181839856234,0.7454545492475683,0.7939393991773779,0.9333333345976743,0.7636363668875261,1,-0.030303032831712207,0.7454545492475683,0.0043394987634453415,9.934106870446158e-10,0.327777786552906,0.02861845896852536,1.0,0.0,0.21693121566974302,0.0308080813649928,-0.0308080813649928
RMU,suppressed,807,0.7328976085372999,0.5559041451122247,0.8860130762820151,1.0,1.0,1.0,1.0,1.0,0.6666666865348816,1.0,1.0,0.9055555611848831,0.9722222233812015,0.8000000074505806,0.9500000029802322,0.15555555919806163,0.14444444874922435,0.6833333417773246,0.9388888920346896,0.9818181829019026,0.8848484879190271,0.842424248565327,0.8848484895446084,0.6000000048767437,0.7878787961873142,0.6181818219748411,0.7272727316076105,1,-0.15757575631141663,0.6000000048767437,0.014239363370045341,-0.03333333134651184,0.14444444874922435,0.1332804230064469,0.0,0.6666666865348816,0.015873013980804984,0.2116161604270791,-0.2116161604270791
RMU,suppressed,812,0.7516339909017475,0.5559041451122247,0.8860130762820151,1.0,0.6666666865348816,1.0,1.0,0.0,0.0,0.0,0.0,0.9944444447755814,1.0,0.9611111134290695,1.0,0.3555555631717046,0.30555556416511537,0.34444445222616193,0.5111111223697662,1.0,0.9757575772025369,0.8121212162754753,0.9333333351395346,0.5090909150513736,0.684848489002748,0.636363643949682,0.5090909161350944,1,-0.4666666610674425,0.5090909150513736,0.036090777082173016,-0.4888888776302338,0.30555556416511537,0.10983979743738377,-0.6666666865348816,0.0,0.23809523998744905,0.0020202062346718064,-0.0020202062346718064
RMU,suppressed,831,0.6379085045624403,0.5559041451122247,0.8860130762820151,1.0,1.0,1.0,1.0,1.0,0.0,1.0,1.0,1.0,0.8722222258647283,0.638888897995154,0.9055555606881778,0.4555555587013563,0.9000000024835269,0.3777777815858523,0.28888889253139494,0.8545454599640586,0.533333344893022,0.5333333481441844,0.6424242518164894,0.5272727332331918,0.890909096327695,0.48484849387949164,0.41818182685158467,1,-0.1151515180414373,0.41818182685158467,0.023801652472209677,-0.5833333333333334,0.28888889253139494,0.06964432692274601,0.0,0.0,0.14285714285714288,-0.12929293432018973,0.12929293432018973
RMU,suppressed,917,0.8522875869196225,0.5559041451122247,0.8860130762820151,1.0,0.0,0.0,0.0,0.6666666865348816,0.3333333432674408,0.6666666865348816,0.6666666865348816,0.9388888915379842,0.8000000089406967,0.8833333383003871,0.8333333387970925,0.2777777855594953,0.9222222263614337,0.6444444571932156,0.6722222328186035,0.9757575772025369,0.9878787886012684,0.9393939430063422,0.9636363658038053,0.6545454610477794,0.8363636455752633,0.7696969769217751,0.7333333405581388,1,-0.2545454480431296,0.6545454610477794,0.016292797507818157,-0.12777777612209318,0.2777777855594953,0.0483935913793975,0.6666666865348816,0.0,0.11111111773384952,-0.06111110773953532,0.06111110773953532
RMU,suppressed,981,0.5847494625967313,0.5559041451122247,0.8860130762820151,1.0,1.0,1.0,1.0,0.6666666865348816,0.3333333432674408,0.6666666865348816,0.6666666865348816,1.0,0.9611111129323642,0.6111111169060072,0.7055555666486423,0.4611111203829447,0.7555555646618207,0.3333333412806193,0.31111111988623935,1.0,0.824242426590486,0.624242429299788,0.696969703652642,0.5272727419029583,0.49090910174629904,0.515151528336785,0.5939394051378424,1,-0.23030302145264359,0.49090910174629904,0.013990991239476022,-0.6499999930461249,0.31111111988623935,0.056531451366084055,-0.3333333134651184,0.3333333432674408,0.06349206018069443,-0.28282828525160303,0.28282828525160303
RMU,suppressed,992,0.8618736430320865,0.5559041451122247,0.8860130762820151,1.0,1.0,0.0,0.6666666865348816,0.0,0.0,0.0,0.0,1.0,0.7888888950149219,0.666666671137015,0.5000000064571698,0.5722222273548444,0.6777777930100759,0.9888888895511627,0.8722222263614337,0.9454545470801267,0.848484855890274,0.9333333356813951,0.7333333383906971,0.8666666713627902,0.7333333438093012,0.9090909118002112,0.9333333362232555,1,0.08484848033298154,0.7333333383906971,0.0074791198106967105,0.08333333134651177,0.5000000064571698,0.02916372655551973,-1.0,0.0,0.17460317744149112,-0.06111110986182189,0.06111110986182189
RMU,suppressed,1007,0.8444444514957129,0.5559041451122247,0.8860130762820151,1.0,0.6666666865348816,0.6666666865348816,1.0,0.6666666865348816,0.3333333432674408,0.3333333432674408,0.3333333432674408,0.9944444447755814,0.8277777845660845,0.8055555671453476,0.9611111134290695,0.6777777969837189,0.5555555666486423,0.6000000178813935,0.6833333522081375,0.9575757601044395,0.8969696998596192,0.9090909145095132,0.8848484906283292,0.8606060683727265,0.6909090995788574,0.8000000102953477,0.8606060689145868,1,-0.036363630945032366,0.6909090995788574,0.0057720055264875005,-0.14444443235794702,0.5555555666486423,0.02015284990319118,-0.3333333432674408,0.3333333432674408,0.06349206301901081,-0.17727271670644928,0.17727271670644928
RMU,suppressed,1008,0.7586056695654501,0.5559041451122247,0.8860130762820151,1.0,1.0,1.0,1.0,1.0,0.0,1.0,1.0,1.0,0.7166666731238365,0.4000000094374021,0.9555555582046509,0.46111111889282863,0.6388888945182164,0.6000000054637591,0.7055555616815885,1.0,0.9757575772025369,0.7454545541243119,0.8484848526391116,0.7393939478830858,0.6424242480234666,0.7090909150513736,0.8484848537228324,1,-0.12727272347970442,0.6424242480234666,0.012359088326559716,-0.011111111442247967,0.4000000094374021,0.03349206278025053,0.0,0.0,0.14285714285714288,-0.14292929204124394,0.14292929204124394
RMU,suppressed,1013,0.6714597029623642,0.5559041451122247,0.8860130762820151,1.0,1.0,0.6666666865348816,1.0,1.0,0.3333333432674408,0.6666666865348816,0.3333333432674408,1.0,1.0,0.938888892531395,0.9944444447755814,0.6166666810711224,0.5777777895331383,0.47777778655290604,0.5277777860562006,0.9939393943006342,0.9757575766606764,0.7272727391936562,0.9393939424644817,0.587878799980337,0.4545454680919647,0.46060607054016806,0.3696969790892167,1,-0.6060605975714597,0.3696969790892167,0.058694300495117126,-0.4722222139437994,0.47777778655290604,0.05448559450177257,-0.6666666567325592,0.3333333432674408,0.08994708679340511,0.1580808069669839,-0.1580808069669839
RMU,suppressed,1029,0.6309368245352327,0.5559041451122247,0.8860130762820151,1.0,0.3333333432674408,0.3333333432674408,0.0,0.0,0.0,0.0,0.0,0.9000000049670537,0.12777778158585232,0.5000000089406967,0.6055555641651154,0.47222222983837125,0.2833333373069763,0.7000000084439914,0.9944444447755814,0.9939393943006342,0.7575757638974623,0.7818181899460879,0.7515151581980966,0.33333333947441796,0.890909093618393,0.49090909686955536,0.5212121297012676,1,-0.23636363419619466,0.33333333947441796,0.03989855237269653,0.8666666631897291,0.12777778158585232,0.07951352118416476,-0.3333333432674408,0.0,0.02645502803186893,0.47323231507431374,-0.47323231507431374
RMU,suppressed,1034,0.7167756054136488,0.5559041451122247,0.8860130762820151,1.0,1.0,0.3333333432674408,1.0,0.3333333432674408,0.0,0.3333333432674408,0.3333333432674408,1.0,0.9166666701436043,0.7611111183961232,0.9444444472591083,0.8111111159125964,0.9611111134290695,0.8888888920346896,0.7333333378036817,0.9636363652619448,0.8727272781458768,0.690909099036997,0.9393939424644817,0.6545454610477794,0.6242424347183921,0.6606060667471452,0.5939394002610987,1,-0.2787878778847781,0.5939394002610987,0.017529406186410374,-0.18333333233992255,0.7333333378036817,0.008268665241571403,-0.6666666567325592,0.0,0.14285714096493196,0.139393937542583,-0.139393937542583
RMU,suppressed,1058,0.7477124237157162,0.5559041451122247,0.8860130762820151,1.0,1.0,1.0,1.0,1.0,0.6666666865348816,0.6666666865348816,0.6666666865348816,1.0,1.0,1.0,1.0,0.9777777791023254,0.4277777890364329,1.0,0.9722222238779068,0.8484848548065532,0.8000000059604645,0.830303036624735,0.830303033915433,0.7393939451737838,0.5333333373069763,0.7757575799118389,0.7151515223763206,1,-0.08484848358414387,0.5333333373069763,0.010706196215735627,-0.0277777761220932,0.4277777890364329,0.04556584187066606,-0.3333333134651184,0.6666666865348816,0.03174602796160997,0.2570707015015862,-0.2570707015015862
RMU,suppressed,1059,0.7350762582682316,0.5559041451122247,0.8860130762820151,1.0,0.0,0.3333333432674408,0.3333333432674408,0.3333333432674408,0.0,0.0,0.0,1.0,0.58333334227403,0.9777777791023254,0.15555556019147238,0.3888888989885648,0.9611111129323642,0.2500000069538752,0.0833333358168602,0.969696971503171,0.7696969763799147,0.9454545481638474,0.5696969752961939,0.5757575842467222,0.9030303066427058,0.7818181910298088,0.6909090995788574,1,-0.07878787680105737,0.5696969752961939,0.021559315635992334,-0.5000000064571698,0.0833333358168602,0.13558494911053334,0.0,0.0,0.03174603363824272,-0.6075757637619972,0.6075757637619972
RMU,suppressed,1089,0.7551198317334542,0.5559041451122247,0.8860130762820151,1.0,0.3333333432674408,0.6666666865348816,1.0,0.3333333432674408,0.3333333432674408,0.3333333432674408,0.3333333432674408,0.9833333343267441,0.7111111169060071,0.47222223281860354,0.8444444497426351,0.7388888989885648,0.8666666706403097,0.800000003973643,0.7833333373069763,0.9272727310657501,0.7696969752961939,0.7272727359424938,0.9272727305238897,0.8060606127435511,0.5151515223763206,0.8000000070441853,0.7515151592818173,1,-0.018181816014376517,0.5151515223763206,0.015468975209382898,0.07222222040096915,0.47222223281860354,0.017463256315115208,0.0,0.3333333432674408,0.06878306767927912,0.03181817802515896,-0.03181817802515896
RMU,suppressed,1097,0.636601315760145,0.5559041451122247,0.8860130762820151,1.0,1.0,0.6666666865348816,1.0,0.6666666865348816,0.3333333432674408,1.0,1.0,1.0,0.8611111183961232,0.6333333457509677,0.47222223232189814,0.3444444532195727,0.37777778853972754,0.511111119389534,0.35555556466182076,0.8969696993177587,0.6727272819388996,0.678787889805707,0.5878787994384765,0.6848484933376312,0.7151515218344602,0.6484848564321345,0.5333333410999992,1,-0.13939394083890044,0.5333333410999992,0.004026411258896512,-0.5055555537343024,0.3444444532195727,0.03477219268526314,0.0,0.3333333432674408,0.06878306531401547,-0.17777777643817844,0.17777777643817844
RMU,suppressed,1121,0.704139440199908,0.5559041451122247,0.8860130762820151,1.0,1.0,1.0,0.6666666865348816,1.0,1.0,0.6666666865348816,0.6666666865348816,0.6555555641651154,0.8277777835726738,0.872222226858139,0.916666671137015,0.9833333343267441,0.5500000084439913,0.9944444447755814,0.894444449742635,0.63636364124038,0.8060606132854115,0.8303030344572935,0.8363636434078217,0.8484848542646928,0.6242424320090901,0.6969697069038044,0.5818181931972504,1,-0.2242424200881611,0.5818181931972504,0.0122611390988668,0.0666666661699612,0.5500000084439913,0.022486771744868125,-0.3333333134651184,0.6666666865348816,0.03174602796160997,0.3126262565453847,-0.3126262565453847
RMU,suppressed,1149,0.8226579569134058,0.5559041451122247,0.8860130762820151,1.0,0.6666666865348816,0.6666666865348816,0.6666666865348816,0.3333333432674408,0.0,0.0,0.3333333432674408,0.7111111203829448,0.9611111129323642,0.6944444502393404,0.2500000074505806,0.7944444527228673,0.933333336810271,0.6222222298383713,0.60555556366841,0.8303030355410143,0.9454545487057079,0.9090909118002112,0.8787878827615218,0.8606060667471452,0.7454545508731495,0.709090915593234,0.7636363701386886,1,-0.18181817856701932,0.709090915593234,0.008178757031393738,-0.35555554926395416,0.2500000074505806,0.05813785926948606,-0.3333333432674408,0.0,0.08994709530835437,-0.15808080647027856,0.15808080647027856
RMU,suppressed,1243,0.8283224456060946,0.5559041451122247,0.8860130762820151,1.0,1.0,1.0,0.6666666865348816,0.3333333432674408,0.3333333432674408,0.0,0.6666666865348816,0.9888888895511627,0.9777777791023254,0.9611111129323642,1.0,0.6555555686354637,0.1777777815858523,0.666666679084301,0.4222222313284874,0.9757575772025369,0.8545454615896398,0.8969697009433399,0.9636363658038053,0.7575757666067644,0.7757575853304429,0.8303030371665955,0.7757575826211409,1,-0.07878787896849893,0.7575757666067644,0.005632077991177928,-0.5555555477738381,0.1777777815858523,0.09801440181248966,-0.3333333134651184,0.0,0.13756613725076913,-0.3535353512926535,0.3535353512926535
RMU,suppressed,1264,0.8692810505823372,0.5559041451122247,0.8860130762820151,1.0,1.0,1.0,1.0,0.6666666865348816,1.0,0.6666666865348816,0.3333333432674408,0.9888888895511627,0.9833333343267441,0.5888888979951541,0.8166666726271311,0.9000000054637591,0.9777777791023254,0.7888889014720917,0.7388889034589131,0.9696969709613107,1.0,0.6303030382503163,0.7272727316076105,0.8787878860126842,0.9757575772025369,0.8787878854708238,0.8242424325509505,1,-0.17575756744904947,0.6303030382503163,0.017298525812441474,-0.24444443086783096,0.5888888979951541,0.019753085327001294,-0.6666666567325592,0.3333333432674408,0.06878306531401547,-0.08535352909203742,0.08535352909203742
RMU,forgotten,226,0.556862750552059,0.5559041451122247,0.8860130762820151,1.0,1.0,0.3333333432674408,0.0,1.0,0.0,1.0,0.3333333432674408,0.9888888895511627,0.5500000099341075,0.13333333681027096,0.06666666865348816,0.4888888989885648,0.3444444492459297,0.7000000069538752,0.7611111159125964,0.9454545470801267,0.5878787951035933,0.5393939435482025,0.3636363679712469,0.3818181877786463,0.5696969758380543,0.5151515240019018,0.44848485589027404,0,-0.13939393921331927,0.3636363679712469,0.008052822689968582,0.21111110597848892,0.06666666865348816,0.07126249361242322,-0.6666666567325592,0.0,0.21693121566974302,0.31262626002232236,-0.31262626002232236
RMU,forgotten,229,0.7381263670968075,0.5559041451122247,0.8860130762820151,1.0,1.0,1.0,1.0,0.0,1.0,0.0,0.0,0.7944444477558136,0.8500000034769376,0.9388888915379842,0.6722222283482552,0.5666666746139526,0.7944444492459297,0.6388888955116272,0.7666666691501935,0.47878788221966134,0.78787879076871,0.8666666735302319,0.521212127533826,0.7393939462575045,0.4606060672890056,0.7333333410999991,0.7696969774636355,0,-0.018181813305074512,0.4606060672890056,0.022038567451515587,-0.08333333432674406,0.5666666746139526,0.016644620325225793,-1.0,0.0,0.2857142857142857,-0.003030308313441976,0.003030308313441976
RMU,forgotten,247,0.8026143863699795,0.5559041451122247,0.8860130762820151,1.0,0.0,0.3333333432674408,0.6666666865348816,0.3333333432674408,0.0,0.3333333432674408,0.3333333432674408,1.0,0.672222230831782,0.9277777820825577,0.8277777850627899,0.7333333452542623,0.5500000109275182,0.7222222323218982,0.5388889029622078,0.9151515196670186,0.7636363744735718,0.8787878838452425,0.7030303131450306,0.7878787967291745,0.7515151576562361,0.9393939424644817,0.7878787972710349,0,0.024242422797463137,0.7030303131450306,0.00649787883852583,-0.1333333278695742,0.5388889029622078,0.019716342558787552,0.3333333432674408,0.0,0.05291005606373786,-0.24898989430882712,0.24898989430882712
RMU,forgotten,359,0.6522875910880519,0.5559041451122247,0.8860130762820151,1.0,0.6666666865348816,1.0,1.0,1.0,0.3333333432674408,0.3333333432674408,0.3333333432674408,0.761111123363177,0.7055555661519368,0.7500000059604645,0.8000000069538752,0.7833333437641462,0.7277777890364329,0.5888889009753863,0.4666666770974795,0.8242424341765318,0.4242424314672297,0.7515151592818173,0.6242424368858337,0.6545454637570814,0.46666667623953384,0.6000000086697665,0.5878787967291745,0,0.16363636526194486,0.4242424314672297,0.012359088776937192,-0.23888888905445732,0.4666666770974795,0.014362139654318989,-0.3333333432674408,0.3333333432674408,0.11111110779974202,-0.12121211963169504,0.12121211963169504
RMU,forgotten,364,0.6527233178319495,0.5559041451122247,0.8860130762820151,1.0,0.6666666865348816,0.3333333432674408,0.3333333432674408,0.3333333432674408,0.0,0.0,0.0,0.9277777815858523,0.6111111178994179,0.3444444537162781,0.638888900478681,0.9555555577079455,0.03333333432674408,0.8666666706403097,0.7666666736205419,0.8848484895446084,0.7272727332331917,0.4909090974114158,0.6909090984951366,0.8787878822196614,0.4727272776040164,0.7575757644393227,0.6848484927957709,0,-0.04242424043742088,0.4727272776040164,0.021027591846242463,0.155555555721124,0.03333333432674408,0.10222075265796655,-0.6666666865348816,0.0,0.06349206727648543,0.08181818082477099,-0.08181818082477099
RMU,forgotten,397,0.5712418399605096,0.5559041451122247,0.8860130762820151,1.0,0.6666666865348816,0.3333333432674408,0.3333333432674408,1.0,0.3333333432674408,1.0,0.3333333432674408,0.5722222367922465,0.48888889849185946,0.6888889024655024,0.8055555656552315,0.6444444566965103,0.49444445470968884,0.461111123363177,0.21111111740271252,0.6424242534420707,0.600000011920929,0.7939394024285403,0.7696969758380543,0.4606060710820285,0.5818181921135296,0.48484849550507286,0.3272727354006334,0,-0.2727272765202956,0.3272727354006334,0.02818138068007664,-0.27777778108914697,0.21111111740271252,0.03710758438606532,-0.3333333432674408,0.3333333432674408,0.10052909800615263,-0.11616161799792088,0.11616161799792088
RMU,forgotten,443,0.7642701580243951,0.5559041451122247,0.8860130762820151,1.0,0.3333333432674408,0.3333333432674408,0.3333333432674408,0.3333333432674408,0.0,0.3333333432674408,0.0,0.7722222313284874,0.9222222258647282,0.916666671137015,0.811111115415891,0.7611111164093017,0.9166666696468989,0.772222226858139,0.5333333432674408,0.8666666729883714,0.9575757584788582,0.9636363652619448,0.8909090957858345,0.7212121291594071,0.6848484927957709,0.5212121307849884,0.3939394002610987,0,-0.5636363582177595,0.3939394002610987,0.048472603732086596,-0.3888888825972875,0.5333333432674408,0.019253379767963222,-0.3333333432674408,0.0,0.02645502803186893,0.13939394300634206,-0.13939394300634206
RMU,forgotten,523,0.6997821441662856,0.5559041451122247,0.8860130762820151,1.0,0.6666666865348816,0.3333333432674408,0.6666666865348816,0.3333333432674408,1.0,0.0,0.0,0.9166666716337204,0.8333333417773247,0.5444444576899211,0.6055555661519368,0.6388889009753863,0.5944444566965104,0.7055555691321691,0.733333344757557,0.9818181829019026,0.860606067830866,0.6424242529002103,0.5939394024285403,0.6121212233196606,0.8787878854708238,0.7878787978128954,0.8303030371665955,0,-0.030303030664270536,0.5939394024285403,0.01522760033998436,-0.0999999970197677,0.5444444576899211,0.009729570620493422,-0.6666666865348816,0.0,0.13756614008908558,-0.09696969240903852,0.09696969240903852
RMU,forgotten,570,0.6631808385739918,0.5559041451122247,0.8860130762820151,1.0,1.0,1.0,0.6666666865348816,0.3333333432674408,0.3333333432674408,0.3333333432674408,0.3333333432674408,1.0,0.7444444542129834,0.577777789036433,0.5833333462476731,0.544444456199805,0.6777777870496114,0.40555556764205297,0.3000000089406967,0.9878787886012684,0.6969697123224085,0.6424242529002103,0.6060606159947135,0.648484862392599,0.7151515283367851,0.6484848591414365,0.6303030404177579,0,-0.06666667190465059,0.6060606159947135,0.0014377542901317533,-0.4444444452722867,0.3000000089406967,0.02322898293854664,-0.6666666567325592,0.3333333432674408,0.10052909800615263,-0.33030303147706114,0.33030303147706114
RMU,forgotten,584,0.8858387846962299,0.5559041451122247,0.8860130762820151,1.0,0.3333333432674408,1.0,1.0,1.0,0.6666666865348816,1.0,1.0,0.9833333343267441,0.9500000029802322,1.0,0.9722222238779068,0.9944444447755814,0.8333333412806193,1.0,1.0,0.969696971503171,0.8848484911701896,0.9636363658038053,0.842424248565327,0.9575757601044395,0.7878787956454537,0.9575757601044395,0.9212121253663843,0,0.036363634196194705,0.7878787956454537,0.00453539697221822,0.04999999701976776,0.8333333412806193,0.00369194556078023,0.6666666567325592,0.3333333432674408,0.06878306578706816,0.0787878746336157,-0.0787878746336157
RMU,forgotten,591,0.876252727648791,0.5559041451122247,0.8860130762820151,1.0,1.0,1.0,1.0,1.0,0.3333333432674408,1.0,1.0,1.0,1.0,0.827777782579263,0.9944444447755814,0.9222222253680229,0.8222222298383712,0.8944444492459297,0.8666666731238365,0.8969697004014795,0.9636363658038053,0.8242424298416484,0.7939394024285403,0.7272727337750522,0.9393939430063422,0.8848484884608876,0.8303030360828746,0,-0.1333333297209307,0.7272727337750522,0.006891424771062907,-0.1333333268761635,0.8222222298383712,0.0052851260003624586,0.0,0.3333333432674408,0.06349206159985257,0.036363637040961905,-0.036363637040961905
RMU,forgotten,638,0.8662309401175555,0.5559041451122247,0.8860130762820151,1.0,1.0,1.0,1.0,1.0,0.3333333432674408,1.0,0.6666666865348816,1.0,0.938888892531395,0.9000000059604645,0.9666666686534882,0.7611111208796502,0.5500000104308128,0.861111119389534,0.8222222318251927,1.0,0.9939393943006342,0.9090909123420715,0.9939393943006342,0.8909090941602533,0.4909090974114158,0.9393939430063422,0.8727272781458768,0,-0.12121211615475735,0.4909090974114158,0.030203331382228027,-0.11666666070620224,0.5500000104308128,0.019932391958717467,-0.3333333134651184,0.3333333432674408,0.06878306578706818,-0.05050504632068409,0.05050504632068409
RMU,forgotten,654,0.5991285488885992,0.5559041451122247,0.8860130762820151,1.0,1.0,0.3333333432674408,1.0,0.0,0.0,0.0,0.0,0.7944444502393405,0.5833333392937978,0.24444444874922436,0.7722222328186035,0.4888888960083326,0.4388889014720917,0.6555555611848831,0.5444444512327512,0.8787878827615218,0.6000000092116269,0.36363637013868855,0.6787878865545446,0.5515151609073986,0.6545454659245231,0.648484858599576,0.6121212238615209,0,0.012121214649894019,0.36363637013868855,0.011453058969636214,-0.03888888806104662,0.24444444874922436,0.028162845680550372,-1.0,0.0,0.2222222222222222,-0.0676767726287697,0.0676767726287697
RMU,forgotten,669,0.6100217925956826,0.5559041451122247,0.8860130762820151,1.0,0.0,0.0,1.0,0.0,1.0,0.3333333432674408,0.0,1.0,0.766666675110658,0.7388888979951541,1.0,0.11666667014360428,0.15555556019147238,0.11111111442248027,0.044444445768992105,0.9818181829019026,0.7030303104357286,0.9212121253663843,0.9151515191251581,0.5515151619911194,0.4060606143691323,0.4666666767813943,0.46666667623953384,0,-0.23636363419619477,0.4060606143691323,0.046842449421678096,-0.7222222293416659,0.044444445768992105,0.159442975407117,0.0,0.0,0.2222222222222222,-0.42222223047054175,0.42222223047054175
RMU,forgotten,726,0.8052287633122961,0.5559041451122247,0.8860130762820151,1.0,1.0,0.0,1.0,0.3333333432674408,0.6666666865348816,0.3333333432674408,0.0,0.8833333397905032,0.9000000049670537,0.8388888950149218,0.7666666741172473,0.9555555582046509,0.7833333407839139,1.0,1.0,0.8848484868353064,0.7636363706805489,0.7333333405581388,0.7939393986355174,0.7515151576562361,0.715151522918181,0.8000000048767436,0.7696969742124731,0,0.006060603531924169,0.715151522918181,0.0009410117790536271,0.09999999503294632,0.7666666741172473,0.00962815928509978,-1.0,0.0,0.17989418020954848,0.23030302578752693,-0.23030302578752693
RMU,forgotten,749,0.7882353037790535,0.5559041451122247,0.8860130762820151,1.0,0.6666666865348816,0.6666666865348816,0.6666666865348816,0.3333333432674408,0.6666666865348816,0.3333333432674408,0.0,0.8944444507360458,0.8222222328186035,0.8444444532195727,0.9444444477558136,0.7500000104308129,0.694444460173448,0.7055555686354638,0.7166666835546494,0.7878788005221974,0.8545454632152211,0.7636363777247342,0.8787878860126842,0.6727272824807601,0.7878787988966162,0.6484848553484136,0.7757575837048617,0,-0.07878787951035937,0.6484848553484136,0.0072657308907308525,-0.10555554926395416,0.694444460173448,0.008450910447144584,-0.6666666865348816,0.0,0.06878307288285923,-0.059090900150212344,0.059090900150212344
RMU,forgotten,769,0.7359477185735516,0.5559041451122247,0.8860130762820151,1.0,1.0,1.0,1.0,1.0,0.0,1.0,1.0,0.9777777791023254,0.8055555666486423,0.9722222238779068,0.9277777810891469,0.7888888950149219,0.37222222636143365,0.8500000024835269,0.4666666701436043,0.8848484911701896,0.8848484911701896,0.8666666713627902,0.9030303077264266,0.6606060662052848,0.6000000092116269,0.7030303093520078,0.45454546321522105,0,-0.43030302795496855,0.45454546321522105,0.02845248978099084,-0.33888889650503795,0.37222222636143365,0.052990887652489105,0.0,0.0,0.14285714285714288,0.012121206928383255,-0.012121206928383255
RMU,forgotten,838,0.8718954279531841,0.5559041451122247,0.8860130762820151,1.0,1.0,0.6666666865348816,1.0,0.0,0.0,0.0,0.0,0.8833333402872086,1.0,0.9777777786056201,0.9833333343267441,0.8444444477558136,0.6500000084439913,0.4166666746139526,0.4333333412806193,0.9757575761188161,0.9757575761188161,0.9454545481638474,0.9333333356813951,0.9878787886012684,0.8848484900864688,0.7878787918524308,0.8727272759784351,0,-0.10303030014038095,0.7878787918524308,0.004846735570879993,-0.5666666587193807,0.4166666746139526,0.06644914572328105,-1.0,0.0,0.23809523998744905,-0.43939393469781585,0.43939393469781585
RMU,forgotten,863,0.6923747356031456,0.5559041451122247,0.8860130762820151,1.0,0.3333333432674408,0.3333333432674408,0.3333333432674408,0.3333333432674408,0.0,0.3333333432674408,0.3333333432674408,1.0,0.4944444581866264,0.4111111223697662,0.6611111223697662,0.42777778655290605,0.3333333432674408,0.6222222298383713,0.6111111213763555,0.9757575766606764,0.7939394029704008,0.49090910120443865,0.7757575842467221,0.6060606149109927,0.5696969780054959,0.7515151592818173,0.709090918302536,0,-0.08484848466786477,0.49090910120443865,0.013489002481756489,0.11666666318972907,0.3333333432674408,0.015605526122011068,0.0,0.0,0.015873016819121358,-0.09797979692618053,0.09797979692618053
RMU,forgotten,867,0.7755991320594463,0.5559041451122247,0.8860130762820151,1.0,1.0,1.0,1.0,1.0,0.0,1.0,1.0,0.9833333343267441,1.0,0.6444444487492244,0.6277777815858523,0.7888888915379842,0.33333333482344946,0.9555555567145347,0.8500000004967053,0.9636363658038053,0.9636363647200844,0.6848484911701896,0.6727272792295976,0.6727272781458769,0.890909093618393,0.7212121253663843,0.6848484879190272,0,-0.2787878768010572,0.6727272781458769,0.014419519470602165,-0.14999999950329468,0.33333333482344946,0.05259994086090569,0.0,0.0,0.14285714285714288,0.16515151257767813,-0.16515151257767813
RMU,forgotten,906,0.6845316000234067,0.5559041451122247,0.8860130762820151,1.0,1.0,0.0,1.0,0.0,0.0,0.0,0.0,0.9944444447755814,0.8055555671453476,0.6444444512327512,0.9888888895511627,0.5944444532195727,0.5222222288449605,0.49444445172945656,0.4777777875463168,0.903030308268287,0.7454545595429161,0.7939394013448196,0.8606060689145868,0.6060606154528532,0.5515151603655382,0.5757575847885825,0.6060606176202947,0,-0.13939394192262133,0.5515151603655382,0.01468888009036029,-0.3277777795990308,0.4777777875463168,0.03537918804709455,-1.0,0.0,0.23809523809523814,-0.12828283007397795,0.12828283007397795
RMU,forgotten,908,0.8113289831120983,0.5559041451122247,0.8860130762820151,1.0,1.0,1.0,1.0,1.0,0.3333333432674408,0.6666666865348816,0.6666666865348816,0.9777777791023254,0.7722222313284874,0.9555555567145347,1.0,0.7944444566965103,0.861111119389534,0.7555555681387583,0.8000000104308128,0.9575757590207187,0.7515151609073986,0.8484848553484137,0.9818181829019026,0.648484858599576,0.8909090952439742,0.6787878887219863,0.6000000081279061,0,-0.15151515277949246,0.6000000081279061,0.019659800654845485,0.027777779102325373,0.7555555681387583,0.009050557561950242,-0.3333333134651184,0.3333333432674408,0.06878306531401547,0.2000000023029067,-0.2000000023029067
RMU,forgotten,960,0.6531590513154573,0.5559041451122247,0.8860130762820151,1.0,0.3333333432674408,0.3333333432674408,1.0,0.3333333432674408,0.3333333432674408,0.3333333432674408,0.3333333432674408,1.0,0.7111111183961233,0.6611111278335253,0.8666666741172473,0.6888889039556185,0.6888888989885648,0.5277777890364329,0.6722222343087196,0.8909090952439742,0.5878787994384765,0.5818181937391108,0.7939394062215631,0.587878799980337,0.6424242566932331,0.4363636439496821,0.4969697052782232,0,-0.09090909416025333,0.4363636439496821,0.012778871359721507,-0.03888888408740365,0.5277777890364329,0.009850087873440586,0.0,0.3333333432674408,0.06349206159985259,0.17525252903049643,-0.17525252903049643
RMU,forgotten,973,0.5725490281394884,0.5559041451122247,0.8860130762820151,1.0,1.0,0.6666666865348816,0.6666666865348816,1.0,0.0,1.0,1.0,0.9055555582046508,0.9944444447755814,0.8277777850627899,0.9444444472591083,0.4888888994852702,0.6833333442608516,0.5166666770974795,0.6833333457509677,0.7939394008029591,0.775757578828118,0.6545454626733607,0.6424242529002103,0.36969697800549595,0.5212121351198716,0.3515151609073986,0.5151515277949247,0,-0.26060605103319334,0.3515151609073986,0.02405527082580687,-0.31111109902461365,0.4888888994852702,0.03889329649586843,0.0,0.0,0.13756613630466366,0.16818181795604303,-0.16818181795604303
RMU,forgotten,994,0.6823529474485934,0.5559041451122247,0.8860130762820151,1.0,0.3333333432674408,0.6666666865348816,0.6666666865348816,0.3333333432674408,0.0,0.3333333432674408,0.3333333432674408,0.8333333392937978,0.8944444472591082,0.8833333392937978,1.0,0.07777778009573619,0.3777777870496114,0.2888888974984487,0.2944444532195727,0.878787884387103,0.866666669737209,0.7878787961873142,0.8606060645797036,0.4787878833033822,0.7151515261693434,0.6424242491071874,0.636363643949682,0,-0.23030302578752693,0.4787878833033822,0.019453408415563894,-0.5999999940395355,0.07777778009573619,0.13637272057963917,0.0,0.0,0.052910056063737866,-0.34191919073010935,0.34191919073010935
RMU,forgotten,1028,0.5681917274699492,0.5559041451122247,0.8860130762820151,1.0,0.0,0.0,0.3333333432674408,0.0,0.0,0.0,0.0,1.0,0.4833333392937978,0.2944444517294566,0.9611111124356587,0.5222222313284874,0.9333333373069763,0.3000000059604645,0.3888888955116272,0.9454545476219871,0.515151525627483,0.49090909903699703,0.7454545508731495,0.4787878854708238,0.8000000070441853,0.4363636439496821,0.4969697031107816,0,-0.018181822516701418,0.4363636439496821,0.020726747824641237,-0.0944444437821706,0.2944444517294566,0.07912992251004315,0.0,0.0,0.015873016819121354,-0.1080808075991544,0.1080808075991544
RMU,forgotten,1057,0.8191721172893749,0.5559041451122247,0.8860130762820151,1.0,1.0,1.0,1.0,1.0,0.0,1.0,0.0,1.0,0.9833333343267441,1.0,1.0,1.0,0.15555556019147238,0.938888892531395,0.872222226858139,1.0,0.9515151544050737,0.9272727305238897,0.9393939430063422,0.9515151533213528,0.47878788601268424,0.9272727299820293,0.8121212200684981,0,-0.13939393433657565,0.47878788601268424,0.02992872384683029,-0.11111110746860509,0.15555556019147238,0.0959876534342766,-1.0,0.0,0.2380952380952381,0.06010100678964092,-0.06010100678964092
RMU,forgotten,1060,0.6958605767075532,0.5559041451122247,0.8860130762820151,1.0,0.0,0.0,0.0,1.0,0.0,0.3333333432674408,0.6666666865348816,0.8111111174027125,0.8111111223697662,0.7833333437641462,0.655555571615696,0.3888889004786809,0.3833333447575569,0.45000001341104506,0.39444445619980495,0.8969697020270607,0.8545454626733606,0.8606060662052848,0.8121212211522189,0.4969697101549669,0.5575757703997872,0.6060606176202947,0.557575771483508,0,-0.2969696911898526,0.4969697101549669,0.02490882762410768,-0.4166666661699613,0.3833333447575569,0.036942974695172624,0.6666666865348816,0.0,0.16402116670179626,-0.16313131528370306,0.16313131528370306
RMU,forgotten,1124,0.603050116931691,0.5559041451122247,0.8860130762820151,1.0,1.0,0.0,0.3333333432674408,0.3333333432674408,0.0,0.3333333432674408,0.6666666865348816,1.0,0.9444444477558136,0.583333340783914,0.6111111198862393,0.28333334177732467,0.2277777835726738,0.5666666795810064,0.5055555681387583,0.909090912883932,0.7818181866949255,0.6666666746139527,0.5939394013448195,0.5151515261693435,0.3030303115194494,0.6787878903475675,0.6060606187040155,0,-0.17575756799091002,0.3030303115194494,0.023124753834302708,-0.43888887961705525,0.2277777835726738,0.055881833785083775,-0.3333333134651184,0.0,0.12698412840328524,-0.10050505056525716,0.10050505056525716
RMU,forgotten,1154,0.6644880256232093,0.5559041451122247,0.8860130762820151,1.0,0.3333333432674408,0.3333333432674408,0.3333333432674408,0.6666666865348816,0.6666666865348816,0.6666666865348816,0.6666666865348816,0.9277777815858523,0.3722222333153089,0.39444445619980495,0.7444444527228673,0.4833333452542623,0.8888888925313949,0.5777777870496114,0.7333333417773247,0.6181818273934451,0.5090909172188152,0.6848484944213521,0.6848484955050729,0.666666675155813,0.7636363728479906,0.6606060678308661,0.672727279771458,0,0.1636363625526428,0.5090909172188152,0.0058139840585109915,0.3611111084620158,0.3722222333153089,0.038389181795320325,0.3333333432674408,0.3333333432674408,0.03174603363824272,0.06060606200586671,-0.06060606200586671
RMU,forgotten,1160,0.7677559993235894,0.5559041451122247,0.8860130762820151,1.0,0.3333333432674408,0.0,0.3333333432674408,0.3333333432674408,0.0,0.0,0.0,1.0,0.8277777840693792,0.6611111188928286,0.49444445768992107,0.8111111198862394,0.5722222323218982,0.5333333447575569,0.7444444566965103,0.9393939430063422,0.7151515234600414,0.8424242501909083,0.7151515240019019,0.6848484895446084,0.7090909188443965,0.587878799980337,0.6363636482845653,0,-0.07878787517547614,0.587878799980337,0.006277493333737303,-0.08333332737286892,0.49444445768992107,0.01819811830515024,-0.3333333432674408,0.0,0.03174603363824272,0.108080808411945,-0.108080808411945
RMU,forgotten,1176,0.6518518610327851,0.5559041451122247,0.8860130762820151,1.0,0.6666666865348816,0.3333333432674408,0.6666666865348816,0.3333333432674408,0.3333333432674408,0.3333333432674408,0.0,1.0,0.35555556615193684,0.47777779151995975,0.6722222417593002,0.5777777880430222,0.6888888994852702,0.5833333427707355,0.6444444581866264,0.9272727288983085,0.6787878876382655,0.478787887096405,0.600000014630231,0.727272734858773,0.6000000097534873,0.557575766064904,0.5030303120613098,0,-0.1757575755769557,0.478787887096405,0.00797936068635603,0.2888888920346896,0.35555556615193684,0.014140211913662416,-0.6666666865348816,0.0,0.052910056063737866,0.14141414612531666,-0.14141414612531666
RMU,forgotten,1180,0.5590414057759676,0.5559041451122247,0.8860130762820151,1.0,1.0,0.3333333432674408,1.0,0.6666666865348816,0.0,0.6666666865348816,0.6666666865348816,1.0,0.6777777925133706,0.5222222362955411,1.0,0.5444444601734479,0.7000000139077505,0.6277777954936028,0.5555555721124014,0.9757575772025369,0.4969697117805481,0.5090909242630005,0.6303030425851995,0.4606060737913305,0.484848494421352,0.5090909231792796,0.5151515299623662,0,0.018181818181818132,0.4606060737913305,0.002926232003275325,-0.1222222204009692,0.5222222362955411,0.026965018795657585,-0.3333333134651184,0.0,0.1269841269841271,0.040404042150035124,-0.040404042150035124
RMU,forgotten,1262,0.6483660183311287,0.5559041451122247,0.8860130762820151,1.0,1.0,1.0,1.0,1.0,0.3333333432674408,1.0,1.0,0.9888888895511627,0.9277777810891469,0.4500000069538752,0.5944444537162781,0.4555555671453476,0.10000000298023223,0.27222223033507664,0.4333333442608515,0.909090912883932,0.9272727294401689,0.7757575820792805,0.8484848542646928,0.6424242501909082,0.2787878822196614,0.5151515212925998,0.6848484911701896,0,-0.24242423826997928,0.2787878822196614,0.04786566966305283,-0.49444443682829536,0.10000000298023223,0.06709288643251478,0.0,0.3333333432674408,0.06349206159985257,-0.2515151469093381,0.2515151469093381
RMU-LAT,suppressed,17,0.6444444533267053,0.4921132960194856,0.9050544700980965,1.0,0.3333333432674408,0.3333333432674408,1.0,1.0,0.3333333432674408,1.0,0.6666666865348816,0.9833333343267441,0.6555555750926335,0.4222222333153089,0.8333333412806193,0.28333334177732467,0.4388888960083326,0.7166666780908902,0.32222223033507663,0.921212124824524,0.5212121334942904,0.6909091006625783,0.9212121253663843,0.45454546484080227,0.5393939484249461,0.8424242496490478,0.36969697746363556,1,-0.15151515603065485,0.36969697746363556,0.041918753968167556,-0.3333333447575569,0.28333334177732467,0.04439153498521559,0.3333333432674408,0.3333333432674408,0.111111107799742,-0.047474747128558925,0.047474747128558925
RMU-LAT,suppressed,63,0.816557740308101,0.4921132960194856,0.9050544700980965,1.0,0.0,1.0,1.0,1.0,0.0,1.0,0.0,1.0,0.6111111198862393,0.5833333437641461,0.8444444532195727,0.8333333412806193,0.6722222343087196,0.9722222238779068,0.7111111174027125,1.0,0.8121212179010565,0.6303030398758975,0.969696971503171,0.6484848580577157,0.7454545562917536,0.8363636444915424,0.7757575837048617,1,-0.036363634196194816,0.6303030398758975,0.013476758333563814,0.09999999751647315,0.5833333437641461,0.019967665376994712,0.0,0.0,0.2857142857142857,-0.06464646630214921,0.06464646630214921
RMU-LAT,suppressed,108,0.5015250660625159,0.4921132960194856,0.9050544700980965,1.0,0.3333333432674408,1.0,0.6666666865348816,0.3333333432674408,0.3333333432674408,1.0,0.3333333432674408,0.6611111303170522,0.722222238779068,0.461111123363177,0.31666667610406873,0.6166666820645332,0.2888888970017433,0.3777777875463168,0.6444444586833318,0.5818181948228316,0.7515151647004215,0.4727272841063413,0.37575758641416374,0.6666666762395339,0.4303030398758975,0.41818182901902634,0.6060606187040155,1,-0.14545454599640595,0.37575758641416374,0.02050461343335691,-0.07777778009573622,0.2888888970017433,0.029623751836198708,0.0,0.3333333432674408,0.10052909800615263,0.03838383997931627,-0.03838383997931627
RMU-LAT,suppressed,137,0.8300653633338952,0.4921132960194856,0.9050544700980965,1.0,0.6666666865348816,0.6666666865348816,1.0,0.0,1.0,1.0,0.6666666865348816,0.9555555572112401,0.49444445719321567,0.8111111164093018,0.7111111149191857,0.9222222238779068,0.9388888900478681,0.9000000034769376,0.8777777800957361,0.8424242463978854,0.6848484895446084,0.8121212179010565,0.7939393970099362,0.6424242469397459,0.9272727305238897,0.8666666686534882,0.969696971503171,1,0.2848484819585626,0.6424242469397459,0.014395032344885499,0.3833333229025205,0.49444445719321567,0.02520429041799486,0.0,0.0,0.12698412603802162,-0.09191919140743487,0.09191919140743487
RMU-LAT,suppressed,172,0.8810457550622279,0.4921132960194856,0.9050544700980965,1.0,0.0,0.6666666865348816,0.3333333432674408,0.3333333432674408,1.0,1.0,0.0,0.6277777920166652,0.733333338300387,0.9388888920346896,0.9500000024835269,0.9388888895511627,0.7777777835726738,0.9833333338300387,0.5166666770974795,0.6484848575158553,0.9151515185832977,0.9151515180414374,0.9333333351395346,0.9212121237408031,0.9151515180414374,0.93939394029704,0.8060606105761094,1,-0.10909090800718824,0.8060606105761094,0.0020551837872518496,-0.21666666120290756,0.5166666770974795,0.028625807222121272,0.0,0.0,0.17989418020954848,-0.28939393347862996,0.28939393347862996
RMU-LAT,suppressed,209,0.5477124260531532,0.4921132960194856,0.9050544700980965,1.0,0.3333333432674408,0.3333333432674408,1.0,0.3333333432674408,0.3333333432674408,0.6666666865348816,0.3333333432674408,1.0,0.2888888974984487,0.46111112236976626,0.8944444507360458,0.6555555646618207,0.561111119389534,0.777777782579263,0.794444453716278,0.7696969731287523,0.3333333427255804,0.315151522918181,0.8000000070441853,0.5090909172188152,0.4000000070441853,0.6787878876382655,0.46060607054016806,1,0.12727272781458765,0.315151522918181,0.032590843399224995,0.5055555562178293,0.2888888974984487,0.044835390456542064,0.0,0.3333333432674408,0.06878306767927912,0.33383838317611,-0.33383838317611
RMU-LAT,suppressed,317,0.6248366108517242,0.4921132960194856,0.9050544700980965,1.0,0.6666666865348816,0.3333333432674408,0.6666666865348816,0.0,0.3333333432674408,0.3333333432674408,0.0,0.7944444482525189,0.4555555656552315,0.4055555671453476,0.6111111253499985,0.5222222367922466,0.26666667461395266,0.5833333477377891,0.7111111223697663,0.8303030349991538,0.690909101746299,0.47272728356448085,0.4848484971306541,0.7090909188443965,0.648484858599576,0.4666666800325567,0.6363636477427049,1,-0.05454545400359412,0.4666666800325567,0.011648956902865647,0.2555555567145348,0.26666667461395266,0.021541740625422193,-0.6666666865348816,0.0,0.07407407848923302,0.07474747462706133,-0.07474747462706133
RMU-LAT,suppressed,348,0.840958609144672,0.4921132960194856,0.9050544700980965,1.0,0.6666666865348816,0.6666666865348816,1.0,1.0,0.0,0.6666666865348816,0.3333333432674408,0.9777777781089146,0.65555556366841,0.822222230831782,0.9944444447755814,0.8277777840693792,0.6333333363135656,0.9833333338300387,0.5277777875463168,0.9878787886012684,0.9030303071845661,0.8909090941602533,0.9818181823600423,0.9575757590207187,0.6787878854708238,0.9515151522376321,0.9272727299820293,1,0.024242422797463137,0.6787878854708238,0.010403602720427682,-0.12777777612209318,0.5277777875463168,0.031995883775959306,-0.3333333432674408,0.0,0.12698412698412706,-0.3994949424357125,0.3994949424357125
RMU-LAT,suppressed,364,0.6849673266504326,0.4921132960194856,0.9050544700980965,1.0,0.3333333432674408,0.3333333432674408,0.3333333432674408,0.3333333432674408,0.0,0.3333333432674408,0.0,0.9277777815858523,0.5277777870496114,0.4388888960083326,0.711111119389534,0.34444445023934045,0.516666675110658,0.6277777840693791,0.5000000059604645,0.8848484895446084,0.6363636450334029,0.7454545514150099,0.9454545481638474,0.7757575820792805,0.6424242496490479,0.7636363690549677,0.6545454610477794,1,0.018181816014376517,0.6363636450334029,0.011934058834860164,-0.02777778108914697,0.34444445023934045,0.014318048338691042,-0.3333333432674408,0.0,0.02645502803186893,-0.154545455087315,0.154545455087315
RMU-LAT,suppressed,397,0.5403050208792968,0.4921132960194856,0.9050544700980965,1.0,0.0,1.0,1.0,1.0,0.3333333432674408,1.0,1.0,0.5722222367922465,0.2277777835726738,0.6055555661519368,0.9666666686534882,0.8333333402872085,0.350000007947286,0.8388888979951541,0.48333334575096765,0.6424242534420707,0.4303030425851995,0.5636363744735717,0.8060606132854115,0.6303030409596183,0.36969698071479795,0.8000000081279061,0.5030303158543327,1,0.07272727326913314,0.36969698071479795,0.029099653950464825,0.25555556217829384,0.2277777835726738,0.0765094056204268,1.0,0.0,0.17460317318401639,-0.01969697010336502,0.01969697010336502
RMU-LAT,suppressed,400,0.6257080728711645,0.4921132960194856,0.9050544700980965,1.0,0.6666666865348816,1.0,0.6666666865348816,0.6666666865348816,0.3333333432674408,1.0,0.6666666865348816,0.6888889049490293,0.5888889029622077,0.4944444586833318,0.7166666756073634,0.4111111228664716,0.5166666820645333,0.6500000153978666,0.2944444532195727,0.6060606214133176,0.7454545562917536,0.6363636466589842,0.7030303126031702,0.5515151625329798,0.7333333470604636,0.5272727364843542,0.4727272841063413,1,-0.2727272721854123,0.4727272841063413,0.011766146402093365,-0.29444444974263506,0.2944444532195727,0.020595238311002715,0.0,0.3333333432674408,0.05291005038710508,-0.1782828308867686,0.1782828308867686
RMU-LAT,suppressed,424,0.5010893286832796,0.4921132960194856,0.9050544700980965,1.0,0.6666666865348816,0.3333333432674408,1.0,0.3333333432674408,0.0,0.6666666865348816,0.0,0.9722222233812015,0.027777778605620067,0.7500000069538753,0.561111119389534,0.4944444537162781,0.5111111198862394,0.6111111174027125,0.3555555631717046,0.8181818214329806,0.018181818723678588,0.6363636396147988,0.6969696998596191,0.5272727316076106,0.49090909416025336,0.7090909134257923,0.460606065121564,1,0.4424242463978854,0.018181818723678588,0.055902750927721484,0.32777778456608453,0.027777778605620067,0.052915932736165176,-0.6666666865348816,0.0,0.1375661400890856,-0.10505050194985938,0.10505050194985938
RMU-LAT,suppressed,478,0.4962963023216896,0.4921132960194856,0.9050544700980965,1.0,1.0,0.0,1.0,0.3333333432674408,0.6666666865348816,0.3333333432674408,0.6666666865348816,0.8000000074505806,0.6833333402872086,0.13333333681027096,0.12222222586472829,0.5388888970017434,0.6333333417773247,0.10555555870135626,0.38888889650503794,0.848484855890274,0.6060606116598303,0.2969697004014796,0.32727273160761056,0.4909090974114158,0.7151515207507394,0.29090909470211374,0.3939393997192383,1,-0.21212121194059197,0.29090909470211374,0.027191394725434512,-0.29444444378217066,0.10555555870135626,0.06395061837302315,-0.3333333134651184,0.0,0.13756613725076913,-0.005050503214200364,0.005050503214200364
RMU-LAT,suppressed,566,0.6871459739660125,0.4921132960194856,0.9050544700980965,1.0,1.0,1.0,0.6666666865348816,1.0,0.0,0.6666666865348816,1.0,0.9166666691501936,0.6444444477558136,0.5666666766007741,0.461111115415891,0.3166666731238365,0.8611111159125964,0.7444444527228673,0.3888888950149218,0.9454545476219871,0.6727272759784352,0.5151515218344602,0.6606060624122619,0.6484848542646928,0.8666666729883714,0.9030303088101473,0.6000000032511624,1,-0.07272727272727275,0.5151515218344602,0.019659801599856273,-0.25555555274089176,0.3166666731238365,0.038259847109533986,0.0,0.0,0.13756613630466366,-0.21111110823624063,0.21111110823624063
RMU-LAT,suppressed,577,0.8326797446783851,0.4921132960194856,0.9050544700980965,1.0,0.6666666865348816,1.0,0.3333333432674408,0.6666666865348816,0.0,0.6666666865348816,0.6666666865348816,1.0,0.894444448252519,0.7333333397905032,0.9944444447755814,0.7833333392937978,0.5277777875463168,0.6444444571932156,0.7388888970017433,0.969696971503171,0.9818181829019026,0.8303030371665955,0.9333333362232555,0.8060606116598302,0.8363636444915424,0.7454545562917536,0.8060606122016907,1,-0.17575757070021192,0.7454545562917536,0.006611569765185531,-0.1555555512507757,0.5277777875463168,0.023669898947465448,0.0,0.0,0.10052910226362732,-0.06717171519994736,0.06717171519994736
RMU-LAT,suppressed,584,0.8736383497325424,0.4921132960194856,0.9050544700980965,1.0,0.6666666865348816,1.0,1.0,1.0,0.3333333432674408,1.0,0.6666666865348816,0.9833333343267441,0.7222222258647283,0.9722222238779068,0.7944444566965103,0.8277777830759684,0.9500000029802322,1.0,0.9611111129323642,0.969696971503171,0.7939394018866799,0.9212121253663843,0.8969697031107816,0.8969697031107816,0.8787878854708238,0.9454545481638474,0.8848484911701896,1,0.09090908928350971,0.7939394018866799,0.0022510821051787157,0.2388888870676359,0.7222222258647283,0.01144473783641197,0.0,0.3333333432674408,0.06878306531401547,0.07626262176217458,-0.07626262176217458
RMU-LAT,suppressed,654,0.5259259341199414,0.4921132960194856,0.9050544700980965,1.0,0.0,0.0,1.0,0.0,0.0,0.3333333432674408,0.0,0.7944444502393405,0.8388888920346896,0.5722222293416659,0.10000000298023223,0.6555555641651154,0.7111111208796501,0.09444444725910822,0.5444444542129835,0.8787878827615218,0.5636363728479905,0.4303030382503163,0.3939394002610987,0.42424243200909006,0.648484858599576,0.521212130243128,0.5333333432674408,1,-0.030303029580549756,0.3939394002610987,0.008245223013155471,-0.29444443782170615,0.09444444725910822,0.0858730168653754,0.0,0.0,0.1428571433301956,0.011111110945542735,-0.011111110945542735
RMU-LAT,suppressed,661,0.8897603542196985,0.4921132960194856,0.9050544700980965,1.0,0.3333333432674408,0.6666666865348816,1.0,0.6666666865348816,0.6666666865348816,0.6666666865348816,1.0,0.9444444477558136,0.9833333343267441,0.8944444502393405,0.8444444512327512,1.0,0.922222226858139,0.9833333343267441,1.0,0.848484853180972,0.9454545487057079,0.8787878860126842,0.8787878854708238,0.8727272792295976,0.9030303088101473,0.9030303077264266,0.8242424336346713,1,-0.12121211507103657,0.8242424336346713,0.0013677903186342412,0.01666666567325592,0.8444444512327512,0.003691945567481809,0.6666666567325592,0.3333333432674408,0.05291005038710506,0.1757575663653287,-0.1757575663653287
RMU-LAT,suppressed,675,0.7586056706172968,0.4921132960194856,0.9050544700980965,1.0,0.3333333432674408,0.3333333432674408,1.0,0.6666666865348816,0.3333333432674408,0.6666666865348816,0.3333333432674408,1.0,0.43888890047868095,0.7166666726271311,0.9333333373069763,0.750000003973643,0.7000000064571699,0.8388888930281003,0.5111111183961232,1.0,0.7333333421837199,0.7878787940198725,0.8666666740720922,0.7757575826211409,0.7515151571143758,0.8545454621315003,0.5575757644393228,1,-0.17575757774439715,0.5575757644393228,0.010515545081798286,0.07222221791744227,0.43888890047868095,0.030058788103234906,0.0,0.3333333432674408,0.06878306815233186,-0.04646464604319955,0.04646464604319955
RMU-LAT,suppressed,760,0.5315904237865623,0.4921132960194856,0.9050544700980965,1.0,0.0,1.0,1.0,0.6666666865348816,0.3333333432674408,1.0,1.0,0.9444444477558136,0.43888889749844867,0.6500000054637591,0.5277777865529061,0.6277777840693791,0.6333333412806194,0.7055555631717046,0.6055555661519368,0.9090909118002112,0.6303030415014788,0.4303030398758975,0.44848485697399487,0.4121212222359397,0.5090909199281173,0.6545454664663835,0.39393940513784237,1,-0.2363636363636364,0.39393940513784237,0.011227425919930652,0.16666666865348817,0.43888889749844867,0.007785126277098303,1.0,0.0,0.16402116244432163,0.21161616101409447,-0.21161616101409447
RMU-LAT,suppressed,779,0.8570806140214011,0.4921132960194856,0.9050544700980965,1.0,1.0,1.0,1.0,1.0,0.0,1.0,0.6666666865348816,0.9722222238779068,0.9166666716337204,0.9222222253680229,0.905555555721124,0.7777777845660846,0.8111111164093018,0.6222222318251928,0.3444444547096888,0.8787878860126842,0.9939393943006342,0.9272727305238897,0.8424242436885834,0.8909090930765325,0.9212121231989427,0.7515151571143758,0.8060606089505282,1,-0.18787878535010594,0.7515151571143758,0.006720013788246952,-0.5722222169240316,0.3444444547096888,0.04443121567460492,-0.3333333134651184,0.0,0.14285714191103746,-0.4616161542408394,0.4616161542408394
RMU-LAT,suppressed,781,0.820479306208542,0.4921132960194856,0.9050544700980965,1.0,1.0,1.0,1.0,0.0,1.0,1.0,1.0,0.9777777791023254,0.9888888890544574,0.7000000024835269,0.8444444467624028,0.6722222233812014,0.7000000034769376,0.9222222243746122,0.7611111124356588,0.8606060656634245,0.6121212168173357,0.6424242474816062,0.6727272765202956,0.9757575766606764,0.6848484911701896,0.7696969725868918,0.9575757584788582,1,0.34545454166152256,0.6121212168173357,0.022439109152878913,-0.2277777766187986,0.6722222233812014,0.015069076887680674,0.0,0.0,0.14285714285714288,-0.19646464604319946,0.19646464604319946
RMU-LAT,suppressed,798,0.6936819264312196,0.4921132960194856,0.9050544700980965,1.0,1.0,0.3333333432674408,0.3333333432674408,0.6666666865348816,1.0,1.0,0.6666666865348816,0.9944444447755814,0.6777777969837189,0.4500000129143397,0.26666667461395266,0.6611111263434092,0.7777777885397276,0.45555556217829385,0.6388888984918595,0.921212124824524,0.8787878860126842,0.6181818301027472,0.4909091001207178,0.7878787983547557,0.8303030404177579,0.6242424347183921,0.7757575847885826,1,-0.10303030122410162,0.4909091001207178,0.0194918884102051,-0.03888889849185939,0.26666667461395266,0.03113168803231463,-0.3333333134651184,0.3333333432674408,0.08994708679340511,-0.1368686862967231,0.1368686862967231
RMU-LAT,suppressed,799,0.8413943371741601,0.4921132960194856,0.9050544700980965,1.0,0.6666666865348816,1.0,0.6666666865348816,1.0,0.3333333432674408,1.0,1.0,1.0,1.0,1.0,0.9722222233812015,0.34444444874922436,0.9777777791023254,0.29444445222616195,0.16666667014360428,1.0,1.0,0.9757575766606764,0.9333333351395346,0.6060606089505283,0.9818181829019026,0.5939393975517967,0.7454545487057079,1,-0.25454545129429207,0.5939393975517967,0.032798985078591365,-0.8333333298563957,0.16666667014360428,0.15060405460904094,0.3333333134651184,0.3333333432674408,0.06878306531401547,-0.5787878785621037,0.5787878785621037
RMU-LAT,suppressed,812,0.8618736418244107,0.4921132960194856,0.9050544700980965,1.0,1.0,0.0,1.0,0.0,0.0,0.3333333432674408,0.0,0.9944444447755814,0.9222222263614337,0.8666666736205418,0.9944444447755814,0.8222222268581391,0.8333333378036817,0.9944444447755814,0.5388888960083326,1.0,0.9272727299820293,0.7575757611881603,0.9393939413807609,0.8060606089505282,0.7393939489668065,0.9212121242826635,0.666666669737209,1,-0.26060606024482025,0.666666669737209,0.011676942340306714,-0.38333333035310113,0.5388888960083326,0.02416519627745961,-1.0,0.0,0.2222222222222222,-0.12777777372887644,0.12777777372887644
RMU-LAT,suppressed,915,0.7516339965895109,0.4921132960194856,0.9050544700980965,1.0,0.3333333432674408,0.3333333432674408,1.0,0.3333333432674408,0.0,0.6666666865348816,0.3333333432674408,1.0,0.6611111208796501,0.6944444596767425,0.8333333402872085,0.6833333512147267,0.8277777850627899,0.5555555666486423,0.6611111293236415,0.8606060683727265,0.7696969763799147,0.6181818328120492,0.6727272862737829,0.6606060759587722,0.8363636439496821,0.6606060727076097,0.7151515240019019,1,-0.05454545237801289,0.6181818328120492,0.005677554305575906,8.443991394990746e-09,0.5555555666486423,0.009710463959064521,0.0,0.0,0.10052910084446909,-0.054040394678260384,0.054040394678260384
RMU-LAT,suppressed,917,0.9002178686506608,0.4921132960194856,0.9050544700980965,1.0,0.6666666865348816,0.3333333432674408,0.3333333432674408,0.3333333432674408,0.3333333432674408,0.6666666865348816,0.3333333432674408,0.9388888915379842,0.9388888920346896,0.9500000029802322,0.9944444447755814,0.8000000064571698,0.6388888974984487,0.9333333363135655,0.8500000029802323,0.9757575772025369,0.9272727316076105,0.9030303077264266,0.9878787886012684,0.8727272776040164,0.8303030355410143,0.7515151581980966,0.8787878822196614,1,-0.04848484938794906,0.7515151581980966,0.005570859872568702,-0.08888888905445735,0.6388888974984487,0.014886830649932724,-0.3333333432674408,0.3333333432674408,0.02645502803186893,-0.02878787923942916,0.02878787923942916
RMU-LAT,suppressed,928,0.6566448820961847,0.4921132960194856,0.9050544700980965,1.0,1.0,0.0,1.0,1.0,0.0,1.0,0.0,0.972222222884496,0.750000003973643,0.6000000014901161,0.92777777860562,0.18888889104127884,0.3444444462656975,0.5277777800957362,0.13333333432674407,0.9818181823600423,0.800000002709302,0.7818181845274839,0.47272727597843517,0.6363636379892176,0.6121212151917544,0.6848484857515855,0.5212121226570823,1,-0.27878788005221977,0.47272727597843517,0.015080676894167288,-0.6166666696468989,0.13333333432674407,0.08526455036375995,-1.0,0.0,0.2857142857142857,-0.3878787883303382,0.3878787883303382
RMU-LAT,suppressed,960,0.6161220121227838,0.4921132960194856,0.9050544700980965,1.0,0.3333333432674408,0.3333333432674408,0.6666666865348816,0.3333333432674408,0.3333333432674408,0.3333333432674408,0.3333333432674408,1.0,0.6722222293416659,0.40000001043081285,0.9055555611848831,0.5222222343087196,0.5277777860562006,0.8944444507360458,0.4222222333153089,0.8909090952439742,0.5151515234600413,0.442424248565327,0.8787878860126842,0.5151515223763206,0.5333333438093012,0.7151515261693434,0.5030303104357285,1,-0.012121213024312794,0.442424248565327,0.02378591118577614,-0.24999999602635697,0.40000001043081285,0.04419459049457982,0.0,0.3333333432674408,0.015873016819121358,-0.08080807712041965,0.08080807712041965
RMU-LAT,suppressed,994,0.70893246983391,0.4921132960194856,0.9050544700980965,1.0,1.0,1.0,0.6666666865348816,1.0,0.3333333432674408,1.0,0.6666666865348816,0.8333333392937978,0.3833333437641462,0.7055555641651153,0.9277777810891469,0.8444444522261619,0.40000001043081285,0.6000000074505806,0.7333333397905032,0.878787884387103,0.7030303098938682,0.678787889805707,0.7818181866949255,0.6424242518164894,0.6242424352602525,0.7515151581980966,0.7636363712224093,1,0.06060606132854118,0.6242424352602525,0.0037692944332843336,0.349999996026357,0.3833333437641462,0.04347148647427838,-0.3333333134651184,0.3333333432674408,0.06878306531401547,-0.030303031431906158,0.030303031431906158
RMU-LAT,suppressed,998,0.7834422708726396,0.4921132960194856,0.9050544700980965,1.0,1.0,0.0,0.0,0.0,0.3333333432674408,0.0,0.0,1.0,1.0,0.5166666766007741,0.772222229341666,0.7111111218730609,0.8777777830759684,0.46666667809089024,0.9500000024835269,0.9515151533213528,1.0,0.7575757644393227,0.8121212179010565,0.7454545519568704,0.9515151522376321,0.3878787945617329,0.8303030322898518,1,-0.1696969677101482,0.3878787945617329,0.039457780379013416,-0.049999997516473105,0.46666667809089024,0.04254555978778881,-1.0,0.0,0.14285714333019564,0.11969697019367509,-0.11969697019367509
RMU-LAT,suppressed,1013,0.6100217973484712,0.4921132960194856,0.9050544700980965,1.0,0.6666666865348816,0.6666666865348816,0.6666666865348816,0.6666666865348816,0.3333333432674408,0.6666666865348816,0.6666666865348816,1.0,0.6333333457509677,0.6166666780908903,0.7500000149011612,0.5111111263434093,0.2888888974984487,0.8666666746139526,0.3777777890364329,0.9939393943006342,0.5454545611684972,0.5515151668678631,0.8000000113790685,0.5818181991577148,0.33939394679936497,0.6969697112386877,0.47878789305686953,1,-0.06666666811162769,0.33939394679936497,0.021933622234029976,-0.2555555567145348,0.2888888974984487,0.04093621407240752,0.0,0.3333333432674408,0.01587301681912136,-0.10101010402043664,0.10101010402043664
RMU-LAT,suppressed,1046,0.6666666717700709,0.4921132960194856,0.9050544700980965,1.0,0.0,0.3333333432674408,1.0,0.3333333432674408,0.0,1.0,0.3333333432674408,0.9555555582046509,0.5611111183961233,0.18333333830038706,0.5111111223697662,0.3888889004786809,0.7833333387970924,0.41111112038294473,0.600000011920929,0.9515151538632133,0.5878787918524309,0.4727272792295976,0.7090909177606756,0.5939393986355175,0.8727272765202956,0.5272727332331918,0.6848484911701896,1,0.09696969931775878,0.4727272792295976,0.017721806733378576,0.038888893524805734,0.18333333830038706,0.03568783074275738,0.3333333432674408,0.0,0.17460317365706915,-0.08484847924926064,0.08484847924926064
RMU-LAT,suppressed,1057,0.8710239702580022,0.4921132960194856,0.9050544700980965,1.0,0.3333333432674408,0.6666666865348816,1.0,1.0,0.6666666865348816,1.0,0.6666666865348816,1.0,0.16666667113701503,0.9666666676600774,0.8888888950149219,0.9888888895511627,0.8666666746139526,1.0,0.9888888895511627,1.0,0.6787878914312883,0.8969697025689212,0.8606060667471452,0.9272727305238897,0.7757575847885826,0.9757575772025369,0.8727272781458768,1,0.19393938671458855,0.6787878914312883,0.009873627326606212,0.8222222184141477,0.16666667113701503,0.0904056430270327,0.3333333432674408,0.3333333432674408,0.06349206018069443,0.11616161140528591,-0.11616161140528591
RMU-LAT,suppressed,1093,0.6915032710904391,0.4921132960194856,0.9050544700980965,1.0,1.0,0.0,1.0,0.0,0.3333333432674408,1.0,0.3333333432674408,0.7111111169060071,0.033333333830038704,0.6500000019868215,0.9833333343267441,0.7666666686534882,0.9555555562178294,0.8388888935248057,0.8277777805924416,0.9090909123420715,0.18787878914312883,0.466666669737209,0.9696969704194502,0.6000000043348832,0.8121212157336148,0.6424242463978854,0.5878787923942913,1,0.4000000032511625,0.18787878914312883,0.061767458135108276,0.7944444467624029,0.033333333830038704,0.10485596736302838,-0.6666666567325592,0.0,0.21693121566974302,0.23989898819815025,-0.23989898819815025
RMU-LAT,suppressed,1136,0.8836601352769564,0.4921132960194856,0.9050544700980965,1.0,0.0,0.6666666865348816,0.3333333432674408,0.3333333432674408,0.3333333432674408,0.6666666865348816,0.0,1.0,0.427777790526549,0.8388888960083326,0.35000001043081286,0.7500000079472859,0.8111111169060071,0.9444444477558136,0.8888888925313949,0.9878787886012684,0.8666666740720922,0.9393939424644817,0.8000000065023248,0.8787878833033822,0.9272727299820293,0.8969697025689212,0.9818181829019026,1,0.1151515088298104,0.8000000065023248,0.003424723195990052,0.4611111020048459,0.35000001043081286,0.054068193711572586,0.0,0.0,0.07407407848923302,-0.09292929037050768,0.09292929037050768
RMU-LAT,suppressed,1149,0.862309373749627,0.4921132960194856,0.9050544700980965,1.0,0.6666666865348816,0.3333333432674408,1.0,0.6666666865348816,0.3333333432674408,0.6666666865348816,0.3333333432674408,0.7111111203829448,1.0,0.5611111253499985,0.9277777820825577,0.8388888955116272,0.9611111134290695,0.7166666756073634,0.8666666721304258,0.8303030355410143,1.0,0.7212121307849884,0.8909090952439742,0.8606060656634245,0.9575757595625791,0.8787878833033822,0.7454545535824516,1,-0.2545454464175484,0.7212121307849884,0.01044033340681335,-0.1333333278695742,0.5611111253499985,0.023611109701019758,-0.3333333432674408,0.3333333432674408,0.0634920630190108,0.1212121185479742,-0.1212121185479742
RMU-LAT,suppressed,1176,0.6440087241284987,0.4921132960194856,0.9050544700980965,1.0,0.3333333432674408,0.0,0.3333333432674408,0.3333333432674408,0.3333333432674408,0.3333333432674408,0.3333333432674408,1.0,0.5611111253499985,0.9333333373069763,0.7833333427707354,0.8444444537162781,0.39444445371627807,0.6500000158945719,0.5555555671453476,0.9272727288983085,0.6484848580577157,0.7272727354006334,0.5454545557498932,0.6545454659245231,0.4000000102953477,0.6424242529002103,0.5030303126031702,1,-0.1454545454545455,0.4000000102953477,0.012469281493363814,-0.005555558204650923,0.39444445371627807,0.03562610150763283,0.0,0.0,0.015873016819121354,0.05252525454217738,-0.05252525454217738
RMU-LAT,forgotten,34,0.614379094667684,0.4921132960194856,0.9050544700980965,1.0,0.3333333432674408,0.3333333432674408,0.6666666865348816,1.0,0.3333333432674408,1.0,0.0,0.733333346247673,0.6388889024655025,0.5388889049490293,0.8888888935248057,0.2611111188928286,0.60555556366841,0.7888888945182164,0.4611111248532931,0.8303030387921767,0.5272727419029583,0.33939394788308574,0.7030303115194494,0.44848485697399487,0.757575766064904,0.6181818257678638,0.6484848575158553,0,0.12121211561289702,0.33939394788308574,0.0217901962334298,-0.17777777761220936,0.2611111188928286,0.043084949234052684,-0.3333333432674408,0.0,0.14285714191103746,-0.1873737326625622,0.1873737326625622
RMU-LAT,forgotten,188,0.8117647140244253,0.4921132960194856,0.9050544700980965,1.0,0.6666666865348816,0.6666666865348816,0.0,0.6666666865348816,0.3333333432674408,1.0,1.0,0.9055555606881778,0.6277777870496114,0.8888888930281004,0.7000000149011611,0.694444457689921,0.8277777875463168,0.3888888979951541,0.7722222288449605,0.9030303071845661,0.7272727391936562,0.7393939505923878,0.830303039334037,0.9030303077264266,0.9090909145095132,0.6484848607670177,0.8303030377084558,0,0.10303029851479961,0.6484848607670177,0.00937513607243372,0.1444444417953491,0.3888888979951541,0.02654320952057104,0.3333333134651184,0.0,0.12698412698412706,-0.058080808863495315,0.058080808863495315
RMU-LAT,forgotten,200,0.892374731551588,0.4921132960194856,0.9050544700980965,1.0,0.6666666865348816,1.0,1.0,0.3333333432674408,0.3333333432674408,0.6666666865348816,0.3333333432674408,1.0,0.938888892531395,0.8111111208796501,0.6888888989885648,0.7277777845660846,0.6611111213763555,0.8555555626749992,0.7500000079472859,1.0,0.9696969709613107,0.9757575772025369,0.8727272776040164,0.9151515180414374,0.8787878827615218,0.9272727316076105,0.8303030355410143,0,-0.13939393542029643,0.8303030355410143,0.002821286303666871,-0.18888888458410902,0.6611111213763555,0.009647265946922905,-0.3333333432674408,0.3333333432674408,0.08994708773951059,-0.08030302759372832,0.08030302759372832
RMU-LAT,forgotten,226,0.6470588295677908,0.4921132960194856,0.9050544700980965,1.0,0.6666666865348816,0.6666666865348816,0.0,1.0,0.0,0.0,1.0,0.9888888895511627,0.6333333427707354,0.29444445073604586,0.11111111442248027,0.3777777845660845,0.5166666775941848,0.11111111442248027,0.41111111640930176,0.9454545470801267,0.7272727343169125,0.6242424320090901,0.4666666719046506,0.48484848954460835,0.6363636461171237,0.3757575804536993,0.6424242480234666,0,-0.08484848629344588,0.3757575804536993,0.0154724739663242,-0.22222222636143363,0.11111111442248027,0.038296591254331165,0.3333333134651184,0.0,0.21693121945416494,-0.2313131316141649,0.2313131316141649
RMU-LAT,forgotten,247,0.78867103297726,0.4921132960194856,0.9050544700980965,1.0,0.3333333432674408,0.0,0.6666666865348816,0.0,0.0,0.3333333432674408,0.0,1.0,0.694444456199805,0.7333333482344945,0.8888888955116272,0.7222222367922465,0.7944444552063942,0.7666666795810063,0.7222222357988357,0.9151515196670186,0.7515151581980966,0.7818181931972503,0.5818181894042275,0.8242424341765318,0.7878787961873142,0.7090909242630005,0.8000000097534873,0,0.04848485155539073,0.5818181894042275,0.006732257691234124,0.027777779599030716,0.694444456199805,0.0042842442460406405,-0.3333333432674408,0.0,0.06878307288285924,-0.07777777395465157,0.07777777395465157
RMU-LAT,forgotten,362,0.5899782212341533,0.4921132960194856,0.9050544700980965,1.0,1.0,0.3333333432674408,0.6666666865348816,0.3333333432674408,0.3333333432674408,0.6666666865348816,0.3333333432674408,0.7055555711189906,0.9166666696468989,0.4722222333153089,0.5777777855594953,0.7833333422740301,0.6000000144044558,0.8388888935248057,0.4666666800777117,0.642424245856025,0.7393939505923878,0.5515151625329798,0.40000000433488325,0.5757575831630013,0.7515151609073986,0.6121212184429169,0.43030303662473507,0,-0.3090909139676527,0.40000000433488325,0.01858236090794667,-0.4499999895691872,0.4666666800777117,0.032651380272182506,-0.6666666567325592,0.3333333432674408,0.06878306815233186,0.03636364345297666,-0.03636364345297666
RMU-LAT,forgotten,405,0.6152505513889337,0.4921132960194856,0.9050544700980965,1.0,1.0,1.0,0.0,1.0,0.0,1.0,1.0,0.9444444472591083,0.14444444825251898,0.7611111169060071,0.2500000069538752,0.60555556366841,0.6111111159125964,0.6666666696468989,0.5444444477558136,0.8787878833033822,0.557575766064904,0.5393939473412254,0.4181818257678639,0.6545454632152211,0.8000000048767436,0.7333333383906971,0.6969697052782232,0,0.13939393921331922,0.4181818257678639,0.01716209691272148,0.39999999950329457,0.14444444825251898,0.051557907123011316,0.0,0.0,0.23809523809523814,-0.15252525752240964,0.15252525752240964
RMU-LAT,forgotten,414,0.5111111200323292,0.4921132960194856,0.9050544700980965,1.0,0.6666666865348816,0.3333333432674408,0.6666666865348816,0.6666666865348816,0.6666666865348816,0.3333333432674408,0.6666666865348816,0.4611111213763555,0.11111111442248027,0.2833333402872086,0.31666667610406873,0.42222223182519275,0.25000000645716985,0.25555556317170464,0.4111111223697662,0.49696970690380443,0.5757575858723033,0.6242424320090901,0.6242424395951358,0.6424242512746291,0.5030303093520078,0.49090909903699703,0.6363636455752633,0,0.06060605970295996,0.49090909903699703,0.004112117003954589,0.30000000794728593,0.11111111442248027,0.011272781240386451,0.0,0.3333333432674408,0.026455028031868933,-0.22525252320549705,0.22525252320549705
RMU-LAT,forgotten,443,0.7847494622850729,0.4921132960194856,0.9050544700980965,1.0,0.0,0.0,0.3333333432674408,0.3333333432674408,0.0,0.3333333432674408,0.0,0.7722222313284874,0.666666675110658,0.8444444532195727,0.7722222298383713,0.6722222333153088,0.4833333427707354,0.6722222343087196,0.5500000124176343,0.8666666729883714,0.6969697079875252,0.9454545487057079,0.9636363652619448,0.8000000070441853,0.7151515240019019,0.9030303055589849,0.7939394013448196,0,0.09696969335729433,0.6969697079875252,0.011599981765064424,-0.11666666269302373,0.4833333427707354,0.015004408960830185,0.0,0.0,0.03174603363824272,-0.24393938892718525,0.24393938892718525
RMU-LAT,forgotten,482,0.5729847601815767,0.4921132960194856,0.9050544700980965,1.0,0.3333333432674408,0.3333333432674408,0.6666666865348816,0.3333333432674408,0.3333333432674408,0.3333333432674408,0.3333333432674408,0.5222222357988358,0.42222223232189815,0.48888890047868094,0.9833333343267441,0.8388888960083326,0.41111112336317696,0.6055555706222852,0.6166666820645332,0.5878787983547558,0.5757575858723033,0.49696970798752527,0.40606061165983026,0.53333334218372,0.5939394094727256,0.5696969823403792,0.6969697052782232,0,0.12121211940591992,0.40606061165983026,0.008052822812102204,0.19444444974263508,0.41111112336317696,0.04666372565185759,0.0,0.3333333432674408,0.015873016819121358,-0.08030302321368998,0.08030302321368998
RMU-LAT,forgotten,523,0.7006536036924599,0.4921132960194856,0.9050544700980965,1.0,0.0,0.0,1.0,0.3333333432674408,0.3333333432674408,0.3333333432674408,0.0,0.9166666716337204,0.7888888945182164,0.833333340783914,0.6777777949968974,0.9555555582046509,0.8555555616815885,0.7222222338120142,0.838888896505038,0.9818181829019026,0.9636363658038053,0.5878787978128953,0.7575757649811832,0.7212121297012676,0.5090909193862568,0.6424242523583499,0.5878787983547558,0,-0.37575756744904953,0.5090909193862568,0.022624512681848896,0.05000000198682153,0.6777777949968974,0.008378893976821985,0.0,0.0,0.1269841274571797,0.2510100981502822,-0.2510100981502822
RMU-LAT,forgotten,559,0.8200435782180113,0.4921132960194856,0.9050544700980965,1.0,0.3333333432674408,1.0,1.0,0.6666666865348816,0.0,1.0,0.6666666865348816,1.0,0.9722222238779068,0.9222222263614337,0.900000003973643,0.650000007947286,0.5944444537162781,0.3333333427707354,0.47222223281860354,0.9818181829019026,1.0,0.8000000081279061,0.9454545481638474,0.7575757649811832,0.7333333438093012,0.49696970419450237,0.703030310977589,0,-0.29696968902241105,0.49696970419450237,0.02746775025329748,-0.49999999105930326,0.3333333427707354,0.06050264393211044,0.3333333432674408,0.0,0.1481481470443585,-0.2308080781589854,0.2308080781589854
RMU-LAT,forgotten,644,0.8313725538113538,0.4921132960194856,0.9050544700980965,1.0,0.3333333432674408,0.3333333432674408,1.0,0.3333333432674408,0.3333333432674408,0.3333333432674408,0.3333333432674408,1.0,0.8722222293416659,0.9166666716337204,0.6000000094374021,0.9944444447755814,0.9444444472591083,0.7055555651585261,0.9777777791023254,0.9878787886012684,0.7696969763799147,0.7696969758380543,0.8181818241422827,0.7393939424644816,0.8606060645797036,0.6909090995788574,0.715151520208879,0,-0.05454545617103579,0.6909090995788574,0.0034387160777378475,0.1055555497606595,0.6000000094374021,0.0223133440628026,0.0,0.3333333432674408,0.06349206159985259,0.2626262588934465,-0.2626262588934465
RMU-LAT,forgotten,667,0.7712418378568163,0.4921132960194856,0.9050544700980965,1.0,0.3333333432674408,0.6666666865348816,0.6666666865348816,0.6666666865348816,0.0,0.6666666865348816,0.6666666865348816,1.0,0.6111111258467038,0.5888889064391454,0.7333333482344945,0.6111111293236414,0.6944444522261619,0.5444444586833318,0.6333333477377892,0.9151515196670186,0.8363636439496821,0.6242424363439734,0.8121212195266377,0.6787878914312883,0.6545454615896399,0.7151515218344602,0.7393939473412253,0,-0.09696969660845678,0.6242424363439734,0.0062530060413184185,0.02222222189108536,0.5444444586833318,0.004093180292147468,0.3333333432674408,0.0,0.06878307288285922,-0.10606059960343617,0.10606059960343617
RMU-LAT,forgotten,672,0.7111111195648419,0.4921132960194856,0.9050544700980965,1.0,0.6666666865348816,0.0,0.3333333432674408,0.6666666865348816,0.6666666865348816,0.0,0.6666666865348816,0.9277777820825577,0.6277777895331382,0.6888888974984487,0.6222222323218981,0.42222222983837127,0.6333333447575569,0.7166666731238365,0.3944444532195727,0.969696971503171,0.8121212206103585,0.7333333427255804,0.7757575837048617,0.6484848575158553,0.6787878903475675,0.7212121307849884,0.5212121318687092,0,-0.29090908874164934,0.5212121318687092,0.009154750819887853,-0.2333333363135655,0.3944444532195727,0.01607877724525299,0.0,0.0,0.10052910652110196,-0.12676767864913646,0.12676767864913646
RMU-LAT,forgotten,703,0.9037037076124178,0.4921132960194856,0.9050544700980965,1.0,1.0,0.6666666865348816,1.0,0.3333333432674408,0.3333333432674408,0.6666666865348816,0.0,1.0,0.861111119389534,0.8833333402872086,0.9944444447755814,0.8277777880430222,0.800000011920929,0.7444444596767426,0.6722222382823626,0.9878787886012684,0.9212121237408031,0.830303036624735,0.9636363658038053,0.7333333394744179,0.9878787886012684,0.7454545562917536,0.854545457796617,0,-0.06666666594418613,0.7333333394744179,0.010146485900914366,-0.1888888811071714,0.6722222382823626,0.010645207610202524,-1.0,0.0,0.13756613725076916,-0.18232321951425434,0.18232321951425434
RMU-LAT,forgotten,706,0.6021786595481673,0.4921132960194856,0.9050544700980965,1.0,0.6666666865348816,0.6666666865348816,0.0,0.6666666865348816,0.3333333432674408,0.3333333432674408,0.6666666865348816,0.7500000149011612,0.6722222313284874,0.2944444532195727,0.6444444616635641,0.08888889153798421,0.40000001192092893,0.5166666820645333,0.09444444725910822,0.872727279771458,0.6181818263097243,0.5939394018866799,0.648484862392599,0.5212121280756864,0.5818181948228316,0.7636363723061301,0.47878788601268424,0,-0.13939394029704005,0.47878788601268424,0.008453364977917308,-0.5777777840693792,0.08888889153798421,0.057939449629227924,0.0,0.0,0.06878307288285922,-0.384343438753576,0.384343438753576
RMU-LAT,forgotten,713,0.8945533800748439,0.4921132960194856,0.9050544700980965,1.0,0.6666666865348816,0.6666666865348816,1.0,1.0,0.6666666865348816,1.0,0.6666666865348816,0.7000000109275182,0.600000013411045,0.9444444457689921,0.861111119389534,0.9833333343267441,0.7611111188928287,0.9833333343267441,0.761111115415891,0.696969706361944,0.7878787929361517,1.0,0.9333333373069763,1.0,0.9151515158739957,1.0,0.9151515164158561,0,0.12727272347970442,0.7878787929361517,0.005850714674837931,0.16111110200484602,0.600000013411045,0.020410051693124775,0.0,0.6666666865348816,0.03174602796160997,-0.15404040099996508,0.15404040099996508
RMU-LAT,forgotten,724,0.6901960853268119,0.4921132960194856,0.9050544700980965,1.0,0.0,0.6666666865348816,0.0,0.3333333432674408,0.0,0.6666666865348816,0.3333333432674408,0.9166666716337204,0.8833333383003871,0.5888888970017433,0.7777777865529061,0.7444444537162781,0.150000003973643,0.5000000064571698,0.5722222353021303,0.8181818236004222,0.9757575772025369,0.7818181888623671,0.8121212179010565,0.575757585330443,0.3818181888623671,0.8000000059604645,0.4666666740720922,0,-0.5090909031304447,0.3818181888623671,0.045803488683437844,-0.31111110299825673,0.150000003973643,0.057683715891226624,0.3333333432674408,0.0,0.08994709530835437,0.10555556123003812,-0.10555556123003812
RMU-LAT,forgotten,726,0.8448801790187562,0.4921132960194856,0.9050544700980965,1.0,0.0,0.0,0.3333333432674408,0.0,0.3333333432674408,0.0,0.0,0.8833333397905032,0.9055555606881778,0.744444452226162,0.7777777860562006,0.7277777845660846,0.8722222288449605,0.5888888960083326,0.7833333378036816,0.8848484868353064,0.8181818252260035,0.860606065121564,0.8787878833033822,0.8060606116598302,0.8545454594221982,0.8060606116598302,0.800000005418604,0,-0.018181819807399413,0.800000005418604,0.0010127246117132116,-0.12222222288449613,0.5888888960083326,0.010714285599570425,0.0,0.0,0.026455028031868933,-0.016666667614922415,0.016666667614922415
RMU-LAT,forgotten,863,0.6888888968361748,0.4921132960194856,0.9050544700980965,1.0,0.3333333432674408,0.3333333432674408,0.3333333432674408,0.3333333432674408,0.3333333432674408,0.3333333432674408,0.3333333432674408,1.0,0.9277777820825577,0.7055555631717046,0.5055555646618207,0.6444444566965103,0.3555555656552315,0.6333333417773247,0.5555555681387584,0.9757575766606764,0.9272727305238897,0.7030303120613098,0.5575757682323456,0.6545454621315002,0.5515151609073986,0.5454545557498932,0.6363636482845653,0,-0.29090908223932443,0.5454545557498932,0.01816257750838403,-0.3722222139437993,0.3555555656552315,0.031663726545007424,0.0,0.3333333432674408,0.0,-0.08080808014580687,0.08080808014580687
RMU-LAT,forgotten,906,0.6871459789915023,0.4921132960194856,0.9050544700980965,1.0,0.3333333432674408,0.0,1.0,0.0,0.0,0.6666666865348816,0.0,0.9944444447755814,0.727777790526549,0.7944444497426351,1.0,0.8055555646618208,0.8444444532195727,0.800000011920929,0.8666666726271312,0.903030308268287,0.6121212227778001,0.503030310977589,0.8424242507327687,0.5757575837048617,0.5515151614492589,0.6787878930568695,0.5575757682323456,0,-0.054545454545454564,0.503030310977589,0.01286107837004439,0.13888888210058215,0.727777790526549,0.007257494941301256,-0.3333333432674408,0.0,0.16402116670179626,0.3090909043947856,-0.3090909043947856
RMU-LAT,forgotten,921,0.5106753892758313,0.4921132960194856,0.9050544700980965,1.0,0.3333333432674408,1.0,0.6666666865348816,0.0,0.3333333432674408,0.0,0.0,1.0,0.5388888984918594,0.6611111228664716,0.07777777910232545,0.21666667064030964,0.6944444591800372,0.0833333358168602,0.9111111134290695,0.8909090974114158,0.575757588039745,0.5090909172188152,0.33333334218371996,0.5454545503312891,0.47272728139703923,0.12727272998202932,0.35151515765623614,0,-0.22424243038350883,0.12727272998202932,0.024753159934876295,0.3722222149372101,0.07777777910232545,0.10868753856154206,-0.3333333432674408,0.0,0.14814815035572765,0.5595959557728334,-0.5595959557728334
RMU-LAT,forgotten,962,0.545969509377199,0.4921132960194856,0.9050544700980965,1.0,1.0,0.6666666865348816,1.0,1.0,1.0,0.6666666865348816,1.0,1.0,0.450000011920929,0.3611111218730609,0.41111111839612324,0.23888889600833257,0.5000000149011612,0.48333334624767305,0.06666666865348816,0.9151515180414374,0.5818181969902733,0.4545454664663835,0.3636363739317114,0.4484848607670177,0.6060606208714572,0.4666666784069755,0.3393939489668066,0,-0.24242424802346668,0.3393939489668066,0.009996064954521497,-0.38333334326744084,0.06666666865348816,0.02437095951851786,0.0,0.6666666865348816,0.02645502330134164,-0.2727272803133184,0.2727272803133184
RMU-LAT,forgotten,973,0.6135076358427409,0.4921132960194856,0.9050544700980965,1.0,0.6666666865348816,0.0,1.0,0.0,0.6666666865348816,0.6666666865348816,0.0,0.9055555582046508,0.7333333457509676,0.6000000173846881,0.9500000019868214,0.7833333437641462,0.5500000149011612,0.716666679084301,0.28333334177732467,0.7939394008029591,0.4484848613088781,0.6787878919731487,0.6909090979532762,0.7818181931972503,0.5333333459767429,0.7454545573754744,0.5212121334942904,0,0.0727272721854123,0.4484848613088781,0.016096899535337064,-0.450000003973643,0.28333334177732467,0.04424603096312949,-0.6666666865348816,0.0,0.1746031793337021,-0.23787879171696574,0.23787879171696574
RMU-LAT,forgotten,1029,0.7202614437520894,0.4921132960194856,0.9050544700980965,1.0,0.0,0.6666666865348816,0.0,0.3333333432674408,0.3333333432674408,0.3333333432674408,0.0,0.9000000049670537,0.06666666865348816,0.16666667113701503,0.16111111541589102,0.6500000054637591,0.5222222258647283,0.5333333447575569,0.6277777910232544,0.9939393943006342,0.727272737568075,0.6121212179010564,0.8060606105761094,0.7818181866949255,0.7696969752961939,0.7818181877786463,0.6666666735302318,0,-0.06060606403784319,0.6121212179010564,0.005077615907004683,0.5611111223697662,0.06666666865348816,0.06149618007746394,0.0,0.0,0.06349206727648543,-0.03888888250697742,0.03888888250697742
RMU-LAT,forgotten,1060,0.7660130800764545,0.4921132960194856,0.9050544700980965,1.0,1.0,0.3333333432674408,0.0,0.6666666865348816,0.0,0.0,0.3333333432674408,0.8111111174027125,0.7444444591800372,0.8166666721304258,0.8777777840693791,0.6500000119209289,0.5388888960083326,0.6111111223697663,0.6888889009753864,0.8969697020270607,0.9575757601044395,0.9515151544050737,0.8787878854708238,0.7818181894042275,0.587878799980337,0.8969697014852004,0.6727272813970392,0,-0.28484847870740027,0.587878799980337,0.020434648583779698,-0.05555555820465086,0.5388888960083326,0.013927101458016046,-0.6666666567325592,0.0,0.14814815035572765,0.016161619578347164,-0.016161619578347164
RMU-LAT,forgotten,1124,0.6448801818626378,0.4921132960194856,0.9050544700980965,1.0,0.6666666865348816,0.0,0.0,0.0,0.0,0.0,0.0,1.0,0.38888889998197557,0.3666666716337204,0.7666666731238365,0.5388888960083326,0.3722222303350767,0.9388888905445735,0.45555556466182073,0.909090912883932,0.587878797271035,0.6545454588803378,0.690909099036997,0.7454545519568704,0.35151515982367776,0.7696969758380543,0.6303030387921766,0,0.04242424152114166,0.35151515982367776,0.019404433734708147,0.06666666467984517,0.3666666716337204,0.04972075153775141,-0.6666666865348816,0.0,0.06349206727648542,-0.1747474741303559,0.1747474741303559
RMU-LAT,forgotten,1160,0.8640522934642493,0.4921132960194856,0.9050544700980965,1.0,0.0,0.0,0.0,0.0,0.0,0.3333333432674408,0.0,1.0,0.7055555671453476,0.8777777840693791,0.766666675110658,0.9166666716337204,0.6888889004786809,0.933333336810271,0.5777777855594953,0.9393939430063422,0.8060606159947136,0.9151515202088789,0.8727272765202956,0.9151515196670186,0.8000000070441853,0.921212124824524,0.8424242501909083,0,0.036363634196194705,0.8000000070441853,0.0027355807134260626,-0.1277777815858523,0.5777777855594953,0.01777630744428582,0.0,0.0,0.015873016819121358,-0.26464646463141295,0.26464646463141295
RMU-LAT,forgotten,1180,0.5764705992602055,0.4921132960194856,0.9050544700980965,1.0,0.0,0.3333333432674408,0.6666666865348816,0.6666666865348816,0.0,0.3333333432674408,0.3333333432674408,1.0,0.17777778307596842,0.5166666820645333,0.6388889024655025,0.5777777915199598,0.7777777880430221,0.5444444606701533,0.6833333462476731,0.9757575772025369,0.4242424358021129,0.5272727413610978,0.39393940567970276,0.5757575902071866,0.6121212227778001,0.4666666800325567,0.5878788005221974,0,0.16363636472008453,0.39393940567970276,0.007295465513042801,0.5055555631717046,0.17777778307596842,0.0362316292007046,0.3333333432674408,0.0,0.07407407848923302,0.09545454572547563,-0.09545454572547563
RMU-LAT,forgotten,1243,0.8034858443378623,0.4921132960194856,0.9050544700980965,1.0,1.0,1.0,0.6666666865348816,1.0,0.0,0.6666666865348816,1.0,0.9888888895511627,1.0,0.9000000054637591,1.0,0.7222222367922465,0.19444445023934046,0.85555556366841,0.9444444462656975,0.9757575772025369,0.9878787886012684,0.8424242469397458,0.8909090968695554,0.769696978005496,0.47878788926384663,0.7515151609073986,0.8969697014852004,0,-0.09090908711606804,0.47878788926384663,0.026860814992014436,-0.05555555373430254,0.19444445023934046,0.08110964023163748,0.0,0.0,0.13756613630466366,0.04747474478049707,-0.04747474478049707
RepNoise,suppressed,17,0.7908496817342596,0.6278867219982585,0.903485841345943,1.0,1.0,1.0,1.0,1.0,0.6666666865348816,0.0,0.3333333432674408,0.9833333343267441,0.8000000089406967,0.9055555611848831,0.6611111243565877,0.4111111223697662,0.5611111268401145,0.6888889009753864,0.7000000134110451,0.921212124824524,0.9636363658038053,0.9515151544050737,0.8666666729883714,0.8484848548065532,0.7151515240019019,0.7030303136868911,0.6848484976725144,1,-0.27878786813129086,0.6848484976725144,0.013975249441050872,-0.09999999552965155,0.4111111223697662,0.02539976415766962,-0.6666666567325592,0.0,0.16402116244432163,0.015151515738530685,-0.015151515738530685
RepNoise,suppressed,57,0.7468409641895418,0.6278867219982585,0.903485841345943,1.0,1.0,1.0,1.0,1.0,1.0,1.0,0.6666666865348816,0.9666666676600774,0.8944444472591082,0.5222222298383713,0.48333333879709245,0.7333333412806193,0.9055555587013563,0.666666683057944,0.7888889009753863,0.8000000043348833,0.9090909118002112,0.5151515212925998,0.5636363690549677,0.6242424303835089,0.8606060662052848,0.878787884387103,0.9454545481638474,1,0.036363636363636265,0.5151515212925998,0.03295290529563735,-0.10555554628372188,0.48333333879709245,0.027910052476946876,-0.3333333134651184,0.6666666865348816,0.015873013980804984,-0.1565656471884611,0.1565656471884611
RepNoise,suppressed,162,0.7899782199096056,0.6278867219982585,0.903485841345943,1.0,1.0,1.0,1.0,1.0,1.0,1.0,1.0,0.861111119389534,0.5500000144044558,0.694444460173448,0.7111111248532931,0.7833333397905032,0.6333333412806194,0.6166666741172473,0.8000000059604645,0.9757575772025369,0.8181818263097242,0.727272734858773,0.7212121307849884,0.7939394035122611,0.8000000059604645,0.7939393986355174,0.806060610034249,1,-0.012121216275475244,0.7212121307849884,0.001526957812247343,0.24999999155600872,0.5500000144044558,0.008203997323787772,0.0,1.0,0.0,-0.0060606040737845035,0.0060606040737845035
RepNoise,suppressed,188,0.8862745161929162,0.6278867219982585,0.903485841345943,1.0,0.3333333432674408,0.6666666865348816,1.0,1.0,0.6666666865348816,0.3333333432674408,0.3333333432674408,0.9055555606881778,0.9222222258647282,1.0,0.9277777800957362,0.6777777845660845,0.8000000114242236,0.8444444532195727,0.8611111188928287,0.9030303071845661,0.9636363658038053,0.9575757590207187,0.9818181829019026,0.9515151544050737,0.8606060689145868,0.7696969828822396,0.733333347602324,1,-0.23030301820148125,0.733333347602324,0.010344132827760656,-0.06111110697189959,0.6777777845660845,0.010848029988879758,0.0,0.3333333432674408,0.08994708773951059,0.1277777712905046,-0.1277777712905046
RepNoise,suppressed,247,0.755555562879525,0.6278867219982585,0.903485841345943,1.0,1.0,1.0,0.3333333432674408,0.0,0.3333333432674408,0.3333333432674408,0.6666666865348816,1.0,0.8444444532195727,0.694444453716278,0.37777778307596843,0.3222222313284874,0.4611111228664716,0.8833333387970924,0.9500000019868214,0.9151515196670186,0.8545454605059191,0.6545454686338251,0.4606060716238889,0.5696969774636356,0.6727272808551789,0.878787884387103,0.8727272803133185,1,0.018181819807399413,0.4606060716238889,0.0270339755162501,0.10555554876724871,0.3222222313284874,0.06690182161227808,-0.3333333134651184,0.0,0.14285714191103746,0.07727272167350296,-0.07727272167350296
RepNoise,suppressed,349,0.6788671061493993,0.6278867219982585,0.903485841345943,1.0,1.0,1.0,1.0,1.0,0.6666666865348816,1.0,1.0,0.9888888890544574,0.9111111139257749,1.0,1.0,0.866666671137015,0.527777782579263,0.5333333387970924,0.2666666721304258,0.9575757579369979,0.9878787886012684,0.9878787886012684,0.9696969709613107,0.860606065121564,0.6545454610477794,0.5090909139676527,0.26060606728900565,1,-0.7272727213122627,0.26060606728900565,0.08004547511777003,-0.6444444417953492,0.2666666721304258,0.08192092771813285,0.0,0.6666666865348816,0.015873013980804984,0.006060604841420125,-0.006060604841420125
RepNoise,suppressed,364,0.7215686350866081,0.6278867219982585,0.903485841345943,1.0,1.0,1.0,1.0,1.0,1.0,0.6666666865348816,0.3333333432674408,0.9277777815858523,0.8944444492459297,0.8722222273548444,0.8166666746139526,0.800000011920929,0.8944444502393405,0.8722222263614337,0.7666666716337204,0.8848484895446084,0.866666672446511,0.9575757601044395,0.8000000048767436,0.575757588039745,0.5272727381099355,0.721212130243128,0.6181818257678638,1,-0.24848484667864712,0.5272727381099355,0.025428308069776345,-0.12777777761220932,0.7666666716337204,0.002555849371956498,-0.6666666567325592,0.3333333432674408,0.06878306578706818,0.14848484586585653,-0.14848484586585653
RepNoise,suppressed,407,0.8919390012625775,0.6278867219982585,0.903485841345943,1.0,1.0,1.0,1.0,1.0,1.0,1.0,1.0,1.0,1.0,1.0,0.9888888895511627,0.8277777805924416,0.7555555631717046,0.7055555646618207,0.6777777845660845,1.0,1.0,0.9939393943006342,0.9636363658038053,0.7757575837048617,0.8242424320090901,0.8848484906283292,0.8545454599640586,1,-0.14545454003594138,0.7757575837048617,0.007723992603525451,-0.3222222154339155,0.6777777845660845,0.020703996583197434,0.0,1.0,0.0,-0.1767676753979741,0.1767676753979741
RepNoise,suppressed,438,0.6671024029161416,0.6278867219982585,0.903485841345943,1.0,1.0,1.0,0.6666666865348816,0.6666666865348816,0.6666666865348816,0.6666666865348816,0.3333333432674408,0.8833333378036817,0.8277777830759684,0.9222222258647282,0.5277777885397276,0.5833333442608516,0.5722222328186035,0.6444444492459297,0.7111111149191857,0.9151515196670186,0.9090909145095132,0.878787884387103,0.7090909128839319,0.7636363706805489,0.5090909166769548,0.41818182468414306,0.5151515234600413,1,-0.39393939104947184,0.41818182468414306,0.037385106157832214,-0.11666666815678273,0.5277777885397276,0.021125807538278172,-0.6666666567325592,0.3333333432674408,0.05291005038710506,0.19595959145914432,-0.19595959145914432
RepNoise,suppressed,497,0.7063180904762416,0.6278867219982585,0.903485841345943,1.0,1.0,1.0,1.0,1.0,1.0,1.0,1.0,0.8722222293416659,0.6944444532195727,0.8000000114242236,0.8166666775941849,0.8888888945182164,0.8944444507360458,0.45555556764205296,0.40000000993410745,0.8545454605059191,0.8909090925346721,0.8606060645797036,0.7878787918524308,0.7696969742124731,0.739393946799365,0.6424242588606748,0.6545454691756856,1,-0.23636362335898653,0.6424242588606748,0.008901131520185216,-0.29444444328546526,0.40000000993410745,0.04108759495062312,0.0,1.0,0.0,-0.2545454592415781,0.2545454592415781
RepNoise,suppressed,519,0.6827886793738097,0.6278867219982585,0.903485841345943,1.0,1.0,1.0,1.0,1.0,0.6666666865348816,0.6666666865348816,1.0,0.9722222233812015,0.9000000054637591,0.8888888950149219,0.9166666716337204,0.861111119389534,0.9666666686534882,0.6444444566965103,0.6722222343087196,0.7878787896849893,0.7030303082682869,0.6606060672890056,0.6484848564321345,0.5333333454348824,0.5878787994384765,0.6909091001207178,0.6484848575158553,1,-0.05454545075243167,0.5333333454348824,0.003536665105419372,-0.2277777711550395,0.6444444566965103,0.015770134291250817,0.0,0.6666666865348816,0.02645502330134164,0.023737376792864362,-0.023737376792864362
RepNoise,suppressed,568,0.8352941246204126,0.6278867219982585,0.903485841345943,1.0,1.0,0.6666666865348816,1.0,1.0,1.0,1.0,0.6666666865348816,1.0,0.9055555591980616,0.9055555606881778,0.716666675110658,0.800000003973643,0.8388888935248057,0.8500000054637591,0.7500000099341074,0.9939393943006342,0.9575757595625791,0.9212121253663843,0.842424251274629,0.8727272786877373,0.9090909145095132,0.9212121259082447,0.9212121259082447,1,-0.03636363365433437,0.842424251274629,0.0014185139946706372,-0.1555555492639542,0.716666675110658,0.0052954141946749385,-0.3333333134651184,0.6666666865348816,0.02645502330134164,-0.17121211597413732,0.17121211597413732
RepNoise,suppressed,587,0.7755991339683533,0.6278867219982585,0.903485841345943,1.0,1.0,1.0,0.3333333432674408,1.0,1.0,0.6666666865348816,0.0,0.6388888984918595,0.9111111139257749,0.9944444447755814,0.3111111188928286,0.5055555686354637,0.5277777880430221,0.6166666726271312,0.8833333368102709,0.9272727310657501,0.9939393943006342,1.0,0.7333333400162784,0.7393939473412253,0.6060606143691323,0.6121212206103585,0.8242424303835089,1,-0.1696969639171253,0.6060606143691323,0.026341334291601015,-0.027777777115504,0.3111111188928286,0.06455173241783776,-1.0,0.0,0.16402116244432163,0.05909090642676207,-0.05909090642676207
RepNoise,suppressed,605,0.9028322452813192,0.6278867219982585,0.903485841345943,1.0,1.0,1.0,1.0,1.0,1.0,0.6666666865348816,0.3333333432674408,1.0,1.0,1.0,1.0,1.0,0.9611111134290695,0.5777777830759684,0.6333333397905032,1.0,0.9939393943006342,1.0,1.0,1.0,0.969696971503171,0.6606060634959828,0.6303030328317122,1,-0.363636361468922,0.6303030328317122,0.02890550488089956,-0.3666666602094968,0.5777777830759684,0.03605673032432252,-0.6666666567325592,0.3333333432674408,0.06878306578706818,0.003030306958791029,-0.003030306958791029
RepNoise,suppressed,622,0.8183006601006377,0.6278867219982585,0.903485841345943,1.0,1.0,0.6666666865348816,0.6666666865348816,0.3333333432674408,0.3333333432674408,0.3333333432674408,0.3333333432674408,0.9000000059604645,0.5777777800957362,0.9777777791023254,0.8166666696468989,0.6388888950149219,0.6722222298383713,0.7388888984918595,0.7333333482344945,0.8363636434078217,0.7515151592818173,0.8242424298416484,0.8060606111179699,0.8666666702790694,0.8545454594221982,0.842424248565327,0.8242424303835089,1,0.07272727110169153,0.7515151592818173,0.001444750454289345,0.15555556813875826,0.5777777800957362,0.01725161638888349,-0.6666666567325592,0.3333333432674408,0.06878306815233186,-0.09090908214901439,0.09090908214901439
RepNoise,suppressed,672,0.8379085013289856,0.6278867219982585,0.903485841345943,1.0,1.0,1.0,1.0,0.6666666865348816,0.6666666865348816,1.0,1.0,0.9277777820825577,0.9500000029802322,1.0,1.0,1.0,0.6777777830759685,0.8222222298383712,0.9277777815858523,0.969696971503171,0.9878787886012684,0.9818181829019026,0.9636363658038053,0.8060606116598302,0.49090910174629904,0.6484848569739948,0.769696978005496,1,-0.21818181059577246,0.49090910174629904,0.03570772514214405,-0.022222221394379904,0.6777777830759685,0.014639917117516695,0.0,0.6666666865348816,0.02645502330134164,0.15808080358035637,-0.15808080358035637
RepNoise,suppressed,678,0.8570806134759991,0.6278867219982585,0.903485841345943,1.0,1.0,1.0,1.0,1.0,1.0,1.0,1.0,1.0,1.0,1.0,0.9888888895511627,0.9166666716337204,0.8333333412806193,0.738888894021511,0.5777777840693792,1.0,0.9939393943006342,1.0,0.9939393943006342,0.9212121242826635,0.8424242480234666,0.7393939451737838,0.666666672446511,1,-0.32727272185412315,0.666666672446511,0.01812584653675929,-0.4222222159306208,0.5777777840693792,0.025645207910985207,0.0,1.0,0.0,-0.08888888837713183,0.08888888837713183
RepNoise,suppressed,709,0.8806100269158682,0.6278867219982585,0.903485841345943,1.0,1.0,1.0,1.0,1.0,0.3333333432674408,0.6666666865348816,0.6666666865348816,1.0,1.0,1.0,1.0,0.7722222357988358,0.6333333452542623,0.838888896505038,0.8833333392937978,0.9151515174995769,0.9636363647200844,0.9515151533213528,0.9030303077264266,0.9090909139676527,0.6424242534420707,0.890909096327695,0.8787878849289634,1,-0.08484847979112098,0.6424242534420707,0.011664698273119436,-0.11666666070620224,0.6333333452542623,0.01953556580763578,-0.3333333134651184,0.3333333432674408,0.06878306531401547,0.004545454364834334,-0.004545454364834334
RepNoise,suppressed,722,0.8531590474197288,0.6278867219982585,0.903485841345943,1.0,1.0,1.0,1.0,1.0,0.3333333432674408,0.6666666865348816,0.3333333432674408,1.0,0.9944444447755814,0.9944444447755814,0.9555555582046509,0.8666666741172473,0.7944444542129835,0.6888889004786809,0.638888901968797,0.9090909139676527,0.9454545476219871,0.9151515202088789,0.9212121253663843,0.9333333356813951,0.8909090968695554,0.8727272792295976,0.7696969796310772,1,-0.1757575679909099,0.7696969796310772,0.0035471596046021455,-0.35555554280678436,0.638888901968797,0.02111992793187266,-0.6666666567325592,0.3333333432674408,0.10052909706004719,-0.1308080776622802,0.1308080776622802
RepNoise,suppressed,732,0.8976034886307187,0.6278867219982585,0.903485841345943,1.0,1.0,1.0,1.0,1.0,1.0,0.6666666865348816,0.3333333432674408,0.7333333492279053,0.9888888895511627,0.9666666686534882,1.0,0.9277777805924415,0.9222222263614337,0.9555555577079455,0.9888888895511627,0.9151515202088789,1.0,0.9818181829019026,1.0,0.9696969709613107,0.9515151533213528,0.8303030344572935,0.8303030328317123,1,-0.16969696716828775,0.8303030328317123,0.005665310918489881,0.0,0.9222222263614337,0.0009450322478081061,-0.6666666567325592,0.3333333432674408,0.06878306578706818,0.15858585671945047,-0.15858585671945047
RepNoise,suppressed,739,0.8984749499489281,0.6278867219982585,0.903485841345943,1.0,1.0,1.0,1.0,0.0,0.0,0.0,0.0,1.0,1.0,1.0,1.0,0.7777777910232544,0.772222234805425,0.6833333517114322,0.7555555701255798,1.0,1.0,1.0,0.9636363652619448,0.848484855890274,0.6969697074456649,0.7454545541243119,0.8181818241422827,1,-0.1818181758577173,0.6969697074456649,0.01518737050961426,-0.24444442987442017,0.6833333517114322,0.019207816696400083,-1.0,0.0,0.2857142857142857,-0.06262625401670285,0.06262625401670285
RepNoise,suppressed,750,0.8688453178779753,0.6278867219982585,0.903485841345943,1.0,1.0,1.0,1.0,1.0,1.0,0.6666666865348816,0.0,1.0,1.0,1.0,1.0,1.0,0.6000000069538752,0.5722222288449605,0.4444444502393405,0.9818181823600423,0.987878788059408,1.0,1.0,0.9878787886012684,0.8242424282160672,0.7333333378488367,0.7090909134257923,1,-0.27878787463361565,0.7090909134257923,0.017489176926205646,-0.5555555497606595,0.4444444502393405,0.06304379609741408,-1.0,0.0,0.14285714191103746,-0.26464646318645185,0.26464646318645185
RepNoise,suppressed,763,0.7294117696534574,0.6278867219982585,0.903485841345943,1.0,1.0,1.0,1.0,1.0,1.0,0.0,0.0,1.0,1.0,1.0,0.9777777791023254,0.9277777800957362,0.7888888920346896,0.6444444527228673,0.6388888970017433,0.9515151538632133,1.0,0.9818181829019026,0.7939394018866799,0.7333333400162784,0.6424242491071874,0.5636363723061302,0.5696969758380543,1,-0.43030302416194566,0.5636363723061302,0.032847959074654424,-0.36111110299825666,0.6388888970017433,0.02630364379839538,-1.0,0.0,0.23809523809523805,0.069191921163689,-0.069191921163689
RepNoise,suppressed,769,0.6313725607847078,0.6278867219982585,0.903485841345943,1.0,1.0,1.0,1.0,1.0,0.6666666865348816,1.0,1.0,0.9777777791023254,0.7777777900298436,0.8388888984918594,0.744444452226162,0.5055555696288745,0.5777777940034866,0.6944444606701533,0.5722222353021303,0.8848484911701896,0.8060606170784343,0.7878787999803369,0.6969697128642689,0.5515151647004214,0.4545454670082439,0.5575757731090892,0.36969698071479795,1,-0.4363636363636364,0.36969698071479795,0.027570947611241764,-0.20555555472771325,0.5055555696288745,0.01522045807364337,0.0,0.6666666865348816,0.015873013980804984,0.2025252545873324,-0.2025252545873324
RepNoise,suppressed,781,0.8043573022278306,0.6278867219982585,0.903485841345943,1.0,1.0,1.0,1.0,1.0,1.0,1.0,0.0,0.9777777791023254,0.900000003973643,1.0,0.9944444447755814,1.0,0.7333333397905032,0.838888892531395,0.8722222238779068,0.8606060656634245,0.909090912883932,0.9636363652619448,0.9575757590207187,0.9515151527794925,0.8424242463978854,0.5636363712224093,0.533333339474418,1,-0.375757573409514,0.533333339474418,0.03552407101760399,-0.02777778009573617,0.7333333397905032,0.010164608585920358,-1.0,0.0,0.14285714285714285,0.33888888440348885,-0.33888888440348885
RepNoise,suppressed,788,0.8387799612836901,0.6278867219982585,0.903485841345943,1.0,1.0,1.0,1.0,1.0,1.0,1.0,1.0,1.0,1.0,1.0,1.0,0.8611111178994179,0.8388888984918594,0.9666666686534882,0.9888888895511627,0.7757575772025368,0.8727272759784351,0.7878787896849893,0.8303030377084558,0.7333333454348824,0.6424242550676519,0.618181828477166,0.8484848542646928,1,-0.024242421713742357,0.618181828477166,0.010146485869481773,-0.01111111044883728,0.8388888984918594,0.004922104102112084,0.0,1.0,0.0,0.14040403528646994,-0.14040403528646994
RepNoise,suppressed,793,0.8392156928193335,0.6278867219982585,0.903485841345943,1.0,1.0,0.6666666865348816,0.3333333432674408,0.6666666865348816,0.3333333432674408,0.6666666865348816,0.3333333432674408,0.8222222328186035,0.7444444586833318,0.8666666746139526,0.800000011920929,0.6000000109275182,0.7444444537162781,0.9111111149191856,0.9500000024835269,0.9393939430063422,0.9393939430063422,0.9454545487057079,0.872727279771458,0.7636363723061301,0.8666666708209297,0.8484848526391116,0.8484848537228324,1,-0.09090908928350971,0.7636363723061301,0.0037937817768398233,0.20555554380019514,0.6000000109275182,0.014237212633723956,-0.6666666567325592,0.3333333432674408,0.06349206301901081,0.10151514876069445,-0.10151514876069445
RepNoise,suppressed,798,0.7808278983714534,0.6278867219982585,0.903485841345943,1.0,1.0,1.0,1.0,0.0,0.6666666865348816,0.3333333432674408,0.3333333432674408,0.9944444447755814,0.8055555656552315,0.8388888984918594,0.722222238779068,0.6833333522081375,0.7722222357988358,0.6944444626569748,0.7055555731058121,0.921212124824524,0.8060606176202948,0.769696980714798,0.7090909242630005,0.7151515299623663,0.7212121378291737,0.7696969834241,0.800000011920929,1,-0.00606060569936584,0.7090909242630005,0.0016493942307114439,-0.09999999254941938,0.6833333522081375,0.0036081712040338574,-0.6666666567325592,0.0,0.16402116244432163,-0.09444443881511688,0.09444443881511688
RepNoise,suppressed,816,0.7742919507369497,0.6278867219982585,0.903485841345943,1.0,1.0,1.0,1.0,0.3333333432674408,0.0,0.0,0.0,0.9277777820825577,0.9111111164093018,0.938888892531395,0.8833333368102709,0.4166666785875956,0.5500000114242236,0.7388889039556186,0.6722222417593002,0.7636363717642698,0.8484848548065532,0.8666666740720922,0.8969697031107816,0.6969697117805481,0.7393939543854107,0.8303030398758975,0.7333333492279053,1,-0.11515150557864795,0.6969697117805481,0.005971401688872137,-0.23888887465000153,0.4166666785875956,0.03899029830894461,-1.0,0.0,0.25396825349520125,-0.06111110746860504,0.06111110746860504
RepNoise,suppressed,821,0.8867102433653439,0.6278867219982585,0.903485841345943,1.0,1.0,1.0,0.6666666865348816,0.3333333432674408,0.6666666865348816,0.0,0.0,0.9944444447755814,0.9222222248713176,0.9777777786056201,0.7222222288449606,0.9944444447755814,0.9000000024835269,0.8055555601914723,0.8444444497426351,0.9878787886012684,0.8606060640378432,0.8969696993177587,0.7393939462575045,0.8424242474816063,0.8848484900864688,0.7636363728479906,0.8666666713627902,1,0.006060607324946954,0.7393939462575045,0.003709825300316514,-0.07777777512868245,0.7222222288449606,0.009422398149126215,-1.0,0.0,0.17989418115565395,-0.02222222162015508,0.02222222162015508
RepNoise,suppressed,831,0.7416122123696446,0.6278867219982585,0.903485841345943,1.0,1.0,1.0,1.0,1.0,1.0,1.0,0.6666666865348816,1.0,0.9944444447755814,0.9722222238779068,0.9722222238779068,0.8722222288449605,0.3777777890364329,0.5444444596767426,0.733333346247673,0.8545454599640586,0.9151515202088789,0.8363636461171237,0.7454545606266368,0.7515151663260027,0.6969697144898501,0.6060606224970384,0.6848485014655373,1,-0.23030301874334158,0.6060606224970384,0.010417595018561336,-0.26111109852790837,0.3777777890364329,0.057971778822376224,-0.3333333134651184,0.6666666865348816,0.015873013980804984,0.04848484478213566,-0.04848484478213566
RepNoise,suppressed,836,0.8117647098170386,0.6278867219982585,0.903485841345943,1.0,1.0,1.0,0.6666666865348816,0.0,1.0,1.0,0.6666666865348816,0.7222222288449606,1.0,0.9888888895511627,1.0,0.3333333432674408,0.42222223033507666,0.6000000074505806,0.7777777830759685,0.9636363652619448,0.9757575772025369,0.9878787886012684,0.9636363658038053,0.5575757666067643,0.4727272803133184,0.7515151576562361,0.83636364124038,1,-0.13939393596215688,0.4727272803133184,0.04368183877915465,-0.22222221692403155,0.3333333432674408,0.0806760705528296,-0.3333333134651184,0.0,0.13756613630466366,-0.05858585816441153,0.05858585816441153
RepNoise,suppressed,842,0.8980392198936613,0.6278867219982585,0.903485841345943,1.0,1.0,1.0,1.0,1.0,0.6666666865348816,1.0,1.0,1.0,1.0,1.0,1.0,1.0,0.7500000144044559,0.7166666785875956,0.6666666815678278,1.0,1.0,1.0,1.0,1.0,0.8969697031107816,0.7696969801729375,0.7696969796310772,1,-0.2303030203689228,0.7696969796310772,0.011885083547245897,-0.3333333184321722,0.6666666815678278,0.024431214650708587,0.0,0.6666666865348816,0.015873013980804984,-0.10303029806324937,0.10303029806324937
RepNoise,suppressed,843,0.8339869343766979,0.6278867219982585,0.903485841345943,1.0,1.0,1.0,1.0,1.0,1.0,1.0,1.0,1.0,0.9333333373069763,0.9777777791023254,1.0,0.9388888910412788,0.716666675110658,0.6055555641651154,0.4944444507360458,0.9515151527794925,0.9636363647200844,0.9575757590207187,0.9030303066427058,0.678787887096405,0.7454545552080328,0.6969697128642689,0.6787878930568695,1,-0.2848484716632149,0.678787887096405,0.017518910625243786,-0.4388888865709305,0.4944444507360458,0.041025865960566184,0.0,1.0,0.0,-0.18434344232082367,0.18434344232082367
RepNoise,suppressed,855,0.8566448840830061,0.6278867219982585,0.903485841345943,1.0,1.0,1.0,1.0,1.0,1.0,1.0,0.6666666865348816,1.0,1.0,1.0,1.0,1.0,0.6055555601914724,0.8111111149191856,0.9388888910412788,0.9515151527794925,0.9575757595625791,0.9878787886012684,0.9696969709613107,0.890909093618393,0.7454545546661724,0.8787878838452425,0.7696969763799147,1,-0.18787878318266438,0.7454545546661724,0.009310419630997048,-0.06111110895872118,0.6055555601914724,0.022611698432618,-0.3333333134651184,0.6666666865348816,0.015873013980804984,0.16919191466136407,-0.16919191466136407
RepNoise,suppressed,867,0.8684095895757863,0.6278867219982585,0.903485841345943,1.0,0.0,0.0,1.0,1.0,0.6666666865348816,1.0,1.0,0.9833333343267441,0.43333334227403003,0.8166666756073634,0.6111111208796501,0.8388888920346896,0.972222222884496,1.0,1.0,0.9636363658038053,0.7515151598236778,0.6666666729883715,0.8060606116598302,0.8363636406985197,0.9212121253663843,1.0,0.9939393943006342,1,0.24242423447695638,0.6666666729883715,0.01560365492313732,0.56666665772597,0.43333334227403003,0.046804819006181574,1.0,0.0,0.22222222222222224,0.00606060569936584,-0.00606060569936584
RepNoise,suppressed,873,0.8701525120563757,0.6278867219982585,0.903485841345943,1.0,1.0,1.0,0.6666666865348816,0.6666666865348816,1.0,1.0,1.0,0.7444444561998049,0.6944444626569748,0.6722222397724787,0.877777781089147,0.9888888895511627,0.9055555582046508,0.9333333363135655,0.8944444487492244,0.7878787988966162,0.7515151652422818,0.8303030382503163,0.9515151538632133,0.8848484900864688,0.8787878827615218,0.9090909139676527,0.8969697025689212,1,0.14545453732663938,0.7515151652422818,0.004131356399442653,0.19999998609224956,0.6722222397724787,0.014638446204929387,0.0,0.6666666865348816,0.02645502330134164,-0.0025252538196968155,0.0025252538196968155
RepNoise,suppressed,903,0.8422658030503716,0.6278867219982585,0.903485841345943,1.0,1.0,1.0,1.0,0.6666666865348816,0.6666666865348816,0.0,0.0,1.0,0.9500000024835269,1.0,0.9888888895511627,0.9888888895511627,0.8166666756073634,0.6111111253499985,0.6277777949968973,0.9818181829019026,0.9090909139676527,0.8909090952439742,0.7818181910298088,0.7333333427255804,0.8000000081279061,0.763636376099153,0.7272727419029582,1,-0.18181817206469453,0.7272727419029582,0.005257772050722695,-0.32222220748662955,0.6111111253499985,0.02974720509025301,-1.0,0.0,0.20105820168893815,-0.09949494690606087,0.09949494690606087
RepNoise,suppressed,921,0.750326806852241,0.6278867219982585,0.903485841345943,1.0,1.0,1.0,1.0,0.3333333432674408,0.6666666865348816,0.6666666865348816,0.0,1.0,1.0,0.9944444447755814,0.9555555572112401,0.7500000114242236,0.5333333427707354,0.5722222338120143,0.5388889034589132,0.8909090974114158,0.9333333373069763,0.9575757601044395,0.8787878854708238,0.6424242561513728,0.6909091049974615,0.5878788021477785,0.48484849658879364,1,-0.4484848407181827,0.48484849658879364,0.03402509784275217,-0.46111109654108684,0.5333333427707354,0.04772486525119616,-1.0,0.0,0.14814814704435852,0.05404040687011952,-0.05404040687011952
RepNoise,suppressed,967,0.6867102457806955,0.6278867219982585,0.903485841345943,1.0,0.6666666865348816,1.0,1.0,1.0,0.0,1.0,1.0,1.0,0.3444444547096888,0.7222222303350766,0.6111111213763555,0.7888888935248057,1.0,0.9777777791023254,0.9888888895511627,0.8181818241422827,0.5393939511342483,0.7030303136868911,0.7454545535824516,0.6181818225167014,0.5818181899460879,0.5454545508731495,0.7636363679712469,1,0.22424241683699864,0.5393939511342483,0.008876645132274421,0.644444434841474,0.3444444547096888,0.058783066750518885,0.3333333134651184,0.0,0.14285714191103746,0.22525252157991582,-0.22525252157991582
RepNoise,suppressed,973,0.6601307299012452,0.6278867219982585,0.903485841345943,1.0,1.0,1.0,1.0,0.6666666865348816,0.3333333432674408,0.0,0.0,0.9055555582046508,1.0,1.0,0.9166666716337204,0.6888889074325562,0.6500000193715095,0.6500000193715095,0.6666666865348816,0.7939394008029591,0.7575757655230435,0.83636364124038,0.8121212200684981,0.7393939527598294,0.5090909242630005,0.3878787994384766,0.5818181991577148,1,-0.1757575663653287,0.3878787994384766,0.028833791492618055,-0.3333333134651184,0.6500000193715095,0.02810405323219477,-1.0,0.0,0.21164021148252746,0.08484848737716677,-0.08484848737716677
RepNoise,suppressed,1008,0.7633986981476055,0.6278867219982585,0.903485841345943,1.0,1.0,0.6666666865348816,0.3333333432674408,0.6666666865348816,1.0,0.0,0.0,1.0,0.7611111203829447,1.0,0.44444445172945657,0.9166666706403096,0.9722222238779068,0.805555559694767,0.7111111149191857,1.0,0.9393939419226213,0.9212121259082447,0.7212121264501051,0.8363636434078217,0.8000000075860457,0.8363636423241009,0.7212121291594071,1,-0.21818181276321413,0.7212121264501051,0.007461629055247887,-0.050000005463759045,0.44444445172945657,0.03651969344234166,-1.0,0.0,0.17989418115565392,-0.010101014240221473,0.010101014240221473
RepNoise,suppressed,1012,0.8331154725520439,0.6278867219982585,0.903485841345943,1.0,1.0,1.0,0.3333333432674408,0.0,0.6666666865348816,1.0,1.0,1.0,0.9888888895511627,0.9722222238779068,0.9833333338300387,0.9222222263614337,0.9444444477558136,0.8222222268581391,0.8611111149191857,0.9454545470801267,0.9393939408389005,0.9272727294401689,0.8848484873771667,0.8606060656634245,0.8484848548065532,0.6969697085293857,0.6969697025689212,1,-0.24242423826997928,0.6969697025689212,0.010137740472131535,-0.12777777463197704,0.8222222268581391,0.004115226147658052,0.0,0.0,0.16402116244432163,0.16414141235026447,-0.16414141235026447
RepNoise,suppressed,1031,0.79041394770535,0.6278867219982585,0.903485841345943,1.0,1.0,1.0,1.0,0.6666666865348816,1.0,1.0,0.6666666865348816,1.0,1.0,0.8611111149191857,0.9888888895511627,0.8833333363135656,0.7388888930281003,0.5500000029802322,0.7944444482525189,0.9030303055589849,0.9393939419226213,0.8242424298416484,0.9454545481638474,0.9575757595625791,0.7454545514150099,0.5636363695968282,0.7515151592818173,1,-0.18787878264080393,0.5636363695968282,0.02081420213029696,-0.20555555174748108,0.5500000029802322,0.024319517603346635,-0.3333333134651184,0.6666666865348816,0.02645502330134164,0.042929288970701585,-0.042929288970701585
RepNoise,suppressed,1054,0.7455337763611788,0.6278867219982585,0.903485841345943,1.0,1.0,0.6666666865348816,0.0,0.6666666865348816,1.0,1.0,0.6666666865348816,1.0,0.9944444447755814,0.9722222238779068,0.8333333412806193,0.7722222328186035,0.4500000114242236,0.7388888994852701,0.9055555601914723,0.9090909134257924,0.9030303066427058,0.9393939408389005,0.866666672446511,0.7151515250856226,0.5636363750154322,0.47272728302262046,0.5696969812566584,1,-0.33333332538604743,0.47272728302262046,0.0352232265471891,-0.08888888458410904,0.4500000114242236,0.03434891097580491,-0.3333333134651184,0.0,0.12698412603802162,0.33585857893481397,-0.33585857893481397
RepNoise,suppressed,1058,0.7176470686797223,0.6278867219982585,0.903485841345943,1.0,1.0,1.0,1.0,0.6666666865348816,0.3333333432674408,0.3333333432674408,0.3333333432674408,1.0,0.9333333373069763,0.8500000079472859,0.7444444591800372,0.7444444566965103,0.45555556416511533,0.6277777890364329,0.7944444542129835,0.8484848548065532,0.7818181904879483,0.7333333427255804,0.5939394094727256,0.6121212254871021,0.563636376099153,0.8242424336346713,0.8969697020270607,1,0.1151515115391124,0.563636376099153,0.01633302642367177,-0.13888888309399283,0.45555556416511533,0.02430922948997874,-0.6666666567325592,0.3333333432674408,0.11111110779974202,-0.10252524781407724,0.10252524781407724
RepNoise,suppressed,1093,0.7450980424880982,0.6278867219982585,0.903485841345943,1.0,1.0,1.0,1.0,1.0,1.0,0.0,0.0,0.7111111169060071,0.6777777840693792,0.8222222268581391,0.4722222263614337,0.2888888920346896,0.6000000054637591,0.8444444452722867,0.8777777815858523,0.9090909123420715,0.7333333394744179,0.7333333362232555,0.6787878822196614,0.6787878822196614,0.5272727310657501,0.5575757606462999,0.7454545487057079,1,0.012121209231290009,0.5272727310657501,0.007783462369836587,0.19999999751647313,0.2888888920346896,0.04741181648571235,-1.0,0.0,0.23809523809523805,0.13232323288014436,-0.13232323288014436
RepNoise,suppressed,1121,0.8174291995615741,0.6278867219982585,0.903485841345943,1.0,0.6666666865348816,0.6666666865348816,0.6666666865348816,1.0,1.0,1.0,1.0,0.6555555641651154,0.6500000129143397,0.8666666746139526,0.9888888895511627,1.0,0.8444444512327512,0.8333333417773247,0.9444444472591083,0.63636364124038,0.654545460505919,0.8303030349991538,0.8363636406985197,0.8909090941602533,0.921212124824524,0.8909090957858345,0.9090909134257924,1,0.2545454529198734,0.654545460505919,0.008441121036147642,0.2944444343447685,0.6500000129143397,0.014463549760432562,0.3333333134651184,0.6666666865348816,0.03174602796160997,0.03535353383331585,-0.03535353383331585
RepNoise,suppressed,1135,0.8405228807256112,0.6278867219982585,0.903485841345943,1.0,1.0,1.0,1.0,0.6666666865348816,0.6666666865348816,1.0,1.0,0.9111111159125964,0.5555555646618208,0.7833333392937978,0.6833333402872086,0.6277777835726738,0.6055555621782939,0.738888894021511,0.7055555616815885,0.7515151609073986,0.666666672446511,0.8242424282160672,0.8242424287579276,0.7212121269919656,0.8424242474816063,0.9030303077264266,0.921212124824524,1,0.25454545237801296,0.666666672446511,0.008458611969714496,0.14999999701976774,0.5555555646618208,0.006341857584319276,0.0,0.6666666865348816,0.02645502330134164,-0.21565656314293546,0.21565656314293546
RepNoise,suppressed,1154,0.711111118902568,0.6278867219982585,0.903485841345943,1.0,1.0,1.0,1.0,0.6666666865348816,0.6666666865348816,0.6666666865348816,0.6666666865348816,0.9277777815858523,0.9444444467624028,0.933333336810271,0.9277777810891469,0.8888888945182164,0.9055555611848831,0.9055555601914723,0.7111111268401146,0.6181818273934451,0.7333333405581388,0.5333333427255804,0.6242424347183921,0.7333333427255804,0.8181818268515847,0.7636363717642698,0.648484858599576,1,-0.08484848195856276,0.5333333427255804,0.009352398319088838,-0.23333331992228823,0.7111111268401146,0.0064550257281021034,-0.3333333134651184,0.6666666865348816,0.03174602796160997,0.06262626824053852,-0.06262626824053852
RepNoise,suppressed,1184,0.8200435782569687,0.6278867219982585,0.903485841345943,1.0,1.0,1.0,1.0,0.6666666865348816,0.6666666865348816,1.0,1.0,0.9444444467624028,0.9722222238779068,0.8000000064571698,0.9500000029802322,1.0,0.861111119389534,0.9055555601914723,0.9388888920346896,0.6848484906283292,0.7696969769217751,0.5515151598236777,0.6424242518164894,0.9030303061008453,0.9515151544050737,0.9757575772025369,1.0,1,0.23030302307822492,0.5515151598236777,0.031097117152836053,-0.033333331843217184,0.8000000064571698,0.0047398585576491886,0.0,0.6666666865348816,0.02645502330134164,-0.061111107965310385,0.061111107965310385
RepNoise,suppressed,1221,0.7851851935090584,0.6278867219982585,0.903485841345943,1.0,1.0,1.0,1.0,1.0,1.0,1.0,1.0,0.9944444447755814,0.9277777820825577,0.9888888895511627,0.9833333338300387,0.9666666681567828,0.8555555631717046,0.8277777880430222,0.7888889014720917,0.8969697025689212,0.8060606143691323,0.9878787886012684,0.9757575766606764,0.8727272781458768,0.8363636428659612,0.7757575891234658,0.6909091077067635,1,-0.11515150666236884,0.6909091077067635,0.011379595584709704,-0.138888880610466,0.7888889014720917,0.006563785219327438,0.0,1.0,0.0,0.09797979376532817,-0.09797979376532817
RepNoise,suppressed,1253,0.9028322481641584,0.6278867219982585,0.903485841345943,1.0,1.0,1.0,1.0,1.0,0.6666666865348816,0.6666666865348816,0.6666666865348816,1.0,0.9777777791023254,1.0,1.0,0.7500000109275182,0.7944444557030995,0.8611111178994179,0.8722222273548444,0.9575757601044395,0.9393939430063422,0.903030308268287,0.8484848569739949,0.8484848548065532,0.9454545487057079,0.9878787886012684,0.9333333356813951,1,-0.006060607324947065,0.8484848548065532,0.002693602437085619,-0.10555555174748099,0.7500000109275182,0.01028218598014676,-0.3333333134651184,0.6666666865348816,0.03174602796160997,-0.061111108326550645,0.061111108326550645
RepNoise,forgotten,34,0.7023965249264162,0.6278867219982585,0.903485841345943,1.0,1.0,1.0,1.0,1.0,0.6666666865348816,0.6666666865348816,0.3333333432674408,0.733333346247673,0.8111111203829448,0.7444444557030996,0.8833333402872086,0.8333333432674408,0.5222222357988358,0.35000001043081286,0.2888888974984487,0.8303030387921767,0.8484848553484137,0.7818181915716691,0.7515151592818173,0.7151515240019019,0.6969697069038044,0.4848484987562353,0.5939394094727256,0,-0.25454544587568806,0.4848484987562353,0.014844548711466482,-0.522222222884496,0.2888888974984487,0.05961934129550379,-0.6666666567325592,0.3333333432674408,0.06878306531401547,-0.3050505119742769,0.3050505119742769
RepNoise,forgotten,59,0.8374727711568472,0.6278867219982585,0.903485841345943,1.0,1.0,1.0,1.0,1.0,1.0,1.0,0.3333333432674408,0.9944444447755814,0.9888888895511627,0.9722222238779068,0.9611111134290695,0.8777777850627899,0.9166666701436043,0.9111111149191856,0.6555555646618207,0.7575757617300207,0.8666666702790694,0.9151515185832977,0.9333333373069763,0.9575757601044395,0.9272727305238897,0.8606060645797036,0.6303030366247351,0,-0.23636363365433433,0.6303030366247351,0.01242555399243168,-0.333333324889342,0.6555555646618207,0.012910052276687865,-0.6666666567325592,0.3333333432674408,0.06349206159985256,0.025252528037085664,-0.025252528037085664
RepNoise,forgotten,63,0.8366013108515271,0.6278867219982585,0.903485841345943,1.0,1.0,1.0,1.0,0.6666666865348816,0.3333333432674408,0.3333333432674408,0.3333333432674408,1.0,1.0,1.0,0.866666671137015,0.8055555626749993,0.6722222323218981,0.3833333437641462,0.4388888970017433,1.0,1.0,1.0,0.9636363658038053,0.7636363668875261,0.5818181894042275,0.6484848553484136,0.6545454621315002,0,-0.3454545378684998,0.5818181894042275,0.033299224823302824,-0.5611111029982567,0.3833333437641462,0.06299823441885978,-0.6666666567325592,0.3333333432674408,0.11111110779974202,-0.2156565651297569,0.2156565651297569
RepNoise,forgotten,67,0.8069716868447322,0.6278867219982585,0.903485841345943,1.0,1.0,1.0,1.0,1.0,1.0,1.0,0.6666666865348816,0.9777777791023254,0.7888889004786809,0.5722222313284874,0.616666679084301,0.5944444611668587,0.7055555691321691,0.9388888910412788,0.8777777850627899,0.8969697031107816,0.8363636461171237,0.7575757703997872,0.63030304312706,0.7272727408192374,0.7757575869560241,0.8545454621315003,0.8181818290190264,0,-0.018181817098097297,0.63030304312706,0.005897940187868325,0.08888888458410904,0.5722222313284874,0.020936212967697997,-0.3333333134651184,0.6666666865348816,0.015873013980804984,0.059595956043763554,-0.059595956043763554
RepNoise,forgotten,105,0.6435729892814861,0.6278867219982585,0.903485841345943,1.0,1.0,1.0,1.0,1.0,1.0,0.6666666865348816,0.0,1.0,0.9166666706403096,1.0,1.0,1.0,0.9000000049670537,0.7777777885397276,0.7666666741172473,0.8545454567128962,0.8242424282160672,0.8545454567128962,0.7878787929361517,0.6666666702790693,0.5272727332331918,0.5090909134257924,0.4606060672890056,0,-0.3636363609270616,0.4606060672890056,0.026892299259739506,-0.14999999652306228,0.7666666741172473,0.010410052083524671,-1.0,0.0,0.14285714191103746,0.3060606068282417,-0.3060606068282417
RepNoise,forgotten,333,0.8008714689148797,0.6278867219982585,0.903485841345943,1.0,1.0,1.0,1.0,1.0,1.0,0.6666666865348816,0.3333333432674408,0.8833333378036817,0.7888888999819755,0.783333346247673,0.7611111253499985,0.7277777940034866,0.7388889044523239,0.6611111243565877,0.572222234805425,0.8909090957858345,0.8666666735302319,0.7818181921135295,0.8181818279353055,0.8363636455752633,0.8242424330928109,0.6787878925150092,0.6363636493682862,0,-0.2303030241619457,0.6363636493682862,0.007489614368835141,-0.21666666517655053,0.572222234805425,0.006027336873810552,-0.6666666567325592,0.3333333432674408,0.06878306578706818,-0.06414141456286115,0.06414141456286115
RepNoise,forgotten,338,0.8178649305907729,0.6278867219982585,0.903485841345943,1.0,1.0,1.0,1.0,1.0,1.0,1.0,0.6666666865348816,1.0,0.9777777791023254,0.9555555577079455,0.9333333373069763,0.9888888895511627,0.9611111134290695,0.8000000109275182,0.7222222362955412,0.9636363658038053,0.9878787886012684,0.9636363658038053,0.8969697020270607,0.9393939419226213,0.9151515191251581,0.72121213295243,0.6363636488264257,0,-0.3515151397748427,0.6363636488264257,0.017807511114011833,-0.2555555428067843,0.7222222362955412,0.01054526641106412,-0.3333333134651184,0.6666666865348816,0.015873013980804984,0.08585858746911545,-0.08585858746911545
RepNoise,forgotten,405,0.8043573040588229,0.6278867219982585,0.903485841345943,1.0,1.0,1.0,1.0,1.0,1.0,0.0,0.0,0.9444444472591083,0.7222222288449606,0.9611111134290695,0.9944444447755814,0.9944444447755814,0.911111115415891,0.8944444492459297,0.9111111129323641,0.8787878833033822,0.6727272824807601,0.8909090968695554,0.9030303066427058,0.7636363679712469,0.8242424292997881,0.769696978005496,0.8424242480234666,0,0.16969696554270652,0.6727272824807601,0.006511871705573802,0.18888888408740356,0.7222222288449606,0.008721339990511357,-1.0,0.0,0.23809523809523805,0.06868686490889753,-0.06868686490889753
RepNoise,forgotten,415,0.7342048037675473,0.6278867219982585,0.903485841345943,1.0,1.0,1.0,0.6666666865348816,0.6666666865348816,0.6666666865348816,0.6666666865348816,1.0,0.9055555611848831,0.9055555601914723,0.922222226858139,0.6555555740992228,0.7000000163912773,0.4000000094374021,0.37777778804302214,0.47777778953313826,0.9333333373069763,0.8060606154528531,0.7454545557498932,0.5939394089308652,0.6424242588606748,0.6727272878993641,0.5818181942809711,0.7090909199281172,0,-0.09696969552473589,0.5818181942809711,0.006587082630711528,-0.42777777065833406,0.37777778804302214,0.051074367149490485,0.0,0.6666666865348816,0.03174602796160997,-0.23131313039497897,0.23131313039497897
RepNoise,forgotten,523,0.729847501734503,0.6278867219982585,0.903485841345943,1.0,1.0,1.0,1.0,0.3333333432674408,0.3333333432674408,0.3333333432674408,0.3333333432674408,0.9166666716337204,0.6666666716337204,0.9833333343267441,0.9611111134290695,0.7111111273368199,0.466666679084301,0.644444452226162,0.6500000094374021,0.9818181829019026,0.9515151538632133,0.9818181829019026,0.8545454610477794,0.8060606165365739,0.7393939446319233,0.6000000102953478,0.6303030404177579,0,-0.3212121134454554,0.6000000102953478,0.021884646378283256,-0.016666662196318294,0.466666679084301,0.034153437714044825,-0.6666666567325592,0.3333333432674408,0.12698412319970512,0.01969696901964424,-0.01969696901964424
RepNoise,forgotten,661,0.8679738618189992,0.6278867219982585,0.903485841345943,1.0,1.0,1.0,1.0,1.0,1.0,0.6666666865348816,0.6666666865348816,0.9444444477558136,0.9444444472591083,0.9888888895511627,0.9944444447755814,0.9500000029802322,0.7833333383003871,0.6166666736205418,0.5166666805744171,0.848484853180972,0.8181818257678639,0.7818181899460879,0.9636363658038053,0.9212121242826635,0.8606060656634245,0.9636363652619448,0.8848484911701896,0,0.06666666540232569,0.7818181899460879,0.0048974590911608435,-0.42777776668469114,0.5166666805744171,0.037602878938057326,-0.3333333134651184,0.6666666865348816,0.02645502330134164,-0.3681818105957725,0.3681818105957725
RepNoise,forgotten,675,0.8074074117965947,0.6278867219982585,0.903485841345943,1.0,1.0,1.0,0.6666666865348816,0.6666666865348816,0.0,0.0,0.0,1.0,1.0,1.0,0.9833333343267441,0.6222222323218981,0.500000013411045,0.38888889700174334,0.37777778605620066,1.0,1.0,1.0,0.987878788059408,0.8606060662052848,0.6484848520972512,0.6969697020270608,0.6969697025689212,0,-0.3030302974310788,0.6484848520972512,0.02517818811281847,-0.6222222139437994,0.37777778605620066,0.0844723664560979,-1.0,0.0,0.21693121945416496,-0.31919191651272055,0.31919191651272055
RepNoise,forgotten,700,0.7973856261353087,0.6278867219982585,0.903485841345943,1.0,1.0,1.0,1.0,0.6666666865348816,1.0,0.0,0.0,1.0,0.9666666686534882,0.9000000054637591,0.5944444552063942,0.6111111174027125,0.3944444532195727,0.6611111178994179,0.7333333392937978,0.9696969704194502,0.8606060667471452,0.9454545481638474,0.7878787918524308,0.5818181866949255,0.5878787988966162,0.6787878881801258,0.7151515234600414,0,-0.14545454328710383,0.5818181866949255,0.0185841089623388,-0.2333333293596903,0.3944444532195727,0.037654320133137124,-1.0,0.0,0.2222222222222223,0.018181815833756443,-0.018181815833756443
RepNoise,forgotten,726,0.6579520803261425,0.6278867219982585,0.903485841345943,1.0,0.6666666865348816,0.6666666865348816,0.6666666865348816,0.6666666865348816,0.3333333432674408,0.0,0.0,0.8833333397905032,0.7611111248532931,0.6944444571932157,0.8444444537162781,0.7222222323218982,0.6277777940034867,0.46111112385988234,0.4166666785875956,0.8848484868353064,0.6666666778651151,0.5575757666067643,0.6000000092116269,0.6727272841063413,0.6484848596832969,0.6969697106968272,0.5939394089308652,0,-0.07272726893424997,0.5575757666067643,0.0025571735489378403,-0.34444444626569753,0.4166666785875956,0.024648735821290912,-0.6666666865348816,0.0,0.10052910652110196,-0.17727273034326957,0.17727273034326957
RepNoise,forgotten,760,0.8004357361326031,0.6278867219982585,0.903485841345943,1.0,1.0,1.0,1.0,1.0,0.6666666865348816,0.3333333432674408,0.3333333432674408,0.9444444477558136,1.0,1.0,1.0,1.0,0.827777786552906,0.6111111238598823,0.6111111258467038,0.9090909118002112,0.9212121231989427,0.8727272754365748,0.8666666702790694,0.8363636401566592,0.7090909177606756,0.5878788005221974,0.6606060727076097,0,-0.260606050491333,0.5878788005221974,0.015902749316683718,-0.3888888741532962,0.6111111238598823,0.03386684060727483,-0.6666666567325592,0.3333333432674408,0.10052909706004719,-0.04949494686090594,0.04949494686090594
RepNoise,forgotten,853,0.7546841078723957,0.6278867219982585,0.903485841345943,1.0,1.0,1.0,0.6666666865348816,0.6666666865348816,1.0,0.3333333432674408,0.0,1.0,0.9000000059604645,0.9722222238779068,0.6277777915199597,0.5000000129143397,0.7277777940034866,0.7166666835546494,0.8055555671453476,0.9757575772025369,0.7333333486860448,0.800000011920929,0.7272727397355166,0.7636363739317114,0.7878787999803369,0.7333333486860448,0.7030303191054951,0,-0.030303029580549756,0.7030303191054951,0.0012331102123633363,-0.09444443881511688,0.5000000129143397,0.02566872297123139,-1.0,0.0,0.14814814704435852,0.10252524803985252,-0.10252524803985252
RepNoise,forgotten,863,0.7912854109324661,0.6278867219982585,0.903485841345943,1.0,1.0,0.6666666865348816,0.6666666865348816,1.0,1.0,0.0,0.0,1.0,0.8500000084439914,0.9944444447755814,0.8277777860562007,0.8833333397905032,1.0,0.7388889024655024,0.7944444566965103,0.9757575766606764,0.9636363647200844,0.8848484890027479,0.6424242518164894,0.6303030425851995,0.8363636444915424,0.6121212254871021,0.6060606208714572,0,-0.3575757438486272,0.6060606208714572,0.022687479438933553,-0.05555555174748106,0.7388889024655024,0.009607582744572346,-1.0,0.0,0.20105820168893815,0.18838383582505314,-0.18838383582505314
RepNoise,forgotten,906,0.7843137352684744,0.6278867219982585,0.903485841345943,1.0,1.0,1.0,0.6666666865348816,0.0,0.0,0.3333333432674408,0.3333333432674408,0.9944444447755814,0.9555555572112401,0.9555555582046509,0.7000000163912773,0.6666666835546493,0.9444444467624028,0.5944444552063942,0.5000000119209289,0.903030308268287,0.9212121259082447,0.9030303088101473,0.7636363771828738,0.7575757698579269,0.7818181910298088,0.6727272835644809,0.6727272846482016,0,-0.2484848412600431,0.6727272835644809,0.009807161977249521,-0.45555554529031117,0.5000000119209289,0.036303642867532744,-0.6666666567325592,0.0,0.17989418020954842,-0.17272727272727273,0.17272727272727273
RepNoise,forgotten,915,0.6827886800750408,0.6278867219982585,0.903485841345943,1.0,0.6666666865348816,0.6666666865348816,0.3333333432674408,1.0,1.0,0.6666666865348816,0.3333333432674408,1.0,0.6111111288269361,0.35000001043081286,0.47777779201666515,0.7833333412806193,0.80555556366841,0.9277777820825577,0.8500000074505806,0.8606060683727265,0.6060606203295967,0.5212121334942904,0.5212121329524301,0.6787878833033821,0.6848484922539104,0.8060606111179699,0.721212130243128,0,0.11515150991353129,0.5212121329524301,0.011092745037227748,0.2388888786236445,0.35000001043081286,0.045163138054534674,-0.3333333432674408,0.3333333432674408,0.07407407186649471,0.12878787720745255,-0.12878787720745255
RepNoise,forgotten,961,0.788671030639823,0.6278867219982585,0.903485841345943,1.0,1.0,1.0,1.0,1.0,0.6666666865348816,0.0,0.3333333432674408,1.0,1.0,1.0,1.0,1.0,0.3444444542129835,0.6333333497246106,0.39444445619980495,1.0,1.0,1.0,0.9757575772025369,0.9636363658038053,0.7212121291594071,0.6303030442107808,0.4606060732494701,0,-0.5393939267505299,0.4606060732494701,0.047430143114089,-0.605555543800195,0.3444444542129835,0.0920620187679016,-0.6666666567325592,0.0,0.16402116244432163,-0.06616161704966517,0.06616161704966517
RepNoise,forgotten,981,0.7572984800229664,0.6278867219982585,0.903485841345943,1.0,1.0,1.0,1.0,1.0,1.0,1.0,1.0,1.0,0.9333333353201548,0.9777777786056201,0.9500000024835269,0.8388888935248057,0.9222222253680229,0.7666666731238365,0.6444444542129835,1.0,1.0,0.9878787886012684,0.9636363658038053,0.8060606116598302,0.7939394018866799,0.5151515245437622,0.4727272841063413,0,-0.5272727158936588,0.4727272841063413,0.04831168644465474,-0.28888888110717137,0.6444444542129835,0.014469429014019597,0.0,1.0,0.0,0.17171717010664217,-0.17171717010664217
RepNoise,forgotten,1029,0.8701525097968532,0.6278867219982585,0.903485841345943,1.0,1.0,1.0,1.0,1.0,1.0,0.0,0.3333333432674408,0.9000000049670537,0.7722222338120143,0.7944444512327512,0.9555555572112401,0.9444444477558136,0.9777777791023254,0.8111111174027125,0.7611111174027125,0.9939393943006342,0.8000000075860457,0.9515151533213528,0.9696969709613107,0.8848484884608876,0.9393939430063422,0.9393939430063422,0.8606060662052848,0,0.06060605861923907,0.8000000075860457,0.0036835888901142213,-0.011111116409301736,0.7611111174027125,0.009050557901496972,-0.6666666567325592,0.0,0.1746031731840164,-0.09949494880257226,0.09949494880257226
RepNoise,forgotten,1057,0.7442265865070368,0.6278867219982585,0.903485841345943,1.0,1.0,1.0,1.0,1.0,0.3333333432674408,1.0,0.3333333432674408,1.0,0.9833333343267441,1.0,1.0,1.0,0.8166666746139526,0.572222234805425,0.31111111839612327,1.0,0.9030303071845661,0.9090909123420715,0.8909090957858345,0.8787878860126842,0.5939394035122612,0.5090909215536985,0.6060606187040155,0,-0.2969696884805506,0.5090909215536985,0.03134024096189995,-0.6722222159306208,0.31111111839612327,0.07396531236883057,-0.6666666567325592,0.3333333432674408,0.10582010266642093,-0.29494950030789224,0.29494950030789224
RepNoise,forgotten,1109,0.6845316000234068,0.6278867219982585,0.903485841345943,1.0,1.0,1.0,0.6666666865348816,0.0,0.6666666865348816,0.3333333432674408,0.3333333432674408,0.7500000129143397,0.7055555656552315,0.5777777870496114,0.6555555666486422,0.6333333417773247,0.5777777850627899,0.9611111134290695,0.7277777860562007,0.9575757601044395,0.9151515191251581,0.860606065121564,0.6242424341765317,0.5090909215536985,0.551515164158561,0.6000000140883706,0.6363636493682862,0,-0.278787869756872,0.5090909215536985,0.024079757419515135,0.022222220400969217,0.5777777850627899,0.017457377448774392,-0.6666666567325592,0.0,0.13756613725076913,0.09141413668791454,-0.09141413668791454
RepNoise,forgotten,1126,0.8958605682148654,0.6278867219982585,0.903485841345943,1.0,1.0,1.0,0.6666666865348816,1.0,1.0,1.0,0.0,1.0,1.0,0.9555555567145347,0.8222222268581391,0.6722222278515498,0.8888888920346896,0.9555555572112401,0.9555555577079455,0.9757575772025369,0.9696969704194502,0.9818181829019026,0.854545457796617,0.6606060640378432,0.660606065121564,0.9818181823600423,0.9878787886012684,0,0.018181818181818188,0.6606060640378432,0.022794175058247528,-0.044444442292054465,0.6722222278515498,0.012826278236098393,-1.0,0.0,0.14285714191103746,-0.032323230893322896,0.032323230893322896
RepNoise,forgotten,1155,0.7176470661864561,0.6278867219982585,0.903485841345943,1.0,1.0,1.0,1.0,1.0,1.0,1.0,0.6666666865348816,0.6777777860562006,0.9888888895511627,0.9055555587013563,1.0,0.9277777820825577,0.8388888974984486,0.4166666770974795,0.37222223232189816,0.6606060694564473,0.7696969785473563,0.8484848553484137,0.8909090952439742,0.8242424309253693,0.7090909177606756,0.7393939462575045,0.5696969790892168,0,-0.1999999994581395,0.5696969790892168,0.011379596529876858,-0.6166666572292645,0.37222223232189816,0.07189741122677075,-0.3333333134651184,0.6666666865348816,0.015873013980804984,-0.19747474676731863,0.19747474676731863
RepNoise,forgotten,1178,0.8932461925191816,0.6278867219982585,0.903485841345943,1.0,0.3333333432674408,0.3333333432674408,0.3333333432674408,0.0,0.0,0.3333333432674408,0.3333333432674408,0.922222226858139,0.8055555651585261,0.7833333452542622,0.9333333373069763,0.9222222238779068,0.8277777840693792,0.9777777786056201,0.9611111119389534,0.8606060689145868,0.8666666740720922,0.8242424336346713,0.8606060683727265,0.9454545481638474,0.9636363652619448,0.9151515180414374,0.8545454572547566,0,-0.012121216817335578,0.8242424336346713,0.0026866060650975834,0.15555554678042727,0.7833333452542622,0.006334508438230563,0.0,0.0,0.02645502803186893,0.10656565468419676,-0.10656565468419676
RepNoise,forgotten,1262,0.8008714656424678,0.6278867219982585,0.903485841345943,1.0,1.0,1.0,1.0,0.6666666865348816,0.6666666865348816,0.6666666865348816,0.6666666865348816,0.9888888895511627,0.9333333373069763,0.9944444447755814,0.9944444447755814,0.8666666746139526,0.6611111253499985,0.6722222318251928,0.6388888960083325,0.909090912883932,0.8545454615896398,0.8484848548065532,0.7454545497894287,0.6242424336346712,0.7030303098938682,0.7515151565725153,0.7333333400162784,0,-0.12121212157336148,0.6242424336346712,0.006489133649475177,-0.2944444412986438,0.6388888960083325,0.025950909840191647,-0.3333333134651184,0.6666666865348816,0.03174602796160997,-0.09444444400794583,0.09444444400794583
RepNoise,forgotten,1271,0.8692810490240458,0.6278867219982585,0.903485841345943,1.0,1.0,1.0,1.0,1.0,1.0,1.0,1.0,0.6333333392937978,0.9666666681567828,0.9277777791023254,1.0,1.0,1.0,0.9388888920346896,0.850000003973643,0.8000000059604645,0.9575757590207187,0.9757575772025369,0.9818181829019026,0.9878787886012684,0.9515151538632133,0.8484848537228324,0.7212121286175468,0,-0.23636363040317188,0.7212121286175468,0.009756438354851826,-0.11666666418313987,0.850000003973643,0.003039388433536809,0.0,1.0,0.0,0.12878787535609615,-0.12878787535609615
ELM,suppressed,137,0.8509803951176163,0.634858396629882,0.8906318121291453,1.0,1.0,1.0,0.3333333432674408,0.3333333432674408,0.0,0.0,0.3333333432674408,0.9555555572112401,1.0,1.0,1.0,0.938888892531395,0.9777777791023254,0.8444444512327512,0.8666666681567828,0.8424242463978854,0.7939393980936571,0.8303030333735726,0.8848484873771667,0.8060606122016907,0.9030303039334037,0.8969696976921775,0.9030303050171246,1,0.10909090692346746,0.7939393980936571,0.0023070530568439444,-0.13333333184321716,0.8444444512327512,0.004401822189928015,-0.6666666567325592,0.0,0.17460317365706915,-0.03636363686034172,0.03636363686034172
ELM,suppressed,247,0.7703703771229663,0.634858396629882,0.8906318121291453,1.0,1.0,1.0,0.3333333432674408,0.3333333432674408,0.3333333432674408,0.3333333432674408,0.3333333432674408,1.0,0.8888888935248057,0.9666666686534882,0.8722222278515498,0.8444444517294566,0.7166666775941849,0.5666666780908902,0.5888889044523239,0.9151515196670186,0.860606067830866,0.8606060672890056,0.7636363717642698,0.8000000059604645,0.6666666746139527,0.6060606149109927,0.8121212184429168,1,-0.04848484938794917,0.6060606149109927,0.00943810382676044,-0.2999999890724818,0.5666666780908902,0.02422839369118952,-0.6666666567325592,0.3333333432674408,0.10582010266642095,-0.22323231399059296,0.22323231399059296
ELM,suppressed,400,0.6849673327277688,0.634858396629882,0.8906318121291453,1.0,0.6666666865348816,1.0,1.0,0.3333333432674408,0.3333333432674408,0.3333333432674408,0.3333333432674408,0.6888889049490293,0.8833333387970924,0.6722222357988358,0.5888889029622077,0.7388889044523239,0.6833333517114322,0.6666666865348816,0.7444444596767426,0.6060606214133176,0.49090910174629904,0.6848484965887937,0.6424242545257915,0.7757575869560241,0.7333333438093012,0.7151515272530642,0.7878787972710349,1,0.2969696955247359,0.49090910174629904,0.01022869381199219,-0.13888887912034986,0.5888889029622077,0.008456789536608611,-0.3333333432674408,0.3333333432674408,0.10052909800615263,-0.04343433759429238,0.04343433759429238
ELM,suppressed,414,0.7215686340737187,0.634858396629882,0.8906318121291453,1.0,0.0,0.6666666865348816,0.3333333432674408,0.3333333432674408,0.3333333432674408,0.0,0.3333333432674408,0.4611111213763555,0.23333333780368168,0.7611111174027125,0.9833333343267441,0.9722222238779068,0.73333334227403,0.7500000079472859,0.7500000099341074,0.49696970690380443,0.4969697058200836,0.703030310977589,0.684848489002748,0.7333333394744179,0.7757575847885826,0.8787878827615218,0.830303036624735,1,0.33333333080465144,0.4969697058200836,0.01522760042912157,0.5166666721304257,0.23333333780368168,0.06175631934324655,0.3333333432674408,0.0,0.05291005606373786,-0.08030302669062761,0.08030302669062761
ELM,suppressed,415,0.8004357385089974,0.634858396629882,0.8906318121291453,1.0,0.3333333432674408,0.6666666865348816,0.3333333432674408,0.3333333432674408,0.3333333432674408,0.3333333432674408,0.3333333432674408,0.9055555611848831,0.6055555731058121,0.6611111298203468,0.5833333497246106,0.6722222377856573,0.8444444517294566,0.8888888935248057,0.8888888940215111,0.9333333373069763,0.6303030442107808,0.8666666740720922,0.6666666784069755,0.7030303142287514,0.7212121318687092,0.8545454615896398,0.8000000081279061,1,0.1696969639171253,0.6303030442107808,0.008556560819434367,0.28333332091569896,0.5833333497246106,0.0180834787024042,0.0,0.3333333432674408,0.015873016819121354,0.088888885893605,-0.088888885893605
ELM,suppressed,443,0.8030501154123568,0.634858396629882,0.8906318121291453,1.0,1.0,1.0,0.6666666865348816,0.6666666865348816,0.6666666865348816,0.6666666865348816,0.6666666865348816,0.7722222313284874,1.0,0.8500000079472859,0.672222230831782,0.8222222283482552,0.5000000079472859,0.4944444557030996,0.47222223033507665,0.8666666729883714,0.9212121242826635,0.7939393986355174,0.8545454594221982,0.7636363739317114,0.8363636439496821,0.7272727370262146,0.7575757655230435,1,-0.16363635875962002,0.7272727370262146,0.0045021641984724714,-0.5277777696649233,0.47222223033507665,0.04353615406447303,-0.3333333134651184,0.6666666865348816,0.02645502330134164,-0.28535353518796686,0.28535353518796686
ELM,suppressed,462,0.7010893318388197,0.634858396629882,0.8906318121291453,1.0,1.0,1.0,1.0,1.0,1.0,1.0,0.6666666865348816,0.9777777791023254,0.9388888920346896,0.9833333338300387,0.75555556366841,0.5333333442608515,0.6111111183961232,0.9111111159125964,0.5055555651585261,0.8666666740720922,0.8787878822196614,0.8848484852097251,0.6909090974114158,0.44848485697399487,0.545454554124312,0.5939394078471444,0.35757576769048516,1,-0.5212121145291763,0.35757576769048516,0.04102496692586873,-0.43333332687616355,0.5055555651585261,0.04034685341541661,-0.3333333134651184,0.6666666865348816,0.015873013980804984,0.1479797974680409,-0.1479797974680409
ELM,suppressed,534,0.67799564841526,0.634858396629882,0.8906318121291453,1.0,1.0,1.0,1.0,1.0,1.0,0.3333333432674408,1.0,0.9500000029802322,0.9944444447755814,1.0,0.7111111174027125,0.9500000014901161,0.5000000059604645,0.5611111144224803,0.6222222293416659,0.9757575766606764,0.9515151527794925,0.7818181845274839,0.4060606132854115,0.7636363717642698,0.6545454615896399,0.563636370680549,0.6000000097534873,1,-0.3515151430260052,0.4060606132854115,0.03108312488848071,-0.3722222154339154,0.5000000059604645,0.04619047512308525,0.0,0.3333333432674408,0.06349206159985256,0.022222219588178604,-0.022222219588178604
ELM,suppressed,587,0.8344226638476054,0.634858396629882,0.8906318121291453,1.0,0.3333333432674408,1.0,0.0,0.0,0.0,0.0,0.0,0.6388888984918595,0.8666666731238365,0.8888888955116272,0.7666666731238365,0.8277777850627899,0.9777777786056201,0.9722222238779068,1.0,0.9272727310657501,0.8363636439496821,0.909090912883932,0.6000000092116269,0.6121212233196606,0.8969697014852004,0.8545454599640586,0.8545454572547566,1,0.018181813305074512,0.6000000092116269,0.01728103474798366,0.1333333268761635,0.7666666731238365,0.007582304029430394,-0.3333333432674408,0.0,0.14285714333019564,0.1454545427452434,-0.1454545427452434
ELM,suppressed,644,0.8222222272866692,0.634858396629882,0.8906318121291453,1.0,1.0,1.0,0.6666666865348816,0.6666666865348816,0.6666666865348816,0.6666666865348816,0.0,1.0,0.9111111159125964,1.0,0.73333334227403,0.6111111208796501,0.8388888940215111,0.9333333358168602,0.877777781089147,0.9878787886012684,0.9575757595625791,0.9393939413807609,0.7575757638974623,0.7636363723061301,0.7575757655230435,0.8666666713627902,0.6606060689145868,1,-0.2969696906479923,0.6606060689145868,0.011923564063105206,-0.03333333482344947,0.6111111208796501,0.01741181570425552,-1.0,0.0,0.11111111111111123,0.2171717121745601,-0.2171717121745601
ELM,suppressed,652,0.8204793092472102,0.634858396629882,0.8906318121291453,1.0,0.6666666865348816,0.3333333432674408,0.3333333432674408,0.0,0.0,0.0,0.0,1.0,1.0,1.0,1.0,0.9777777791023254,0.9500000029802322,0.9111111164093018,0.9166666701436043,0.9090909139676527,0.9818181829019026,0.9333333373069763,0.872727277062156,0.7272727343169125,0.757575768774206,0.7090909242630005,0.7212121297012676,1,-0.260606053200635,0.7090909242630005,0.01269491359696392,-0.08333332985639574,0.9111111164093018,0.001550558334208815,-0.6666666865348816,0.0,0.06878307288285924,0.19545454044233668,-0.19545454044233668
ELM,suppressed,669,0.8470588286717733,0.634858396629882,0.8906318121291453,1.0,1.0,1.0,0.6666666865348816,0.3333333432674408,0.0,0.0,0.0,1.0,1.0,0.9944444447755814,0.8777777840693791,1.0,0.8277777815858524,0.80555556366841,0.6333333482344945,0.9818181829019026,0.9515151527794925,0.9393939419226213,0.8545454610477794,0.9575757595625791,0.7090909172188152,0.7696969752961939,0.6484848580577157,1,-0.3030302947217768,0.6484848580577157,0.0157925568381127,-0.3666666517655055,0.6333333482344945,0.01849206204084285,-1.0,0.0,0.21164021290168566,-0.01515150982322122,0.01515150982322122
ELM,suppressed,706,0.6888888986671673,0.634858396629882,0.8906318121291453,1.0,1.0,1.0,1.0,0.6666666865348816,0.6666666865348816,0.3333333432674408,0.6666666865348816,0.7500000149011612,0.8166666775941849,0.9000000059604645,0.6722222412625949,0.6166666845480601,0.5055555706222852,0.24444445172945659,0.6166666850447655,0.872727279771458,0.8909090957858345,0.8727272786877373,0.6909090984951366,0.4848484949632125,0.6424242529002103,0.6666666762395339,0.7636363728479906,1,-0.12727272293784397,0.4848484949632125,0.019888932100721214,-0.19999999254941936,0.24444445172945659,0.045636390290633176,-0.3333333134651184,0.3333333432674408,0.06349206018069443,-0.14696968780322506,0.14696968780322506
ELM,suppressed,709,0.7738562175651,0.634858396629882,0.8906318121291453,1.0,1.0,1.0,1.0,1.0,1.0,1.0,1.0,1.0,1.0,1.0,1.0,1.0,0.9944444447755814,0.9111111164093018,0.6777777940034866,0.9151515174995769,0.8848484900864688,0.8424242480234666,0.866666672446511,0.751515164158561,0.8545454626733606,0.7393939516761087,0.6545454691756856,1,-0.23030302091078325,0.6545454691756856,0.00726573026239172,-0.3222222059965134,0.6777777940034866,0.01449294385955241,0.0,1.0,0.0,0.02323232482780102,-0.02323232482780102
ELM,suppressed,720,0.8527233142868366,0.634858396629882,0.8906318121291453,1.0,0.3333333432674408,1.0,0.6666666865348816,0.6666666865348816,0.3333333432674408,0.0,0.3333333432674408,0.9888888890544574,1.0,1.0,0.9722222238779068,0.938888892531395,0.755555569132169,0.8388888974984486,0.9277777820825577,0.9030303071845661,0.830303033915433,0.90909091017463,0.9515151533213528,0.9333333351395346,0.866666669737209,0.8606060640378432,0.9151515164158561,1,0.0848484825004231,0.830303033915433,0.0019065109205848559,-0.07222221791744232,0.755555569132169,0.008259846244767331,0.0,0.0,0.10582010692389561,0.012626265666701553,-0.012626265666701553
ELM,suppressed,760,0.8052287636629117,0.634858396629882,0.8906318121291453,1.0,0.6666666865348816,0.6666666865348816,0.6666666865348816,0.6666666865348816,0.6666666865348816,0.6666666865348816,0.3333333432674408,0.9444444477558136,0.8166666726271311,0.9722222238779068,0.6500000089406968,0.8666666701436043,0.9611111134290695,0.9777777791023254,0.9277777810891469,0.9090909118002112,0.7636363690549677,0.860606065121564,0.5575757655230436,0.6242424341765317,0.8484848542646928,0.9515151533213528,0.8848484884608876,1,0.12121211940591992,0.5575757655230436,0.0209104020193964,0.11111110846201577,0.6500000089406968,0.013999117532813994,-0.3333333432674408,0.3333333432674408,0.01587301681912136,0.042929292628259286,-0.042929292628259286
ELM,suppressed,769,0.8671024035394582,0.634858396629882,0.8906318121291453,1.0,0.6666666865348816,0.6666666865348816,0.6666666865348816,0.6666666865348816,0.3333333432674408,0.3333333432674408,0.3333333432674408,0.9777777791023254,0.7833333457509677,0.8055555671453476,0.7444444547096888,0.8833333392937978,0.7333333467443784,0.9444444477558136,0.9833333338300387,0.8848484911701896,0.7818181931972503,0.7393939538435502,0.7878787994384766,0.8242424341765318,0.8545454626733606,0.9878787886012684,0.9939393943006342,1,0.21212120110338384,0.7393939538435502,0.010183216349757197,0.19999998807907104,0.7333333467443784,0.009706054321374728,-0.3333333432674408,0.3333333432674408,0.03174603363824272,-0.010606060470595424,0.010606060470595424
ELM,suppressed,798,0.7843137321518916,0.634858396629882,0.8906318121291453,1.0,0.6666666865348816,1.0,1.0,1.0,1.0,0.6666666865348816,0.3333333432674408,0.9944444447755814,0.6000000153978665,0.861111119389534,0.9333333373069763,0.9666666686534882,0.894444449742635,0.7388889019687971,0.6111111213763555,0.921212124824524,0.8727272786877373,0.88484849171205,0.9272727316076105,0.8727272781458768,0.7757575826211409,0.6545454626733607,0.5333333410999992,1,-0.33939393758773806,0.5333333410999992,0.020990860674919103,0.011111105978488967,0.6000000153978665,0.02293650660420749,-0.3333333432674408,0.3333333432674408,0.06878306531401547,0.07777778027635629,-0.07777778027635629
ELM,suppressed,831,0.7472766992702983,0.634858396629882,0.8906318121291453,1.0,1.0,1.0,0.6666666865348816,1.0,0.3333333432674408,0.3333333432674408,0.0,1.0,0.9888888895511627,0.9888888890544574,0.8111111208796501,0.6944444626569748,0.9000000059604645,0.7111111278335254,0.6722222357988358,0.8545454599640586,0.8121212206103585,0.8424242501909083,0.563636376099153,0.7030303180217743,0.7333333454348824,0.7393939516761087,0.7090909220955589,1,-0.10303029851479961,0.563636376099153,0.008052822284003329,-0.31666665375232694,0.6722222357988358,0.01881393103661576,-1.0,0.0,0.16402116244432163,-0.03686868629672313,0.03686868629672313
ELM,suppressed,836,0.8901960818206562,0.634858396629882,0.8906318121291453,1.0,0.6666666865348816,0.6666666865348816,1.0,0.3333333432674408,0.6666666865348816,0.3333333432674408,0.0,0.7222222288449606,0.9888888895511627,0.9944444447755814,0.9500000029802322,0.9444444472591083,0.9166666701436043,0.8500000064571699,0.872222226858139,0.9636363652619448,0.9454545481638474,0.9757575761188161,0.9090909134257924,0.8181818225167015,0.7575757628137415,0.7454545514150099,0.7939393986355174,1,-0.15151514952833,0.7454545514150099,0.008673750181828655,-0.11666666269302373,0.8500000064571699,0.003023221404157553,-0.6666666865348816,0.0,0.10582010739694836,0.07828282822262156,-0.07828282822262156
ELM,suppressed,889,0.7734204856398837,0.634858396629882,0.8906318121291453,1.0,0.3333333432674408,1.0,1.0,0.3333333432674408,0.0,0.0,0.0,0.8666666746139526,0.6611111169060071,0.7944444532195727,0.5444444547096888,0.716666679084301,0.6222222303350766,0.3444444547096888,0.33888889898856484,0.860606067830866,1.0,0.9878787886012684,0.8969697014852004,0.8848484900864688,0.7454545568336141,0.6000000081279061,0.587878797271035,1,-0.412121202728965,0.587878797271035,0.029725828459143077,-0.32222221791744227,0.33888889898856484,0.0312845383494269,-0.3333333432674408,0.0,0.20105820074283254,-0.24898989828247015,0.24898989828247015
ELM,suppressed,960,0.7755991371628506,0.634858396629882,0.8906318121291453,1.0,1.0,1.0,1.0,1.0,0.0,0.0,0.0,1.0,0.9611111134290695,1.0,0.938888892531395,0.9055555611848831,0.5888889064391454,0.4722222362955411,0.5777777940034866,0.8909090952439742,0.9393939424644817,0.9515151544050737,0.8969697031107816,0.8666666735302319,0.6424242566932331,0.5818181959065524,0.61818183389577,1,-0.32121210856871174,0.5818181959065524,0.026701646742298885,-0.3833333194255829,0.4722222362955411,0.049053494899299964,-1.0,0.0,0.2857142857142857,-0.04040403989228336,0.04040403989228336
ELM,suppressed,967,0.7708061055809844,0.634858396629882,0.8906318121291453,1.0,0.3333333432674408,0.6666666865348816,1.0,1.0,1.0,0.3333333432674408,0.6666666865348816,1.0,0.6666666825612386,0.4611111248532931,0.8500000034769376,0.7722222313284874,0.9722222238779068,1.0,0.9722222238779068,0.8181818241422827,0.5272727359424938,0.38181819048794835,0.5090909172188152,0.703030310977589,0.9090909118002112,0.9818181823600423,0.9515151533213528,1,0.42424241737885904,0.38181819048794835,0.058891948147727934,0.3055555413166682,0.4611111248532931,0.03899029752380848,0.3333333432674408,0.3333333432674408,0.08994708679340511,0.020707070556553964,-0.020707070556553964
ELM,suppressed,1058,0.8200435787244559,0.634858396629882,0.8906318121291453,1.0,1.0,1.0,1.0,1.0,0.6666666865348816,0.3333333432674408,0.0,1.0,0.9166666716337204,0.922222226858139,0.9944444447755814,0.9944444447755814,1.0,0.9555555582046509,0.9500000014901161,0.8484848548065532,0.7515151598236778,0.8303030377084558,0.9030303039334037,0.9151515174995769,0.9515151527794925,0.8666666719046506,0.8121212189847773,1,0.06060605916109951,0.7515151598236778,0.004706807950342741,0.0333333298563957,0.9166666716337204,0.0012286888659088044,-1.0,0.0,0.16402116244432163,0.1378787825053388,-0.1378787825053388
ELM,suppressed,1060,0.6845315981144998,0.634858396629882,0.8906318121291453,1.0,0.6666666865348816,1.0,0.3333333432674408,0.3333333432674408,0.3333333432674408,0.3333333432674408,0.3333333432674408,0.8111111174027125,0.9333333363135655,0.9555555577079455,0.4000000094374021,0.5222222353021304,0.6166666726271312,0.39444445371627807,0.45000001043081284,0.8969697020270607,0.9030303077264266,0.860606067830866,0.47878788872198624,0.5878787978128953,0.6484848553484136,0.8121212195266377,0.6303030420433391,1,-0.27272726568308747,0.47878788872198624,0.024756656912513792,-0.4833333258827527,0.39444445371627807,0.057977658510777554,-0.3333333432674408,0.3333333432674408,0.06878306767927912,-0.18030303161252625,0.18030303161252625
ELM,suppressed,1089,0.7825708132943296,0.634858396629882,0.8906318121291453,1.0,1.0,1.0,1.0,1.0,1.0,1.0,0.6666666865348816,0.9833333343267441,0.9777777786056201,0.9833333343267441,0.7111111263434092,0.4555555691321691,0.5944444552063942,0.7055555681387583,0.5944444512327512,0.9272727310657501,0.8545454605059191,0.9575757595625791,0.8787878854708238,0.6666666773232547,0.6363636493682862,0.7818181904879483,0.672727279771458,1,-0.1818181807344611,0.6363636493682862,0.015302810909980686,-0.38333332737286885,0.4555555691321691,0.0395825966442774,-0.3333333134651184,0.6666666865348816,0.015873013980804984,-0.07828282853870672,0.07828282853870672
ELM,suppressed,1095,0.6483660192271463,0.634858396629882,0.8906318121291453,1.0,0.3333333432674408,0.6666666865348816,0.0,0.0,0.0,0.0,0.0,0.8111111208796501,0.24444445172945659,0.5722222353021303,0.15555556019147238,0.1388888920346896,0.7055555616815885,0.8388888955116272,0.8388888940215111,0.7454545530405912,0.46666667515581306,0.5272727397355166,0.2787878838452426,0.315151522918181,0.8969697004014795,0.9212121237408031,0.9333333356813951,1,0.46666666052558203,0.2787878838452426,0.08451440678441825,0.5944444422920545,0.1388888920346896,0.09858465662787831,-0.3333333432674408,0.0,0.06878307288285922,-0.09444444165988397,0.09444444165988397
ELM,suppressed,1124,0.8474945608307335,0.634858396629882,0.8906318121291453,1.0,1.0,1.0,1.0,1.0,1.0,0.6666666865348816,0.6666666865348816,1.0,0.9888888895511627,1.0,0.8444444537162781,0.822222230831782,0.9277777820825577,0.8666666741172473,0.8611111159125964,0.909090912883932,0.9333333367651159,0.9454545481638474,0.7696969812566584,0.7515151636167006,0.9212121259082447,0.8606060689145868,0.8606060689145868,1,-0.07272726785052908,0.7515151636167006,0.0060466127394274705,-0.12777777363856635,0.822222230831782,0.005069076514494635,-0.3333333134651184,0.6666666865348816,0.02645502330134164,0.0005050469980095729,-0.0005050469980095729
ELM,suppressed,1138,0.8623093734379688,0.634858396629882,0.8906318121291453,1.0,0.0,0.6666666865348816,0.0,0.0,0.0,0.0,0.0,1.0,0.5277777875463168,0.8555555641651154,0.8777777835726738,0.7500000119209289,0.8166666716337204,0.8000000054637592,0.911111115415891,0.9575757595625791,0.6848484965887937,0.8666666740720922,0.9151515196670186,0.7575757644393227,0.9454545481638474,0.854545457796617,0.9575757601044395,1,0.2727272635156458,0.6848484965887937,0.010149984099575248,0.3833333278695742,0.5277777875463168,0.016305114197983323,0.0,0.0,0.06349206727648542,-0.046464644688548495,0.046464644688548495
ELM,suppressed,1146,0.8518518572149714,0.634858396629882,0.8906318121291453,1.0,1.0,1.0,1.0,1.0,1.0,0.6666666865348816,0.6666666865348816,1.0,1.0,1.0,1.0,1.0,0.9555555582046509,0.8555555626749992,0.8555555631717046,0.8060606105761094,0.987878788059408,0.9393939424644817,0.8303030360828746,0.8787878838452425,0.7696969796310772,0.7090909177606756,0.7454545541243119,1,-0.24242423393509605,0.7090909177606756,0.010718439120542428,-0.14444443682829544,0.8555555626749992,0.00463844749899139,-0.3333333134651184,0.6666666865348816,0.02645502330134164,0.11010100904739262,-0.11010100904739262
ELM,suppressed,1207,0.8492374784416622,0.634858396629882,0.8906318121291453,1.0,1.0,1.0,1.0,1.0,0.3333333432674408,0.0,0.0,0.9888888895511627,0.8055555626749993,0.9000000054637591,0.8444444517294566,0.7111111238598824,0.7166666775941849,0.8333333387970925,0.7277777885397275,0.9393939413807609,0.9272727316076105,0.8727272792295976,0.9515151544050737,0.9575757590207187,0.8181818252260035,0.8424242491071875,0.866666672446511,1,-0.06060605916109951,0.8181818252260035,0.0029996936869322115,-0.07777777413527176,0.7111111238598824,0.005440916705094747,-1.0,0.0,0.23809523714913264,-0.13888888390678344,0.13888888390678344
ELM,suppressed,1221,0.7716775664317062,0.634858396629882,0.8906318121291453,1.0,0.6666666865348816,0.6666666865348816,0.6666666865348816,0.6666666865348816,0.6666666865348816,0.6666666865348816,0.3333333432674408,0.9944444447755814,0.9777777791023254,0.9777777791023254,0.9055555611848831,0.8555555621782939,1.0,0.8888888950149219,0.8611111164093017,0.8969697025689212,0.8787878827615218,0.8969697020270607,0.7212121286175468,0.7636363717642698,0.8545454594221982,0.6969697052782232,0.6060606149109927,1,-0.27272726785052903,0.6060606149109927,0.011603480303854127,-0.11666666269302373,0.8555555621782939,0.003628747476103873,-0.3333333432674408,0.3333333432674408,0.01587301681912136,0.255050501498309,-0.255050501498309
ELM,suppressed,1262,0.8623093727367377,0.634858396629882,0.8906318121291453,1.0,1.0,1.0,1.0,1.0,1.0,0.6666666865348816,0.6666666865348816,0.9888888895511627,0.8222222328186035,0.8888888950149219,0.9000000024835269,0.7000000084439914,0.9888888895511627,0.9944444447755814,0.7833333427707354,0.909090912883932,0.9333333367651159,0.9272727316076105,0.8606060656634245,0.83636364124038,0.9333333345976743,0.9090909118002112,0.8000000048767436,1,-0.13333333188837226,0.8000000048767436,0.002870260945896491,-0.03888889004786811,0.7000000084439914,0.011591709964043058,-0.3333333134651184,0.6666666865348816,0.02645502330134164,-0.0166666621060082,0.0166666621060082
ELM,forgotten,26,0.7220043657651913,0.634858396629882,0.8906318121291453,1.0,0.6666666865348816,1.0,0.6666666865348816,1.0,0.6666666865348816,0.3333333432674408,0.3333333432674408,0.900000003973643,0.8777777830759684,0.9000000044703483,0.8055555666486423,0.8500000084439914,0.9500000029802322,0.661111123363177,0.5555555706222852,0.9212121253663843,0.8727272776040164,0.969696971503171,0.6484848602251573,0.5878788005221974,0.6545454648408022,0.5212121351198716,0.3333333427255804,0,-0.539393934878436,0.3333333427255804,0.04539245126249388,-0.3222222124536832,0.5555555706222852,0.0200205749334622,-0.3333333432674408,0.3333333432674408,0.07407407186649473,0.22222222789670482,-0.22222222789670482
ELM,forgotten,41,0.8675381298548256,0.634858396629882,0.8906318121291453,1.0,0.6666666865348816,1.0,1.0,1.0,1.0,1.0,1.0,0.9944444447755814,0.7222222323218982,1.0,0.9666666681567828,0.9611111119389534,0.9722222238779068,0.7277777835726738,0.8055555601914723,0.9939393943006342,0.7939394018866799,0.9393939419226213,0.9272727294401689,0.9575757590207187,0.9333333367651159,0.8666666686534882,0.739393946799365,0,-0.0545454550873149,0.739393946799365,0.0069963702345359445,0.08333332786957415,0.7222222323218982,0.01509994039232069,0.3333333134651184,0.6666666865348816,0.015873013980804984,0.06616161339210735,-0.06616161339210735
ELM,forgotten,63,0.8718954277194404,0.634858396629882,0.8906318121291453,1.0,0.6666666865348816,1.0,1.0,1.0,0.0,0.0,0.0,1.0,0.7944444492459297,0.9944444447755814,1.0,1.0,1.0,0.8722222263614337,0.8888888925313949,1.0,0.969696971503171,0.9757575766606764,1.0,0.9393939424644817,0.890909093618393,0.7515151571143758,0.7030303093520078,0,-0.2666666621511632,0.7030303093520078,0.0137303768391634,0.0944444432854652,0.7944444492459297,0.007004702751738832,-0.6666666865348816,0.0,0.25396825491435954,0.18585858317938708,-0.18585858317938708
ELM,forgotten,68,0.8065359544130711,0.634858396629882,0.8906318121291453,1.0,1.0,1.0,1.0,1.0,0.6666666865348816,0.3333333432674408,0.6666666865348816,0.9722222238779068,1.0,0.9777777791023254,1.0,1.0,0.7777777875463168,0.5000000109275182,0.41111112336317696,1.0,0.9272727299820293,0.9212121253663843,0.8848484895446084,0.8666666719046506,0.6121212249452418,0.6848484965887937,0.5333333454348824,0,-0.39393938454714683,0.5333333454348824,0.026348330437462025,-0.588888876636823,0.41111112336317696,0.06544973266608294,-0.3333333134651184,0.3333333432674408,0.06878306531401547,-0.12222222207170547,0.12222222207170547
ELM,forgotten,226,0.830936822236753,0.634858396629882,0.8906318121291453,1.0,0.3333333432674408,0.6666666865348816,0.3333333432674408,0.6666666865348816,0.0,0.3333333432674408,0.6666666865348816,0.9888888895511627,0.627777781089147,0.2777777815858523,0.6111111203829448,0.6055555626749992,0.588888896505038,0.6388888999819755,0.4555555631717046,0.9454545470801267,0.6545454594221982,0.5575757584788582,0.8545454567128962,0.9515151527794925,0.830303033915433,0.9878787886012684,0.9636363658038053,0,0.3090909063816071,0.5575757584788582,0.027189645215603766,-0.17222221791744236,0.2777777815858523,0.017504409525208382,0.3333333432674408,0.0,0.06349206727648544,-0.5080808026321006,0.5080808026321006
ELM,forgotten,485,0.6379085037443373,0.634858396629882,0.8906318121291453,1.0,0.0,0.6666666865348816,0.3333333432674408,0.3333333432674408,0.0,0.0,0.0,0.755555569132169,0.011111111442248026,0.022222222884496053,0.15555556019147238,0.12222222586472829,0.6444444601734479,0.6555555676420529,0.8444444517294566,0.6424242529002103,0.30303030718456614,0.3939393980936571,0.6666666735302318,0.5515151598236777,0.7696969817985188,0.8545454615896398,0.8121212189847773,0,0.5090909118002112,0.30303030718456614,0.04545891891831497,0.8333333402872085,0.011111111442248026,0.1227513260282642,0.0,0.0,0.06878307288285923,0.0323232327446793,-0.0323232327446793
ELM,forgotten,568,0.7594771299876419,0.634858396629882,0.8906318121291453,1.0,0.6666666865348816,0.6666666865348816,0.6666666865348816,0.3333333432674408,0.0,0.0,0.0,1.0,1.0,1.0,0.9888888895511627,0.777777782579263,0.7111111203829448,0.638888901968797,0.48888890345891317,0.9939393943006342,0.9515151538632133,0.9818181823600423,0.8484848537228324,0.696969706361944,0.6121212211522189,0.6666666773232547,0.5393939473412254,0,-0.4121212065219879,0.5393939473412254,0.02947570831124392,-0.5111110965410868,0.48888890345891317,0.04113609392066731,-0.6666666865348816,0.0,0.11111111773384952,-0.050505043882312195,0.050505043882312195
ELM,forgotten,724,0.7538126433596892,0.634858396629882,0.8906318121291453,1.0,1.0,0.6666666865348816,0.3333333432674408,0.3333333432674408,0.0,0.0,0.0,0.9166666716337204,0.9833333343267441,1.0,0.6611111223697662,0.5444444576899211,0.3722222333153089,0.40000000844399136,0.36666667461395264,0.8181818236004222,0.9272727316076105,0.9757575772025369,0.6787878881801258,0.7030303120613098,0.6363636477427049,0.7030303115194494,0.6424242501909082,0,-0.28484848141670227,0.6363636477427049,0.019386942140274897,-0.6166666597127914,0.36666667461395264,0.07629335461422006,-1.0,0.0,0.14814815035572765,-0.27575757557695557,0.27575757557695557
ELM,forgotten,867,0.8418300707355822,0.634858396629882,0.8906318121291453,1.0,0.3333333432674408,0.6666666865348816,1.0,0.3333333432674408,0.3333333432674408,0.3333333432674408,0.3333333432674408,0.9833333343267441,0.9833333343267441,1.0,1.0,0.9444444472591083,0.9555555582046509,0.9500000019868214,0.7666666736205419,0.9636363658038053,0.909090912883932,0.8848484890027479,0.9272727310657501,0.9030303077264266,0.830303036624735,0.7030303126031702,0.6969697052782232,0,-0.21212120760570874,0.6969697052782232,0.009599020062216869,-0.21666666070620222,0.7666666736205419,0.006571134249124024,0.0,0.3333333432674408,0.06878306767927912,0.06969696834231864,-0.06969696834231864
ELM,forgotten,903,0.8810457559582454,0.634858396629882,0.8906318121291453,1.0,1.0,1.0,1.0,0.6666666865348816,0.3333333432674408,0.0,0.0,1.0,0.9444444477558136,0.9777777791023254,0.9444444477558136,1.0,0.9888888895511627,0.8500000059604644,0.5666666770974795,0.9818181829019026,0.9636363658038053,0.9272727316076105,0.8545454626733606,0.9212121253663843,0.9454545481638474,0.7939393991773779,0.7757575831630014,0,-0.18787878264080393,0.7757575831630014,0.005677554501364995,-0.37777777065833407,0.5666666770974795,0.023567018327180052,-1.0,0.0,0.21164021148252746,-0.20909090606552183,0.20909090606552183
ELM,forgotten,906,0.7124183119122499,0.634858396629882,0.8906318121291453,1.0,1.0,0.6666666865348816,0.6666666865348816,0.6666666865348816,0.3333333432674408,0.3333333432674408,0.3333333432674408,0.9944444447755814,0.9944444447755814,0.9777777791023254,0.900000003973643,0.8277777880430222,0.616666683057944,0.6888889039556185,0.5555555721124014,0.903030308268287,0.7939394035122611,0.8969697031107816,0.8000000097534873,0.7212121318687092,0.5030303174799139,0.5333333470604636,0.6060606214133176,0,-0.1878787820989435,0.5030303174799139,0.022195984916112788,-0.43888887266318,0.5555555721124014,0.030946499594629102,-0.6666666567325592,0.3333333432674408,0.06349206301901081,-0.05050504930091626,0.05050504930091626
ELM,forgotten,916,0.6392156942607531,0.634858396629882,0.8906318121291453,1.0,1.0,1.0,1.0,1.0,0.6666666865348816,0.3333333432674408,0.3333333432674408,1.0,1.0,1.0,0.9777777791023254,0.9222222248713176,0.7444444552063942,0.5166666785875956,0.49444445470968884,0.8969697004014795,0.8303030344572935,0.7454545519568704,0.6424242507327687,0.5757575842467222,0.6000000097534873,0.4242424358021129,0.43636364720084453,0,-0.39393938725644895,0.4242424358021129,0.022304428837057386,-0.5055555452903111,0.49444445470968884,0.05047177902316082,-0.6666666567325592,0.3333333432674408,0.10052909706004719,0.05808080750884431,-0.05808080750884431
ELM,forgotten,921,0.8226579596404157,0.634858396629882,0.8906318121291453,1.0,0.6666666865348816,0.6666666865348816,0.0,0.0,0.0,0.0,0.0,1.0,0.9833333343267441,0.7277777910232544,0.6111111258467038,0.9333333373069763,0.9277777810891469,0.7500000074505806,0.9444444467624028,0.8909090974114158,0.909090912883932,0.6909090984951366,0.6606060710820285,0.7696969801729375,0.8727272803133185,0.709090921011838,0.8303030371665955,0,-0.07878787571733648,0.6606060710820285,0.009179237872105422,-0.03888888756434128,0.6111111258467038,0.020158728669008284,-0.6666666865348816,0.0,0.10582011212747572,0.11414140959580732,-0.11414140959580732
ELM,forgotten,978,0.7163398742286208,0.634858396629882,0.8906318121291453,1.0,0.3333333432674408,1.0,0.3333333432674408,0.0,0.0,0.0,0.0,0.9944444447755814,0.9888888895511627,0.9277777815858523,0.5611111213763554,0.6888888974984487,0.35000000993410746,0.44444445669651034,0.35000000993410746,0.9818181829019026,0.8121212173591961,0.9272727299820293,0.2969697004014796,0.4545454599640586,0.5696969790892168,0.7757575820792805,0.7575757649811832,0,-0.05454545237801289,0.2969697004014796,0.04992610080740804,-0.6388888796170553,0.35000000993410746,0.06925337840399452,-0.3333333432674408,0.0,0.1375661381968746,-0.4075757550470757,0.4075757550470757
ELM,forgotten,994,0.8065359544909858,0.634858396629882,0.8906318121291453,1.0,1.0,1.0,0.6666666865348816,0.6666666865348816,0.3333333432674408,0.0,0.0,0.8333333392937978,0.8277777855594953,0.7611111188928287,0.9166666701436043,0.933333336810271,0.9166666701436043,0.9555555582046509,0.7666666731238365,0.878787884387103,0.618181828477166,0.6666666773232547,0.8909090957858345,0.866666672446511,0.878787884387103,0.8181818252260035,0.6666666762395339,0,0.048484847762367944,0.618181828477166,0.013747867733322226,-0.06111111243565881,0.7611111188928287,0.006663726882451708,-1.0,0.0,0.17989418115565395,0.09999999688430261,-0.09999999688430261
ELM,forgotten,1028,0.6400871526961233,0.634858396629882,0.8906318121291453,1.0,0.0,0.3333333432674408,0.0,0.0,0.0,0.0,0.0,1.0,0.811111119389534,0.866666671137015,0.7833333397905032,0.7388888970017433,0.8833333397905032,0.42222223232189815,0.7611111218730608,0.9454545476219871,0.37575758316300134,0.5878787961873141,0.7272727326913313,0.5939394018866799,0.6424242496490479,0.43636364286596124,0.5030303115194494,0,0.1272727283564481,0.37575758316300134,0.014795574709617334,-0.049999997516473105,0.42222223232189815,0.02398001132196781,0.0,0.0,0.015873016819121354,0.2580808103536114,-0.2580808103536114
ELM,forgotten,1029,0.7381263682265686,0.634858396629882,0.8906318121291453,1.0,1.0,0.3333333432674408,0.0,0.0,0.0,0.0,0.0,0.9000000049670537,0.38333334078391396,0.3888888979951541,0.7111111213763555,0.6444444576899211,0.5333333427707354,0.588888896505038,0.6055555631717046,0.9939393943006342,0.6666666756976735,0.39393939863551747,0.7090909204699777,0.8666666729883714,0.7757575847885826,0.8484848542646928,0.8303030360828746,0,0.16363636038520113,0.39393939863551747,0.027033976223405295,0.2222222223877906,0.38333334078391396,0.015580541093837578,-1.0,0.0,0.14285714333019564,-0.22474747291117003,0.22474747291117003
ELM,forgotten,1054,0.8183006583475599,0.634858396629882,0.8906318121291453,1.0,1.0,1.0,1.0,1.0,1.0,0.6666666865348816,0.6666666865348816,1.0,0.9500000029802322,0.9944444447755814,0.8333333432674408,0.7111111218730609,0.9666666686534882,0.6388888994852702,0.7444444507360458,0.9090909134257924,0.9151515196670186,0.9575757601044395,0.9393939430063422,0.8181818252260035,0.9575757595625791,0.6848484895446084,0.6303030393340371,0,-0.2848484803329815,0.6303030393340371,0.018603348960206743,-0.20555555224418642,0.6388888994852702,0.019664901897206107,-0.3333333134651184,0.6666666865348816,0.02645502330134164,0.11414141140200873,-0.11414141140200873
ELM,forgotten,1111,0.8540305064784156,0.634858396629882,0.8906318121291453,1.0,1.0,1.0,1.0,1.0,0.3333333432674408,0.0,0.0,0.9944444447755814,0.8722222288449605,0.9944444447755814,0.7055555606881777,0.9722222238779068,0.9722222238779068,0.9722222238779068,0.9444444477558136,0.9575757601044395,0.9454545487057079,0.9636363658038053,0.7212121286175468,0.8000000081279061,0.7878787951035933,0.7878787956454537,0.7878787945617329,0,-0.15757575414397496,0.7212121286175468,0.008201495074356356,0.07222221891085312,0.7055555606881777,0.010430628697506694,-1.0,0.0,0.23809523714913264,0.15656565319408067,-0.15656565319408067
ELM,forgotten,1180,0.6427015340016557,0.634858396629882,0.8906318121291453,1.0,1.0,1.0,1.0,1.0,1.0,0.6666666865348816,0.3333333432674408,1.0,1.0,1.0,0.9055555611848831,0.7500000144044559,0.6444444636503855,0.5111111263434093,0.5000000149011612,0.9757575772025369,0.8787878849289634,0.9575757595625791,0.7878787956454537,0.6121212244033813,0.5454545606266369,0.3333333432674408,0.5090909242630005,0,-0.3696969606659629,0.3333333432674408,0.04961126249866238,-0.4999999850988388,0.5000000149011612,0.0465623132440797,-0.6666666567325592,0.3333333432674408,0.06878306578706818,-0.009090909361839317,0.009090909361839317
RR,suppressed,26,0.7769063260820176,0.5938997913419811,0.9159912871691138,1.0,1.0,1.0,0.0,0.0,0.0,0.0,0.6666666865348816,0.900000003973643,1.0,0.861111115415891,0.37777778605620066,0.8277777840693792,0.6444444547096888,0.6055555671453476,0.8666666741172473,0.9212121253663843,0.9818181829019026,0.7696969796310772,0.860606067830866,0.7454545546661724,0.5878788005221974,0.5272727386517958,0.8484848553484137,1,-0.13333332755348892,0.5272727386517958,0.025207922290539045,-0.1333333258827527,0.37777778605620066,0.0440711334455914,-0.3333333134651184,0.0,0.23809523998744905,0.018181818768833624,-0.018181818768833624
RR,suppressed,68,0.8997821395303688,0.5938997913419811,0.9159912871691138,1.0,0.6666666865348816,0.6666666865348816,0.0,0.3333333432674408,0.3333333432674408,0.3333333432674408,0.3333333432674408,0.9722222238779068,1.0,0.8722222298383713,0.8888888950149219,0.8777777845660846,0.7444444591800372,0.8833333397905032,0.9611111124356587,1.0,0.9757575772025369,0.8787878827615218,0.9636363658038053,0.9575757601044395,0.7757575869560241,0.8969697020270607,0.9818181829019026,1,0.006060605699365729,0.7757575869560241,0.005544623219663002,-0.03888888756434128,0.7444444591800372,0.006475601818309629,-0.3333333432674408,0.0,0.052910056063737866,-0.02070707046624387,0.02070707046624387
RR,suppressed,74,0.8357298522992851,0.5938997913419811,0.9159912871691138,1.0,1.0,0.0,0.0,0.3333333432674408,0.6666666865348816,0.3333333432674408,0.3333333432674408,0.9722222238779068,0.7388888974984487,0.9833333343267441,0.2888888940215111,0.8166666731238366,0.9611111134290695,0.9444444477558136,0.6055555641651154,0.9454545476219871,0.969696971503171,0.6727272803133184,0.6060606116598303,0.7515151592818173,0.9878787886012684,0.9757575772025369,0.7393939462575045,1,-0.23030302524566648,0.6060606116598303,0.02555074467886897,-0.1333333333333333,0.2888888940215111,0.0622912984489431,-0.6666666567325592,0.0,0.12698412840328524,-0.13383838209238919,0.13383838209238919
RR,suppressed,137,0.8535947762283623,0.5938997913419811,0.9159912871691138,1.0,1.0,0.3333333432674408,0.6666666865348816,0.6666666865348816,1.0,1.0,1.0,0.9555555572112401,0.8611111174027125,0.6944444492459297,0.9055555582046508,0.43333334575096766,0.8277777786056201,0.9611111119389534,0.6888889029622078,0.8424242463978854,0.9333333367651159,0.8303030328317123,0.9636363658038053,0.7757575847885826,0.9575757590207187,1.0,0.7515151609073986,1,-0.1818181758577173,0.7515151609073986,0.009952336556431182,-0.17222221444050467,0.43333334575096766,0.032020868596383804,0.0,0.3333333432674408,0.06878306531401547,-0.06262625794519072,0.06262625794519072
RR,suppressed,188,0.7437908579711041,0.5938997913419811,0.9159912871691138,1.0,0.0,1.0,1.0,0.6666666865348816,1.0,1.0,1.0,0.9055555606881778,0.8222222318251927,0.75555556366841,0.4222222333153089,0.6944444522261619,0.5388888974984487,0.577777790526549,0.45555556764205296,0.9030303071845661,0.9090909145095132,0.8545454610477794,0.5333333383906972,0.7454545557498932,0.7515151625329798,0.8303030404177579,0.5939394062215632,1,-0.31515150828795,0.5333333383906972,0.018977655203728492,-0.36666666418313976,0.4222222333153089,0.02309376801706321,1.0,0.0,0.14285714191103746,-0.1383838385795102,0.1383838385795102
RR,suppressed,205,0.7856209191231945,0.5938997913419811,0.9159912871691138,1.0,0.0,0.0,1.0,0.6666666865348816,0.6666666865348816,0.6666666865348816,0.3333333432674408,0.9444444477558136,0.8000000044703484,0.750000003973643,0.19444445023934046,0.8333333397905032,1.0,1.0,0.6111111169060072,0.7454545579173348,0.969696971503171,0.7333333367651159,0.5030303098938682,0.8666666702790694,0.9878787886012684,1.0,0.7818181883205068,1,-0.18787878318266427,0.5030303098938682,0.0321850531710279,-0.1888888875643412,0.19444445023934046,0.07697383790783396,0.3333333432674408,0.0,0.1428571461685121,-0.1707070714144996,0.1707070714144996
RR,suppressed,247,0.8300653663725635,0.5938997913419811,0.9159912871691138,1.0,1.0,0.3333333432674408,0.6666666865348816,1.0,0.6666666865348816,1.0,1.0,1.0,0.8555555621782939,0.838888896505038,0.3777777875463168,0.9666666686534882,1.0,0.9888888895511627,0.9833333343267441,0.9151515196670186,0.6848484949632124,0.9636363658038053,0.6727272878993641,0.9030303071845661,0.8242424303835089,0.8545454610477794,0.8909090957858345,1,0.20606060082262212,0.6727272878993641,0.012217411308316953,0.1277777721484502,0.3777777875463168,0.049298940316972704,0.0,0.3333333432674408,0.06878306531401547,0.09242423854090953,-0.09242423854090953
RR,suppressed,348,0.7973856247328466,0.5938997913419811,0.9159912871691138,1.0,1.0,0.6666666865348816,0.6666666865348816,0.6666666865348816,1.0,1.0,0.0,0.9777777781089146,0.9944444447755814,0.9111111144224803,0.7000000099341075,0.7611111203829447,0.6222222338120142,0.3888888930281003,0.861111115415891,0.9878787886012684,0.9393939413807609,0.9878787886012684,0.8848484911701896,0.9636363652619448,0.44848485480655326,0.5939393991773779,0.8000000048767436,1,-0.13939393650401732,0.44848485480655326,0.0424469799098629,-0.13333332935969033,0.3888888930281003,0.04123162771768428,-1.0,0.0,0.12698412603802162,0.06111111053914742,-0.06111111053914742
RR,suppressed,359,0.792592598449171,0.5938997913419811,0.9159912871691138,1.0,0.6666666865348816,1.0,1.0,0.6666666865348816,0.0,0.0,1.0,0.761111123363177,0.594444461663564,0.6555555666486422,0.7722222298383713,0.7500000074505806,0.7722222333153089,0.9444444472591083,0.9277777800957362,0.8242424341765318,0.6727272813970392,0.47878788601268424,0.9333333356813951,0.9090909118002112,0.8666666713627902,0.9757575772025369,0.9818181823600423,1,0.30909090096300307,0.47878788601268424,0.03510778683130261,0.3333333184321722,0.594444461663564,0.01659170950163402,0.3333333134651184,0.0,0.20105820168893815,-0.054040402264306064,0.054040402264306064
RR,suppressed,364,0.7180827968260821,0.5938997913419811,0.9159912871691138,1.0,0.6666666865348816,1.0,0.0,0.0,0.6666666865348816,0.3333333432674408,0.6666666865348816,0.9277777815858523,1.0,0.40555556664864223,0.3944444552063942,0.3555555631717046,0.45555556813875836,0.43888889948527016,0.6500000099341074,0.8848484895446084,0.9333333362232555,0.5939394018866799,0.600000011920929,0.6545454610477794,0.6060606154528532,0.7818181921135295,0.8060606127435511,1,-0.12727272347970442,0.5939394018866799,0.017284533118350955,-0.34999999006589255,0.3555555631717046,0.05223691786293911,0.0,0.0,0.1428571461685121,-0.15606060280944367,0.15606060280944367
RR,suppressed,373,0.7947712464270249,0.5938997913419811,0.9159912871691138,1.0,0.0,0.0,0.0,1.0,1.0,1.0,1.0,1.0,0.8777777800957361,0.8944444492459297,0.9500000019868214,0.900000003973643,0.9777777791023254,0.8722222283482551,0.7055555631717046,0.9757575766606764,0.7939393986355174,0.878787881677801,0.9878787886012684,0.7818181845274839,0.7393939549272711,0.7575757693160664,0.45454546050591904,1,-0.3393939381295984,0.45454546050591904,0.026769862496767938,-0.1722222169240315,0.7055555631717046,0.007586713352671519,1.0,0.0,0.2857142857142857,0.2510101026657856,-0.2510101026657856
RR,suppressed,411,0.6618736459149255,0.5938997913419811,0.9159912871691138,1.0,0.6666666865348816,0.0,0.0,0.0,1.0,0.0,0.0,0.4444444532195727,0.14444444825251898,0.9277777810891469,0.5166666726271312,0.7055555661519368,0.5722222328186035,0.5222222343087196,0.8111111223697662,0.2484848526391116,0.23636364232410084,0.7151515212925997,0.7272727337750522,0.6606060737913305,0.6545454691756856,0.830303039334037,0.8545454632152211,1,0.6181818208911203,0.23636364232410084,0.04223708979828774,0.6666666741172472,0.14444444825251898,0.06407407444568329,-0.6666666865348816,0.0,0.1746031774414911,-0.04343434084545483,0.04343434084545483
RR,suppressed,414,0.6000000108301251,0.5938997913419811,0.9159912871691138,1.0,1.0,0.0,0.0,0.3333333432674408,0.0,0.0,0.3333333432674408,0.4611111213763555,0.2888888974984487,0.6555555626749993,0.5555555666486423,0.7500000114242236,0.6055555721124013,0.56111112733682,0.644444456199805,0.49696970690380443,0.4424242529002103,0.6909090995788574,0.7878787972710349,0.890909096327695,0.5454545617103577,0.5636363804340363,0.63030304312706,1,0.18787879022684967,0.4424242529002103,0.023430844369175058,0.35555555870135624,0.2888888974984487,0.0208524399291919,-0.6666666567325592,0.0,0.1375661381968746,0.014141413072744968,-0.014141413072744968
RR,suppressed,485,0.6178649300843282,0.5938997913419811,0.9159912871691138,1.0,0.6666666865348816,1.0,0.6666666865348816,0.3333333432674408,0.3333333432674408,0.3333333432674408,1.0,0.755555569132169,0.9277777820825577,0.46111111690600715,0.5055555626749992,0.10000000298023223,0.7500000064571698,0.683333336810271,0.8444444507360458,0.6424242529002103,0.6666666735302318,0.4787878854708238,0.4787878849289634,0.3090909150513736,0.9454545476219871,0.9151515185832977,0.5212121259082447,1,-0.14545454762198706,0.3090909150513736,0.056904979887410674,-0.08333333134651189,0.10000000298023223,0.07901675513812473,0.3333333134651184,0.3333333432674408,0.08994708773951059,0.32323232482780107,-0.32323232482780107
RR,suppressed,559,0.6087146037154727,0.5938997913419811,0.9159912871691138,1.0,1.0,0.6666666865348816,0.0,0.0,0.3333333432674408,0.0,0.3333333432674408,1.0,1.0,0.41666667809089025,0.36111112087965014,0.07222222437461218,0.5055555641651154,0.42777778655290605,0.36666667511065804,0.9818181829019026,1.0,0.4909091049974615,0.321212130243128,0.3939394024285403,0.49696970690380443,0.5212121313268488,0.5757575837048617,1,-0.42424241629513826,0.321212130243128,0.047772966302620824,-0.633333324889342,0.07222222437461218,0.07745884690908987,-0.6666666567325592,0.0,0.14814815035572765,-0.2090909085942037,0.2090909085942037
RR,suppressed,584,0.7790849732807259,0.5938997913419811,0.9159912871691138,1.0,0.6666666865348816,0.0,1.0,1.0,1.0,0.6666666865348816,1.0,0.9833333343267441,0.9555555582046509,0.8500000049670537,0.938888892531395,0.6500000049670537,0.4222222313284874,0.7444444492459297,0.7722222298383713,0.969696971503171,0.9212121259082447,0.9212121242826635,0.9272727310657501,0.7515151565725153,0.42424243634397335,0.8545454610477794,0.7090909177606756,1,-0.21212120814756918,0.42424243634397335,0.033197777575067054,-0.18333332836627958,0.4222222313284874,0.03415049901969079,0.3333333134651184,0.0,0.13756613630466366,0.06313131207769573,-0.06313131207769573
RR,suppressed,587,0.7642701595047721,0.5938997913419811,0.9159912871691138,1.0,1.0,0.6666666865348816,1.0,1.0,0.6666666865348816,0.6666666865348816,1.0,0.6388888984918595,0.7833333447575569,0.8500000054637591,0.4888888940215111,0.42777778804302213,0.6888888965050379,0.7277777870496114,0.7666666736205419,0.9272727310657501,0.9151515202088789,0.6909090974114158,0.503030310977589,0.6424242518164894,0.5757575885816054,0.7818181899460879,0.9333333362232555,1,0.01818181601437663,0.503030310977589,0.027026978952851635,-0.016666671137015032,0.42777778804302213,0.024914755981365142,0.0,0.6666666865348816,0.03174602796160997,-0.16666666260271368,0.16666666260271368
RR,suppressed,641,0.8244008773292593,0.5938997913419811,0.9159912871691138,1.0,1.0,0.3333333432674408,0.3333333432674408,1.0,0.3333333432674408,0.3333333432674408,0.6666666865348816,1.0,0.9500000029802322,0.7055555656552315,0.833333340783914,0.9388888910412788,1.0,1.0,0.6166666835546494,0.7575757649811832,0.7454545573754744,0.6909091012044386,0.5090909166769548,0.8969697009433399,1.0,1.0,0.9818181829019026,1,0.2363636255264282,0.5090909166769548,0.03579692883752987,-0.33333331942558286,0.6166666835546494,0.022868898790647286,-0.3333333134651184,0.3333333432674408,0.10052909800615262,-0.3651514993472532,0.3651514993472532
RR,suppressed,642,0.8880174335701014,0.5938997913419811,0.9159912871691138,1.0,1.0,0.6666666865348816,0.3333333432674408,0.3333333432674408,0.0,0.0,0.3333333432674408,0.9888888895511627,0.9777777791023254,0.9222222258647282,0.8055555616815885,0.9500000014901161,0.7111111228664716,0.6833333467443784,0.972222222884496,0.9030303050171246,0.818181821974841,0.8969697014852004,0.9272727299820293,0.969696971503171,0.9636363658038053,0.7757575874978846,0.8424242496490478,1,0.024242427674206812,0.7757575874978846,0.005583103316108288,-0.005555556217829438,0.6833333467443784,0.01579658894964454,-0.6666666567325592,0.0,0.12698412840328524,0.12979797323544817,-0.12979797323544817
RR,suppressed,672,0.746840963799969,0.5938997913419811,0.9159912871691138,1.0,1.0,0.3333333432674408,0.0,0.3333333432674408,0.0,0.0,1.0,0.9277777820825577,0.8055555666486423,0.7722222313284874,0.2666666721304258,0.7444444492459297,0.49444445272286736,0.5500000094374021,1.0,0.969696971503171,0.8969697020270607,0.5030303098938682,0.35151516036553815,0.5030303093520078,0.690909099036997,0.6727272781458769,0.9878787886012684,1,0.09090908657420771,0.35151516036553815,0.051531766908066316,0.19444443335135775,0.2666666721304258,0.058450910692869194,0.0,0.0,0.20105820074283254,0.012121211398731568,-0.012121211398731568
RR,suppressed,720,0.7625272382708156,0.5938997913419811,0.9159912871691138,1.0,0.3333333432674408,0.6666666865348816,0.6666666865348816,0.6666666865348816,0.3333333432674408,0.3333333432674408,0.3333333432674408,0.9888888890544574,0.9611111129323642,0.894444449742635,0.9888888895511627,0.822222230831782,0.30000000645716984,0.6777777835726738,0.8055555611848831,0.9030303071845661,0.7939393997192383,0.7818181894042275,0.987878788059408,0.8909090941602533,0.40000000487674364,0.6363636450334029,0.7636363685131073,1,-0.03030303120613098,0.40000000487674364,0.03583016255222051,-0.15555555174748104,0.30000000645716984,0.055467371447061105,0.0,0.3333333432674408,0.03174603363824272,0.041919192671775796,-0.041919192671775796
RR,suppressed,749,0.7877995723992393,0.5938997913419811,0.9159912871691138,1.0,1.0,0.6666666865348816,0.3333333432674408,0.0,0.0,0.0,0.0,0.8944444507360458,0.8666666741172473,0.5777777895331383,0.838888896505038,0.12777778009573618,0.8055555616815885,0.9444444467624028,0.5055555661519369,0.7878788005221974,0.6848484976725144,0.8363636423241009,0.8848484900864688,0.83636364124038,0.8969697014852004,0.9151515202088789,0.7272727386517959,1,0.042424240979281436,0.6848484976725144,0.00772224350575882,-0.36111110796531043,0.12777778009573618,0.08172839516014967,-1.0,0.0,0.16402116670179626,-0.221717172499859,0.221717172499859
RR,suppressed,786,0.8331154732143178,0.5938997913419811,0.9159912871691138,1.0,1.0,0.0,0.0,0.0,0.0,0.0,0.0,1.0,1.0,0.5388888989885648,0.8611111169060072,0.9611111134290695,0.8333333432674408,0.8722222293416659,0.8222222293416659,0.9878787886012684,0.9393939419226213,0.9212121237408031,0.9636363652619448,0.9393939424644817,0.9757575772025369,0.8060606143691323,0.53333334218372,1,-0.4060605997389013,0.53333334218372,0.024936813146932815,-0.1777777706583341,0.5388888989885648,0.022128159020847266,-1.0,0.0,0.1428571428571429,0.2888888871579459,-0.2888888871579459
RR,suppressed,798,0.87494554036583,0.5938997913419811,0.9159912871691138,1.0,1.0,0.6666666865348816,0.3333333432674408,0.0,0.0,0.0,0.0,0.9944444447755814,0.7111111283302307,0.9277777820825577,0.8000000074505806,0.7444444596767426,0.9944444447755814,0.8722222298383713,0.8500000089406967,0.921212124824524,0.7696969828822396,0.7575757714835081,0.7575757682323456,0.9272727316076105,1.0,1.0,0.969696971503171,1,0.19999998862093138,0.7575757682323456,0.013525732115228431,0.138888880610466,0.7111111283302307,0.009997059424735775,-1.0,0.0,0.16402116670179626,-0.11969696256247431,0.11969696256247431
RR,suppressed,806,0.7437908557894963,0.5938997913419811,0.9159912871691138,1.0,1.0,0.6666666865348816,0.6666666865348816,0.6666666865348816,1.0,0.6666666865348816,1.0,1.0,1.0,0.8333333432674408,0.8444444487492243,0.5500000109275182,0.9611111134290695,0.7888888945182164,0.43888889948527016,0.9636363641782241,0.9515151527794925,0.6666666746139527,0.4424242529002103,0.5090909177606756,0.866666669737209,0.7454545514150099,0.666666675155813,1,-0.2848484776236795,0.4424242529002103,0.032956402711141856,-0.5611111005147298,0.43888889948527016,0.042877717462096225,0.0,0.6666666865348816,0.03174602796160997,-0.22777777567054286,0.22777777567054286
RR,suppressed,824,0.5952069815077813,0.5938997913419811,0.9159912871691138,1.0,1.0,1.0,0.6666666865348816,0.3333333432674408,0.0,0.0,0.3333333432674408,0.6277777840693791,0.9222222258647282,0.42777778804302213,0.5277777890364329,0.5166666820645333,0.35000001043081286,0.4444444576899211,0.605555571615696,0.7393939424644816,0.6727272786877372,0.5333333438093012,0.715151520208879,0.8181818290190264,0.2727272786877372,0.6060606197877364,0.6606060737913305,1,-0.012121204896406668,0.2727272786877372,0.030087892199288244,-0.3166666542490323,0.35000001043081286,0.03481334421877859,-0.6666666567325592,0.0,0.17989418020954842,-0.055050502175634564,0.055050502175634564
RR,suppressed,855,0.8222222270918828,0.5938997913419811,0.9159912871691138,1.0,1.0,0.0,0.0,0.0,1.0,0.6666666865348816,0.0,1.0,1.0,0.49444445023934047,0.7833333427707354,0.5333333407839139,0.23333334028720856,0.7777777835726738,0.7222222243746121,0.9515151527794925,0.9757575772025369,0.7272727305238897,0.587878797271035,0.8484848537228324,0.6666666778651151,0.921212124824524,0.9939393943006342,1,0.018181817098097297,0.587878797271035,0.02525164960506493,-0.27777777562538786,0.23333334028720856,0.06220605443359334,-1.0,0.0,0.23809523998744908,-0.271717169926022,0.271717169926022
RR,suppressed,863,0.8575163436481377,0.5938997913419811,0.9159912871691138,1.0,1.0,0.3333333432674408,0.0,0.3333333432674408,0.6666666865348816,1.0,1.0,1.0,0.9888888895511627,0.7055555666486423,0.5055555681387583,0.8555555611848831,1.0,1.0,0.8833333378036817,0.9757575766606764,0.8848484890027479,0.7454545535824516,0.7212121291594071,0.9636363652619448,1.0,0.9454545481638474,0.9818181823600423,1,0.09696969335729433,0.7212121291594071,0.013069219587773856,-0.10555555174748099,0.5055555681387583,0.034153437283566825,0.0,0.0,0.16402116244432163,-0.09848484455636053,0.09848484455636053
RR,suppressed,871,0.6383442336437749,0.5938997913419811,0.9159912871691138,1.0,0.6666666865348816,0.6666666865348816,0.3333333432674408,1.0,0.3333333432674408,0.3333333432674408,0.0,0.9333333373069763,0.6833333427707354,0.5277777885397276,0.7833333378036816,0.7500000049670538,0.16666667064030966,0.55555556366841,0.40555556466182074,0.9272727310657501,0.6969697069038044,0.6242424298416485,0.8121212173591961,0.757575763355602,0.39393940134481953,0.5818181904879484,0.7696969769217751,1,0.07272727001797064,0.39393940134481953,0.020700511461509648,-0.2777777781089147,0.16666667064030966,0.046747501503319196,-0.6666666865348816,0.0,0.10582010692389561,-0.36414141225995433,0.36414141225995433
RR,suppressed,873,0.9128540342929315,0.5938997913419811,0.9159912871691138,1.0,1.0,0.3333333432674408,0.0,0.3333333432674408,0.0,0.0,0.3333333432674408,0.7444444561998049,0.6555555736025175,0.9555555577079455,0.7722222288449605,0.9833333343267441,1.0,0.9666666686534882,0.9944444447755814,0.7878787988966162,0.7151515261693434,0.9757575772025369,0.8363636417822404,1.0,0.9939393943006342,0.9757575772025369,0.9878787886012684,1,0.272727262431925,0.7151515261693434,0.011893829207629082,0.3388888711730639,0.6555555736025175,0.018227511557111494,-0.6666666567325592,0.0,0.1269841274571797,0.006565656174312928,-0.006565656174312928
RR,suppressed,915,0.6479302934961381,0.5938997913419811,0.9159912871691138,1.0,0.6666666865348816,0.3333333432674408,0.0,0.3333333432674408,0.3333333432674408,0.3333333432674408,0.3333333432674408,1.0,0.43888890196879704,0.8833333397905032,0.4166666766007741,0.6222222328186036,0.43888889749844867,0.7666666756073633,0.577777786552906,0.8606060683727265,0.6787878914312883,0.6121212244033813,0.6424242491071874,0.5333333432674408,0.5151515294205059,0.6727272868156433,0.7636363712224093,1,0.08484847979112109,0.5151515294205059,0.0075106036763660676,0.13888888458410897,0.4166666766007741,0.032354496878290936,-0.3333333432674408,0.0,0.03703703924461651,-0.18585858466950334,0.18585858466950334
RR,suppressed,947,0.8174291985097274,0.5938997913419811,0.9159912871691138,1.0,0.3333333432674408,0.0,1.0,1.0,1.0,0.6666666865348816,0.6666666865348816,0.9722222238779068,1.0,0.48888889849185946,0.6277777840693791,0.522222230831782,0.9055555591980616,0.9333333363135655,0.6722222313284874,0.8545454572547566,0.6242424309253692,0.8727272792295976,0.7818181866949255,0.7333333400162784,0.9939393943006342,0.969696971503171,0.860606067830866,1,0.23636363690549678,0.6242424309253692,0.017176089378652018,-0.32777776867151265,0.48888889849185946,0.043321574124464364,0.3333333432674408,0.0,0.14814814704435852,-0.18838383650237867,0.18838383650237867
RR,suppressed,962,0.6366013143576826,0.5938997913419811,0.9159912871691138,1.0,1.0,0.3333333432674408,1.0,1.0,0.6666666865348816,1.0,1.0,1.0,0.8500000074505806,0.18888889451821644,0.3500000089406967,0.9000000044703483,0.566666675110658,0.6722222303350767,0.7277777860562007,0.9151515180414374,0.8181818252260035,0.1454545497894287,0.5939394035122612,0.8000000043348833,0.5696969796310771,0.6848484938794916,0.5272727359424938,1,-0.29090908928350967,0.1454545497894287,0.05118894595719118,-0.12222222139437988,0.18888889451821644,0.06770429146291577,0.0,0.3333333432674408,0.06878306578706816,0.2005050501137069,-0.2005050501137069
RR,suppressed,992,0.756427021431767,0.5938997913419811,0.9159912871691138,1.0,1.0,1.0,0.3333333432674408,0.3333333432674408,0.0,0.0,0.0,1.0,1.0,0.43333334078391395,0.8611111183961232,0.5222222328186035,0.5333333432674408,0.45555556267499925,0.6111111213763555,0.9454545470801267,0.9515151527794925,0.442424248565327,0.7515151565725153,0.7757575847885826,0.7393939500505274,0.6303030415014788,0.6363636455752633,1,-0.31515150720422924,0.442424248565327,0.02472517332582828,-0.3888888786236445,0.43333334078391395,0.046788652609773135,-1.0,0.0,0.20105820074283254,-0.025252524198907778,0.025252524198907778
RR,suppressed,994,0.8949891107534271,0.5938997913419811,0.9159912871691138,1.0,1.0,0.3333333432674408,0.0,1.0,0.0,0.0,0.0,0.8333333392937978,0.9777777791023254,0.9277777805924415,0.9777777791023254,1.0,1.0,1.0,0.8388888960083326,0.878787884387103,0.9333333351395346,0.921212124824524,0.8969697014852004,0.9333333362232555,1.0,1.0,0.9757575772025369,1,0.042424242063002215,0.8969697014852004,0.0016406487780023088,-0.13888888309399283,0.8388888960083326,0.003522927386314996,-1.0,0.0,0.2222222222222222,-0.13686868119420426,0.13686868119420426
RR,suppressed,1000,0.861002183466955,0.5938997913419811,0.9159912871691138,1.0,1.0,1.0,0.0,0.6666666865348816,0.3333333432674408,0.6666666865348816,0.0,1.0,0.7833333427707354,0.722222234805425,0.4444444576899211,0.5000000114242236,0.9055555611848831,0.938888892531395,0.8833333402872086,0.9939393943006342,0.9151515202088789,0.6727272808551789,0.6787878930568695,0.8121212173591961,0.9636363658038053,0.9333333373069763,1.0,1,0.08484847979112109,0.6727272808551789,0.01811360246206574,0.09999999751647315,0.4444444576899211,0.039109346176607704,-1.0,0.0,0.17989418115565395,-0.11666665971279144,0.11666665971279144
RR,suppressed,1029,0.6296296372912289,0.5938997913419811,0.9159912871691138,1.0,1.0,0.0,0.6666666865348816,0.6666666865348816,0.6666666865348816,0.6666666865348816,1.0,0.9000000049670537,0.8166666770974795,0.4888889014720917,0.3944444517294566,0.4666666775941849,0.3611111218730609,0.6555555656552314,0.4055555671453476,0.9939393943006342,0.8484848548065532,0.7575757666067644,0.36363637230613016,0.6666666784069755,0.1939393997192383,0.5151515223763206,0.5818181921135296,1,-0.26666666269302364,0.1939393997192383,0.051446062648941165,-0.41111110995213196,0.3611111218730609,0.02732216345867923,0.0,0.0,0.11111111111111126,-0.176262624968182,0.176262624968182
RR,suppressed,1093,0.7856209207204432,0.5938997913419811,0.9159912871691138,1.0,0.6666666865348816,0.3333333432674408,1.0,1.0,1.0,1.0,1.0,0.7111111169060071,0.2888888945182165,0.7500000064571698,0.9277777815858523,0.5833333437641461,0.9277777820825577,0.9777777791023254,0.7944444502393405,0.9090909123420715,0.5515151554887945,0.6242424347183921,0.757575766064904,0.6242424341765317,0.921212124824524,0.9757575772025369,0.9090909139676527,1,0.35757575847885825,0.5515151554887945,0.029138133837515876,0.505555555721124,0.2888888945182165,0.059578188522852994,0.3333333134651184,0.3333333432674408,0.06878306578706816,-0.11464646372831222,0.11464646372831222
RR,suppressed,1124,0.7673202684112623,0.5938997913419811,0.9159912871691138,1.0,1.0,1.0,0.0,0.6666666865348816,0.6666666865348816,0.6666666865348816,1.0,1.0,1.0,0.7055555706222852,0.6888888994852702,0.8166666766007741,0.6111111288269361,0.9611111134290695,0.9833333343267441,0.909090912883932,0.8909090947021138,0.7272727402773771,0.739393946799365,0.678787889805707,0.6606060710820285,0.7696969758380543,0.9636363652619448,1,0.07272727055983108,0.6606060710820285,0.012488520756240734,-0.01666666567325592,0.6111111288269361,0.025470309390181144,0.0,0.0,0.12698412603802162,0.01969696906479923,-0.01969696906479923
RR,suppressed,1136,0.8078431433322383,0.5938997913419811,0.9159912871691138,1.0,1.0,0.6666666865348816,0.0,0.3333333432674408,0.3333333432674408,0.3333333432674408,0.3333333432674408,1.0,0.9888888895511627,0.8111111203829448,0.6111111223697663,0.7888888955116272,0.8111111188928286,0.9333333373069763,0.7944444502393405,0.9878787886012684,0.9515151544050737,0.8060606143691323,0.7696969796310772,0.8787878833033822,0.9393939430063422,0.8727272803133185,0.8242424303835089,1,-0.12727272402156486,0.7696969796310772,0.004577375163174605,-0.1944444393118222,0.6111111223697663,0.014463550089729818,-0.6666666567325592,0.0,0.10052910084446909,-0.029797980144168346,0.029797980144168346
RR,suppressed,1174,0.8143790906940409,0.5938997913419811,0.9159912871691138,1.0,1.0,0.6666666865348816,0.3333333432674408,0.3333333432674408,1.0,1.0,0.6666666865348816,1.0,0.9944444447755814,0.8055555661519368,0.4166666746139526,0.8277777850627899,0.6833333437641461,0.3833333447575569,0.7944444517294565,0.969696971503171,0.9757575772025369,0.8424242474816063,0.5212121307849884,0.9090909139676527,0.5757575864141637,0.8242424314672296,0.8484848569739949,1,-0.12727272022854197,0.5212121307849884,0.029003453533110155,-0.1999999930461248,0.3833333447575569,0.05065255623514481,-0.3333333134651184,0.3333333432674408,0.08994708679340511,-0.05404040524453835,0.05404040524453835
RR,suppressed,1176,0.8074074142119464,0.5938997913419811,0.9159912871691138,1.0,1.0,0.3333333432674408,0.3333333432674408,0.0,0.3333333432674408,0.0,0.0,1.0,0.8944444507360458,0.6111111218730608,0.8333333397905032,0.7777777885397276,0.9944444447755814,0.9500000029802322,0.85555556366841,0.9272727288983085,0.8242424276742069,0.7151515240019019,0.666666675155813,0.7757575869560241,0.9818181829019026,0.9393939430063422,0.8363636439496821,1,0.012121216275475244,0.666666675155813,0.012864575842315212,-0.038888887067635824,0.6111111218730608,0.015878893911908634,-1.0,0.0,0.1269841274571797,0.019191919718727912,-0.019191919718727912
RR,suppressed,1184,0.7294117718740226,0.5938997913419811,0.9159912871691138,1.0,1.0,0.0,0.6666666865348816,0.0,1.0,0.6666666865348816,1.0,0.9444444467624028,0.8111111198862394,0.9555555582046509,0.80555556366841,0.5666666741172472,0.8944444502393405,0.9722222238779068,0.4000000064571699,0.6848484906283292,0.8060606159947136,0.9818181829019026,0.7454545535824516,0.7696969769217751,0.6727272803133184,0.7636363706805489,0.6121212206103585,1,-0.19393939538435512,0.6121212206103585,0.013497747554928769,-0.41111111342906953,0.4000000064571699,0.045329217507576756,0.0,0.0,0.20105820168893815,-0.21212121415318858,0.21212121415318858
RR,suppressed,1243,0.8605664550089368,0.5938997913419811,0.9159912871691138,1.0,1.0,0.6666666865348816,1.0,0.0,0.3333333432674408,0.3333333432674408,0.6666666865348816,0.9888888895511627,1.0,0.9166666716337204,0.6444444557030996,0.6222222338120142,0.8111111188928286,0.9111111149191856,0.8166666761040687,0.9757575772025369,0.9757575772025369,0.9333333373069763,0.8545454588803378,0.7272727364843542,0.7090909264304421,0.9212121259082447,0.7333333454348824,1,-0.24242423176765449,0.7090909264304421,0.012513007745123981,-0.18333332389593127,0.6222222338120142,0.02000440803167578,-0.3333333134651184,0.0,0.13756613725076913,0.08333333066918636,-0.08333333066918636
RR,suppressed,1253,0.7276688507569382,0.5938997913419811,0.9159912871691138,1.0,1.0,1.0,0.6666666865348816,0.3333333432674408,0.6666666865348816,1.0,0.6666666865348816,1.0,0.9888888895511627,0.005555555721124013,0.022222222884496053,0.9611111134290695,0.6722222318251928,0.7833333412806193,0.5111111218730608,0.9575757601044395,0.8848484895446084,0.48484849604693325,0.33333333893255757,0.8363636428659612,0.8909090974114158,0.9575757601044395,0.8848484884608876,1,-1.083720779782027e-09,0.33333333893255757,0.058435435846869506,-0.4777777676781019,0.005555555721124013,0.16770429258654743,-0.3333333134651184,0.3333333432674408,0.06349206018069443,-0.37373736658782675,0.37373736658782675
RR,suppressed,1262,0.8374727727540958,0.5938997913419811,0.9159912871691138,1.0,1.0,0.3333333432674408,0.0,0.3333333432674408,0.3333333432674408,0.3333333432674408,0.6666666865348816,0.9888888895511627,0.80555556366841,0.7166666810711225,0.9444444477558136,0.8666666736205418,1.0,0.9888888895511627,0.6277777925133705,0.909090912883932,0.7757575858723034,0.5757575858723033,0.7636363706805489,0.8545454610477794,1.0,1.0,0.7818181894042275,1,0.006060603531924169,0.5757575858723033,0.02203681725110605,-0.17777777115503945,0.6277777925133705,0.020020574453313688,-0.3333333134651184,0.0,0.10052910084446909,-0.15404039689085702,0.15404039689085702
RR,forgotten,191,0.7416122054352479,0.5938997913419811,0.9159912871691138,1.0,0.6666666865348816,1.0,0.0,0.0,0.3333333432674408,0.0,0.0,0.7555555641651154,0.311111119389534,0.505555569132169,0.5500000104308128,0.5777777845660845,0.8444444467624028,0.48888889849185946,0.9611111119389534,0.8787878811359405,0.33333334001627835,0.3878787945617329,0.8181818257678639,0.7575757606462998,0.8969696993177587,0.9454545476219871,0.921212124824524,0,0.5878787848082456,0.33333334001627835,0.06557348295296282,0.6499999925494193,0.311111119389534,0.04960905188610281,-0.6666666865348816,0.0,0.16402116670179626,0.03989898711442941,-0.03989898711442941
RR,forgotten,200,0.6230936870855444,0.5938997913419811,0.9159912871691138,1.0,1.0,1.0,0.6666666865348816,0.3333333432674408,0.0,0.0,0.3333333432674408,1.0,1.0,0.8055555601914723,0.9833333343267441,0.05000000149011612,0.42222223480542503,0.5000000124176344,0.15555556019147238,1.0,0.9696969709613107,0.7515151598236778,0.5757575809955597,0.08484848737716674,0.5636363744735717,0.527272740277377,0.3818181894042275,0,-0.5878787815570832,0.08484848737716674,0.07712798975804572,-0.8444444398085276,0.05000000149011612,0.14656084538176264,-0.6666666567325592,0.0,0.17989418020954842,-0.22626262921275514,0.22626262921275514
RR,forgotten,226,0.8226579590950137,0.5938997913419811,0.9159912871691138,1.0,0.6666666865348816,1.0,0.0,0.3333333432674408,0.0,0.0,0.0,0.9888888895511627,0.9277777810891469,0.9888888895511627,0.8388888950149218,0.56111112733682,0.4555555686354637,0.5611111258467039,0.577777794500192,0.9454545470801267,0.890909093618393,0.8545454599640586,0.7393939500505274,0.5212121318687092,0.8606060689145868,0.9454545487057079,0.8242424347183921,0,-0.0666666589000009,0.5212121318687092,0.01964405894008421,-0.3499999865889549,0.4555555686354637,0.044647263694797705,-0.6666666865348816,0.0,0.16402116670179626,-0.24646464021820014,0.24646464021820014
RR,forgotten,256,0.6278867174986922,0.5938997913419811,0.9159912871691138,1.0,0.6666666865348816,1.0,0.0,0.0,0.3333333432674408,0.3333333432674408,0.3333333432674408,0.28333334177732467,0.3777777855594953,0.694444453716278,0.7333333452542623,0.43888890196879704,0.9888888895511627,0.9888888895511627,0.8055555626749993,0.4727272803133184,0.515151525627483,0.7333333410999991,0.7575757676904852,0.5515151647004214,0.9575757601044395,0.9030303088101473,0.9272727310657501,0,0.41212120543826714,0.515151525627483,0.03191919065922966,0.42777777711550397,0.3777777855594953,0.058145206912581134,-0.3333333432674408,0.0,0.12698412840328524,-0.12171716839075086,0.12171716839075086
RR,forgotten,357,0.911982572351406,0.5938997913419811,0.9159912871691138,1.0,1.0,1.0,1.0,0.3333333432674408,1.0,1.0,0.3333333432674408,1.0,1.0,0.8888888955116272,0.9666666686534882,0.46666667809089024,0.9777777791023254,0.9611111134290695,0.8722222258647283,1.0,0.9939393943006342,0.9878787886012684,0.9878787886012684,0.7696969725868918,1.0,1.0,0.9515151533213528,0,-0.042424240979281325,0.7696969725868918,0.007012112304751388,-0.1277777741352717,0.46666667809089024,0.034822162067378586,-0.6666666567325592,0.3333333432674408,0.10582010266642093,-0.07929292745662453,0.07929292745662453
RR,forgotten,570,0.7228758242005617,0.5938997913419811,0.9159912871691138,1.0,0.3333333432674408,1.0,0.3333333432674408,1.0,0.6666666865348816,0.3333333432674408,0.3333333432674408,1.0,0.8833333402872086,0.6333333507180214,0.6833333447575569,0.3222222318251928,0.7500000104308129,0.9111111159125964,0.12777778009573618,0.9878787886012684,0.8848484879190271,0.6727272835644809,0.7393939473412253,0.5212121313268488,0.8727272759784351,0.890909096327695,0.42424242984164845,0,-0.4606060580773787,0.42424242984164845,0.034857666960979854,-0.7555555601914724,0.12777778009573618,0.08433568549105382,0.0,0.3333333432674408,0.10052909800615263,-0.29646464974591225,0.29646464974591225
RR,forgotten,591,0.7816993531837961,0.5938997913419811,0.9159912871691138,1.0,0.3333333432674408,0.6666666865348816,0.3333333432674408,0.6666666865348816,0.3333333432674408,0.3333333432674408,0.3333333432674408,1.0,0.9333333373069763,0.9055555611848831,0.8500000084439914,0.33888889898856484,0.5166666800777118,0.7277777870496114,0.9666666681567828,0.8969697004014795,0.9878787886012684,0.8909090968695554,0.8787878860126842,0.6545454637570814,0.733333344893022,0.6727272851900621,0.9333333367651159,0,-0.05454545183615256,0.6545454637570814,0.01767807846727389,0.0333333308498065,0.33888889898856484,0.056447676292268566,0.0,0.3333333432674408,0.02645502803186893,0.03333333139166694,-0.03333333139166694
RR,forgotten,652,0.8797385658703599,0.5938997913419811,0.9159912871691138,1.0,1.0,0.0,0.0,0.3333333432674408,0.6666666865348816,0.3333333432674408,0.3333333432674408,1.0,0.9833333343267441,0.8555555631717046,0.7777777835726738,0.661111115415891,1.0,0.9944444447755814,0.8055555601914723,0.9090909139676527,0.9878787886012684,0.8848484900864688,0.9272727294401689,0.969696971503171,1.0,1.0,0.9757575766606764,0,-0.012121211940592014,0.8848484900864688,0.0018243034917862385,-0.17777777413527174,0.661111115415891,0.0169517925138126,-0.6666666567325592,0.0,0.12698412840328524,-0.17020201646920408,0.17020201646920408
RR,forgotten,654,0.688453168144413,0.5938997913419811,0.9159912871691138,1.0,1.0,0.6666666865348816,0.0,0.0,0.0,0.3333333432674408,0.0,0.7944444502393405,0.8777777840693791,0.6555555651585261,0.7222222298383713,0.9055555601914723,0.7722222353021304,0.7777777885397276,0.9055555601914723,0.8787878827615218,0.7696969801729375,0.7333333389325576,0.46666667623953384,0.6666666756976735,0.6363636553287506,0.4848484992980957,0.6121212222359397,0,-0.15757575793699785,0.46666667623953384,0.013235383845265958,0.0277777761220932,0.6555555651585261,0.009412110106979033,-1.0,0.0,0.16402116670179626,0.29343433795553264,-0.29343433795553264
RR,forgotten,658,0.9058823566421184,0.5938997913419811,0.9159912871691138,1.0,1.0,1.0,0.0,1.0,0.0,0.0,0.0,0.9611111134290695,1.0,0.46666667411724727,0.9888888895511627,0.8555555591980616,0.9833333338300387,0.9944444447755814,1.0,0.9636363652619448,0.9939393943006342,0.6181818306446075,0.9272727316076105,1.0,0.969696971503171,0.9696969709613107,0.9818181829019026,0,-0.012121211398731568,0.6181818306446075,0.01861909016422746,0.0,0.46666667411724727,0.0389168125593806,-1.0,0.0,0.2857142857142857,0.018181817098097408,-0.018181817098097408
RR,forgotten,732,0.7716775648344576,0.5938997913419811,0.9159912871691138,1.0,1.0,1.0,0.0,0.0,1.0,0.0,0.0,0.7333333492279053,0.8222222273548444,0.9277777815858523,0.4722222313284874,0.6055555591980616,0.9555555582046509,0.9833333343267441,0.9888888895511627,0.9151515202088789,0.8606060640378432,0.9272727305238897,0.6181818236004223,0.6909090952439741,0.7939394018866799,0.8242424325509505,0.8969696976921775,0,0.03636363365433426,0.6181818236004223,0.012472779521882095,0.16666666219631832,0.4722222313284874,0.04201645992175052,-1.0,0.0,0.28571428571428564,0.09191919185898523,-0.09191919185898523
RR,forgotten,739,0.8413943434462827,0.5938997913419811,0.9159912871691138,1.0,1.0,1.0,0.0,0.0,0.0,0.0,0.0,1.0,0.9666666686534882,0.8777777850627899,0.7055555731058121,0.7222222372889519,0.7166666835546494,0.7666666805744171,0.6833333487311999,1.0,0.9939393943006342,0.9151515202088789,0.7212121378291737,0.8363636461171237,0.7151515321298079,0.8060606176202948,0.8606060689145868,0,-0.13333332538604736,0.7151515321298079,0.010081768879929466,-0.2833333199222883,0.6833333487311999,0.011125807157470751,-1.0,0.0,0.23809523809523817,-0.1772727201833869,0.1772727201833869
RR,forgotten,807,0.8797385656755734,0.5938997913419811,0.9159912871691138,1.0,1.0,0.0,1.0,0.6666666865348816,1.0,1.0,1.0,0.9055555611848831,0.9611111134290695,1.0,1.0,0.6833333402872086,0.8611111139257749,0.833333338300387,0.644444449742635,0.9818181829019026,0.9575757601044395,0.9818181829019026,0.818181821974841,0.8000000059604645,0.9575757590207187,0.9393939419226213,0.9030303071845661,0,-0.05454545291987334,0.8000000059604645,0.005184310421017265,-0.3166666636864345,0.644444449742635,0.021269840553691997,0.0,0.0,0.14285714191103746,-0.2585858574419311,0.2585858574419311
RR,forgotten,816,0.7041394440956366,0.5938997913419811,0.9159912871691138,1.0,1.0,0.0,0.6666666865348816,0.0,0.6666666865348816,0.6666666865348816,0.6666666865348816,0.9277777820825577,0.9444444477558136,0.694444461663564,0.7055555731058121,0.6222222397724787,0.3000000089406967,0.19444445023934046,0.8611111183961232,0.7636363717642698,0.8606060656634245,0.6484848656437614,0.6424242583188143,0.5575757698579268,0.4666666805744171,0.5212121324105696,0.9333333362232555,0,0.07272727055983108,0.4666666805744171,0.030418468988834713,-0.0833333293596904,0.19444445023934046,0.07661963568298454,-0.3333333134651184,0.0,0.14285714664156487,-0.07222221782713234,0.07222221782713234
RR,forgotten,818,0.8753812685511471,0.5938997913419811,0.9159912871691138,1.0,1.0,0.0,0.3333333432674408,1.0,0.0,0.3333333432674408,0.3333333432674408,1.0,1.0,0.8500000059604644,0.7500000084439914,0.6277777860562007,0.8555555626749992,0.8055555641651153,0.8833333392937978,1.0,0.9939393943006342,0.8181818236004222,0.7636363733898509,0.9090909123420715,0.9212121253663843,0.8363636417822404,0.9151515185832977,0,-0.07878787571733648,0.7636363733898509,0.006004634672950416,-0.11666666070620224,0.6277777860562007,0.013414167569208891,-0.6666666567325592,0.0,0.17460317365706915,-0.031818179289499926,0.031818179289499926
RR,forgotten,820,0.870588238371743,0.5938997913419811,0.9159912871691138,1.0,0.6666666865348816,0.3333333432674408,1.0,0.6666666865348816,1.0,1.0,0.6666666865348816,0.9055555611848831,1.0,0.6555555641651154,0.9111111149191856,0.6444444502393405,0.9166666701436043,0.9944444447755814,0.8166666691501935,0.9939393943006342,0.9939393943006342,0.6969697025689212,0.6303030387921766,0.8000000048767436,0.9212121259082447,1.0,1.0,0,0.00606060569936584,0.6303030387921766,0.02395907026630179,-0.18333333084980652,0.6444444502393405,0.022116401317468604,0.0,0.3333333432674408,0.06349206018069445,-0.18333333084980652,0.18333333084980652
RR,forgotten,908,0.6213507706043767,0.5938997913419811,0.9159912871691138,1.0,0.6666666865348816,1.0,0.3333333432674408,0.0,0.0,0.3333333432674408,0.3333333432674408,0.9777777791023254,1.0,0.6222222333153089,0.7166666761040688,0.6666666766007742,0.7333333412806193,0.49444445768992107,0.5222222323218981,0.9575757590207187,0.9575757601044395,0.5393939500505274,0.5272727364843542,0.5515151609073986,0.6060606235807592,0.38181819265538997,0.3878787967291745,0,-0.5696969633752649,0.38181819265538997,0.03716471994995441,-0.4777777676781019,0.49444445768992107,0.02823779995483663,-0.3333333432674408,0.0,0.12698412840328524,0.1343434355927236,-0.1343434355927236
RR,forgotten,1111,0.6004357412749646,0.5938997913419811,0.9159912871691138,1.0,0.6666666865348816,1.0,1.0,1.0,1.0,1.0,1.0,0.9944444447755814,0.7500000104308129,0.6444444611668587,0.3444444542129835,0.36666667759418486,0.4722222362955411,0.27222223033507664,0.41111112336317696,0.9575757601044395,0.7878787951035933,0.5151515299623662,0.25454546213150026,0.4727272868156433,0.527272742986679,0.5212121367454529,0.6848485014655373,0,-0.10303029363805594,0.25454546213150026,0.028254842946565786,-0.3388888870676359,0.27222223033507664,0.029623751243831566,0.3333333134651184,0.6666666865348816,0.015873013980804984,-0.2737373781023604,0.2737373781023604
TAR,suppressed,26,0.592592603669447,0.5464052385754057,0.8060130776377286,1.0,0.6666666865348816,0.6666666865348816,1.0,0.6666666865348816,0.6666666865348816,0.6666666865348816,0.6666666865348816,0.900000003973643,0.5777777895331383,0.6000000104308129,0.27222222884496056,0.2833333407839139,0.4833333447575569,0.5944444547096889,0.47222223232189814,0.9212121253663843,0.5333333454348824,0.5878788048570807,0.5151515277949247,0.49090910283001987,0.6969697085293857,0.7212121334942905,0.7090909215536985,1,0.17575757611881604,0.49090910283001987,0.009877126201615214,-0.10555555721124016,0.27222222884496056,0.019689888780797537,0.0,0.6666666865348816,0.015873013980804984,-0.23686868923180032,0.23686868923180032
TAR,suppressed,46,0.6052287715712404,0.5464052385754057,0.8060130776377286,1.0,1.0,0.6666666865348816,1.0,1.0,1.0,0.6666666865348816,0.6666666865348816,0.9388888910412788,0.5611111228664716,0.7055555726091067,0.6555555740992228,0.6555555736025175,0.68888890594244,0.7555555671453476,0.661111123363177,0.9393939424644817,0.33939394788308574,0.5636363788084551,0.5575757703997872,0.6242424379695546,0.5454545611684972,0.5151515299623662,0.5333333486860449,1,0.19393940080295913,0.33939394788308574,0.007905899162364217,0.10000000049670543,0.5611111228664716,0.003547913026960378,-0.3333333134651184,0.6666666865348816,0.03174602796160997,0.12777777467713214,-0.12777777467713214
TAR,suppressed,191,0.6331154791747822,0.5464052385754057,0.8060130776377286,1.0,1.0,1.0,1.0,0.6666666865348816,1.0,0.3333333432674408,0.3333333432674408,0.7555555641651154,0.6555555686354637,0.7555555686354637,0.700000015894572,0.37777778804302214,0.5055555706222852,0.39444445619980495,0.3611111218730609,0.8787878811359405,0.587878797271035,0.7393939516761087,0.5636363788084551,0.2666666740720922,0.5212121356617321,0.6181818333539095,0.6363636477427049,1,0.04848485047166995,0.2666666740720922,0.021618785714127346,-0.29444444676240283,0.3611111218730609,0.027663139809428913,-0.6666666567325592,0.3333333432674408,0.10052909706004719,-0.27525252586964405,0.27525252586964405
TAR,suppressed,338,0.6605664585540497,0.5464052385754057,0.8060130776377286,1.0,1.0,0.6666666865348816,0.6666666865348816,0.6666666865348816,0.3333333432674408,0.3333333432674408,0.0,1.0,0.922222226858139,0.6555555721124013,0.8500000089406967,0.6777777900298436,0.694444457689921,0.7722222313284874,0.7055555681387583,0.9636363658038053,0.8969697009433399,0.8000000086697665,0.8666666746139526,0.4666666789488359,0.4848484987562353,0.5878788005221974,0.41818182956088673,1,-0.4787878713824532,0.41818182956088673,0.041467487514553314,-0.21666665871938073,0.6555555721124013,0.009873603043934321,-1.0,0.0,0.10582010739694836,0.2873737385778716,-0.2873737385778716
TAR,suppressed,485,0.7189542535473319,0.5464052385754057,0.8060130776377286,1.0,1.0,1.0,1.0,1.0,1.0,0.3333333432674408,0.3333333432674408,0.755555569132169,0.7777777850627899,0.6611111169060071,0.7555555606881778,0.900000003973643,0.9277777820825577,0.9388888920346896,0.9444444467624028,0.6424242529002103,0.63636364124038,0.5696969747543335,0.5575757628137415,0.7030303093520078,0.7333333400162784,0.8060606105761094,0.8545454567128962,1,0.21818181547251614,0.5575757628137415,0.012890812736360523,0.16666666169961286,0.6611111169060071,0.012483832749205786,-0.6666666567325592,0.3333333432674408,0.10582010266642095,0.08989899004950663,-0.08989899004950663
TAR,suppressed,545,0.7638344295274199,0.5464052385754057,0.8060130776377286,1.0,0.0,0.3333333432674408,0.0,0.3333333432674408,0.3333333432674408,0.3333333432674408,0.3333333432674408,0.9888888895511627,0.4833333432674408,0.7611111188928287,0.9277777800957362,0.9555555572112401,0.933333336810271,0.9833333343267441,0.9722222233812015,0.8969697031107816,0.38787879835475575,0.6181818273934451,0.8787878827615218,0.9151515174995769,0.8727272786877373,0.8545454605059191,0.7696969790892167,1,0.381818180734461,0.38787879835475575,0.03640561362537644,0.48888888011376064,0.4833333432674408,0.033093767146383374,0.3333333432674408,0.0,0.02645502803186893,0.2025252442919847,-0.2025252442919847
TAR,suppressed,604,0.76427015895937,0.5464052385754057,0.8060130776377286,1.0,1.0,0.3333333432674408,0.6666666865348816,0.0,0.3333333432674408,0.6666666865348816,0.3333333432674408,0.9777777791023254,0.9944444447755814,0.7944444542129835,0.7333333392937978,0.7055555606881777,0.8000000044703484,0.8166666736205419,0.7555555646618207,0.8181818236004222,0.9030303061008453,0.8060606105761094,0.9090909134257924,0.9030303071845661,0.8484848526391116,0.642424248565327,0.5090909172188152,1,-0.3939393888820302,0.5090909172188152,0.024015041697587756,-0.23888888011376064,0.7055555606881777,0.008909464633636526,-0.6666666567325592,0.0,0.10582010692389561,0.24646464744300556,-0.24646464744300556
TAR,suppressed,638,0.6666666726660885,0.5464052385754057,0.8060130776377286,1.0,1.0,0.3333333432674408,0.3333333432674408,0.3333333432674408,0.3333333432674408,0.3333333432674408,0.3333333432674408,1.0,0.9111111144224803,0.900000003973643,0.8222222263614337,0.9388888895511627,0.9055555591980616,0.8888888920346896,0.9055555582046508,1.0,0.8424242480234666,0.709090921011838,0.5696969774636356,0.6060606138272719,0.4848484900864688,0.4303030360828746,0.6545454588803378,1,-0.18787878914312883,0.4303030360828746,0.019219030278611753,-0.005555556217829438,0.8222222263614337,0.0012933567909196428,-0.6666666567325592,0.3333333432674408,0.06349206159985259,0.25101009932431306,-0.25101009932431306
TAR,suppressed,641,0.6714597025338341,0.5464052385754057,0.8060130776377286,1.0,0.0,0.3333333432674408,0.6666666865348816,0.6666666865348816,1.0,0.6666666865348816,0.3333333432674408,1.0,0.7611111174027125,0.7944444507360459,0.9000000024835269,0.8722222258647283,0.9000000029802322,0.9000000019868215,0.8777777805924416,0.7575757649811832,0.6484848580577157,0.5272727359424938,0.5212121329524301,0.48484849604693325,0.5454545552080328,0.7212121275338259,0.6545454621315002,1,0.0060606040737845035,0.48484849604693325,0.007734487456285813,0.11666666318972907,0.7611111174027125,0.003218694689570282,0.3333333432674408,0.0,0.10582010739694837,0.22323231846094138,-0.22323231846094138
TAR,suppressed,645,0.801742923532436,0.5464052385754057,0.8060130776377286,1.0,0.0,0.6666666865348816,0.6666666865348816,0.6666666865348816,0.3333333432674408,0.3333333432674408,0.6666666865348816,1.0,0.7222222273548444,0.6944444527228674,0.5666666770974795,0.41666667560736337,0.22777778307596844,0.2000000034769376,0.20000000298023224,0.9939393943006342,0.878787881677801,0.8121212173591961,0.9515151527794925,0.8969697004014795,0.6666666740720922,0.7151515207507394,0.7515151571143758,1,-0.1272727245634252,0.6666666740720922,0.010881105011576742,-0.5222222243746122,0.20000000298023224,0.05347148813561333,0.6666666865348816,0.0,0.06878307288285922,-0.5515151541341435,0.5515151541341435
TAR,suppressed,661,0.709803927256391,0.5464052385754057,0.8060130776377286,1.0,0.6666666865348816,0.3333333432674408,0.0,0.0,0.0,0.0,0.3333333432674408,0.9444444477558136,0.8555555601914724,0.9555555582046509,0.9777777791023254,0.922222226858139,0.9444444462656975,0.9611111129323642,0.916666671137015,0.848484853180972,0.5939393986355175,0.8121212179010565,0.7454545487057079,0.7454545487057079,0.6909090968695554,0.5878787956454538,0.6424242507327687,1,0.048484852097251174,0.5878787956454538,0.007160785175327912,0.06111111094554267,0.8555555601914724,0.0016358023697947298,-0.3333333432674408,0.0,0.06878307288285924,0.2742424204042464,-0.2742424204042464
TAR,suppressed,678,0.7546841038987527,0.5464052385754057,0.8060130776377286,1.0,0.6666666865348816,0.3333333432674408,0.0,0.0,0.0,0.0,0.6666666865348816,1.0,0.6888888930281003,0.8000000074505806,0.7833333407839139,0.8500000069538752,0.7333333417773247,0.5611111203829448,0.611111119389534,1.0,0.9454545465382662,0.7151515272530642,0.6848484933376312,0.8242424314672296,0.7636363744735718,0.6424242545257915,0.6424242545257915,1,-0.30303029201247467,0.6424242545257915,0.012059993080892888,-0.0777777736385663,0.5611111203829448,0.010922986369170494,0.0,0.0,0.10052910652110193,-0.03131313513625755,0.03131313513625755
TAR,suppressed,732,0.6217864999584123,0.5464052385754057,0.8060130776377286,1.0,1.0,0.6666666865348816,1.0,1.0,0.6666666865348816,0.3333333432674408,0.3333333432674408,0.7333333492279053,0.36111111839612325,0.4666666721304258,0.35555556416511536,0.25555556267499924,0.27777778506278994,0.28333334177732467,0.3555555656552315,0.9151515202088789,0.6242424358021129,0.6545454621315002,0.6000000097534873,0.6909090979532762,0.6242424309253692,0.533333339474418,0.6000000048767437,1,-0.024242430925369263,0.533333339474418,0.002424242461461122,-0.005555552740891756,0.25555556267499924,0.00518371539268159,-0.6666666567325592,0.3333333432674408,0.08994708679340511,-0.24444443922151216,0.24444443922151216
TAR,suppressed,752,0.7703703799278908,0.5464052385754057,0.8060130776377286,1.0,0.0,0.0,0.0,0.0,0.0,0.0,0.0,1.0,0.7222222357988357,0.6888889029622078,0.594444457689921,0.4666666770974795,0.6222222288449605,0.7555555621782939,0.7333333402872085,0.9878787886012684,0.6909091066230427,0.7212121334942905,0.7090909204699777,0.6303030409596183,0.7878787983547557,0.9212121259082447,0.9272727316076105,1,0.23636362498456776,0.6303030409596183,0.013296601579646884,0.011111104488372825,0.4666666770974795,0.01035420328764129,0.0,0.0,0.0,-0.19393939132040194,0.19393939132040194
TAR,suppressed,798,0.6474945600515877,0.5464052385754057,0.8060130776377286,1.0,0.6666666865348816,0.0,0.0,0.0,0.0,0.0,0.0,0.9944444447755814,0.38888889650503794,0.6722222278515498,0.5555555626749993,0.4444444512327512,0.5166666770974795,0.6000000089406967,0.5277777875463168,0.921212124824524,0.41212121952663766,0.7818181866949255,0.7757575837048617,0.7818181877786463,0.5151515223763206,0.4666666767813943,0.5696969758380543,1,0.15757575631141668,0.41212121952663766,0.02611395308569923,0.13888889104127883,0.38888889650503794,0.008865373252438214,-0.6666666865348816,0.0,0.06349206727648542,-0.041919188291737575,0.041919188291737575
TAR,suppressed,807,0.7825708120866538,0.5464052385754057,0.8060130776377286,1.0,1.0,0.6666666865348816,0.6666666865348816,0.6666666865348816,0.6666666865348816,0.3333333432674408,0.3333333432674408,0.9055555611848831,0.8222222273548444,0.9277777805924415,0.9611111134290695,0.8833333402872086,0.7888888984918594,0.8111111183961233,0.8277777845660845,0.9818181829019026,0.7272727332331917,0.8606060667471452,0.6727272792295976,0.6848484933376312,0.848484855890274,0.6303030387921766,0.5636363717642697,1,-0.16363636146892202,0.5636363717642697,0.011984782760793516,0.005555557211240125,0.7888888984918594,0.004212227808700325,-0.6666666567325592,0.3333333432674408,0.052910052279316,0.2641414128018148,-0.2641414128018148
TAR,suppressed,821,0.7651416185634587,0.5464052385754057,0.8060130776377286,1.0,0.3333333432674408,0.3333333432674408,0.0,0.3333333432674408,0.3333333432674408,0.0,0.0,0.9944444447755814,0.6000000064571699,0.7777777850627899,0.6722222338120143,0.7388888989885648,0.9333333373069763,0.8222222318251927,0.7333333467443784,0.9878787886012684,0.5939394024285403,0.6727272792295976,0.6363636434078217,0.6909090995788574,0.7636363695968281,0.7818181866949255,0.7515151592818173,1,0.15757575685327707,0.5939394024285403,0.004918448434033883,0.13333334028720856,0.6000000064571699,0.011406525296850607,-0.3333333432674408,0.0,0.03174603363824272,-0.01818181253743889,0.01818181253743889
TAR,suppressed,843,0.6749455408333174,0.5464052385754057,0.8060130776377286,1.0,0.0,0.3333333432674408,0.0,0.0,0.3333333432674408,0.3333333432674408,0.3333333432674408,1.0,0.8777777830759684,0.8888888940215111,0.9000000049670537,0.7611111188928287,0.8166666736205419,0.5833333432674408,0.5944444547096889,0.9515151527794925,0.521212130243128,0.7090909172188152,0.6545454621315002,0.6060606111179698,0.7030303126031702,0.5818181899460879,0.5939394035122612,1,0.0727272732691332,0.521212130243128,0.004664830124848914,-0.28333332836627956,0.5833333432674408,0.01840387946858713,0.3333333432674408,0.0,0.03174603363824272,0.0005050511974277194,-0.0005050511974277194
TAR,suppressed,860,0.6453159127749648,0.5464052385754057,0.8060130776377286,1.0,0.0,1.0,0.6666666865348816,0.3333333432674408,0.3333333432674408,0.3333333432674408,0.3333333432674408,0.9555555582046509,0.6500000089406968,0.6500000149011612,0.7444444552063942,0.7444444537162781,0.6722222313284874,0.4388888960083326,0.45555556466182073,0.9333333373069763,0.8969697009433399,0.7636363695968281,0.6545454599640587,0.47272728139703923,0.5818181899460879,0.587878797271035,0.5575757671486248,1,-0.33939393379471516,0.47272728139703923,0.020371681649358906,-0.19444444427887603,0.4388888960083326,0.015884773910290917,0.3333333432674408,0.0,0.10052910084446909,-0.10202020248680405,0.10202020248680405
TAR,suppressed,871,0.584749462986304,0.5464052385754057,0.8060130776377286,1.0,1.0,1.0,0.3333333432674408,0.3333333432674408,0.0,0.6666666865348816,0.3333333432674408,0.9333333373069763,0.36111112038294474,0.4222222328186035,0.5111111228664716,0.8111111183961233,0.9111111164093018,0.7500000069538753,0.7388889014720916,0.9272727310657501,0.29696970365264197,0.5757575864141637,0.6060606149109927,0.6121212222359397,0.6303030420433391,0.6909090984951366,0.5818181921135296,1,0.2848484884608876,0.29696970365264197,0.016007696238253835,0.3777777810891469,0.36111112038294474,0.0443974126365993,-0.6666666567325592,0.0,0.14285714191103743,0.15707070935856204,-0.15707070935856204
TAR,suppressed,877,0.6466231028238932,0.5464052385754057,0.8060130776377286,1.0,0.6666666865348816,1.0,0.6666666865348816,0.6666666865348816,0.6666666865348816,1.0,0.6666666865348816,1.0,0.33888889650503795,0.5166666761040688,0.5888888984918594,0.7055555651585261,0.5666666761040687,0.5500000109275182,0.6388888999819755,0.7696969731287523,0.5575757698579268,0.7030303136868911,0.6666666746139527,0.5696969790892168,0.7757575826211409,0.6484848602251573,0.5515151603655382,1,-0.0060606094923886245,0.5515151603655382,0.007124054239983589,0.30000000347693756,0.33888889650503795,0.013187830871401428,0.0,0.6666666865348816,0.02645502330134164,0.08737373961643735,-0.08737373961643735
TAR,suppressed,916,0.6139433654694774,0.5464052385754057,0.8060130776377286,1.0,1.0,0.0,0.0,0.3333333432674408,0.3333333432674408,0.3333333432674408,0.3333333432674408,1.0,0.8500000074505806,0.8333333427707355,0.6833333422740301,0.8333333427707355,0.861111119389534,0.9000000059604645,0.9166666716337204,0.8969697004014795,0.6727272803133184,0.47878789088942786,0.3878787994384766,0.5090909226374193,0.6060606181621552,0.5454545573754744,0.5878787967291745,1,-0.08484848358414387,0.3878787994384766,0.008689492089095025,0.06666666418313982,0.6833333422740301,0.005776013935500562,-0.6666666567325592,0.0,0.11111111111111112,0.32878787490454586,-0.32878787490454586
TAR,suppressed,919,0.6910675462554483,0.5464052385754057,0.8060130776377286,1.0,0.0,0.0,0.0,0.0,0.0,0.0,0.0,0.8833333378036817,0.8500000074505806,0.4888889014720917,0.5500000149011612,0.4888889009753863,0.522222230831782,0.7777777830759685,0.8166666706403096,0.9333333373069763,0.4484848591414365,0.49696970690380443,0.6727272819388996,0.6000000113790686,0.769696978005496,0.8242424298416484,0.8969697014852004,1,0.4484848423437639,0.4484848591414365,0.028184878328432545,-0.03333333681027095,0.4888889009753863,0.026984125910691496,0.0,0.0,0.0,-0.08030303084489077,0.08030303084489077
TAR,suppressed,921,0.5599128659254585,0.5464052385754057,0.8060130776377286,1.0,1.0,0.0,0.0,0.0,0.0,0.0,0.0,1.0,0.833333340783914,0.6888889014720917,0.7611111218730608,0.6888888999819756,0.5722222333153089,0.7000000089406967,0.6166666770974795,0.8909090974114158,0.7696969769217751,0.48484849821437487,0.44848486185073855,0.5151515294205059,0.4484848613088781,0.40000001137906854,0.4303030415014787,1,-0.3393939354202964,0.40000001137906854,0.015559927864138094,-0.2166666636864345,0.5722222333153089,0.007469135636900684,-1.0,0.0,0.1428571428571429,0.18636363559600078,-0.18636363559600078
TAR,suppressed,962,0.6649237561070062,0.5464052385754057,0.8060130776377286,1.0,0.6666666865348816,0.6666666865348816,1.0,1.0,1.0,0.6666666865348816,0.6666666865348816,1.0,0.5888889029622077,0.6111111293236414,0.6500000139077504,0.6388888999819755,0.6611111213763555,0.5000000124176344,0.6055555691321691,0.9151515180414374,0.7393939527598294,0.7272727386517959,0.7939393980936571,0.6545454621315002,0.5575757638974623,0.5575757649811831,0.5575757693160664,1,-0.181818183443763,0.5575757638974623,0.010020551844571898,0.016666666169961375,0.5000000124176344,0.0029306290055165825,0.0,0.6666666865348816,0.03174602796160997,0.047979799816102675,-0.047979799816102675
TAR,suppressed,994,0.6854030595495809,0.5464052385754057,0.8060130776377286,1.0,1.0,0.6666666865348816,1.0,1.0,0.0,0.3333333432674408,1.0,0.8333333392937978,0.6666666795810063,0.6055555661519368,0.666666675110658,0.6222222353021304,0.6111111288269361,0.8944444507360458,0.905555559694767,0.878787884387103,0.41212122331966056,0.7515151625329798,0.6727272841063413,0.7333333416418596,0.7515151592818173,0.8242424336346713,0.6303030393340371,1,0.21818181601437653,0.41212122331966056,0.01802090147612389,0.23888888011376064,0.6055555661519368,0.01740152751743305,0.0,0.0,0.16402116244432163,0.2752525203607299,-0.2752525203607299
TAR,suppressed,996,0.6971677649254892,0.5464052385754057,0.8060130776377286,1.0,0.0,0.3333333432674408,0.3333333432674408,0.3333333432674408,0.3333333432674408,0.3333333432674408,0.3333333432674408,1.0,0.9777777791023254,0.4611111208796501,0.6000000094374021,0.6888888984918594,0.8222222293416659,0.833333340783914,0.8666666731238365,0.9454545481638474,0.7515151587399569,0.4424242539839311,0.557575768774206,0.5878788010640578,0.563636376099153,0.6666666778651151,0.8121212206103585,1,0.06060606187040163,0.4424242539839311,0.01596221919058503,-0.11111110597848894,0.4611111208796501,0.031224278957264914,0.3333333432674408,0.0,0.015873016819121354,0.05454545251347798,-0.05454545251347798
TAR,suppressed,1069,0.7490196162189533,0.5464052385754057,0.8060130776377286,1.0,0.3333333432674408,0.3333333432674408,0.3333333432674408,0.0,0.3333333432674408,0.3333333432674408,0.3333333432674408,0.9888888890544574,0.14444444874922435,0.6055555731058121,0.7722222323218981,0.8722222263614337,0.5777777900298436,0.5444444532195727,0.5833333427707355,0.9454545470801267,0.3272727364843542,0.7090909264304421,0.9515151544050737,0.9272727316076105,0.7454545573754744,0.6000000135465102,0.7454545546661724,1,0.4181818181818182,0.3272727364843542,0.04440771250028586,0.4388888940215111,0.14444444874922435,0.05229276930489554,0.0,0.0,0.015873016819121358,-0.16212121189543693,0.16212121189543693
TAR,suppressed,1121,0.6710239732187558,0.5464052385754057,0.8060130776377286,1.0,0.0,1.0,1.0,0.6666666865348816,0.0,0.0,0.0,0.6555555641651154,0.5722222283482552,0.9555555577079455,0.8722222258647283,0.9722222238779068,0.9944444447755814,0.8277777815858524,0.6555555666486422,0.63636364124038,0.2909090974114158,0.7515151587399569,0.8303030349991538,0.7878787961873142,0.666666675155813,0.5393939478830858,0.6000000130046498,1,0.309090915593234,0.2909090974114158,0.034131794004552074,0.08333333830038703,0.5722222283482552,0.026912109532088557,0.0,0.0,0.23809523998744905,0.05555555364399245,-0.05555555364399245
TAR,suppressed,1129,0.7886710292373607,0.5464052385754057,0.8060130776377286,1.0,1.0,0.3333333432674408,0.3333333432674408,0.3333333432674408,0.3333333432674408,0.3333333432674408,0.3333333432674408,1.0,0.9000000014901162,0.8500000009934108,0.9888888895511627,1.0,0.9944444447755814,0.9166666686534881,0.7500000029802323,0.9939393943006342,0.7878787961873142,0.7515151565725153,0.8909090952439742,0.909090912883932,0.921212124824524,0.8787878838452425,0.7333333443511616,1,-0.05454545183615256,0.7333333443511616,0.006230267701544535,-0.14999999850988388,0.7500000029802323,0.008445032169228787,-0.6666666567325592,0.3333333432674408,0.06349206159985259,0.016666658629070685,-0.016666658629070685
TAR,suppressed,1151,0.777342055397096,0.5464052385754057,0.8060130776377286,1.0,1.0,0.6666666865348816,0.0,0.0,0.3333333432674408,0.6666666865348816,0.6666666865348816,1.0,0.411111119389534,0.7277777880430222,0.7722222323218981,0.8000000074505806,0.6833333402872086,0.6722222313284874,0.7166666761040688,1.0,0.47878788655454463,0.7878787983547557,0.9090909145095132,0.9151515202088789,0.830303036624735,0.8060606111179699,0.7757575815374201,1,0.2969696949828755,0.47878788655454463,0.021447373931109456,0.30555555671453477,0.411111119389534,0.016471193476652907,-0.3333333134651184,0.0,0.1428571461685121,-0.05909090543335138,0.05909090543335138
TAR,suppressed,1176,0.7969498969760596,0.5464052385754057,0.8060130776377286,1.0,0.3333333432674408,0.3333333432674408,0.3333333432674408,0.3333333432674408,0.6666666865348816,0.3333333432674408,0.3333333432674408,1.0,0.6166666761040688,0.7611111178994179,0.9111111144224803,0.7555555621782939,0.8777777840693791,0.7722222313284874,0.7777777860562006,0.9272727288983085,0.4181818263097243,0.7939394008029591,0.8424242496490478,0.8000000075860457,0.8727272776040164,0.8727272781458768,0.8727272765202956,1,0.4545454502105713,0.4181818263097243,0.026862564705766086,0.16111110995213185,0.6166666761040688,0.009071134307204383,0.0,0.3333333432674408,0.015873016819121358,-0.09494949046409495,0.09494949046409495
TAR,forgotten,364,0.7389978274021273,0.5464052385754057,0.8060130776377286,1.0,0.0,0.0,0.3333333432674408,0.3333333432674408,0.3333333432674408,0.3333333432674408,0.3333333432674408,0.9277777815858523,0.8277777845660845,0.4277777890364329,0.3722222303350767,0.6222222318251928,0.8000000059604645,0.8833333368102709,0.9000000034769376,0.8848484895446084,0.6606060656634244,0.5212121313268488,0.8545454588803378,0.7393939484249462,0.8424242496490478,0.8242424292997881,0.8545454588803378,0,0.19393939321691345,0.5212121313268488,0.01600769560256479,0.07222221891085312,0.3722222303350767,0.04781598952339896,0.3333333432674408,0.0,0.02645502803186893,0.04545454459659981,-0.04545454459659981
TAR,forgotten,375,0.7424836660911835,0.5464052385754057,0.8060130776377286,1.0,0.0,0.0,0.0,0.0,0.0,0.0,0.0,0.9888888895511627,0.8166666696468989,0.7722222288449605,0.8888888945182164,0.7833333383003871,0.6388888945182164,0.827777782579263,0.8666666696468989,0.969696971503171,0.872727277062156,0.8121212195266377,0.6181818273934451,0.6303030377084559,0.5696969790892168,0.672727279771458,0.7818181866949255,0,-0.0909090903672305,0.5696969790892168,0.012983514429613938,0.04999999999999993,0.6388888945182164,0.006732804144501058,0.0,0.0,0.0,0.08484848295197334,-0.08484848295197334
TAR,forgotten,400,0.6849673309746911,0.5464052385754057,0.8060130776377286,1.0,1.0,0.6666666865348816,0.3333333432674408,0.3333333432674408,0.3333333432674408,0.3333333432674408,0.3333333432674408,0.6888889049490293,0.5555555696288744,0.46666667610406876,0.4333333452542623,0.5833333447575569,0.3777777850627899,0.25555556267499924,0.5833333472410838,0.6060606214133176,0.6848484960469332,0.7636363723061301,0.6666666773232547,0.7030303126031702,0.7151515250856226,0.551515164158561,0.6727272846482016,0,-0.012121211398731568,0.551515164158561,0.00425379318524587,0.027777777612209342,0.25555556267499924,0.014781011762486218,-0.6666666567325592,0.3333333432674408,0.06878306767927912,-0.08939393740711787,0.08939393740711787
TAR,forgotten,642,0.7651416198490492,0.5464052385754057,0.8060130776377286,1.0,1.0,0.6666666865348816,0.6666666865348816,0.6666666865348816,0.6666666865348816,0.3333333432674408,0.3333333432674408,0.9888888895511627,0.25000000447034837,0.7166666761040688,0.6777777920166651,0.9000000054637591,0.7055555641651153,0.6944444571932157,0.7166666770974796,0.9030303050171246,0.4000000054186041,0.733333347602324,0.6121212249452418,0.7818181877786463,0.7939394013448196,0.7878787978128954,0.8121212216940793,0,0.4121212162754752,0.4000000054186041,0.0224303644667498,0.4666666726271312,0.25000000447034837,0.03924309273354978,-0.6666666567325592,0.3333333432674408,0.052910052279316,-0.09545454459659974,0.09545454459659974
TAR,forgotten,644,0.7124183087567099,0.5464052385754057,0.8060130776377286,1.0,0.6666666865348816,0.3333333432674408,1.0,1.0,0.3333333432674408,0.3333333432674408,0.3333333432674408,1.0,0.5555555676420529,0.3000000089406967,0.49444445470968884,0.7777777870496114,0.5833333437641461,0.5277777895331383,0.3500000094374021,0.9878787886012684,0.7696969785473563,0.41212121952663766,0.5878787988966162,0.733333344893022,0.6969697047363628,0.7272727354006334,0.7636363723061301,0,-0.006060606241226174,0.41212121952663766,0.01666185675469489,-0.20555555820465082,0.3000000089406967,0.024894179982614468,-0.3333333432674408,0.3333333432674408,0.10052909800615263,-0.413636362868728,0.413636362868728
TAR,forgotten,652,0.6688453244617563,0.5464052385754057,0.8060130776377286,1.0,1.0,1.0,0.3333333432674408,0.6666666865348816,0.6666666865348816,0.3333333432674408,0.3333333432674408,1.0,0.6388889034589131,0.8055555661519368,0.8000000094374021,0.4944444581866264,0.6277777920166652,0.6888889014720917,0.7555555626749992,0.9090909139676527,0.6181818290190263,0.8181818257678639,0.5757575885816054,0.27272728085517883,0.35151515928181737,0.5757575842467222,0.6969697052782232,0,0.07878787625919692,0.27272728085517883,0.03587913776680484,0.1166666592160861,0.4944444581866264,0.012404467499804533,-0.6666666567325592,0.3333333432674408,0.08994708773951059,0.05858585739677602,-0.05858585739677602
TAR,forgotten,654,0.6849673282476813,0.5464052385754057,0.8060130776377286,1.0,0.3333333432674408,0.3333333432674408,0.3333333432674408,0.6666666865348816,0.3333333432674408,0.0,0.0,0.7944444502393405,0.5888888979951541,0.33333334028720857,0.40000000844399136,0.4111111198862394,0.316666675110658,0.2611111188928286,0.3166666731238365,0.8787878827615218,0.8242424309253693,0.6787878876382655,0.68484849171205,0.6606060689145868,0.8121212195266377,0.6909091012044386,0.8121212200684981,0,-0.012121210856871234,0.6606060689145868,0.005493899944900423,-0.2722222248713176,0.2611111188928286,0.011531452223097911,-0.3333333432674408,0.0,0.05291005606373786,-0.49545454694466157,0.49545454694466157
TAR,forgotten,733,0.6653594833573484,0.5464052385754057,0.8060130776377286,1.0,0.6666666865348816,0.0,0.0,0.0,0.0,0.0,0.0,0.7777777840693791,0.22777778108914692,0.611111123363177,0.40000001043081285,0.422222230831782,0.3055555631717046,0.3111111159125964,0.2388888940215111,0.8727272754365748,0.8666666713627902,0.7757575820792805,0.6969697041945024,0.8181818230585618,0.7636363701386886,0.7636363685131073,0.666666672446511,0,-0.19999999891627918,0.666666672446511,0.004596615422198923,0.011111112932364164,0.22777778108914692,0.017671958453808728,-0.6666666865348816,0.0,0.06349206727648542,-0.4277777784249999,0.4277777784249999
TAR,forgotten,749,0.5908496859416463,0.5464052385754057,0.8060130776377286,1.0,0.0,0.3333333432674408,0.3333333432674408,0.0,0.0,0.6666666865348816,0.6666666865348816,0.8944444507360458,0.477777790526549,0.7722222338120143,0.7500000099341074,0.7500000124176344,0.594444461663564,0.49444445918003715,0.49444445918003715,0.7878788005221974,0.5757575885816054,0.6424242594025352,0.4666666789488359,0.5696969850496812,0.4787878919731487,0.4969697101549669,0.4424242529002103,0,-0.1333333356813951,0.4424242529002103,0.005250776426861688,0.016666668653488148,0.477777790526549,0.01822898255300866,0.6666666865348816,0.0,0.08994709530835437,0.05202020627982684,-0.05202020627982684
TAR,forgotten,751,0.6579520773653891,0.5464052385754057,0.8060130776377286,1.0,0.3333333432674408,0.0,0.0,0.0,0.0,0.0,0.0,0.9888888895511627,0.36111111839612325,0.7222222303350766,0.9166666686534881,0.8444444507360458,0.6888888989885648,0.5888889004786809,0.2722222273548444,1.0,0.5090909210118381,0.8606060656634245,0.909090912883932,0.7636363712224093,0.7575757638974623,0.6363636482845653,0.46060606999830767,0,-0.048484851013530395,0.46060606999830767,0.029113646359941805,-0.08888889104127884,0.2722222273548444,0.05701646060610014,-0.3333333432674408,0.0,0.015873016819121354,-0.18838384264346325,0.18838384264346325
TAR,forgotten,949,0.7281045810069914,0.5464052385754057,0.8060130776377286,1.0,1.0,0.3333333432674408,1.0,0.3333333432674408,0.3333333432674408,0.3333333432674408,0.6666666865348816,1.0,0.9722222238779068,0.75555556366841,0.7222222328186035,0.7666666736205419,0.572222230831782,0.38333334028720856,0.40555556416511535,1.0,0.9575757601044395,0.7515151592818173,0.6242424352602525,0.5030303104357285,0.5333333389325575,0.4787878833033822,0.6727272830226204,0,-0.28484847708181904,0.4787878833033822,0.02841575905941944,-0.5666666597127914,0.38333334028720856,0.04509994058890038,-0.3333333134651184,0.3333333432674408,0.10052909800615263,-0.26717171885750507,0.26717171885750507
TAR,forgotten,960,0.5468409692150316,0.5464052385754057,0.8060130776377286,1.0,0.6666666865348816,0.6666666865348816,0.3333333432674408,0.3333333432674408,0.3333333432674408,0.3333333432674408,0.3333333432674408,1.0,0.6277777900298437,0.6555555671453476,0.7888888970017434,0.5888889019687971,0.5388889004786809,0.43333334575096766,0.42222223182519275,0.8909090952439742,0.5878787978128953,0.6060606170784343,0.4727272851900621,0.4545454637570815,0.351515161449259,0.4606060716238889,0.4545454642989419,0,-0.13333333351395343,0.351515161449259,0.007608553098127875,-0.20555555820465093,0.42222223182519275,0.016632862858110713,-0.3333333432674408,0.3333333432674408,0.02645502803186893,-0.03232323247374913,0.03232323247374913
TAR,forgotten,992,0.5599128613674563,0.5464052385754057,0.8060130776377286,1.0,1.0,0.3333333432674408,0.6666666865348816,0.6666666865348816,0.6666666865348816,0.6666666865348816,0.6666666865348816,1.0,0.8888888935248057,0.6555555656552314,0.6777777880430221,0.800000007947286,0.7222222303350766,0.5944444547096889,0.2388888955116272,0.9454545470801267,0.6121212222359397,0.5757575820792805,0.6484848580577157,0.7272727332331917,0.5696969812566584,0.4000000102953477,0.2666666735302318,0,-0.34545454870570785,0.2666666735302318,0.024742664730258518,-0.6499999980131785,0.2388888955116272,0.042929159219320355,-0.3333333134651184,0.3333333432674408,0.037037035933247385,-0.02777777801860462,0.02777777801860462
TAR,forgotten,1009,0.6758169998920042,0.5464052385754057,0.8060130776377286,1.0,0.3333333432674408,0.3333333432674408,0.6666666865348816,0.6666666865348816,0.3333333432674408,0.3333333432674408,0.3333333432674408,0.6611111218730609,0.638888897995154,0.5444444517294565,0.17777778108914694,0.35555556068817773,0.4777777855594953,0.6277777900298437,0.7222222333153089,0.9212121253663843,0.7030303093520078,0.7939393991773779,0.5515151576562362,0.7272727337750522,0.6727272803133184,0.6181818252260035,0.5151515207507393,0,-0.1878787886012685,0.5151515207507393,0.009794918878530194,0.08333333532015486,0.17777778108914694,0.03531305224058174,0.0,0.3333333432674408,0.02645502803186893,0.20707071256456955,-0.20707071256456955
TAR,forgotten,1034,0.8026143848896026,0.5464052385754057,0.8060130776377286,1.0,0.6666666865348816,0.0,0.0,0.0,0.0,0.0,0.0,1.0,0.9777777786056201,0.9444444477558136,0.9388888915379842,0.8166666726271311,0.8833333378036817,0.9500000024835269,0.9611111134290695,0.9636363652619448,0.8727272754365748,0.6787878865545446,0.6424242496490479,0.7272727354006334,0.7636363695968281,0.7030303104357286,0.7575757644393227,0,-0.11515151099725207,0.6424242496490479,0.00551838710017311,-0.016666665176550577,0.8166666726271311,0.0031261021152427845,-0.6666666865348816,0.0,0.06349206727648542,0.2035353489897468,-0.2035353489897468
TAR,forgotten,1054,0.7581699417697059,0.5464052385754057,0.8060130776377286,1.0,0.6666666865348816,0.3333333432674408,0.3333333432674408,0.3333333432674408,0.0,0.0,0.0,1.0,0.7277777880430222,0.7888888994852702,0.9277777820825577,0.9444444477558136,0.8500000074505806,0.661111119389534,0.361111119389534,0.9090909134257924,0.7636363701386886,0.6121212200684981,0.709090915593234,0.7575757638974623,0.8121212179010565,0.8060606122016907,0.7090909172188152,0,-0.05454545291987334,0.6121212200684981,0.004780270130978659,-0.3666666686534882,0.361111119389534,0.040089652578421446,-0.6666666865348816,0.0,0.06349206727648543,-0.34797979782928123,0.34797979782928123
TAR,forgotten,1109,0.7424836660911834,0.5464052385754057,0.8060130776377286,1.0,0.3333333432674408,0.0,0.3333333432674408,0.3333333432674408,0.3333333432674408,0.3333333432674408,0.0,0.7500000129143397,0.3722222273548444,0.738888892531395,0.4388888984918594,0.661111119389534,0.5111111228664716,0.7277777880430222,0.4166666716337204,0.9575757601044395,0.7818181888623671,0.9151515185832977,0.5696969763799147,0.7272727354006334,0.8242424309253693,0.9090909139676527,0.7272727316076105,0,-0.05454545725475657,0.5696969763799147,0.01444575605438745,0.044444444278876005,0.3722222273548444,0.023805114707172042,-0.3333333432674408,0.0,0.02645502803186893,-0.3106060599738901,0.3106060599738901
PB_J,suppressed,68,0.7507625357777465,0.6367756071121864,0.8713289798786438,1.0,1.0,0.6666666865348816,0.0,0.3333333432674408,1.0,0.3333333432674408,0.3333333432674408,0.9722222238779068,0.9777777791023254,0.7444444537162781,0.8833333402872086,0.722222238779068,0.750000013411045,0.6333333417773247,0.42222223381201424,1.0,0.9939393943006342,0.8848484895446084,0.8666666746139526,0.7454545606266368,0.5030303180217743,0.7454545568336141,0.5090909215536985,1,-0.48484847274693565,0.5030303180217743,0.035062309705130516,-0.5555555452903111,0.42222223381201424,0.03159464922553475,-0.6666666567325592,0.0,0.14285714191103746,-0.08686868774168427,0.08686868774168427
PB_J,suppressed,74,0.7080610092558892,0.6367756071121864,0.8713289798786438,1.0,1.0,1.0,1.0,1.0,0.6666666865348816,1.0,0.0,0.9722222238779068,0.9833333343267441,0.9944444447755814,0.611111123363177,0.8833333392937978,0.6277777855594953,0.8611111174027125,0.6722222303350767,0.9454545476219871,0.9454545476219871,0.878787884387103,0.7212121324105696,0.6242424309253692,0.4666666719046506,0.6181818290190263,0.6181818273934451,1,-0.32727272022854204,0.4666666719046506,0.0276881363124569,-0.3111111039916674,0.611111123363177,0.027267782402644807,-1.0,0.0,0.14285714191103746,0.05404040294163159,-0.05404040294163159
PB_J,suppressed,188,0.8427015299500983,0.6367756071121864,0.8713289798786438,1.0,0.3333333432674408,0.0,0.0,1.0,1.0,1.0,0.0,0.9055555606881778,0.9833333343267441,0.7222222343087197,0.7388888960083325,0.9111111149191856,0.6388888984918595,0.938888892531395,0.9722222238779068,0.9030303071845661,0.8666666740720922,0.8424242496490478,0.8787878854708238,0.8848484900864688,0.5636363712224093,0.9030303066427058,0.9757575766606764,1,0.10909090258858423,0.5636363712224093,0.01713935854714473,-0.01111111044883728,0.6388888984918595,0.019551733199163174,-0.3333333432674408,0.0,0.25396825349520125,-0.0035353527827696185,0.0035353527827696185
PB_J,suppressed,200,0.844008717038273,0.6367756071121864,0.8713289798786438,1.0,1.0,1.0,1.0,1.0,1.0,0.0,0.0,1.0,0.9944444447755814,1.0,1.0,1.0,1.0,0.772222234805425,0.10555555820465087,1.0,1.0,1.0,1.0,0.9939393943006342,0.9454545470801267,0.6121212211522189,0.1696969731287523,1,-0.8303030268712477,0.1696969731287523,0.10154182391035536,-0.8888888865709305,0.10555555820465087,0.11170781802002787,-1.0,0.0,0.23809523809523805,-0.06414141492410141,0.06414141492410141
PB_J,suppressed,247,0.8544662369232552,0.6367756071121864,0.8713289798786438,1.0,1.0,1.0,1.0,1.0,0.3333333432674408,1.0,0.0,1.0,0.9666666686534882,0.9555555577079455,0.7000000084439914,0.7555555606881778,0.6555555641651154,1.0,0.9611111134290695,0.9151515196670186,0.8606060667471452,0.7878787961873142,0.848484855890274,0.6666666767813942,0.7696969758380543,0.9454545487057079,0.9272727316076105,1,0.06666666486046524,0.6666666767813942,0.009359394405681426,-0.00555555522441864,0.6555555641651154,0.021424161293913457,-1.0,0.0,0.1746031731840164,0.03383838182145904,-0.03383838182145904
PB_J,suppressed,376,0.8527233170138465,0.6367756071121864,0.8713289798786438,1.0,1.0,0.6666666865348816,0.3333333432674408,0.6666666865348816,0.6666666865348816,1.0,0.6666666865348816,1.0,1.0,0.9888888895511627,0.7055555701255798,0.8111111208796501,0.34444445272286733,0.8944444492459297,0.8444444492459298,1.0,1.0,0.9030303061008453,0.6969697112386877,0.6727272862737829,0.7515151581980966,0.9696969709613107,0.8848484890027479,1,-0.11515151099725207,0.6727272862737829,0.017445448723748067,-0.15555555075407024,0.34444445272286733,0.05052175051771953,-0.3333333134651184,0.3333333432674408,0.05291005038710508,-0.040404039756818166,0.040404039756818166
PB_J,suppressed,405,0.7071895498076295,0.6367756071121864,0.8713289798786438,1.0,1.0,0.6666666865348816,0.3333333432674408,0.3333333432674408,1.0,0.6666666865348816,0.0,0.9444444472591083,0.9555555572112401,0.9666666681567828,0.9111111159125964,0.9222222258647282,0.8388888984918594,0.31111111988623935,0.5444444586833318,0.8787878833033822,0.8727272776040164,0.7939394008029591,0.6909091006625783,0.8909090968695554,0.8363636428659612,0.6484848564321345,0.5090909193862568,1,-0.3636363582177595,0.5090909193862568,0.019355458853684632,-0.4111110985279083,0.31111111988623935,0.06364638277186606,-1.0,0.0,0.13756613725076916,0.035353539297074965,-0.035353539297074965
PB_J,suppressed,566,0.8705882380600848,0.6367756071121864,0.8713289798786438,1.0,1.0,0.3333333432674408,1.0,1.0,1.0,1.0,0.0,0.9166666691501936,0.9388888915379842,0.9388888915379842,0.772222229341666,0.38333333730697633,0.9444444452722868,1.0,0.9944444447755814,0.9454545476219871,0.8969697009433399,0.8848484911701896,0.9818181829019026,0.624242426590486,0.9151515164158561,1.0,1.0,1,0.10303029905666006,0.624242426590486,0.017200576982581997,0.0555555532375972,0.38333333730697633,0.04864050496266668,-1.0,0.0,0.1746031731840164,-0.00555555522441864,0.00555555522441864
PB_J,suppressed,577,0.8440087195704965,0.6367756071121864,0.8713289798786438,1.0,1.0,0.6666666865348816,0.0,0.6666666865348816,0.3333333432674408,0.3333333432674408,0.0,1.0,0.9777777791023254,0.6388889009753863,0.8833333397905032,0.6833333427707354,0.6833333447575569,1.0,1.0,0.969696971503171,0.9636363658038053,0.8545454588803378,0.6666666767813942,0.8545454626733606,0.7939394013448196,0.9757575772025369,0.8969697009433399,1,-0.06666666486046535,0.6666666767813942,0.011213432398584293,0.02222222089767456,0.6388889009753863,0.026928275764111165,-1.0,0.0,0.1375661400890856,0.10303029905666006,-0.10303029905666006
PB_J,suppressed,584,0.7738562143706029,0.6367756071121864,0.8713289798786438,1.0,1.0,0.6666666865348816,1.0,1.0,1.0,1.0,1.0,0.9833333343267441,0.9444444477558136,0.7500000089406967,0.7722222343087196,1.0,0.8277777810891469,0.6222222318251928,0.38333334227403004,0.969696971503171,0.9212121231989427,0.8303030377084558,0.8727272781458768,0.9757575772025369,0.5636363685131073,0.5212121280756864,0.6484848553484136,1,-0.27272726785052914,0.5212121280756864,0.033029865202194204,-0.5611111054817836,0.38333334227403004,0.04287771776708382,0.0,0.6666666865348816,0.015873013980804984,-0.26515151307438356,0.26515151307438356
PB_J,suppressed,587,0.8230936862284841,0.6367756071121864,0.8713289798786438,1.0,1.0,1.0,1.0,0.3333333432674408,0.0,0.6666666865348816,0.0,0.6388888984918595,0.6944444552063942,0.44444445371627805,0.8722222293416659,0.42777778108914694,0.9222222243746122,0.9888888895511627,0.9666666686534882,0.9272727310657501,0.8969696993177587,0.6242424330928109,0.7515151609073986,0.581818186153065,0.9333333351395346,0.9939393943006342,0.9393939430063422,1,0.04242424368858344,0.581818186153065,0.027161659073509606,0.27222221344709396,0.42777778108914694,0.0580423270409017,-1.0,0.0,0.21164021148252746,0.027272725647146,-0.027272725647146
PB_J,suppressed,624,0.8701525086670919,0.6367756071121864,0.8713289798786438,1.0,1.0,0.3333333432674408,1.0,1.0,1.0,0.6666666865348816,1.0,1.0,1.0,1.0,0.4500000069538752,0.9888888895511627,0.8555555606881777,0.6500000168879827,0.5388889039556185,0.987878788059408,1.0,0.9818181823600423,0.5818181856112047,0.9757575772025369,1.0,0.727272737568075,0.6303030387921766,1,-0.36969696120782336,0.5818181856112047,0.03550657972561173,-0.4611110960443815,0.4500000069538752,0.05499999741805194,0.0,0.3333333432674408,0.06878306578706816,-0.09141413483655814,0.09141413483655814
PB_J,suppressed,642,0.8013071944121442,0.6367756071121864,0.8713289798786438,1.0,1.0,1.0,0.0,0.6666666865348816,1.0,1.0,0.3333333432674408,0.9888888895511627,1.0,0.9722222238779068,0.5833333442608516,0.3333333427707354,0.5888888945182165,0.9000000044703483,0.9055555606881778,0.9030303050171246,0.8666666691953485,0.8787878822196614,0.8181818252260035,0.4484848564321345,0.6181818257678638,0.969696971503171,0.9878787886012684,1,0.12121211940591992,0.4484848564321345,0.03861296848546245,-0.09444443931182223,0.3333333427707354,0.06429453096088068,-0.6666666567325592,0.0,0.16402116244432163,-0.08232322791309066,0.08232322791309066
PB_J,suppressed,652,0.8270152556740382,0.6367756071121864,0.8713289798786438,1.0,1.0,1.0,1.0,0.6666666865348816,0.6666666865348816,0.3333333432674408,1.0,1.0,1.0,1.0,0.8277777875463168,0.6333333427707354,0.5777777860562007,0.672222234805425,0.6166666770974795,0.9090909139676527,0.9333333367651159,0.9878787886012684,0.8363636406985197,0.7636363733898509,0.4727272819388996,0.9272727305238897,0.8666666713627902,1,-0.06666666540232569,0.4727272819388996,0.029738072427184754,-0.38333332290252053,0.5777777860562007,0.03288065687036567,0.0,0.3333333432674408,0.06878306531401547,-0.24999999426531072,0.24999999426531072
PB_J,suppressed,654,0.6736383512908337,0.6367756071121864,0.8713289798786438,1.0,1.0,0.6666666865348816,0.0,1.0,0.3333333432674408,0.6666666865348816,0.6666666865348816,0.7944444502393405,0.7055555641651153,0.6666666736205419,0.8888888930281004,0.4833333417773247,0.4277777850627899,0.5833333477377891,0.577777790526549,0.8787878827615218,0.8181818225167015,0.6181818279353055,0.7757575826211409,0.5272727337750521,0.3636363739317114,0.8000000070441853,0.8424242447723042,1,0.02424242225560269,0.3636363739317114,0.03270803195062707,-0.12777777363856635,0.4277777850627899,0.023424455739868746,-0.3333333134651184,0.0,0.12698412698412706,-0.26464645424575517,0.26464645424575517
PB_J,suppressed,769,0.8265795269822763,0.6367756071121864,0.8713289798786438,1.0,1.0,1.0,0.6666666865348816,1.0,1.0,1.0,1.0,0.9777777791023254,0.9833333343267441,1.0,0.9722222238779068,0.9777777791023254,0.9666666686534882,0.8444444477558136,0.9500000019868214,0.8848484911701896,0.8909090974114158,0.6787878903475675,0.7212121286175468,0.8606060667471452,0.8121212206103585,0.6787878854708238,0.727272734858773,1,-0.1636363625526428,0.6787878854708238,0.007564825582808698,-0.03333333233992264,0.8444444477558136,0.0026690181308392565,0.0,0.6666666865348816,0.015873013980804984,0.22272726712804847,-0.22272726712804847
PB_J,suppressed,793,0.8335512040097729,0.6367756071121864,0.8713289798786438,1.0,1.0,0.3333333432674408,0.0,0.0,0.0,0.3333333432674408,0.3333333432674408,0.8222222328186035,0.7388888999819756,0.9722222238779068,0.8277777845660845,0.8500000089406967,0.6111111208796501,0.6166666756073634,0.9944444447755814,0.9393939430063422,0.8848484906283292,0.9272727316076105,0.9272727310657501,0.9212121242826635,0.8969697004014795,0.8060606138272719,0.9393939419226213,1,0.05454545129429211,0.8060606138272719,0.0020919146677064195,0.25555554479360576,0.6111111208796501,0.02395796481824357,-0.6666666567325592,0.0,0.1269841274571797,0.05505050285296009,-0.05505050285296009
PB_J,suppressed,798,0.773420485523012,0.6367756071121864,0.8713289798786438,1.0,1.0,1.0,1.0,1.0,1.0,1.0,0.3333333432674408,0.9944444447755814,1.0,0.872222225368023,0.9666666686534882,0.9611111134290695,0.7555555646618207,0.616666679084301,0.6888888935248058,0.921212124824524,0.8727272786877373,0.8303030387921767,0.6787878838452426,0.7454545524987307,0.7393939473412253,0.8909090941602533,0.48484849387949164,1,-0.3878787848082456,0.48484849387949164,0.019477895525173306,-0.31111110647519424,0.616666679084301,0.022857141684366308,-0.6666666567325592,0.3333333432674408,0.06349206159985256,0.20404039964531412,-0.20404039964531412
PB_J,suppressed,903,0.752505451284982,0.6367756071121864,0.8713289798786438,1.0,1.0,1.0,0.0,0.6666666865348816,0.3333333432674408,0.6666666865348816,0.0,1.0,1.0,0.8722222298383713,0.7277777870496114,0.2388888955116272,0.4944444552063942,0.7111111198862393,0.6666666726271312,0.9818181829019026,0.9878787886012684,0.9575757601044395,0.5757575869560242,0.16363636742938648,0.7757575826211409,0.7757575831630014,0.660606065121564,1,-0.3272727234797045,0.16363636742938648,0.07756176428538607,-0.3333333273728688,0.2388888955116272,0.06190770052697539,-1.0,0.0,0.17989418115565395,0.00606060750556725,-0.00606060750556725
PB_J,suppressed,947,0.7272331210912442,0.6367756071121864,0.8713289798786438,1.0,1.0,0.3333333432674408,0.3333333432674408,1.0,1.0,0.6666666865348816,1.0,0.9722222238779068,0.9722222238779068,0.9500000029802322,0.7666666746139527,0.6500000029802322,0.8944444467624029,0.8611111169060072,0.7833333452542622,0.8545454572547566,0.8363636396147988,0.8242424282160672,0.4484848596832969,0.41818182468414306,0.6727272765202956,0.6303030420433391,0.7393939489668065,1,-0.09696969064799221,0.41818182468414306,0.028046700142037608,-0.18888887862364456,0.6500000029802322,0.01294679566302384,0.0,0.3333333432674408,0.10052909706004719,0.04393939628745569,-0.04393939628745569
PB_J,suppressed,973,0.6653594851493836,0.6367756071121864,0.8713289798786438,1.0,1.0,1.0,0.6666666865348816,0.6666666865348816,0.3333333432674408,0.3333333432674408,0.3333333432674408,0.9055555582046508,0.9777777786056201,1.0,0.7444444571932157,0.861111119389534,0.9444444472591083,0.6777777925133706,0.3000000074505806,0.7939394008029591,0.7272727326913313,0.921212124824524,0.4606060721657493,0.48484849604693325,0.690909099036997,0.5272727397355166,0.4484848591414365,1,-0.2787878735498948,0.4484848591414365,0.031341990215734895,-0.6777777711550395,0.3000000074505806,0.060492355922551345,-0.6666666567325592,0.3333333432674408,0.08994708773951059,-0.1484848516908559,0.1484848516908559
PB_J,suppressed,975,0.857952076118756,0.6367756071121864,0.8713289798786438,1.0,1.0,1.0,0.6666666865348816,1.0,0.3333333432674408,0.6666666865348816,0.3333333432674408,1.0,1.0,1.0,0.7277777935067813,0.805555559694767,0.6055555731058121,0.8833333397905032,0.9333333358168602,1.0,1.0,0.9939393943006342,0.6242424417625774,0.6545454632152211,0.727272737568075,0.969696971503171,0.9939393943006342,1,-0.00606060569936584,0.6242424417625774,0.030411471824776562,-0.06666666418313982,0.6055555731058121,0.021619633504839503,-0.6666666567325592,0.3333333432674408,0.08994708679340513,-0.060606058483773984,0.060606058483773984
PB_J,suppressed,998,0.7725490238541872,0.6367756071121864,0.8713289798786438,1.0,1.0,0.3333333432674408,1.0,1.0,0.3333333432674408,0.0,0.0,1.0,0.9722222223877907,0.8611111144224802,0.9055555587013563,0.8722222263614337,0.9611111124356587,0.3611111218730609,0.24444445172945659,0.9515151533213528,0.9575757584788582,0.6848484900864688,0.800000005418604,0.9818181829019026,0.9454545481638474,0.34545455520803275,0.4242424336346713,1,-0.5333333248441869,0.34545455520803275,0.06830031735530405,-0.727777770658334,0.24444445172945659,0.09191798745876267,-1.0,0.0,0.21693121566974302,-0.1797979819052147,0.1797979819052147
PB_J,suppressed,1012,0.7952069744175555,0.6367756071121864,0.8713289798786438,1.0,1.0,1.0,1.0,0.6666666865348816,1.0,0.6666666865348816,0.0,1.0,1.0,0.9666666681567828,0.14444444874922435,0.8833333378036817,0.3222222273548444,1.0,1.0,0.9454545470801267,0.9454545470801267,0.9333333351395346,0.654545460505919,0.8303030344572935,0.11515151695771651,1.0,0.9575757595625791,1,0.01212121248245246,0.11515151695771651,0.09850540006279064,0.0,0.14444444874922435,0.13354644192528334,-1.0,0.0,0.1375661363046637,0.04242424043742088,-0.04242424043742088
PB_J,suppressed,1020,0.8688453190077364,0.6367756071121864,0.8713289798786438,1.0,1.0,0.6666666865348816,0.6666666865348816,0.6666666865348816,0.0,1.0,0.0,1.0,0.9944444447755814,0.8888888950149219,0.8277777855594953,1.0,0.6444444492459297,0.9666666681567828,1.0,0.9575757601044395,0.9454545487057079,0.9333333367651159,0.8000000075860457,0.9696969709613107,0.8606060645797036,1.0,0.9818181829019026,1,0.036363634196194705,0.8000000075860457,0.005179063014966622,0.00555555522441864,0.6444444492459297,0.017323632559737425,-1.0,0.0,0.17460317649538568,0.018181817098097408,-0.018181817098097408
PB_J,suppressed,1043,0.798692816184237,0.6367756071121864,0.8713289798786438,1.0,1.0,1.0,1.0,1.0,0.3333333432674408,0.6666666865348816,0.0,1.0,1.0,0.8666666746139526,0.6000000084439914,0.9833333343267441,0.4666666795810064,0.4833333447575569,0.7111111218730609,0.9939393943006342,0.9939393943006342,0.987878788059408,0.8727272803133185,0.9333333373069763,0.46060607054016806,0.6909091006625783,0.7636363728479906,1,-0.23030302145264359,0.46060607054016806,0.037145479385674245,-0.2888888781269391,0.4666666795810064,0.05053350763674664,-1.0,0.0,0.16402116244432163,-0.05252525097492966,0.05252525097492966
PB_J,suppressed,1059,0.7324618806246836,0.6367756071121864,0.8713289798786438,1.0,1.0,1.0,1.0,0.3333333432674408,0.6666666865348816,0.3333333432674408,0.6666666865348816,1.0,1.0,0.9944444447755814,0.9333333373069763,0.661111123363177,0.48888889849185946,0.40000001192092893,0.3444444547096888,0.969696971503171,0.9757575772025369,0.9757575772025369,0.8969697014852004,0.6909091022881595,0.4484848607670177,0.4909091022881595,0.4545454664663835,1,-0.5212121107361534,0.4484848607670177,0.0596720427697715,-0.6555555452903112,0.3444444547096888,0.08212962690694835,-0.3333333134651184,0.3333333432674408,0.08994708679340511,-0.11010101175669468,0.11010101175669468
PB_J,suppressed,1093,0.7267973930617564,0.6367756071121864,0.8713289798786438,1.0,1.0,0.3333333432674408,0.3333333432674408,0.6666666865348816,0.0,1.0,0.3333333432674408,0.7111111169060071,0.6111111164093017,0.4500000089406967,0.5611111228664716,0.4888888955116272,0.39444445073604584,0.7333333437641462,0.777777790526549,0.9090909123420715,0.8060606116598302,0.5393939440900629,0.7696969758380543,0.9272727316076105,0.3272727310657501,0.7212121340361508,0.7272727435285394,1,-0.0787878681312908,0.3272727310657501,0.038786130089040284,0.16666667411724734,0.39444445073604584,0.020552616613111672,-0.6666666567325592,0.0,0.14285714191103746,0.05050504699800962,-0.05050504699800962
PB_J,suppressed,1095,0.678431379444459,0.6367756071121864,0.8713289798786438,1.0,1.0,0.3333333432674408,0.3333333432674408,0.0,0.3333333432674408,0.6666666865348816,0.3333333432674408,0.8111111208796501,0.7111111218730609,0.21111111740271252,0.9277777810891469,0.9611111129323642,0.3055555626749992,0.6722222298383713,0.8666666721304258,0.7454545530405912,0.6303030366247351,0.3939394002610987,0.8303030349991538,0.7636363717642698,0.6000000086697665,0.8727272754365748,0.9272727316076105,1,0.2969696949828754,0.3939394002610987,0.03484192529923175,0.1555555502573649,0.21111111740271252,0.08913286223657198,-0.6666666567325592,0.0,0.10052910084446909,-0.06060605947718467,0.06060605947718467
PB_J,suppressed,1121,0.7328976097060185,0.6367756071121864,0.8713289798786438,1.0,1.0,0.0,1.0,1.0,0.0,0.0,0.3333333432674408,0.6555555641651154,0.6888888970017433,0.7833333392937978,0.5888889039556185,0.6944444532195727,0.7611111198862394,0.9444444472591083,0.9611111129323642,0.63636364124038,0.5515151576562362,0.5636363717642697,0.6060606154528532,0.6969697047363628,0.7090909145095131,0.9212121253663843,0.9636363658038053,1,0.41212120814756914,0.5515151576562362,0.0277003797350414,0.2722222159306209,0.5888889039556185,0.01869194476565744,-0.6666666567325592,0.0,0.25396825349520125,-0.0025252528714411193,0.0025252528714411193
PB_J,suppressed,1135,0.8143790903434254,0.6367756071121864,0.8713289798786438,1.0,0.3333333432674408,0.3333333432674408,0.0,1.0,1.0,0.3333333432674408,0.0,0.9111111159125964,0.6944444542129834,0.7444444537162781,0.9388888920346896,0.6555555656552314,0.4277777870496114,1.0,0.9777777791023254,0.7515151609073986,0.6909090984951366,0.8606060667471452,0.8909090968695554,0.5939394040541215,0.5030303115194494,1.0,0.9939393943006342,1,0.30303029580549756,0.5030303115194494,0.038577986308694225,0.28333332488934204,0.4277777870496114,0.043471485761414234,-0.3333333432674408,0.0,0.17460317365706915,-0.01616161519830872,0.01616161519830872
PB_J,suppressed,1155,0.7328976103682923,0.6367756071121864,0.8713289798786438,1.0,1.0,1.0,1.0,1.0,1.0,1.0,0.0,0.6777777860562006,0.7333333412806193,0.9500000029802322,0.8611111149191857,0.5388888950149219,0.7722222313284874,0.611111119389534,0.5888888960083326,0.6606060694564473,0.7757575842467221,0.9696969709613107,0.8181818252260035,0.5575757617300207,0.7515151609073986,0.7939393997192383,0.6969697058200837,1,-0.07878787842663848,0.5575757617300207,0.015584415333111218,-0.14444444527228673,0.5388888950149219,0.022921810285973943,-1.0,0.0,0.14285714285714285,-0.10808080981175106,0.10808080981175106
PB_J,suppressed,1169,0.8400871511767893,0.6367756071121864,0.8713289798786438,1.0,1.0,0.6666666865348816,0.6666666865348816,1.0,0.3333333432674408,0.6666666865348816,0.3333333432674408,0.8500000054637591,0.7555555616815884,0.9777777791023254,0.911111115415891,0.11111111442248027,0.8055555656552315,0.9500000029802322,0.9222222263614337,0.7757575858723034,0.757575766064904,0.987878788059408,0.7757575820792805,0.5575757676904852,0.9333333373069763,0.9818181829019026,0.9151515180414374,1,0.1575757519765334,0.5575757676904852,0.024483797918791603,0.16666666467984526,0.11111111442248027,0.09233245147848783,-0.6666666567325592,0.3333333432674408,0.07407407186649471,0.007070708319996344,-0.007070708319996344
PB_J,suppressed,1178,0.7690631890219021,0.6367756071121864,0.8713289798786438,1.0,1.0,1.0,0.3333333432674408,0.6666666865348816,0.0,0.6666666865348816,0.0,0.922222226858139,0.9722222238779068,0.8555555631717046,0.7611111213763555,0.7611111208796502,0.47222223281860354,0.8000000089406967,0.8111111218730609,0.8606060689145868,0.9515151544050737,0.8727272803133185,0.6000000086697665,0.6727272824807601,0.5878787983547558,0.7696969817985188,0.7515151630748402,1,-0.1999999913302335,0.5878787983547558,0.018423192439453985,-0.1611111020048459,0.47222223281860354,0.023227512559063437,-1.0,0.0,0.17989418115565395,0.05959595879822066,-0.05959595879822066
PB_J,forgotten,191,0.8409586103913052,0.6367756071121864,0.8713289798786438,1.0,1.0,0.6666666865348816,0.6666666865348816,0.6666666865348816,0.6666666865348816,0.0,0.0,0.7555555641651154,0.7666666716337204,0.7277777855594952,0.9833333343267441,0.9111111144224803,0.7166666835546494,0.9777777786056201,0.8444444507360458,0.8787878811359405,0.8727272765202956,0.6727272819388996,0.9636363647200844,0.8848484890027479,0.7454545530405912,0.8000000081279061,0.854545457796617,0,-0.018181818723678633,0.6727272819388996,0.00934015425002499,0.07777777910232542,0.7166666835546494,0.012910051883134299,-1.0,0.0,0.14285714664156487,-0.010101007060571154,0.010101007060571154
PB_J,forgotten,226,0.6461873697689158,0.6367756071121864,0.8713289798786438,1.0,1.0,1.0,1.0,0.0,0.6666666865348816,0.3333333432674408,0.6666666865348816,0.9888888895511627,0.9888888890544574,0.09444444725910822,0.7388888970017433,0.527777790526549,0.13888889253139497,0.27222222884496056,0.36666667411724724,0.9454545470801267,0.9030303061008453,0.6303030366247351,0.8000000043348833,0.6242424330928109,0.563636370680549,0.5090909204699776,0.7090909172188152,0,-0.1939393888820301,0.5090909204699776,0.01887620730510387,-0.6222222149372101,0.09444444725910822,0.10693268652963751,-0.3333333134651184,0.0,0.1481481470443585,-0.342424243101568,0.342424243101568
PB_J,forgotten,373,0.803485841961468,0.6367756071121864,0.8713289798786438,1.0,1.0,0.0,1.0,1.0,1.0,1.0,0.0,1.0,1.0,0.9722222238779068,0.9722222238779068,0.938888892531395,0.261111115415891,0.8611111144224802,0.8666666701436043,0.9757575766606764,0.9757575761188161,0.9878787886012684,0.903030308268287,0.7818181861530651,0.3454545492475683,0.8787878811359405,0.9030303077264266,0,-0.07272726839238952,0.3454545492475683,0.049359394502324926,-0.13333332985639568,0.261111115415891,0.06776748920817681,-1.0,0.0,0.23809523809523805,-0.03636363758282224,0.03636363758282224
PB_J,forgotten,438,0.6479302879642037,0.6367756071121864,0.8713289798786438,1.0,1.0,0.3333333432674408,0.6666666865348816,0.6666666865348816,1.0,1.0,0.0,0.8833333378036817,0.6333333427707354,0.361111119389534,0.10555555870135626,0.16111111541589102,0.06666666815678278,0.9611111129323642,0.8611111129323642,0.9151515196670186,0.842424248565327,0.7090909161350943,0.303030308268287,0.5272727370262146,0.3515151560306549,0.9636363658038053,0.8363636396147988,0,-0.00606060895052829,0.303030308268287,0.06635357861822448,0.2277777701616288,0.06666666815678278,0.13680041144782137,-1.0,0.0,0.14814814704435852,0.024747473317565438,-0.024747473317565438
PB_J,forgotten,576,0.8583878038755429,0.6367756071121864,0.8713289798786438,1.0,1.0,1.0,1.0,1.0,1.0,1.0,1.0,1.0,0.9722222238779068,0.9944444447755814,0.9611111124356587,0.972222222884496,0.9500000029802322,0.638888897995154,0.6666666756073634,0.9757575766606764,0.9454545470801267,0.9393939413807609,0.9454545470801267,0.9939393943006342,0.8242424330928109,0.7939394008029591,0.6606060699983076,0,-0.28484847708181904,0.6606060699983076,0.013877300309063171,-0.30555554827054343,0.638888897995154,0.02420487830953029,0.0,1.0,0.0,0.006060605609055747,-0.006060605609055747
PB_J,forgotten,672,0.6466231016551747,0.6367756071121864,0.8713289798786438,1.0,1.0,1.0,1.0,0.6666666865348816,0.6666666865348816,0.3333333432674408,0.3333333432674408,0.9277777820825577,0.9111111164093018,0.7388889044523239,0.6222222407658895,0.6111111293236414,0.6555555750926335,0.24444445123275121,0.5111111258467038,0.969696971503171,0.9515151538632133,0.8363636439496821,0.7939394056797028,0.7212121340361508,0.6666666827418587,0.2484848537228324,0.4242424347183921,0,-0.5272727191448212,0.2484848537228324,0.06044514396463896,-0.39999999056259794,0.24444445123275121,0.04213844812342102,-0.6666666567325592,0.3333333432674408,0.08994708679340513,0.08686869112831169,-0.08686869112831169
PB_J,forgotten,678,0.7342047961708766,0.6367756071121864,0.8713289798786438,1.0,1.0,1.0,0.3333333432674408,0.3333333432674408,1.0,1.0,0.0,1.0,1.0,1.0,0.9555555577079455,0.150000003973643,0.4555555591980616,0.8444444462656975,0.6888888950149218,1.0,1.0,0.9636363658038053,0.9636363647200844,0.42424242767420683,0.5696969742124731,0.6424242480234666,0.6484848564321345,0,-0.3515151435678655,0.42424242767420683,0.0523468442365408,-0.3111111049850782,0.150000003973643,0.1038580237503773,-1.0,0.0,0.18518518297760575,0.040404038582787294,-0.040404038582787294
PB_J,forgotten,693,0.708496738220352,0.6367756071121864,0.8713289798786438,1.0,1.0,0.6666666865348816,0.0,0.0,0.3333333432674408,0.0,0.3333333432674408,1.0,0.9888888895511627,1.0,0.8555555621782939,0.8444444502393404,0.6722222333153088,0.6333333442608515,0.5888888979951541,0.8909090941602533,0.8424242447723042,0.8181818225167015,0.800000009211627,0.38787879618731413,0.818181824684143,0.7636363695968281,0.6848484884608875,0,-0.15757575631141663,0.38787879618731413,0.025550745227297375,-0.3999999915560086,0.5888888979951541,0.028228981516103358,-0.6666666567325592,0.0,0.14814815035572765,-0.09595959046573344,0.09595959046573344
PB_J,forgotten,707,0.8030501130749197,0.6367756071121864,0.8713289798786438,1.0,1.0,1.0,1.0,0.3333333432674408,0.3333333432674408,1.0,0.0,1.0,1.0,1.0,0.9111111164093018,0.9888888895511627,0.14444444874922435,0.7777777835726738,0.8222222273548444,1.0,1.0,1.0,0.9818181829019026,0.8848484890027479,0.3212121297012676,0.7515151576562361,0.7636363712224093,0,-0.23636362877759065,0.3212121297012676,0.058608595292857724,-0.1777777726451556,0.14444444874922435,0.09308054010581439,-1.0,0.0,0.18518518297760578,0.058585856132435055,-0.058585856132435055
PB_J,forgotten,720,0.811764711648031,0.6367756071121864,0.8713289798786438,1.0,1.0,1.0,0.3333333432674408,0.3333333432674408,0.3333333432674408,0.3333333432674408,0.3333333432674408,0.9888888890544574,0.9833333343267441,0.9166666681567828,0.6611111208796501,0.7666666706403097,0.4666666805744171,0.5277777895331383,0.5222222328186035,0.9030303071845661,0.9272727316076105,0.890909096327695,0.7151515250856226,0.8484848520972512,0.6303030420433391,0.7939394008029591,0.9151515180414374,0,-0.012121213566173128,0.6303030420433391,0.012334600725444608,-0.4611111015081406,0.4666666805744171,0.04140799321435714,-0.6666666567325592,0.3333333432674408,0.10582010266642095,-0.3929292852228339,0.3929292852228339
PB_J,forgotten,722,0.7294117725362965,0.6367756071121864,0.8713289798786438,1.0,1.0,1.0,1.0,1.0,1.0,0.0,0.3333333432674408,1.0,1.0,0.7277777855594952,1.0,0.8611111164093017,0.4111111198862394,0.24444445073604584,0.35000000645716983,0.9090909139676527,0.890909096327695,0.7333333438093012,0.8363636423241009,0.8484848537228324,0.7393939511342482,0.5878787945617329,0.49090910120443865,0,-0.39999999512325635,0.49090910120443865,0.02144387556355702,-0.6499999935428302,0.24444445073604584,0.10114638278605763,-0.6666666567325592,0.0,0.1746031731840164,-0.14090909474726881,0.14090909474726881
PB_J,forgotten,724,0.6989106820299734,0.6367756071121864,0.8713289798786438,1.0,1.0,1.0,1.0,1.0,1.0,1.0,0.3333333432674408,0.9166666716337204,0.9944444447755814,0.9777777791023254,0.4944444557030996,0.5444444517294565,0.8611111159125964,0.572222230831782,0.2611111188928286,0.8181818236004222,0.9272727316076105,0.8848484900864688,0.6060606105761095,0.6303030382503163,0.787878793478012,0.44848485805771565,0.35151516036553815,0,-0.5757575712420724,0.35151516036553815,0.04699986805475464,-0.7333333258827528,0.2611111188928286,0.07663580061108978,-0.6666666567325592,0.3333333432674408,0.06349206159985256,-0.09040404147270953,0.09040404147270953
PB_J,forgotten,786,0.812200438859416,0.6367756071121864,0.8713289798786438,1.0,1.0,1.0,1.0,1.0,1.0,0.0,1.0,1.0,1.0,1.0,1.0,1.0,1.0,0.23888889501492183,0.7000000034769376,0.9878787886012684,0.9757575761188161,0.9636363652619448,0.9818181829019026,0.9939393943006342,0.9696969709613107,0.26666667298837143,0.8242424282160672,0,-0.1515151479027489,0.26666667298837143,0.07033276378860827,-0.2999999965230624,0.23888889501492183,0.08473985748986403,0.0,0.0,0.14285714285714288,-0.12424242473912961,0.12424242473912961
PB_J,forgotten,852,0.8588235338918524,0.6367756071121864,0.8713289798786438,1.0,1.0,1.0,1.0,1.0,1.0,0.6666666865348816,0.3333333432674408,1.0,1.0,1.0,0.6500000183780988,0.8055555656552315,0.9111111149191856,0.5555555721124014,0.3833333447575569,1.0,1.0,1.0,0.9272727316076105,0.9878787886012684,0.9454545487057079,0.5878788010640578,0.4242424336346713,0,-0.5757575663653287,0.4242424336346713,0.05470287076166169,-0.6166666552424431,0.3833333447575569,0.05597589368152841,-0.6666666567325592,0.3333333432674408,0.06878306578706818,-0.040909088877114363,0.040909088877114363
PB_J,forgotten,853,0.8335512035033283,0.6367756071121864,0.8713289798786438,1.0,1.0,1.0,1.0,1.0,0.6666666865348816,0.0,0.0,1.0,1.0,1.0,0.7000000163912773,0.9166666716337204,0.922222226858139,0.9444444472591083,0.8111111198862394,0.9757575772025369,0.9757575772025369,1.0,0.9212121259082447,0.9272727316076105,0.8484848537228324,0.696969706361944,0.878787884387103,0,-0.09696969281543388,0.696969706361944,0.010146485929375719,-0.1888888801137606,0.7000000163912773,0.01177395525699959,-1.0,0.0,0.2222222222222223,-0.06767676450086357,0.06767676450086357
PB_J,forgotten,855,0.7385620961781421,0.6367756071121864,0.8713289798786438,1.0,1.0,0.6666666865348816,1.0,1.0,1.0,1.0,0.0,1.0,1.0,0.9666666686534882,0.9944444447755814,0.905555559694767,0.41111111591259636,0.9111111149191856,0.4000000094374021,0.9515151527794925,0.9636363652619448,0.69696970094334,0.7333333421837199,0.6848484884608875,0.8606060634959828,0.527272734858773,0.5393939462575046,0,-0.42424241900444026,0.527272734858773,0.025111722684176576,-0.5999999905625979,0.4000000094374021,0.07338183276591793,-1.0,0.0,0.14285714191103746,-0.13939393682010248,0.13939393682010248
PB_J,forgotten,906,0.807843143565982,0.6367756071121864,0.8713289798786438,1.0,1.0,1.0,1.0,1.0,0.3333333432674408,0.0,1.0,0.9944444447755814,0.9944444447755814,1.0,0.9500000024835269,1.0,0.933333336810271,0.38333334028720856,0.7111111169060071,0.903030308268287,0.9151515196670186,0.9515151544050737,0.8969697025689212,0.854545457796617,0.7757575804536992,0.8000000070441853,0.8545454610477794,0,-0.06060605861923918,0.7757575804536992,0.003903974715953084,-0.2833333278695742,0.38333334028720856,0.053300998237275306,0.0,0.0,0.1746031731840164,-0.14343434414177225,0.14343434414177225
PB_J,forgotten,992,0.6509803980394127,0.6367756071121864,0.8713289798786438,1.0,1.0,1.0,0.3333333432674408,0.3333333432674408,0.0,0.6666666865348816,1.0,1.0,1.0,1.0,0.9777777791023254,0.7166666766007741,0.822222230831782,0.5444444542129835,0.3500000094374021,0.9454545470801267,0.9575757590207187,0.9333333345976743,0.9272727299820293,0.5515151652422818,0.6424242556095123,0.38181819102980874,0.2666666740720922,0,-0.6909090849486265,0.2666666740720922,0.07977261596094241,-0.6499999905625979,0.3500000094374021,0.06362580631806493,0.0,0.0,0.16402116244432163,0.0833333353653099,-0.0833333353653099
PB_J,forgotten,1007,0.762962968949399,0.6367756071121864,0.8713289798786438,1.0,1.0,1.0,0.3333333432674408,1.0,0.6666666865348816,0.6666666865348816,0.3333333432674408,0.9944444447755814,0.8222222328186035,0.7666666756073633,0.7000000064571699,0.3444444537162781,0.1777777815858523,0.7500000149011612,0.8666666746139526,0.9575757601044395,0.8848484911701896,0.7393939489668065,0.9454545470801267,0.43030304204333913,0.43030303554101423,0.8787878860126842,0.9393939430063422,0,0.05454545183615256,0.43030303554101423,0.05222790586176395,0.04444444179534912,0.1777777815858523,0.06949000682981837,-0.6666666567325592,0.3333333432674408,0.08994708679340511,-0.07272726839238952,0.07272726839238952
PB_J,forgotten,1014,0.7629629676248513,0.6367756071121864,0.8713289798786438,1.0,1.0,1.0,1.0,0.0,1.0,0.3333333432674408,0.6666666865348816,1.0,1.0,0.9888888895511627,0.9944444447755814,0.894444448252519,0.46111112236976626,0.7944444547096888,0.9111111144224803,1.0,1.0,0.9575757601044395,0.9818181829019026,0.5939394024285403,0.6000000086697665,0.44242425019090825,0.7696969758380543,0,-0.2303030241619457,0.44242425019090825,0.049978572084957006,-0.08888888557751973,0.46111112236976626,0.03690182084501282,-0.3333333134651184,0.0,0.16402116244432163,0.14141413858442597,-0.14141413858442597
PB_J,forgotten,1054,0.7450980463448693,0.6367756071121864,0.8713289798786438,1.0,1.0,1.0,1.0,1.0,1.0,0.3333333432674408,0.3333333432674408,1.0,0.9944444447755814,1.0,0.9833333343267441,0.8333333392937978,0.8777777840693791,0.7222222372889519,0.2333333397905032,0.9090909134257924,0.9575757601044395,0.8787878849289634,0.7878787940198725,0.7090909220955589,0.8181818241422827,0.5575757682323456,0.3393939489668066,0,-0.6181818111376329,0.3393939489668066,0.04454239263204687,-0.7611111049850782,0.2333333397905032,0.07424309092556851,-0.6666666567325592,0.3333333432674408,0.10582010266642095,-0.10606060917630339,0.10606060917630339
PB_J,forgotten,1060,0.796514168050554,0.6367756071121864,0.8713289798786438,1.0,1.0,1.0,0.3333333432674408,0.0,0.0,0.0,1.0,0.8111111174027125,0.8777777835726738,0.7888888984918594,0.8944444472591082,0.7222222313284874,0.7888888960083326,0.777777782579263,0.4888888994852702,0.8969697020270607,0.8848484906283292,0.9090909123420715,0.842424248565327,0.7939394018866799,0.7393939473412253,0.7272727354006334,0.7393939478830858,0,-0.1454545427452434,0.7272727354006334,0.0055638634865063695,-0.3888888840874036,0.4888888994852702,0.018134920060949983,0.0,0.0,0.25396825349520125,-0.25050504839781557,0.25050504839781557
PB_J,forgotten,1126,0.7237472799868365,0.6367756071121864,0.8713289798786438,1.0,1.0,0.6666666865348816,0.6666666865348816,0.0,0.0,1.0,0.0,1.0,1.0,0.8777777845660846,0.7111111164093018,0.7722222248713175,0.3000000029802322,0.8777777815858523,0.777777781089147,0.9757575772025369,0.9696969709613107,0.7636363685131073,0.6242424309253692,0.4121212157336148,0.521212124824524,0.8242424276742069,0.7939393975517967,0,-0.17575757340951403,0.4121212157336148,0.036935589392792297,-0.22222221891085303,0.3000000029802322,0.04996619626213914,-1.0,0.0,0.21693121945416496,-0.016161616462649686,0.016161616462649686
PB_J,forgotten,1157,0.6810457581398535,0.6367756071121864,0.8713289798786438,1.0,1.0,0.6666666865348816,0.6666666865348816,1.0,1.0,1.0,0.0,1.0,1.0,0.8166666775941849,0.9611111134290695,0.8611111169060072,0.07777778009573619,0.4111111178994179,0.41111111889282864,1.0,0.9818181829019026,0.9393939430063422,0.8969697020270607,0.6545454718849876,0.30909091180021114,0.5454545562917535,0.6484848569739948,0,-0.33333332592790776,0.30909091180021114,0.05935370948788088,-0.5888888811071713,0.07777778009573619,0.12219870631508024,-1.0,0.0,0.1375661363046637,-0.23737373808116619,0.23737373808116619
PB_J,forgotten,1184,0.7681917277816075,0.6367756071121864,0.8713289798786438,1.0,1.0,1.0,1.0,1.0,1.0,1.0,0.0,0.9444444467624028,0.9666666686534882,1.0,0.8388888940215111,0.7944444532195727,0.5388888945182164,0.7277777890364329,0.7222222333153089,0.6848484906283292,0.6606060645797036,0.8727272765202956,0.8969697014852004,0.7393939500505274,0.696969703652642,0.7030303174799138,0.6848484960469332,0,0.024242431467229597,0.6606060645797036,0.009004328625104932,-0.24444443533817928,0.5388888945182164,0.024791298371020815,-1.0,0.0,0.14285714285714285,0.03737373726837567,-0.03737373726837567
