fold,model,clf,layer,accuracy,true_accuracy,false_accuracy,precision,recall,f1,auc
0,base,LR,1,0.5826771653543307,0.6220472440944882,0.5433070866141733,0.5766423357664233,0.6220472440944882,0.5984848484848485,0.5855911711823424
0,base,LR,2,0.5767716535433071,0.5551181102362205,0.5984251968503937,0.5802469135802469,0.5551181102362205,0.5674044265593562,0.5852811705623411
0,base,LR,3,0.5531496062992126,0.5433070866141733,0.562992125984252,0.5542168674698795,0.5433070866141733,0.5487077534791253,0.579732159464319
0,base,LR,4,0.5748031496062992,0.5866141732283464,0.562992125984252,0.573076923076923,0.5866141732283464,0.5797665369649806,0.5943951887903776
0,base,LR,5,0.5590551181102362,0.594488188976378,0.5236220472440944,0.5551470588235294,0.594488188976378,0.5741444866920152,0.5855601711203422
0,base,LR,6,0.5964566929133859,0.5708661417322834,0.6220472440944882,0.6016597510373444,0.5708661417322834,0.5858585858585859,0.5885826771653543
0,base,LR,7,0.594488188976378,0.5748031496062992,0.6141732283464567,0.5983606557377049,0.5748031496062992,0.5863453815261044,0.607244714489429
0,base,LR,8,0.5885826771653543,0.6023622047244095,0.5748031496062992,0.5862068965517241,0.6023622047244095,0.5941747572815534,0.6273327546655093
0,base,LR,9,0.6161417322834646,0.6220472440944882,0.610236220472441,0.6147859922178989,0.6220472440944882,0.6183953033268101,0.6376402752805506
0,base,LR,10,0.6200787401574803,0.65748031496063,0.5826771653543307,0.6117216117216118,0.65748031496063,0.6337760910815939,0.6585653171306343
0,base,LR,11,0.6181102362204725,0.6811023622047244,0.5551181102362205,0.6048951048951049,0.6811023622047244,0.6407407407407407,0.6521638043276086
0,base,LR,12,0.6240157480314961,0.6653543307086615,0.5826771653543307,0.6145454545454545,0.6653543307086615,0.6389413988657845,0.6638973277946556
0,base,LR,13,0.6594488188976378,0.6968503937007874,0.6220472440944882,0.6483516483516484,0.6968503937007874,0.6717267552182163,0.7040734081468163
0,base,LR,14,0.6496062992125984,0.6653543307086615,0.6338582677165354,0.6450381679389313,0.6653543307086615,0.6550387596899225,0.707994915989832
0,base,LR,15,0.6673228346456693,0.6692913385826772,0.6653543307086615,0.6666666666666666,0.6692913385826772,0.6679764243614931,0.7210769421538842
0,base,LR,16,0.6476377952755905,0.65748031496063,0.6377952755905512,0.6447876447876448,0.65748031496063,0.6510721247563352,0.7201314402628807
0,base,LR,17,0.6377952755905512,0.6614173228346457,0.6141732283464567,0.631578947368421,0.6614173228346457,0.6461538461538462,0.7164269328538656
0,base,LR,18,0.6417322834645669,0.6614173228346457,0.6220472440944882,0.6363636363636364,0.6614173228346457,0.6486486486486487,0.7156054312108623
0,base,LR,19,0.6751968503937008,0.6732283464566929,0.6771653543307087,0.6758893280632411,0.6732283464566929,0.6745562130177515,0.727028954057908
0,base,LR,20,0.6476377952755905,0.6732283464566929,0.6220472440944882,0.6404494382022472,0.6732283464566929,0.6564299424184261,0.721991443982888
0,base,LR,21,0.65748031496063,0.6771653543307087,0.6377952755905512,0.6515151515151515,0.6771653543307087,0.6640926640926641,0.7222859445718891
0,base,LR,22,0.6732283464566929,0.6968503937007874,0.6496062992125984,0.6654135338345865,0.6968503937007874,0.6807692307692308,0.7251224502449005
0,base,LR,23,0.6732283464566929,0.6929133858267716,0.6535433070866141,0.6666666666666666,0.6929133858267716,0.6795366795366795,0.727710955421911
0,base,LR,24,0.6692913385826772,0.6889763779527559,0.6496062992125984,0.6628787878787878,0.6889763779527559,0.6756756756756757,0.7247969495938993
0,base,LR,25,0.6732283464566929,0.7047244094488189,0.6417322834645669,0.662962962962963,0.7047244094488189,0.683206106870229,0.727788455576911
0,base,LR,26,0.687007874015748,0.7204724409448819,0.6535433070866141,0.6752767527675276,0.7204724409448819,0.6971428571428572,0.726501953003906
0,base,LR,27,0.6535433070866141,0.6811023622047244,0.6259842519685039,0.6455223880597015,0.6811023622047244,0.6628352490421456,0.7196044392088783
0,base,LR,28,0.6594488188976378,0.6771653543307087,0.6417322834645669,0.6539923954372624,0.6771653543307087,0.6653771760154739,0.723246946493893
0,base,LR,29,0.65748031496063,0.6771653543307087,0.6377952755905512,0.6515151515151515,0.6771653543307087,0.6640926640926641,0.7260834521669044
0,base,LR,30,0.6515748031496063,0.6692913385826772,0.6338582677165354,0.6463878326996197,0.6692913385826772,0.6576402321083172,0.7073439146878294
0,base,LR,31,0.6476377952755905,0.6456692913385826,0.6496062992125984,0.6482213438735178,0.6456692913385826,0.6469428007889546,0.7008494016988034
0,base,LR,32,0.6437007874015748,0.6496062992125984,0.6377952755905512,0.642023346303502,0.6496062992125984,0.6457925636007827,0.7003379006758014
0,base,RF,1,0.5866141732283464,0.5669291338582677,0.6062992125984252,0.5901639344262295,0.5669291338582677,0.5783132530120482,0.6195827391654783
0,base,RF,2,0.5551181102362205,0.5393700787401575,0.5708661417322834,0.556910569105691,0.5393700787401575,0.548,0.5897141794283589
0,base,RF,3,0.5570866141732284,0.5275590551181102,0.5866141732283464,0.5606694560669456,0.5275590551181102,0.5436105476673428,0.5936356872713745
0,base,RF,4,0.5708661417322834,0.562992125984252,0.5787401574803149,0.572,0.562992125984252,0.5674603174603174,0.5882959265918533
0,base,RF,5,0.5708661417322834,0.547244094488189,0.594488188976378,0.5743801652892562,0.547244094488189,0.5604838709677419,0.6090969681939364
0,base,RF,6,0.5433070866141733,0.5354330708661418,0.5511811023622047,0.544,0.5354330708661418,0.5396825396825397,0.573477896955794
0,base,RF,7,0.5649606299212598,0.547244094488189,0.5826771653543307,0.5673469387755102,0.547244094488189,0.5571142284569138,0.6047104594209187
0,base,RF,8,0.5748031496062992,0.5275590551181102,0.6220472440944882,0.5826086956521739,0.5275590551181102,0.5537190082644629,0.6147157294314588
0,base,RF,9,0.5728346456692913,0.5551181102362205,0.5905511811023622,0.5755102040816327,0.5551181102362205,0.5651302605210421,0.6074927149854299
0,base,RF,10,0.5866141732283464,0.5236220472440944,0.6496062992125984,0.5990990990990991,0.5236220472440944,0.5588235294117647,0.6038889577779156
0,base,RF,11,0.59251968503937,0.5826771653543307,0.6023622047244095,0.5943775100401606,0.5826771653543307,0.588469184890656,0.6306730113460228
0,base,RF,12,0.6082677165354331,0.5826771653543307,0.6338582677165354,0.6141078838174274,0.5826771653543307,0.597979797979798,0.6326880153760308
0,base,RF,13,0.6279527559055118,0.6417322834645669,0.6141732283464567,0.6245210727969349,0.6417322834645669,0.6330097087378641,0.6910998821997644
0,base,RF,14,0.6259842519685039,0.6377952755905512,0.6141732283464567,0.6230769230769231,0.6377952755905512,0.6303501945525292,0.6800716101432203
0,base,RF,15,0.6220472440944882,0.6141732283464567,0.6299212598425197,0.624,0.6141732283464567,0.6190476190476191,0.6770646041292083
0,base,RF,16,0.6476377952755905,0.6811023622047244,0.6141732283464567,0.6383763837638377,0.6811023622047244,0.659047619047619,0.7183024366048731
0,base,RF,17,0.6141732283464567,0.594488188976378,0.6338582677165354,0.6188524590163934,0.594488188976378,0.606425702811245,0.7068634137268275
0,base,RF,18,0.6614173228346457,0.6535433070866141,0.6692913385826772,0.664,0.6535433070866141,0.6587301587301587,0.7103276706553413
0,base,RF,19,0.6476377952755905,0.6535433070866141,0.6417322834645669,0.6459143968871596,0.6535433070866141,0.649706457925636,0.7230221960443921
0,base,RF,20,0.6456692913385826,0.6535433070866141,0.6377952755905512,0.6434108527131783,0.6535433070866141,0.6484375,0.7157216814433629
0,base,RF,21,0.655511811023622,0.6535433070866141,0.65748031496063,0.6561264822134387,0.6535433070866141,0.6548323471400395,0.7240606981213963
0,base,RF,22,0.6594488188976378,0.6496062992125984,0.6692913385826772,0.6626506024096386,0.6496062992125984,0.6560636182902585,0.7077004154008307
0,base,RF,23,0.6633858267716536,0.6653543307086615,0.6614173228346457,0.6627450980392157,0.6653543307086615,0.6640471512770137,0.727757455514911
0,base,RF,24,0.6259842519685039,0.6181102362204725,0.6338582677165354,0.628,0.6181102362204725,0.623015873015873,0.7046004092008185
0,base,RF,25,0.6220472440944882,0.6259842519685039,0.6181102362204725,0.62109375,0.6259842519685039,0.6235294117647059,0.7031589063178126
0,base,RF,26,0.6633858267716536,0.6614173228346457,0.6653543307086615,0.6640316205533597,0.6614173228346457,0.6627218934911243,0.7294392088784178
0,base,RF,27,0.6122047244094488,0.6181102362204725,0.6062992125984252,0.6108949416342413,0.6181102362204725,0.6144814090019569,0.6771731043462087
0,base,RF,28,0.6358267716535433,0.6181102362204725,0.6535433070866141,0.6408163265306123,0.6181102362204725,0.6292585170340681,0.6955948911897825
0,base,RF,29,0.6476377952755905,0.6377952755905512,0.65748031496063,0.6506024096385542,0.6377952755905512,0.6441351888667992,0.6928901357802716
0,base,RF,30,0.6692913385826772,0.6614173228346457,0.6771653543307087,0.672,0.6614173228346457,0.6666666666666666,0.709482918965838
0,base,RF,31,0.6535433070866141,0.6299212598425197,0.6771653543307087,0.6611570247933884,0.6299212598425197,0.6451612903225806,0.6963233926467853
0,base,RF,32,0.6240157480314961,0.6456692913385826,0.6023622047244095,0.6188679245283019,0.6456692913385826,0.6319845857418112,0.6681753363506727
0,base,AdaBoost,1,0.5728346456692913,0.5196850393700787,0.6259842519685039,0.5814977973568282,0.5196850393700787,0.5488565488565489,0.5977819455638911
0,base,AdaBoost,2,0.5433070866141733,0.562992125984252,0.5236220472440944,0.5416666666666666,0.562992125984252,0.5521235521235521,0.5722378944757889
0,base,AdaBoost,3,0.5177165354330708,0.5354330708661418,0.5,0.5171102661596958,0.5354330708661418,0.5261121856866537,0.5310233120466241
0,base,AdaBoost,4,0.5413385826771654,0.5275590551181102,0.5551181102362205,0.5425101214574899,0.5275590551181102,0.5349301397205589,0.554265608531217
0,base,AdaBoost,5,0.547244094488189,0.5393700787401575,0.5551181102362205,0.548,0.5393700787401575,0.5436507936507936,0.5742451484902971
0,base,AdaBoost,6,0.5413385826771654,0.5826771653543307,0.5,0.5381818181818182,0.5826771653543307,0.5595463137996219,0.5587296174592349
0,base,AdaBoost,7,0.5511811023622047,0.5787401574803149,0.5236220472440944,0.5485074626865671,0.5787401574803149,0.5632183908045977,0.5649451298902598
0,base,AdaBoost,8,0.5669291338582677,0.5039370078740157,0.6299212598425197,0.5765765765765766,0.5039370078740157,0.5378151260504201,0.575221650443301
0,base,AdaBoost,9,0.5511811023622047,0.547244094488189,0.5551181102362205,0.5515873015873016,0.547244094488189,0.549407114624506,0.5758494016988034
0,base,AdaBoost,10,0.5669291338582677,0.5787401574803149,0.5551181102362205,0.5653846153846154,0.5787401574803149,0.5719844357976653,0.5853276706553413
0,base,AdaBoost,11,0.5511811023622047,0.5748031496062992,0.5275590551181102,0.5488721804511278,0.5748031496062992,0.5615384615384615,0.5778566557133115
0,base,AdaBoost,12,0.5393700787401575,0.5551181102362205,0.5236220472440944,0.5381679389312977,0.5551181102362205,0.5465116279069767,0.5898846797693595
0,base,AdaBoost,13,0.610236220472441,0.6023622047244095,0.6181102362204725,0.612,0.6023622047244095,0.6071428571428571,0.655496310992622
0,base,AdaBoost,14,0.6437007874015748,0.6417322834645669,0.6456692913385826,0.6442687747035574,0.6417322834645669,0.6429980276134122,0.6829158658317317
0,base,AdaBoost,15,0.6240157480314961,0.610236220472441,0.6377952755905512,0.6275303643724697,0.610236220472441,0.6187624750499002,0.681272862545725
0,base,AdaBoost,16,0.6318897637795275,0.6417322834645669,0.6220472440944882,0.6293436293436293,0.6417322834645669,0.6354775828460039,0.6903403806807613
0,base,AdaBoost,17,0.6437007874015748,0.5984251968503937,0.6889763779527559,0.658008658008658,0.5984251968503937,0.6268041237113402,0.6986948973897948
0,base,AdaBoost,18,0.6614173228346457,0.6889763779527559,0.6338582677165354,0.6529850746268657,0.6889763779527559,0.6704980842911877,0.7171089342178685
0,base,AdaBoost,19,0.6653543307086615,0.6535433070866141,0.6771653543307087,0.6693548387096774,0.6535433070866141,0.6613545816733067,0.7237119474238948
0,base,AdaBoost,20,0.639763779527559,0.6732283464566929,0.6062992125984252,0.6309963099630996,0.6732283464566929,0.6514285714285715,0.7102889205778411
0,base,AdaBoost,21,0.6751968503937008,0.7007874015748031,0.6496062992125984,0.6666666666666666,0.7007874015748031,0.6833013435700576,0.7254712009424019
0,base,AdaBoost,22,0.6181102362204725,0.6456692913385826,0.5905511811023622,0.6119402985074627,0.6456692913385826,0.6283524904214559,0.687240374480749
0,base,AdaBoost,23,0.6200787401574803,0.6338582677165354,0.6062992125984252,0.6168582375478927,0.6338582677165354,0.625242718446602,0.6876743753487508
0,base,AdaBoost,24,0.6535433070866141,0.6692913385826772,0.6377952755905512,0.648854961832061,0.6692913385826772,0.6589147286821705,0.6997023994047988
0,base,AdaBoost,25,0.6476377952755905,0.6771653543307087,0.6181102362204725,0.6394052044609665,0.6771653543307087,0.6577437858508605,0.6911153822307645
0,base,AdaBoost,26,0.6299212598425197,0.6338582677165354,0.6259842519685039,0.62890625,0.6338582677165354,0.6313725490196078,0.6771498542997085
0,base,AdaBoost,27,0.6279527559055118,0.6496062992125984,0.6062992125984252,0.6226415094339622,0.6496062992125984,0.6358381502890174,0.6987878975757951
0,base,AdaBoost,28,0.6043307086614174,0.6417322834645669,0.5669291338582677,0.5970695970695971,0.6417322834645669,0.618595825426945,0.6570773141546282
0,base,AdaBoost,29,0.6259842519685039,0.6299212598425197,0.6220472440944882,0.625,0.6299212598425197,0.6274509803921569,0.6869458738917478
0,base,AdaBoost,30,0.6417322834645669,0.6220472440944882,0.6614173228346457,0.6475409836065574,0.6220472440944882,0.6345381526104418,0.6793663587327176
0,base,AdaBoost,31,0.6161417322834646,0.6220472440944882,0.610236220472441,0.6147859922178989,0.6220472440944882,0.6183953033268101,0.6753673507347016
0,base,AdaBoost,32,0.6141732283464567,0.6299212598425197,0.5984251968503937,0.6106870229007634,0.6299212598425197,0.6201550387596899,0.6738948477896956
1,base,LR,1,0.5413385826771654,0.5275590551181102,0.5551181102362205,0.5425101214574899,0.5275590551181102,0.5349301397205589,0.5630541261082522
1,base,LR,2,0.5708661417322834,0.562992125984252,0.5787401574803149,0.572,0.562992125984252,0.5674603174603174,0.5856531713063426
1,base,LR,3,0.5708661417322834,0.562992125984252,0.5787401574803149,0.572,0.562992125984252,0.5674603174603174,0.5867691735383471
1,base,LR,4,0.562992125984252,0.6220472440944882,0.5039370078740157,0.5563380281690141,0.6220472440944882,0.587360594795539,0.5802126604253208
1,base,LR,5,0.5866141732283464,0.5787401574803149,0.594488188976378,0.588,0.5787401574803149,0.5833333333333334,0.6064542129084258
1,base,LR,6,0.594488188976378,0.5669291338582677,0.6220472440944882,0.6,0.5669291338582677,0.582995951417004,0.6173507347014694
1,base,LR,7,0.5708661417322834,0.5708661417322834,0.5708661417322834,0.5708661417322834,0.5708661417322834,0.5708661417322834,0.614514229028458
1,base,LR,8,0.5866141732283464,0.6417322834645669,0.531496062992126,0.5780141843971631,0.6417322834645669,0.6082089552238806,0.616761733523467
1,base,LR,9,0.5964566929133859,0.5708661417322834,0.6220472440944882,0.6016597510373444,0.5708661417322834,0.5858585858585859,0.6303552607105214
1,base,LR,10,0.6240157480314961,0.6535433070866141,0.594488188976378,0.6171003717472119,0.6535433070866141,0.6347992351816444,0.6506758013516026
1,base,LR,11,0.6122047244094488,0.6299212598425197,0.594488188976378,0.6083650190114068,0.6299212598425197,0.6189555125725339,0.6626418252836505
1,base,LR,12,0.6338582677165354,0.6377952755905512,0.6299212598425197,0.6328125,0.6377952755905512,0.6352941176470588,0.6596038192076384
1,base,LR,13,0.6220472440944882,0.6417322834645669,0.6023622047244095,0.6174242424242424,0.6417322834645669,0.6293436293436293,0.6752743505487011
1,base,LR,14,0.6712598425196851,0.6692913385826772,0.6732283464566929,0.6719367588932806,0.6692913385826772,0.6706114398422091,0.7153729307458615
1,base,LR,15,0.6751968503937008,0.6732283464566929,0.6771653543307087,0.6758893280632411,0.6732283464566929,0.6745562130177515,0.7105214210428421
1,base,LR,16,0.6515748031496063,0.6417322834645669,0.6614173228346457,0.6546184738955824,0.6417322834645669,0.6481113320079522,0.7142569285138571
1,base,LR,17,0.6535433070866141,0.6456692913385826,0.6614173228346457,0.656,0.6456692913385826,0.6507936507936508,0.7185659371318742
1,base,LR,18,0.655511811023622,0.6496062992125984,0.6614173228346457,0.6573705179282868,0.6496062992125984,0.6534653465346535,0.7127689255378511
1,base,LR,19,0.65748031496063,0.65748031496063,0.65748031496063,0.65748031496063,0.65748031496063,0.65748031496063,0.7091884183768369
1,base,LR,20,0.6476377952755905,0.6614173228346457,0.6338582677165354,0.6436781609195402,0.6614173228346457,0.6524271844660194,0.7056234112468225
1,base,LR,21,0.6594488188976378,0.6614173228346457,0.65748031496063,0.6588235294117647,0.6614173228346457,0.6601178781925344,0.7042284084568169
1,base,LR,22,0.6456692913385826,0.6259842519685039,0.6653543307086615,0.6516393442622951,0.6259842519685039,0.6385542168674698,0.705731911463823
1,base,LR,23,0.65748031496063,0.6377952755905512,0.6771653543307087,0.6639344262295082,0.6377952755905512,0.6506024096385542,0.7138074276148553
1,base,LR,24,0.6535433070866141,0.6299212598425197,0.6771653543307087,0.6611570247933884,0.6299212598425197,0.6451612903225806,0.7012059024118049
1,base,LR,25,0.6496062992125984,0.6417322834645669,0.65748031496063,0.652,0.6417322834645669,0.6468253968253969,0.7018569037138074
1,base,LR,26,0.6633858267716536,0.6653543307086615,0.6614173228346457,0.6627450980392157,0.6653543307086615,0.6640471512770137,0.7142724285448571
1,base,LR,27,0.6456692913385826,0.6417322834645669,0.6496062992125984,0.6468253968253969,0.6417322834645669,0.6442687747035574,0.7076384152768306
1,base,LR,28,0.6594488188976378,0.6653543307086615,0.6535433070866141,0.6575875486381323,0.6653543307086615,0.6614481409001957,0.715481430962862
1,base,LR,29,0.6673228346456693,0.6692913385826772,0.6653543307086615,0.6666666666666666,0.6692913385826772,0.6679764243614931,0.7171709343418686
1,base,LR,30,0.6732283464566929,0.6771653543307087,0.6692913385826772,0.671875,0.6771653543307087,0.6745098039215687,0.722254944509889
1,base,LR,31,0.6594488188976378,0.6496062992125984,0.6692913385826772,0.6626506024096386,0.6496062992125984,0.6560636182902585,0.7172639345278692
1,base,LR,32,0.6633858267716536,0.6535433070866141,0.6732283464566929,0.6666666666666666,0.6535433070866141,0.6600397614314115,0.7216039432078865
1,base,RF,1,0.5688976377952756,0.5393700787401575,0.5984251968503937,0.5732217573221757,0.5393700787401575,0.5557809330628803,0.6168779837559675
1,base,RF,2,0.5767716535433071,0.5708661417322834,0.5826771653543307,0.5776892430278885,0.5708661417322834,0.5742574257425742,0.6024009548019097
1,base,RF,3,0.547244094488189,0.5275590551181102,0.5669291338582677,0.5491803278688525,0.5275590551181102,0.5381526104417671,0.5960304420608843
1,base,RF,4,0.59251968503937,0.5511811023622047,0.6338582677165354,0.6008583690987125,0.5511811023622047,0.5749486652977412,0.623767747535495
1,base,RF,5,0.5905511811023622,0.562992125984252,0.6181102362204725,0.5958333333333333,0.562992125984252,0.5789473684210527,0.6141034782069564
1,base,RF,6,0.5551181102362205,0.515748031496063,0.594488188976378,0.5598290598290598,0.515748031496063,0.5368852459016393,0.5886214272428545
1,base,RF,7,0.5433070866141733,0.5275590551181102,0.5590551181102362,0.5447154471544715,0.5275590551181102,0.536,0.5877224254448509
1,base,RF,8,0.5748031496062992,0.5590551181102362,0.5905511811023622,0.5772357723577236,0.5590551181102362,0.568,0.6137547275094549
1,base,RF,9,0.5984251968503937,0.5748031496062992,0.6220472440944882,0.6033057851239669,0.5748031496062992,0.5887096774193549,0.6308512617025235
1,base,RF,10,0.5826771653543307,0.5433070866141733,0.6220472440944882,0.5897435897435898,0.5433070866141733,0.5655737704918032,0.6049042098084196
1,base,RF,11,0.6003937007874016,0.5433070866141733,0.65748031496063,0.6133333333333333,0.5433070866141733,0.5762004175365344,0.6433675367350735
1,base,RF,12,0.6043307086614174,0.5511811023622047,0.65748031496063,0.6167400881057269,0.5511811023622047,0.5821205821205822,0.6329670159340318
1,base,RF,13,0.6358267716535433,0.5905511811023622,0.6811023622047244,0.6493506493506493,0.5905511811023622,0.6185567010309279,0.6748248496496994
1,base,RF,14,0.6417322834645669,0.6181102362204725,0.6653543307086615,0.6487603305785123,0.6181102362204725,0.6330645161290323,0.6869923739847481
1,base,RF,15,0.6220472440944882,0.6062992125984252,0.6377952755905512,0.6260162601626016,0.6062992125984252,0.616,0.685488870977742
1,base,RF,16,0.639763779527559,0.65748031496063,0.6220472440944882,0.6349809885931559,0.65748031496063,0.6460348162475822,0.705530411060822
1,base,RF,17,0.6220472440944882,0.610236220472441,0.6338582677165354,0.625,0.610236220472441,0.6175298804780877,0.6860081220162441
1,base,RF,18,0.6614173228346457,0.6535433070866141,0.6692913385826772,0.664,0.6535433070866141,0.6587301587301587,0.7046856593713188
1,base,RF,19,0.6299212598425197,0.610236220472441,0.6496062992125984,0.6352459016393442,0.610236220472441,0.6224899598393574,0.6971913943827888
1,base,RF,20,0.6358267716535433,0.6141732283464567,0.65748031496063,0.6419753086419753,0.6141732283464567,0.6277665995975855,0.7168686837373675
1,base,RF,21,0.6515748031496063,0.6692913385826772,0.6338582677165354,0.6463878326996197,0.6692913385826772,0.6576402321083172,0.7175274350548702
1,base,RF,22,0.6535433070866141,0.6181102362204725,0.6889763779527559,0.6652542372881356,0.6181102362204725,0.6408163265306123,0.7178374356748713
1,base,RF,23,0.6515748031496063,0.6535433070866141,0.6496062992125984,0.6509803921568628,0.6535433070866141,0.6522593320235757,0.7125751751503503
1,base,RF,24,0.6377952755905512,0.610236220472441,0.6653543307086615,0.6458333333333334,0.610236220472441,0.6275303643724697,0.6899141298282596
1,base,RF,25,0.6299212598425197,0.6338582677165354,0.6259842519685039,0.62890625,0.6338582677165354,0.6313725490196078,0.6949748899497799
1,base,RF,26,0.6535433070866141,0.6181102362204725,0.6889763779527559,0.6652542372881356,0.6181102362204725,0.6408163265306123,0.7078011656023312
1,base,RF,27,0.6456692913385826,0.6377952755905512,0.6535433070866141,0.648,0.6377952755905512,0.6428571428571429,0.7074059148118296
1,base,RF,28,0.639763779527559,0.6259842519685039,0.6535433070866141,0.6437246963562753,0.6259842519685039,0.6347305389221557,0.7035774071548143
1,base,RF,29,0.6535433070866141,0.6299212598425197,0.6771653543307087,0.6611570247933884,0.6299212598425197,0.6451612903225806,0.7203949407898816
1,base,RF,30,0.6614173228346457,0.6417322834645669,0.6811023622047244,0.6680327868852459,0.6417322834645669,0.6546184738955824,0.7128154256308512
1,base,RF,31,0.6614173228346457,0.6299212598425197,0.6929133858267716,0.6722689075630253,0.6299212598425197,0.6504065040650406,0.7014461528923058
1,base,RF,32,0.6279527559055118,0.6062992125984252,0.6496062992125984,0.6337448559670782,0.6062992125984252,0.6197183098591549,0.6854268708537418
1,base,AdaBoost,1,0.5334645669291339,0.5826771653543307,0.484251968503937,0.5304659498207885,0.5826771653543307,0.5553470919324578,0.5553118606237213
1,base,AdaBoost,2,0.5452755905511811,0.5433070866141733,0.547244094488189,0.5454545454545454,0.5433070866141733,0.5443786982248521,0.5595743691487383
1,base,AdaBoost,3,0.5610236220472441,0.547244094488189,0.5748031496062992,0.562753036437247,0.547244094488189,0.5548902195608783,0.5860561721123442
1,base,AdaBoost,4,0.5078740157480315,0.547244094488189,0.468503937007874,0.5072992700729927,0.547244094488189,0.5265151515151515,0.5522893545787091
1,base,AdaBoost,5,0.5354330708661418,0.5354330708661418,0.5354330708661418,0.5354330708661418,0.5354330708661418,0.5354330708661418,0.5519406038812077
1,base,AdaBoost,6,0.5984251968503937,0.5708661417322834,0.6259842519685039,0.6041666666666666,0.5708661417322834,0.5870445344129555,0.6224889949779899
1,base,AdaBoost,7,0.5728346456692913,0.5905511811023622,0.5551181102362205,0.5703422053231939,0.5905511811023622,0.5802707930367504,0.5893886787773576
1,base,AdaBoost,8,0.5610236220472441,0.5748031496062992,0.547244094488189,0.5593869731800766,0.5748031496062992,0.566990291262136,0.5829406658813318
1,base,AdaBoost,9,0.562992125984252,0.6141732283464567,0.5118110236220472,0.5571428571428572,0.6141732283464567,0.5842696629213483,0.5698663897327795
1,base,AdaBoost,10,0.5098425196850394,0.4881889763779528,0.531496062992126,0.5102880658436214,0.4881889763779528,0.49899396378269617,0.5321005642011284
1,base,AdaBoost,11,0.6161417322834646,0.6417322834645669,0.5905511811023622,0.6104868913857678,0.6417322834645669,0.6257197696737045,0.6410502821005644
1,base,AdaBoost,12,0.6220472440944882,0.6614173228346457,0.5826771653543307,0.6131386861313869,0.6614173228346457,0.6363636363636364,0.6478547957095915
1,base,AdaBoost,13,0.6141732283464567,0.5866141732283464,0.6417322834645669,0.6208333333333333,0.5866141732283464,0.6032388663967612,0.653279806559613
1,base,AdaBoost,14,0.6141732283464567,0.6377952755905512,0.5905511811023622,0.6090225563909775,0.6377952755905512,0.6230769230769231,0.690479880959762
1,base,AdaBoost,15,0.6122047244094488,0.6062992125984252,0.6181102362204725,0.6135458167330677,0.6062992125984252,0.6099009900990099,0.6575965651931304
1,base,AdaBoost,16,0.655511811023622,0.6653543307086615,0.6456692913385826,0.6525096525096525,0.6653543307086615,0.6588693957115009,0.7181241862483725
1,base,AdaBoost,17,0.6456692913385826,0.6653543307086615,0.6259842519685039,0.6401515151515151,0.6653543307086615,0.6525096525096525,0.694269638539277
1,base,AdaBoost,18,0.655511811023622,0.6299212598425197,0.6811023622047244,0.6639004149377593,0.6299212598425197,0.6464646464646465,0.7134121768243536
1,base,AdaBoost,19,0.655511811023622,0.6535433070866141,0.65748031496063,0.6561264822134387,0.6535433070866141,0.6548323471400395,0.7025854051708105
1,base,AdaBoost,20,0.6141732283464567,0.610236220472441,0.6181102362204725,0.6150793650793651,0.610236220472441,0.6126482213438735,0.671484592969186
1,base,AdaBoost,21,0.6535433070866141,0.6614173228346457,0.6456692913385826,0.6511627906976745,0.6614173228346457,0.65625,0.7074136648273297
1,base,AdaBoost,22,0.639763779527559,0.6535433070866141,0.6259842519685039,0.6360153256704981,0.6535433070866141,0.6446601941747573,0.703515407030814
1,base,AdaBoost,23,0.6751968503937008,0.6929133858267716,0.65748031496063,0.6692015209125475,0.6929133858267716,0.6808510638297872,0.7010974021948044
1,base,AdaBoost,24,0.6318897637795275,0.6456692913385826,0.6181102362204725,0.6283524904214559,0.6456692913385826,0.6368932038834951,0.6945098890197781
1,base,AdaBoost,25,0.6023622047244095,0.5708661417322834,0.6338582677165354,0.6092436974789915,0.5708661417322834,0.5894308943089431,0.6655868311736624
1,base,AdaBoost,26,0.5885826771653543,0.6062992125984252,0.5708661417322834,0.5855513307984791,0.6062992125984252,0.5957446808510638,0.6419337838675677
1,base,AdaBoost,27,0.6318897637795275,0.6299212598425197,0.6338582677165354,0.6324110671936759,0.6299212598425197,0.631163708086785,0.6909448818897638
1,base,AdaBoost,28,0.6358267716535433,0.65748031496063,0.6141732283464567,0.630188679245283,0.65748031496063,0.6435452793834296,0.6847448694897391
1,base,AdaBoost,29,0.6633858267716536,0.6889763779527559,0.6377952755905512,0.6554307116104869,0.6889763779527559,0.6717850287907869,0.7237274474548949
1,base,AdaBoost,30,0.6456692913385826,0.6771653543307087,0.6141732283464567,0.6370370370370371,0.6771653543307087,0.6564885496183206,0.6727013454026909
1,base,AdaBoost,31,0.6338582677165354,0.6535433070866141,0.6141732283464567,0.6287878787878788,0.6535433070866141,0.640926640926641,0.6561085622171243
1,base,AdaBoost,32,0.6181102362204725,0.6456692913385826,0.5905511811023622,0.6119402985074627,0.6456692913385826,0.6283524904214559,0.676994853989708
2,base,LR,1,0.5551181102362205,0.5511811023622047,0.5590551181102362,0.5555555555555556,0.5511811023622047,0.5533596837944664,0.5739506479012958
2,base,LR,2,0.5590551181102362,0.547244094488189,0.5708661417322834,0.5604838709677419,0.547244094488189,0.5537848605577689,0.5822741645483291
2,base,LR,3,0.5334645669291339,0.5393700787401575,0.5275590551181102,0.5330739299610895,0.5393700787401575,0.5362035225048923,0.560248620497241
2,base,LR,4,0.5374015748031497,0.5905511811023622,0.484251968503937,0.5338078291814946,0.5905511811023622,0.5607476635514018,0.556745613491227
2,base,LR,5,0.5649606299212598,0.6062992125984252,0.5236220472440944,0.56,0.6062992125984252,0.5822306238185255,0.587745675491351
2,base,LR,6,0.5492125984251969,0.5866141732283464,0.5118110236220472,0.5457875457875457,0.5866141732283464,0.5654648956356736,0.5874046748093495
2,base,LR,7,0.5492125984251969,0.5826771653543307,0.515748031496063,0.5461254612546126,0.5826771653543307,0.5638095238095238,0.5855136710273421
2,base,LR,8,0.5708661417322834,0.594488188976378,0.547244094488189,0.5676691729323309,0.594488188976378,0.5807692307692308,0.5967666935333871
2,base,LR,9,0.594488188976378,0.65748031496063,0.531496062992126,0.583916083916084,0.65748031496063,0.6185185185185185,0.6114297228594456
2,base,LR,10,0.5885826771653543,0.6181102362204725,0.5590551181102362,0.5836431226765799,0.6181102362204725,0.6003824091778203,0.6268677537355074
2,base,LR,11,0.6003937007874016,0.6141732283464567,0.5866141732283464,0.5977011494252874,0.6141732283464567,0.6058252427184466,0.6344472688945377
2,base,LR,12,0.5984251968503937,0.6023622047244095,0.594488188976378,0.59765625,0.6023622047244095,0.6,0.6369582739165479
2,base,LR,13,0.6338582677165354,0.65748031496063,0.610236220472441,0.6278195488721805,0.65748031496063,0.6423076923076924,0.6768863537727074
2,base,LR,14,0.6653543307086615,0.6771653543307087,0.6535433070866141,0.6615384615384615,0.6771653543307087,0.669260700389105,0.7045539091078183
2,base,LR,15,0.6377952755905512,0.6377952755905512,0.6377952755905512,0.6377952755905512,0.6377952755905512,0.6377952755905512,0.696524893049786
2,base,LR,16,0.6515748031496063,0.65748031496063,0.6456692913385826,0.6498054474708171,0.65748031496063,0.6536203522504892,0.7121799243598488
2,base,LR,17,0.6496062992125984,0.6692913385826772,0.6299212598425197,0.6439393939393939,0.6692913385826772,0.6563706563706564,0.7031899063798126
2,base,LR,18,0.6456692913385826,0.6811023622047244,0.610236220472441,0.6360294117647058,0.6811023622047244,0.6577946768060836,0.7003689007378013
2,base,LR,19,0.6456692913385826,0.6653543307086615,0.6259842519685039,0.6401515151515151,0.6653543307086615,0.6525096525096525,0.7153109306218612
2,base,LR,20,0.6673228346456693,0.6889763779527559,0.6456692913385826,0.660377358490566,0.6889763779527559,0.674373795761079,0.7155279310558621
2,base,LR,21,0.65748031496063,0.6889763779527559,0.6259842519685039,0.6481481481481481,0.6889763779527559,0.6679389312977099,0.7175739351478704
2,base,LR,22,0.6751968503937008,0.7007874015748031,0.6496062992125984,0.6666666666666666,0.7007874015748031,0.6833013435700576,0.7194959389918778
2,base,LR,23,0.6456692913385826,0.6535433070866141,0.6377952755905512,0.6434108527131783,0.6535433070866141,0.6484375,0.7159774319548639
2,base,LR,24,0.6673228346456693,0.6614173228346457,0.6732283464566929,0.6693227091633466,0.6614173228346457,0.6653465346534654,0.7225494450988903
2,base,LR,25,0.6653543307086615,0.6692913385826772,0.6614173228346457,0.6640625,0.6692913385826772,0.6666666666666666,0.7234329468658938
2,base,LR,26,0.6515748031496063,0.6496062992125984,0.6535433070866141,0.6521739130434783,0.6496062992125984,0.650887573964497,0.7142104284208568
2,base,LR,27,0.6476377952755905,0.6417322834645669,0.6535433070866141,0.649402390438247,0.6417322834645669,0.6455445544554456,0.7203794407588815
2,base,LR,28,0.6594488188976378,0.6535433070866141,0.6653543307086615,0.6613545816733067,0.6535433070866141,0.6574257425742575,0.7293384586769174
2,base,LR,29,0.6673228346456693,0.6417322834645669,0.6929133858267716,0.6763485477178424,0.6417322834645669,0.6585858585858586,0.723525947051894
2,base,LR,30,0.6712598425196851,0.6456692913385826,0.6968503937007874,0.6804979253112033,0.6456692913385826,0.6626262626262627,0.7270599541199083
2,base,LR,31,0.6614173228346457,0.6417322834645669,0.6811023622047244,0.6680327868852459,0.6417322834645669,0.6546184738955824,0.7232004464008928
2,base,LR,32,0.655511811023622,0.6653543307086615,0.6456692913385826,0.6525096525096525,0.6653543307086615,0.6588693957115009,0.722270444540889
2,base,RF,1,0.5334645669291339,0.5354330708661418,0.531496062992126,0.5333333333333333,0.5354330708661418,0.5343811394891945,0.5687968875937752
2,base,RF,2,0.547244094488189,0.5196850393700787,0.5748031496062992,0.55,0.5196850393700787,0.5344129554655871,0.5726253952507906
2,base,RF,3,0.5531496062992126,0.5275590551181102,0.5787401574803149,0.5560165975103735,0.5275590551181102,0.5414141414141415,0.5918919337838676
2,base,RF,4,0.5492125984251969,0.5393700787401575,0.5590551181102362,0.5502008032128514,0.5393700787401575,0.5447316103379721,0.5794531589063179
2,base,RF,5,0.5748031496062992,0.5039370078740157,0.6456692913385826,0.5871559633027523,0.5039370078740157,0.5423728813559322,0.5711606423212846
2,base,RF,6,0.5492125984251969,0.5275590551181102,0.5708661417322834,0.551440329218107,0.5275590551181102,0.5392354124748491,0.560767871535743
2,base,RF,7,0.5610236220472441,0.5,0.6220472440944882,0.5695067264573991,0.5,0.5324947589098532,0.6052917105834212
2,base,RF,8,0.547244094488189,0.5039370078740157,0.5905511811023622,0.5517241379310345,0.5039370078740157,0.5267489711934157,0.5788564077128154
2,base,RF,9,0.5334645669291339,0.49606299212598426,0.5708661417322834,0.5361702127659574,0.49606299212598426,0.5153374233128835,0.5593961187922376
2,base,RF,10,0.5708661417322834,0.5708661417322834,0.5708661417322834,0.5708661417322834,0.5708661417322834,0.5708661417322834,0.5901249302498605
2,base,RF,11,0.5807086614173228,0.547244094488189,0.6141732283464567,0.5864978902953587,0.547244094488189,0.5661914460285132,0.6050282100564202
2,base,RF,12,0.5807086614173228,0.5551181102362205,0.6062992125984252,0.5850622406639004,0.5551181102362205,0.5696969696969697,0.6060899621799243
2,base,RF,13,0.6161417322834646,0.5905511811023622,0.6417322834645669,0.6224066390041494,0.5905511811023622,0.6060606060606061,0.6558140616281232
2,base,RF,14,0.610236220472441,0.6181102362204725,0.6023622047244095,0.6085271317829457,0.6181102362204725,0.61328125,0.6674080848161698
2,base,RF,15,0.6358267716535433,0.6377952755905512,0.6338582677165354,0.6352941176470588,0.6377952755905512,0.6365422396856582,0.6869923739847479
2,base,RF,16,0.6673228346456693,0.6614173228346457,0.6732283464566929,0.6693227091633466,0.6614173228346457,0.6653465346534654,0.7123271746543494
2,base,RF,17,0.6299212598425197,0.5984251968503937,0.6614173228346457,0.6386554621848739,0.5984251968503937,0.6178861788617886,0.7114126728253456
2,base,RF,18,0.6377952755905512,0.6062992125984252,0.6692913385826772,0.6470588235294118,0.6062992125984252,0.6260162601626016,0.7029884059768119
2,base,RF,19,0.6318897637795275,0.6141732283464567,0.6496062992125984,0.636734693877551,0.6141732283464567,0.625250501002004,0.7047321594643189
2,base,RF,20,0.6279527559055118,0.594488188976378,0.6614173228346457,0.6371308016877637,0.594488188976378,0.615071283095723,0.7048716597433196
2,base,RF,21,0.6358267716535433,0.6417322834645669,0.6299212598425197,0.6342412451361867,0.6417322834645669,0.6379647749510763,0.7035386570773142
2,base,RF,22,0.6161417322834646,0.6181102362204725,0.6141732283464567,0.615686274509804,0.6181102362204725,0.6168958742632613,0.690270630541261
2,base,RF,23,0.6299212598425197,0.6062992125984252,0.6535433070866141,0.6363636363636364,0.6062992125984252,0.6209677419354839,0.7018336536673073
2,base,RF,24,0.6437007874015748,0.6141732283464567,0.6732283464566929,0.6527196652719666,0.6141732283464567,0.6328600405679513,0.7024304048608098
2,base,RF,25,0.6181102362204725,0.5905511811023622,0.6456692913385826,0.625,0.5905511811023622,0.6072874493927125,0.7048174096348192
2,base,RF,26,0.6437007874015748,0.610236220472441,0.6771653543307087,0.6540084388185654,0.610236220472441,0.6313645621181263,0.714241428482857
2,base,RF,27,0.6437007874015748,0.6377952755905512,0.6496062992125984,0.6454183266932271,0.6377952755905512,0.6415841584158416,0.7056854113708226
2,base,RF,28,0.6377952755905512,0.610236220472441,0.6653543307086615,0.6458333333333334,0.610236220472441,0.6275303643724697,0.6793973587947175
2,base,RF,29,0.6122047244094488,0.5669291338582677,0.65748031496063,0.6233766233766234,0.5669291338582677,0.5938144329896907,0.6679660859321719
2,base,RF,30,0.5964566929133859,0.5551181102362205,0.6377952755905512,0.6051502145922747,0.5551181102362205,0.5790554414784395,0.6701980903961808
2,base,RF,31,0.639763779527559,0.6220472440944882,0.65748031496063,0.6448979591836734,0.6220472440944882,0.6332665330661322,0.6857833715667431
2,base,RF,32,0.6062992125984252,0.5866141732283464,0.6259842519685039,0.610655737704918,0.5866141732283464,0.5983935742971888,0.6761811023622046
2,base,AdaBoost,1,0.5531496062992126,0.5551181102362205,0.5511811023622047,0.5529411764705883,0.5551181102362205,0.5540275049115914,0.573470146940294
2,base,AdaBoost,2,0.5275590551181102,0.5236220472440944,0.531496062992126,0.5277777777777778,0.5236220472440944,0.525691699604743,0.538254076508153
2,base,AdaBoost,3,0.5551181102362205,0.5433070866141733,0.5669291338582677,0.5564516129032258,0.5433070866141733,0.549800796812749,0.5383160766321533
2,base,AdaBoost,4,0.562992125984252,0.5866141732283464,0.5393700787401575,0.5601503759398496,0.5866141732283464,0.573076923076923,0.5582026164052328
2,base,AdaBoost,5,0.5255905511811023,0.531496062992126,0.5196850393700787,0.5252918287937743,0.531496062992126,0.5283757338551859,0.5557691115382231
2,base,AdaBoost,6,0.5393700787401575,0.5826771653543307,0.49606299212598426,0.5362318840579711,0.5826771653543307,0.5584905660377358,0.5469340938681877
2,base,AdaBoost,7,0.5590551181102362,0.5905511811023622,0.5275590551181102,0.5555555555555556,0.5905511811023622,0.5725190839694656,0.5713698927397854
2,base,AdaBoost,8,0.5275590551181102,0.5866141732283464,0.468503937007874,0.5246478873239436,0.5866141732283464,0.5539033457249071,0.5457560915121831
2,base,AdaBoost,9,0.5433070866141733,0.5236220472440944,0.562992125984252,0.5450819672131147,0.5236220472440944,0.5341365461847389,0.5696881393762787
2,base,AdaBoost,10,0.5807086614173228,0.5826771653543307,0.5787401574803149,0.5803921568627451,0.5826771653543307,0.581532416502947,0.5946586893173786
2,base,AdaBoost,11,0.5688976377952756,0.562992125984252,0.5748031496062992,0.5697211155378487,0.562992125984252,0.5663366336633663,0.5972471944943889
2,base,AdaBoost,12,0.5492125984251969,0.5590551181102362,0.5393700787401575,0.5482625482625483,0.5590551181102362,0.5536062378167641,0.5915276830553661
2,base,AdaBoost,13,0.5964566929133859,0.6181102362204725,0.5748031496062992,0.5924528301886792,0.6181102362204725,0.605009633911368,0.6496837993675987
2,base,AdaBoost,14,0.6417322834645669,0.6811023622047244,0.6023622047244095,0.6313868613138686,0.6811023622047244,0.6553030303030303,0.698508897017794
2,base,AdaBoost,15,0.6122047244094488,0.6062992125984252,0.6181102362204725,0.6135458167330677,0.6062992125984252,0.6099009900990099,0.6566588133176267
2,base,AdaBoost,16,0.6751968503937008,0.6968503937007874,0.6535433070866141,0.6679245283018868,0.6968503937007874,0.6820809248554913,0.7163261826523653
2,base,AdaBoost,17,0.6299212598425197,0.6259842519685039,0.6338582677165354,0.6309523809523809,0.6259842519685039,0.6284584980237155,0.704522909045818
2,base,AdaBoost,18,0.6181102362204725,0.6023622047244095,0.6338582677165354,0.6219512195121951,0.6023622047244095,0.612,0.6895343790687583
2,base,AdaBoost,19,0.6633858267716536,0.6771653543307087,0.6496062992125984,0.6590038314176245,0.6771653543307087,0.6679611650485436,0.7162409324818649
2,base,AdaBoost,20,0.6456692913385826,0.6417322834645669,0.6496062992125984,0.6468253968253969,0.6417322834645669,0.6442687747035574,0.7096069192138383
2,base,AdaBoost,21,0.6318897637795275,0.5905511811023622,0.6732283464566929,0.6437768240343348,0.5905511811023622,0.6160164271047228,0.6852098704197409
2,base,AdaBoost,22,0.6456692913385826,0.6496062992125984,0.6417322834645669,0.64453125,0.6496062992125984,0.6470588235294118,0.7092659185318371
2,base,AdaBoost,23,0.6515748031496063,0.6259842519685039,0.6771653543307087,0.6597510373443983,0.6259842519685039,0.6424242424242425,0.7331514663029326
2,base,AdaBoost,24,0.6377952755905512,0.6299212598425197,0.6456692913385826,0.64,0.6299212598425197,0.6349206349206349,0.7026939053878107
2,base,AdaBoost,25,0.610236220472441,0.610236220472441,0.610236220472441,0.610236220472441,0.610236220472441,0.610236220472441,0.6784053568107136
2,base,AdaBoost,26,0.6318897637795275,0.6377952755905512,0.6259842519685039,0.6303501945525292,0.6377952755905512,0.6340508806262231,0.699252898505797
2,base,AdaBoost,27,0.6358267716535433,0.6259842519685039,0.6456692913385826,0.6385542168674698,0.6259842519685039,0.6322067594433399,0.6855973711947423
2,base,AdaBoost,28,0.6220472440944882,0.6653543307086615,0.5787401574803149,0.6123188405797102,0.6653543307086615,0.6377358490566037,0.658999317998636
2,base,AdaBoost,29,0.6377952755905512,0.6181102362204725,0.65748031496063,0.6434426229508197,0.6181102362204725,0.6305220883534136,0.6801878603757208
2,base,AdaBoost,30,0.6377952755905512,0.6259842519685039,0.6496062992125984,0.6411290322580645,0.6259842519685039,0.6334661354581673,0.6928823857647715
2,base,AdaBoost,31,0.6141732283464567,0.6456692913385826,0.5826771653543307,0.6074074074074074,0.6456692913385826,0.6259541984732825,0.6595108190216381
2,base,AdaBoost,32,0.6181102362204725,0.5984251968503937,0.6377952755905512,0.6229508196721312,0.5984251968503937,0.6104417670682731,0.6713373426746853
3,base,LR,1,0.562992125984252,0.5590551181102362,0.5669291338582677,0.5634920634920635,0.5590551181102362,0.5612648221343873,0.5685721371442742
3,base,LR,2,0.5334645669291339,0.5354330708661418,0.531496062992126,0.5333333333333333,0.5354330708661418,0.5343811394891945,0.5479105958211917
3,base,LR,3,0.5433070866141733,0.5275590551181102,0.5590551181102362,0.5447154471544715,0.5275590551181102,0.536,0.5592256184512369
3,base,LR,4,0.5728346456692913,0.5826771653543307,0.562992125984252,0.5714285714285714,0.5826771653543307,0.5769980506822612,0.5757021514043028
3,base,LR,5,0.547244094488189,0.5393700787401575,0.5551181102362205,0.548,0.5393700787401575,0.5436507936507936,0.5923956847913696
3,base,LR,6,0.5669291338582677,0.5590551181102362,0.5748031496062992,0.568,0.5590551181102362,0.5634920634920635,0.598766197532395
3,base,LR,7,0.5846456692913385,0.5708661417322834,0.5984251968503937,0.5870445344129555,0.5708661417322834,0.5788423153692615,0.6310372620745242
3,base,LR,8,0.5748031496062992,0.5787401574803149,0.5708661417322834,0.57421875,0.5787401574803149,0.5764705882352941,0.6250387500775001
3,base,LR,9,0.5531496062992126,0.5196850393700787,0.5866141732283464,0.5569620253164557,0.5196850393700787,0.5376782077393075,0.595511191022382
3,base,LR,10,0.5905511811023622,0.5393700787401575,0.6417322834645669,0.6008771929824561,0.5393700787401575,0.5684647302904564,0.6256122512245025
3,base,LR,11,0.5885826771653543,0.5275590551181102,0.6496062992125984,0.600896860986547,0.5275590551181102,0.5618448637316562,0.6391747783495567
3,base,LR,12,0.6003937007874016,0.5826771653543307,0.6181102362204725,0.6040816326530613,0.5826771653543307,0.593186372745491,0.6428947857895715
3,base,LR,13,0.6259842519685039,0.6377952755905512,0.6141732283464567,0.6230769230769231,0.6377952755905512,0.6303501945525292,0.6753673507347016
3,base,LR,14,0.6417322834645669,0.6496062992125984,0.6338582677165354,0.6395348837209303,0.6496062992125984,0.64453125,0.706971913943828
3,base,LR,15,0.6535433070866141,0.6496062992125984,0.65748031496063,0.6547619047619048,0.6496062992125984,0.6521739130434783,0.7062279124558251
3,base,LR,16,0.6614173228346457,0.6496062992125984,0.6732283464566929,0.6653225806451613,0.6496062992125984,0.6573705179282868,0.7068789137578275
3,base,LR,17,0.6476377952755905,0.6299212598425197,0.6653543307086615,0.6530612244897959,0.6299212598425197,0.6412825651302605,0.7131409262818527
3,base,LR,18,0.6673228346456693,0.6299212598425197,0.7047244094488189,0.6808510638297872,0.6299212598425197,0.65439672801636,0.7132184264368528
3,base,LR,19,0.6476377952755905,0.6181102362204725,0.6771653543307087,0.6569037656903766,0.6181102362204725,0.6369168356997972,0.7092969185938373
3,base,LR,20,0.6535433070866141,0.6338582677165354,0.6732283464566929,0.6598360655737705,0.6338582677165354,0.6465863453815262,0.7134044268088536
3,base,LR,21,0.6614173228346457,0.6299212598425197,0.6929133858267716,0.6722689075630253,0.6299212598425197,0.6504065040650406,0.712009424018848
3,base,LR,22,0.6417322834645669,0.6141732283464567,0.6692913385826772,0.65,0.6141732283464567,0.631578947368421,0.6996713993427988
3,base,LR,23,0.6496062992125984,0.6259842519685039,0.6732283464566929,0.6570247933884298,0.6259842519685039,0.6411290322580645,0.7104284208568418
3,base,LR,24,0.6712598425196851,0.6338582677165354,0.7086614173228346,0.6851063829787234,0.6338582677165354,0.6584867075664622,0.7071734143468287
3,base,LR,25,0.6692913385826772,0.6377952755905512,0.7007874015748031,0.680672268907563,0.6377952755905512,0.6585365853658537,0.7054684109368219
3,base,LR,26,0.6614173228346457,0.65748031496063,0.6653543307086615,0.6626984126984127,0.65748031496063,0.6600790513833992,0.7089714179428359
3,base,LR,27,0.6633858267716536,0.6220472440944882,0.7047244094488189,0.6781115879828327,0.6220472440944882,0.648870636550308,0.7113894227788455
3,base,LR,28,0.6633858267716536,0.6220472440944882,0.7047244094488189,0.6781115879828327,0.6220472440944882,0.648870636550308,0.7220844441688883
3,base,LR,29,0.6594488188976378,0.5984251968503937,0.7204724409448819,0.6816143497757847,0.5984251968503937,0.6373165618448637,0.7150474300948603
3,base,LR,30,0.6653543307086615,0.6220472440944882,0.7086614173228346,0.6810344827586207,0.6220472440944882,0.6502057613168725,0.7157604315208632
3,base,LR,31,0.6358267716535433,0.6141732283464567,0.65748031496063,0.6419753086419753,0.6141732283464567,0.6277665995975855,0.7077934155868312
3,base,LR,32,0.6594488188976378,0.6417322834645669,0.6771653543307087,0.6653061224489796,0.6417322834645669,0.6533066132264529,0.7223479446958894
3,base,RF,1,0.5748031496062992,0.531496062992126,0.6181102362204725,0.5818965517241379,0.531496062992126,0.5555555555555556,0.5966039432078865
3,base,RF,2,0.5807086614173228,0.5826771653543307,0.5787401574803149,0.5803921568627451,0.5826771653543307,0.581532416502947,0.612979725959452
3,base,RF,3,0.5610236220472441,0.547244094488189,0.5748031496062992,0.562753036437247,0.547244094488189,0.5548902195608783,0.5928451856903714
3,base,RF,4,0.5748031496062992,0.515748031496063,0.6338582677165354,0.5848214285714286,0.515748031496063,0.5481171548117155,0.6086009672019344
3,base,RF,5,0.5708661417322834,0.5039370078740157,0.6377952755905512,0.5818181818181818,0.5039370078740157,0.540084388185654,0.5965884431768864
3,base,RF,6,0.5688976377952756,0.4881889763779528,0.6496062992125984,0.5821596244131455,0.4881889763779528,0.5310492505353319,0.5986654473308947
3,base,RF,7,0.5748031496062992,0.5236220472440944,0.6259842519685039,0.5833333333333334,0.5236220472440944,0.5518672199170125,0.6140182280364561
3,base,RF,8,0.5748031496062992,0.5275590551181102,0.6220472440944882,0.5826086956521739,0.5275590551181102,0.5537190082644629,0.601284952569905
3,base,RF,9,0.5413385826771654,0.48031496062992124,0.6023622047244095,0.547085201793722,0.48031496062992124,0.5115303983228512,0.5640771281542563
3,base,RF,10,0.5826771653543307,0.5393700787401575,0.6259842519685039,0.5905172413793104,0.5393700787401575,0.5637860082304527,0.630758261516523
3,base,RF,11,0.6062992125984252,0.562992125984252,0.6496062992125984,0.6163793103448276,0.562992125984252,0.588477366255144,0.6438170376340753
3,base,RF,12,0.5964566929133859,0.531496062992126,0.6614173228346457,0.6108597285067874,0.531496062992126,0.5684210526315789,0.6572943145886292
3,base,RF,13,0.6161417322834646,0.5393700787401575,0.6929133858267716,0.6372093023255814,0.5393700787401575,0.5842217484008528,0.6725385950771902
3,base,RF,14,0.6417322834645669,0.6220472440944882,0.6614173228346457,0.6475409836065574,0.6220472440944882,0.6345381526104418,0.6794671089342179
3,base,RF,15,0.6003937007874016,0.5866141732283464,0.6141732283464567,0.6032388663967612,0.5866141732283464,0.5948103792415169,0.6707870915741831
3,base,RF,16,0.6496062992125984,0.6338582677165354,0.6653543307086615,0.6544715447154471,0.6338582677165354,0.644,0.7297879595759191
3,base,RF,17,0.6437007874015748,0.610236220472441,0.6771653543307087,0.6540084388185654,0.610236220472441,0.6313645621181263,0.7009114018228036
3,base,RF,18,0.6377952755905512,0.6496062992125984,0.6259842519685039,0.6346153846153846,0.6496062992125984,0.642023346303502,0.7048174096348192
3,base,RF,19,0.6299212598425197,0.6338582677165354,0.6259842519685039,0.62890625,0.6338582677165354,0.6313725490196078,0.7034224068448137
3,base,RF,20,0.6476377952755905,0.6771653543307087,0.6181102362204725,0.6394052044609665,0.6771653543307087,0.6577437858508605,0.7093201686403372
3,base,RF,21,0.6358267716535433,0.6535433070866141,0.6181102362204725,0.6311787072243346,0.6535433070866141,0.6421663442940039,0.7015934031868064
3,base,RF,22,0.6259842519685039,0.6220472440944882,0.6299212598425197,0.626984126984127,0.6220472440944882,0.6245059288537549,0.6875736251472503
3,base,RF,23,0.6141732283464567,0.6259842519685039,0.6023622047244095,0.6115384615384616,0.6259842519685039,0.6186770428015564,0.6917353834707669
3,base,RF,24,0.6318897637795275,0.6535433070866141,0.610236220472441,0.6264150943396226,0.6535433070866141,0.6396917148362236,0.6887903775807552
3,base,RF,25,0.610236220472441,0.610236220472441,0.610236220472441,0.610236220472441,0.610236220472441,0.610236220472441,0.6777001054002108
3,base,RF,26,0.6220472440944882,0.6417322834645669,0.6023622047244095,0.6174242424242424,0.6417322834645669,0.6293436293436293,0.6818851137702275
3,base,RF,27,0.6417322834645669,0.6141732283464567,0.6692913385826772,0.65,0.6141732283464567,0.631578947368421,0.6953081406162813
3,base,RF,28,0.6279527559055118,0.6181102362204725,0.6377952755905512,0.6305220883534136,0.6181102362204725,0.6242544731610338,0.682264864529729
3,base,RF,29,0.6496062992125984,0.65748031496063,0.6417322834645669,0.6472868217054264,0.65748031496063,0.65234375,0.6931691363382727
3,base,RF,30,0.6181102362204725,0.594488188976378,0.6417322834645669,0.6239669421487604,0.594488188976378,0.6088709677419355,0.6837373674747349
3,base,RF,31,0.6279527559055118,0.5984251968503937,0.65748031496063,0.6359832635983264,0.5984251968503937,0.6166328600405679,0.6876821253642507
3,base,RF,32,0.6082677165354331,0.5866141732283464,0.6299212598425197,0.6131687242798354,0.5866141732283464,0.5995975855130785,0.6668578337156674
3,base,AdaBoost,1,0.5748031496062992,0.5826771653543307,0.5669291338582677,0.5736434108527132,0.5826771653543307,0.578125,0.5842039184078368
3,base,AdaBoost,2,0.5610236220472441,0.5551181102362205,0.5669291338582677,0.5617529880478087,0.5551181102362205,0.5584158415841585,0.5866529233058466
3,base,AdaBoost,3,0.5570866141732284,0.5511811023622047,0.562992125984252,0.5577689243027888,0.5511811023622047,0.5544554455445545,0.5819564139128278
3,base,AdaBoost,4,0.5551181102362205,0.531496062992126,0.5787401574803149,0.5578512396694215,0.531496062992126,0.5443548387096774,0.5795306590613181
3,base,AdaBoost,5,0.5393700787401575,0.531496062992126,0.547244094488189,0.54,0.531496062992126,0.5357142857142857,0.5469650939301879
3,base,AdaBoost,6,0.5236220472440944,0.5236220472440944,0.5236220472440944,0.5236220472440944,0.5236220472440944,0.5236220472440944,0.5568231136462273
3,base,AdaBoost,7,0.5551181102362205,0.5275590551181102,0.5826771653543307,0.5583333333333333,0.5275590551181102,0.5425101214574899,0.5778489056978113
3,base,AdaBoost,8,0.5492125984251969,0.5078740157480315,0.5905511811023622,0.5536480686695279,0.5078740157480315,0.5297741273100616,0.5738653977307955
3,base,AdaBoost,9,0.5433070866141733,0.5354330708661418,0.5511811023622047,0.544,0.5354330708661418,0.5396825396825397,0.5448105896211792
3,base,AdaBoost,10,0.5807086614173228,0.547244094488189,0.6141732283464567,0.5864978902953587,0.547244094488189,0.5661914460285132,0.6099572199144399
3,base,AdaBoost,11,0.5767716535433071,0.5669291338582677,0.5866141732283464,0.5783132530120482,0.5669291338582677,0.5725646123260437,0.606996713993428
3,base,AdaBoost,12,0.5846456692913385,0.531496062992126,0.6377952755905512,0.5947136563876652,0.531496062992126,0.5613305613305614,0.6077019654039308
3,base,AdaBoost,13,0.6200787401574803,0.5826771653543307,0.65748031496063,0.6297872340425532,0.5826771653543307,0.6053169734151329,0.6382602765205531
3,base,AdaBoost,14,0.6003937007874016,0.5984251968503937,0.6023622047244095,0.6007905138339921,0.5984251968503937,0.5996055226824457,0.6510555521111042
3,base,AdaBoost,15,0.6299212598425197,0.6141732283464567,0.6456692913385826,0.6341463414634146,0.6141732283464567,0.624,0.6753518507037013
3,base,AdaBoost,16,0.6279527559055118,0.6259842519685039,0.6299212598425197,0.6284584980237155,0.6259842519685039,0.6272189349112426,0.672972595945192
3,base,AdaBoost,17,0.6377952755905512,0.6614173228346457,0.6141732283464567,0.631578947368421,0.6614173228346457,0.6461538461538462,0.6890616281232562
3,base,AdaBoost,18,0.6200787401574803,0.6338582677165354,0.6062992125984252,0.6168582375478927,0.6338582677165354,0.625242718446602,0.6764678529357058
3,base,AdaBoost,19,0.6043307086614174,0.6496062992125984,0.5590551181102362,0.5956678700361011,0.6496062992125984,0.6214689265536724,0.6483895467790936
3,base,AdaBoost,20,0.6318897637795275,0.6417322834645669,0.6220472440944882,0.6293436293436293,0.6417322834645669,0.6354775828460039,0.6824353648707298
3,base,AdaBoost,21,0.6122047244094488,0.6062992125984252,0.6181102362204725,0.6135458167330677,0.6062992125984252,0.6099009900990099,0.6783666067332136
3,base,AdaBoost,22,0.65748031496063,0.6259842519685039,0.6889763779527559,0.6680672268907563,0.6259842519685039,0.6463414634146342,0.7128619257238514
3,base,AdaBoost,23,0.610236220472441,0.6614173228346457,0.5590551181102362,0.6,0.6614173228346457,0.6292134831460674,0.6756153512307024
3,base,AdaBoost,24,0.6377952755905512,0.6889763779527559,0.5866141732283464,0.625,0.6889763779527559,0.6554307116104869,0.6723138446276893
3,base,AdaBoost,25,0.6220472440944882,0.6299212598425197,0.6141732283464567,0.6201550387596899,0.6299212598425197,0.625,0.6651295802591606
3,base,AdaBoost,26,0.6220472440944882,0.610236220472441,0.6338582677165354,0.625,0.610236220472441,0.6175298804780877,0.6780798561597123
3,base,AdaBoost,27,0.5728346456692913,0.562992125984252,0.5826771653543307,0.5742971887550201,0.562992125984252,0.5685884691848907,0.638244776489553
3,base,AdaBoost,28,0.6003937007874016,0.5905511811023622,0.610236220472441,0.6024096385542169,0.5905511811023622,0.5964214711729622,0.6518693037386074
3,base,AdaBoost,29,0.6220472440944882,0.6377952755905512,0.6062992125984252,0.6183206106870229,0.6377952755905512,0.627906976744186,0.6598828197656396
3,base,AdaBoost,30,0.6535433070866141,0.6338582677165354,0.6732283464566929,0.6598360655737705,0.6338582677165354,0.6465863453815262,0.7054994109988221
3,base,AdaBoost,31,0.5964566929133859,0.5984251968503937,0.594488188976378,0.596078431372549,0.5984251968503937,0.5972495088408645,0.6463357926715854
3,base,AdaBoost,32,0.5728346456692913,0.5748031496062992,0.5708661417322834,0.5725490196078431,0.5748031496062992,0.5736738703339882,0.6063147126294253
4,base,LR,1,0.515748031496063,0.4763779527559055,0.5551181102362205,0.5170940170940171,0.4763779527559055,0.4959016393442623,0.5408425816851634
4,base,LR,2,0.5492125984251969,0.5236220472440944,0.5748031496062992,0.5518672199170125,0.5236220472440944,0.5373737373737374,0.5725091450182901
4,base,LR,3,0.5610236220472441,0.5236220472440944,0.5984251968503937,0.5659574468085107,0.5236220472440944,0.5439672801635992,0.5893576787153575
4,base,LR,4,0.5590551181102362,0.547244094488189,0.5708661417322834,0.5604838709677419,0.547244094488189,0.5537848605577689,0.5806156612313225
4,base,LR,5,0.5492125984251969,0.515748031496063,0.5826771653543307,0.5527426160337553,0.515748031496063,0.5336048879837068,0.5806311612623225
4,base,LR,6,0.5708661417322834,0.562992125984252,0.5787401574803149,0.572,0.562992125984252,0.5674603174603174,0.6001147002294004
4,base,LR,7,0.531496062992126,0.5354330708661418,0.5275590551181102,0.53125,0.5354330708661418,0.5333333333333333,0.5828011656023312
4,base,LR,8,0.5669291338582677,0.594488188976378,0.5393700787401575,0.5634328358208955,0.594488188976378,0.578544061302682,0.5901946803893607
4,base,LR,9,0.5846456692913385,0.5866141732283464,0.5826771653543307,0.5843137254901961,0.5866141732283464,0.5854616895874263,0.6069192138384277
4,base,LR,10,0.594488188976378,0.562992125984252,0.6259842519685039,0.6008403361344538,0.562992125984252,0.5813008130081301,0.6400272800545601
4,base,LR,11,0.6299212598425197,0.6062992125984252,0.6535433070866141,0.6363636363636364,0.6062992125984252,0.6209677419354839,0.6568448136896274
4,base,LR,12,0.6259842519685039,0.6220472440944882,0.6299212598425197,0.626984126984127,0.6220472440944882,0.6245059288537549,0.6684388368776738
4,base,LR,13,0.6259842519685039,0.6181102362204725,0.6338582677165354,0.628,0.6181102362204725,0.623015873015873,0.6766693533387067
4,base,LR,14,0.6712598425196851,0.6929133858267716,0.6496062992125984,0.6641509433962264,0.6929133858267716,0.6782273603082851,0.7316014632029264
4,base,LR,15,0.6673228346456693,0.6889763779527559,0.6456692913385826,0.660377358490566,0.6889763779527559,0.674373795761079,0.7293229586459173
4,base,LR,16,0.6633858267716536,0.6653543307086615,0.6614173228346457,0.6627450980392157,0.6653543307086615,0.6640471512770137,0.7266414532829065
4,base,LR,17,0.6614173228346457,0.6653543307086615,0.65748031496063,0.66015625,0.6653543307086615,0.6627450980392157,0.7185814371628744
4,base,LR,18,0.6712598425196851,0.6771653543307087,0.6653543307086615,0.669260700389105,0.6771653543307087,0.6731898238747553,0.7394289788579578
4,base,LR,19,0.65748031496063,0.6771653543307087,0.6377952755905512,0.6515151515151515,0.6771653543307087,0.6640926640926641,0.7396149792299586
4,base,LR,20,0.6771653543307087,0.7086614173228346,0.6456692913385826,0.6666666666666666,0.7086614173228346,0.6870229007633588,0.7318649637299275
4,base,LR,21,0.6692913385826772,0.6929133858267716,0.6456692913385826,0.6616541353383458,0.6929133858267716,0.676923076923077,0.7394909789819579
4,base,LR,22,0.6614173228346457,0.6850393700787402,0.6377952755905512,0.6541353383458647,0.6850393700787402,0.6692307692307692,0.7299119598239197
4,base,LR,23,0.6515748031496063,0.6811023622047244,0.6220472440944882,0.6431226765799256,0.6811023622047244,0.6615678776290631,0.7268274536549072
4,base,LR,24,0.6535433070866141,0.6889763779527559,0.6181102362204725,0.6433823529411765,0.6889763779527559,0.6653992395437263,0.7183644367288735
4,base,LR,25,0.6535433070866141,0.6929133858267716,0.6141732283464567,0.6423357664233577,0.6929133858267716,0.6666666666666666,0.714241428482857
4,base,LR,26,0.6633858267716536,0.6889763779527559,0.6377952755905512,0.6554307116104869,0.6889763779527559,0.6717850287907869,0.7214179428358858
4,base,LR,27,0.6496062992125984,0.6889763779527559,0.610236220472441,0.6386861313868614,0.6889763779527559,0.6628787878787878,0.7168299336598674
4,base,LR,28,0.6633858267716536,0.7007874015748031,0.6259842519685039,0.652014652014652,0.7007874015748031,0.6755218216318786,0.7222704445408891
4,base,LR,29,0.6456692913385826,0.6732283464566929,0.6181102362204725,0.6380597014925373,0.6732283464566929,0.6551724137931034,0.7158999317998636
4,base,LR,30,0.6653543307086615,0.6968503937007874,0.6338582677165354,0.6555555555555556,0.6968503937007874,0.6755725190839694,0.7214644429288858
4,base,LR,31,0.6437007874015748,0.6889763779527559,0.5984251968503937,0.631768953068592,0.6889763779527559,0.6591337099811676,0.7096534193068386
4,base,LR,32,0.6751968503937008,0.7047244094488189,0.6456692913385826,0.6654275092936803,0.7047244094488189,0.6845124282982792,0.7094674189348378
4,base,RF,1,0.5688976377952756,0.5669291338582677,0.5708661417322834,0.5691699604743083,0.5669291338582677,0.5680473372781065,0.6007967015934031
4,base,RF,2,0.5787401574803149,0.594488188976378,0.562992125984252,0.5763358778625954,0.594488188976378,0.5852713178294574,0.6119722239444481
4,base,RF,3,0.5688976377952756,0.562992125984252,0.5748031496062992,0.5697211155378487,0.562992125984252,0.5663366336633663,0.595697191394383
4,base,RF,4,0.5118110236220472,0.484251968503937,0.5393700787401575,0.5125,0.484251968503937,0.4979757085020243,0.5576136152272304
4,base,RF,5,0.5354330708661418,0.5433070866141733,0.5275590551181102,0.5348837209302325,0.5433070866141733,0.5390625,0.5913416826833653
4,base,RF,6,0.5551181102362205,0.5511811023622047,0.5590551181102362,0.5555555555555556,0.5511811023622047,0.5533596837944664,0.5838629177258354
4,base,RF,7,0.5196850393700787,0.515748031496063,0.5236220472440944,0.5198412698412699,0.515748031496063,0.5177865612648221,0.5678978857957715
4,base,RF,8,0.5728346456692913,0.547244094488189,0.5984251968503937,0.5767634854771784,0.547244094488189,0.5616161616161616,0.6052297104594209
4,base,RF,9,0.547244094488189,0.5354330708661418,0.5590551181102362,0.5483870967741935,0.5354330708661418,0.5418326693227091,0.5871489242978486
4,base,RF,10,0.5846456692913385,0.5590551181102362,0.610236220472441,0.5892116182572614,0.5590551181102362,0.5737373737373738,0.6335327670655341
4,base,RF,11,0.5748031496062992,0.5393700787401575,0.610236220472441,0.5805084745762712,0.5393700787401575,0.5591836734693878,0.6080584661169322
4,base,RF,12,0.5787401574803149,0.5590551181102362,0.5984251968503937,0.5819672131147541,0.5590551181102362,0.570281124497992,0.6168469836939674
4,base,RF,13,0.6200787401574803,0.5866141732283464,0.6535433070866141,0.6286919831223629,0.5866141732283464,0.6069246435845214,0.6855431210862422
4,base,RF,14,0.6358267716535433,0.6062992125984252,0.6653543307086615,0.6443514644351465,0.6062992125984252,0.6247464503042597,0.6978423956847914
4,base,RF,15,0.6594488188976378,0.6535433070866141,0.6653543307086615,0.6613545816733067,0.6535433070866141,0.6574257425742575,0.7197206894413788
4,base,RF,16,0.6692913385826772,0.65748031496063,0.6811023622047244,0.6733870967741935,0.65748031496063,0.6653386454183267,0.7486747473494947
4,base,RF,17,0.6692913385826772,0.6456692913385826,0.6929133858267716,0.6776859504132231,0.6456692913385826,0.6612903225806451,0.7235569471138943
4,base,RF,18,0.655511811023622,0.6496062992125984,0.6614173228346457,0.6573705179282868,0.6496062992125984,0.6534653465346535,0.7310899621799244
4,base,RF,19,0.6614173228346457,0.6141732283464567,0.7086614173228346,0.6782608695652174,0.6141732283464567,0.6446280991735537,0.738529977059954
4,base,RF,20,0.6633858267716536,0.6259842519685039,0.7007874015748031,0.676595744680851,0.6259842519685039,0.6503067484662577,0.7272072044144088
4,base,RF,21,0.6496062992125984,0.610236220472441,0.6889763779527559,0.6623931623931624,0.610236220472441,0.6352459016393442,0.7480702461404923
4,base,RF,22,0.639763779527559,0.6220472440944882,0.65748031496063,0.6448979591836734,0.6220472440944882,0.6332665330661322,0.7174731849463699
4,base,RF,23,0.639763779527559,0.6220472440944882,0.65748031496063,0.6448979591836734,0.6220472440944882,0.6332665330661322,0.7167679335358671
4,base,RF,24,0.6732283464566929,0.6889763779527559,0.65748031496063,0.6679389312977099,0.6889763779527559,0.6782945736434108,0.7454584909169818
4,base,RF,25,0.655511811023622,0.6377952755905512,0.6732283464566929,0.6612244897959184,0.6377952755905512,0.6492985971943888,0.7095836691673384
4,base,RF,26,0.65748031496063,0.6141732283464567,0.7007874015748031,0.6724137931034483,0.6141732283464567,0.6419753086419753,0.7185814371628744
4,base,RF,27,0.6417322834645669,0.5748031496062992,0.7086614173228346,0.6636363636363637,0.5748031496062992,0.6160337552742616,0.7091806683613369
4,base,RF,28,0.6417322834645669,0.610236220472441,0.6732283464566929,0.6512605042016807,0.610236220472441,0.6300813008130082,0.7128464256928515
4,base,RF,29,0.65748031496063,0.6141732283464567,0.7007874015748031,0.6724137931034483,0.6141732283464567,0.6419753086419753,0.7222549445098889
4,base,RF,30,0.6456692913385826,0.6062992125984252,0.6850393700787402,0.6581196581196581,0.6062992125984252,0.6311475409836066,0.7109709219418439
4,base,RF,31,0.6279527559055118,0.610236220472441,0.6456692913385826,0.6326530612244898,0.610236220472441,0.6212424849699398,0.7069254138508277
4,base,RF,32,0.6338582677165354,0.6062992125984252,0.6614173228346457,0.6416666666666667,0.6062992125984252,0.6234817813765182,0.681032612065224
4,base,AdaBoost,1,0.5354330708661418,0.5275590551181102,0.5433070866141733,0.536,0.5275590551181102,0.5317460317460317,0.5330770661541323
4,base,AdaBoost,2,0.5393700787401575,0.5393700787401575,0.5393700787401575,0.5393700787401575,0.5393700787401575,0.5393700787401575,0.5321393142786286
4,base,AdaBoost,3,0.4940944881889764,0.5078740157480315,0.48031496062992124,0.4942528735632184,0.5078740157480315,0.5009708737864078,0.5172050344100688
4,base,AdaBoost,4,0.48031496062992124,0.5275590551181102,0.4330708661417323,0.48201438848920863,0.5275590551181102,0.5037593984962406,0.5136555273110546
4,base,AdaBoost,5,0.547244094488189,0.5590551181102362,0.5354330708661418,0.5461538461538461,0.5590551181102362,0.5525291828793775,0.5619071238142477
4,base,AdaBoost,6,0.5334645669291339,0.547244094488189,0.5196850393700787,0.5325670498084292,0.547244094488189,0.5398058252427185,0.5619071238142476
4,base,AdaBoost,7,0.5570866141732284,0.5826771653543307,0.531496062992126,0.5543071161048689,0.5826771653543307,0.5681381957773513,0.5746791493582988
4,base,AdaBoost,8,0.5,0.5275590551181102,0.47244094488188976,0.5,0.5275590551181102,0.5134099616858238,0.5230407960815922
4,base,AdaBoost,9,0.5807086614173228,0.594488188976378,0.5669291338582677,0.578544061302682,0.594488188976378,0.5864077669902913,0.5918764337528675
4,base,AdaBoost,10,0.5570866141732284,0.5905511811023622,0.5236220472440944,0.5535055350553506,0.5905511811023622,0.5714285714285714,0.5916129332258665
4,base,AdaBoost,11,0.5846456692913385,0.5787401574803149,0.5905511811023622,0.5856573705179283,0.5787401574803149,0.5821782178217821,0.6147002294004588
4,base,AdaBoost,12,0.5866141732283464,0.6141732283464567,0.5590551181102362,0.582089552238806,0.6141732283464567,0.5977011494252874,0.6239459978919959
4,base,AdaBoost,13,0.6259842519685039,0.6220472440944882,0.6299212598425197,0.626984126984127,0.6220472440944882,0.6245059288537549,0.6489320478640956
4,base,AdaBoost,14,0.6003937007874016,0.6259842519685039,0.5748031496062992,0.5955056179775281,0.6259842519685039,0.6103646833013435,0.6605880711761423
4,base,AdaBoost,15,0.6456692913385826,0.6535433070866141,0.6377952755905512,0.6434108527131783,0.6535433070866141,0.6484375,0.6786688573377146
4,base,AdaBoost,16,0.6318897637795275,0.594488188976378,0.6692913385826772,0.6425531914893617,0.594488188976378,0.6175869120654397,0.7086846673693347
4,base,AdaBoost,17,0.6653543307086615,0.7007874015748031,0.6299212598425197,0.6544117647058824,0.7007874015748031,0.6768060836501901,0.7231306962613925
4,base,AdaBoost,18,0.6515748031496063,0.6771653543307087,0.6259842519685039,0.6441947565543071,0.6771653543307087,0.6602687140115163,0.7188294376588753
4,base,AdaBoost,19,0.655511811023622,0.6456692913385826,0.6653543307086615,0.6586345381526104,0.6456692913385826,0.6520874751491054,0.7001829003658008
4,base,AdaBoost,20,0.6358267716535433,0.610236220472441,0.6614173228346457,0.6431535269709544,0.610236220472441,0.6262626262626263,0.7184574369148738
4,base,AdaBoost,21,0.6496062992125984,0.6417322834645669,0.65748031496063,0.652,0.6417322834645669,0.6468253968253969,0.6945098890197781
4,base,AdaBoost,22,0.6417322834645669,0.6377952755905512,0.6456692913385826,0.6428571428571429,0.6377952755905512,0.6403162055335968,0.6973773947547894
4,base,AdaBoost,23,0.6338582677165354,0.6299212598425197,0.6377952755905512,0.6349206349206349,0.6299212598425197,0.6324110671936759,0.6975091450182901
4,base,AdaBoost,24,0.6417322834645669,0.65748031496063,0.6259842519685039,0.6374045801526718,0.65748031496063,0.6472868217054264,0.7149621799243598
4,base,AdaBoost,25,0.6496062992125984,0.6377952755905512,0.6614173228346457,0.6532258064516129,0.6377952755905512,0.6454183266932271,0.6950833901667803
4,base,AdaBoost,26,0.655511811023622,0.6496062992125984,0.6614173228346457,0.6573705179282868,0.6496062992125984,0.6534653465346535,0.7131874263748529
4,base,AdaBoost,27,0.6594488188976378,0.6456692913385826,0.6732283464566929,0.6639676113360324,0.6456692913385826,0.654690618762475,0.717256184512369
4,base,AdaBoost,28,0.6181102362204725,0.5905511811023622,0.6456692913385826,0.625,0.5905511811023622,0.6072874493927125,0.6827298654597309
4,base,AdaBoost,29,0.6437007874015748,0.6338582677165354,0.6535433070866141,0.6465863453815262,0.6338582677165354,0.6401590457256461,0.6836443672887346
4,base,AdaBoost,30,0.610236220472441,0.6456692913385826,0.5748031496062992,0.6029411764705882,0.6456692913385826,0.623574144486692,0.6739258478516956
4,base,AdaBoost,31,0.6377952755905512,0.610236220472441,0.6653543307086615,0.6458333333333334,0.610236220472441,0.6275303643724697,0.680730361460723
4,base,AdaBoost,32,0.6318897637795275,0.6299212598425197,0.6338582677165354,0.6324110671936759,0.6299212598425197,0.631163708086785,0.6998883997767995
0,GradDiff,LR,1,0.5826771653543307,0.6141732283464567,0.5511811023622047,0.5777777777777777,0.6141732283464567,0.5954198473282443,0.5931861863723726
0,GradDiff,LR,2,0.5885826771653543,0.6141732283464567,0.562992125984252,0.5842696629213483,0.6141732283464567,0.5988483685220729,0.5977121954243908
0,GradDiff,LR,3,0.562992125984252,0.5433070866141733,0.5826771653543307,0.5655737704918032,0.5433070866141733,0.5542168674698795,0.6011532023064046
0,GradDiff,LR,4,0.5866141732283464,0.6141732283464567,0.5590551181102362,0.582089552238806,0.6141732283464567,0.5977011494252874,0.6073377146754293
0,GradDiff,LR,5,0.5511811023622047,0.5748031496062992,0.5275590551181102,0.5488721804511278,0.5748031496062992,0.5615384615384615,0.5839636679273359
0,GradDiff,LR,6,0.5767716535433071,0.5511811023622047,0.6023622047244095,0.5809128630705395,0.5511811023622047,0.5656565656565656,0.6001767003534006
0,GradDiff,LR,7,0.5728346456692913,0.5984251968503937,0.547244094488189,0.5692883895131086,0.5984251968503937,0.5834932821497121,0.6061907123814247
0,GradDiff,LR,8,0.5748031496062992,0.594488188976378,0.5551181102362205,0.571969696969697,0.594488188976378,0.583011583011583,0.6068417136834274
0,GradDiff,LR,9,0.6082677165354331,0.6181102362204725,0.5984251968503937,0.6061776061776062,0.6181102362204725,0.6120857699805068,0.6323547647095294
0,GradDiff,LR,10,0.5885826771653543,0.6141732283464567,0.562992125984252,0.5842696629213483,0.6141732283464567,0.5988483685220729,0.6264337528675058
0,GradDiff,LR,11,0.5885826771653543,0.5787401574803149,0.5984251968503937,0.5903614457831325,0.5787401574803149,0.584493041749503,0.6375782751565504
0,GradDiff,LR,12,0.610236220472441,0.6456692913385826,0.5748031496062992,0.6029411764705882,0.6456692913385826,0.623574144486692,0.6527683055366111
0,GradDiff,LR,13,0.6437007874015748,0.6456692913385826,0.6417322834645669,0.6431372549019608,0.6456692913385826,0.6444007858546169,0.6734608469216938
0,GradDiff,LR,14,0.6082677165354331,0.5787401574803149,0.6377952755905512,0.6150627615062761,0.5787401574803149,0.5963488843813387,0.6501953003906007
0,GradDiff,LR,15,0.6062992125984252,0.5905511811023622,0.6220472440944882,0.6097560975609756,0.5905511811023622,0.6,0.6356407712815426
0,GradDiff,LR,16,0.59251968503937,0.5866141732283464,0.5984251968503937,0.5936254980079682,0.5866141732283464,0.5900990099009901,0.6394382788765578
0,GradDiff,LR,17,0.6062992125984252,0.5905511811023622,0.6220472440944882,0.6097560975609756,0.5905511811023622,0.6,0.6405387810775622
0,GradDiff,LR,18,0.6141732283464567,0.6023622047244095,0.6259842519685039,0.6169354838709677,0.6023622047244095,0.6095617529880478,0.6348657697315395
0,GradDiff,LR,19,0.5984251968503937,0.5748031496062992,0.6220472440944882,0.6033057851239669,0.5748031496062992,0.5887096774193549,0.6267437534875069
0,GradDiff,LR,20,0.5885826771653543,0.5708661417322834,0.6062992125984252,0.5918367346938775,0.5708661417322834,0.5811623246492986,0.6257362514725029
0,GradDiff,LR,21,0.5905511811023622,0.5787401574803149,0.6023622047244095,0.592741935483871,0.5787401574803149,0.5856573705179283,0.6104067208134416
0,GradDiff,LR,22,0.5846456692913385,0.5551181102362205,0.6141732283464567,0.5899581589958159,0.5551181102362205,0.5720081135902637,0.6148397296794593
0,GradDiff,LR,23,0.5964566929133859,0.610236220472441,0.5826771653543307,0.5938697318007663,0.610236220472441,0.6019417475728155,0.6214582429164859
0,GradDiff,LR,24,0.610236220472441,0.6023622047244095,0.6181102362204725,0.612,0.6023622047244095,0.6071428571428571,0.6184822369644739
0,GradDiff,LR,25,0.6141732283464567,0.5866141732283464,0.6417322834645669,0.6208333333333333,0.5866141732283464,0.6032388663967612,0.6196292392584786
0,GradDiff,LR,26,0.6003937007874016,0.5708661417322834,0.6299212598425197,0.606694560669456,0.5708661417322834,0.5882352941176471,0.6164517329034658
0,GradDiff,LR,27,0.594488188976378,0.5590551181102362,0.6299212598425197,0.6016949152542372,0.5590551181102362,0.5795918367346938,0.6296732593465186
0,GradDiff,LR,28,0.5728346456692913,0.5787401574803149,0.5669291338582677,0.5719844357976653,0.5787401574803149,0.5753424657534246,0.6077252154504309
0,GradDiff,LR,29,0.5708661417322834,0.5433070866141733,0.5984251968503937,0.575,0.5433070866141733,0.5587044534412956,0.6191952383904767
0,GradDiff,LR,30,0.6141732283464567,0.6023622047244095,0.6259842519685039,0.6169354838709677,0.6023622047244095,0.6095617529880478,0.6437782875565752
0,GradDiff,LR,31,0.59251968503937,0.6181102362204725,0.5669291338582677,0.5880149812734082,0.6181102362204725,0.6026871401151631,0.6236747473494947
0,GradDiff,LR,32,0.5492125984251969,0.531496062992126,0.5669291338582677,0.5510204081632653,0.531496062992126,0.5410821643286573,0.578724657449315
0,GradDiff,RF,1,0.5610236220472441,0.5787401574803149,0.5433070866141733,0.55893536121673,0.5787401574803149,0.5686653771760155,0.585490420980842
0,GradDiff,RF,2,0.59251968503937,0.5433070866141733,0.6417322834645669,0.6026200873362445,0.5433070866141733,0.5714285714285714,0.608996217992436
0,GradDiff,RF,3,0.5492125984251969,0.4881889763779528,0.610236220472441,0.5560538116591929,0.4881889763779528,0.519916142557652,0.5873271746543492
0,GradDiff,RF,4,0.5728346456692913,0.5236220472440944,0.6220472440944882,0.5807860262008734,0.5236220472440944,0.5507246376811594,0.5899156798313597
0,GradDiff,RF,5,0.5669291338582677,0.5196850393700787,0.6141732283464567,0.5739130434782609,0.5196850393700787,0.5454545454545454,0.5957204414408829
0,GradDiff,RF,6,0.5826771653543307,0.5669291338582677,0.5984251968503937,0.5853658536585366,0.5669291338582677,0.576,0.6123829747659495
0,GradDiff,RF,7,0.5551181102362205,0.531496062992126,0.5787401574803149,0.5578512396694215,0.531496062992126,0.5443548387096774,0.5803289106578213
0,GradDiff,RF,8,0.5767716535433071,0.5275590551181102,0.6259842519685039,0.5851528384279476,0.5275590551181102,0.5548654244306418,0.6033309566619132
0,GradDiff,RF,9,0.5688976377952756,0.5511811023622047,0.5866141732283464,0.5714285714285714,0.5511811023622047,0.561122244488978,0.605996961993924
0,GradDiff,RF,10,0.5866141732283464,0.5708661417322834,0.6023622047244095,0.5894308943089431,0.5708661417322834,0.58,0.6171802343604688
0,GradDiff,RF,11,0.6181102362204725,0.6338582677165354,0.6023622047244095,0.6145038167938931,0.6338582677165354,0.624031007751938,0.6408565317130634
0,GradDiff,RF,12,0.5807086614173228,0.5590551181102362,0.6023622047244095,0.5843621399176955,0.5590551181102362,0.5714285714285714,0.6208537417074833
0,GradDiff,RF,13,0.5708661417322834,0.5511811023622047,0.5905511811023622,0.5737704918032787,0.5511811023622047,0.5622489959839357,0.6198694897389796
0,GradDiff,RF,14,0.531496062992126,0.47244094488188976,0.5905511811023622,0.5357142857142857,0.47244094488188976,0.502092050209205,0.5668516337032673
0,GradDiff,RF,15,0.5649606299212598,0.5354330708661418,0.594488188976378,0.5690376569037657,0.5354330708661418,0.5517241379310345,0.5895514291028582
0,GradDiff,RF,16,0.5492125984251969,0.4921259842519685,0.6062992125984252,0.5555555555555556,0.4921259842519685,0.5219206680584552,0.5661851323702647
0,GradDiff,RF,17,0.547244094488189,0.5433070866141733,0.5511811023622047,0.5476190476190477,0.5433070866141733,0.5454545454545454,0.583483166966334
0,GradDiff,RF,18,0.5492125984251969,0.49606299212598426,0.6023622047244095,0.5550660792951542,0.49606299212598426,0.5239085239085239,0.560473370946742
0,GradDiff,RF,19,0.5551181102362205,0.5393700787401575,0.5708661417322834,0.556910569105691,0.5393700787401575,0.548,0.5781434062868125
0,GradDiff,RF,20,0.5551181102362205,0.5118110236220472,0.5984251968503937,0.5603448275862069,0.5118110236220472,0.5349794238683128,0.5869939239878479
0,GradDiff,RF,21,0.5511811023622047,0.5275590551181102,0.5748031496062992,0.5537190082644629,0.5275590551181102,0.5403225806451613,0.569711389422779
0,GradDiff,RF,22,0.5669291338582677,0.547244094488189,0.5866141732283464,0.569672131147541,0.547244094488189,0.5582329317269076,0.5920934341868684
0,GradDiff,RF,23,0.5393700787401575,0.468503937007874,0.610236220472441,0.5458715596330275,0.468503937007874,0.5042372881355932,0.5689596379192757
0,GradDiff,RF,24,0.5374015748031497,0.5118110236220472,0.562992125984252,0.5394190871369294,0.5118110236220472,0.5252525252525253,0.5350300700601401
0,GradDiff,RF,25,0.5393700787401575,0.5236220472440944,0.5551181102362205,0.540650406504065,0.5236220472440944,0.532,0.5457173414346829
0,GradDiff,RF,26,0.547244094488189,0.5393700787401575,0.5551181102362205,0.548,0.5393700787401575,0.5436507936507936,0.5566526133052265
0,GradDiff,RF,27,0.5570866141732284,0.5275590551181102,0.5866141732283464,0.5606694560669456,0.5275590551181102,0.5436105476673428,0.5598456196912395
0,GradDiff,RF,28,0.531496062992126,0.4921259842519685,0.5708661417322834,0.5341880341880342,0.4921259842519685,0.5122950819672131,0.537238824477649
0,GradDiff,RF,29,0.547244094488189,0.547244094488189,0.547244094488189,0.547244094488189,0.547244094488189,0.547244094488189,0.5764849029698059
0,GradDiff,RF,30,0.5354330708661418,0.5275590551181102,0.5433070866141733,0.536,0.5275590551181102,0.5317460317460317,0.5535991071982144
0,GradDiff,RF,31,0.515748031496063,0.5118110236220472,0.5196850393700787,0.5158730158730159,0.5118110236220472,0.5138339920948617,0.5179490358980718
0,GradDiff,RF,32,0.5452755905511811,0.5275590551181102,0.562992125984252,0.5469387755102041,0.5275590551181102,0.5370741482965932,0.5520181040362081
0,GradDiff,AdaBoost,1,0.5433070866141733,0.5039370078740157,0.5826771653543307,0.5470085470085471,0.5039370078740157,0.5245901639344263,0.5647281294562588
0,GradDiff,AdaBoost,2,0.5511811023622047,0.515748031496063,0.5866141732283464,0.5550847457627118,0.515748031496063,0.5346938775510204,0.5499720999441999
0,GradDiff,AdaBoost,3,0.5590551181102362,0.5433070866141733,0.5748031496062992,0.5609756097560976,0.5433070866141733,0.552,0.5641158782317565
0,GradDiff,AdaBoost,4,0.547244094488189,0.5196850393700787,0.5748031496062992,0.55,0.5196850393700787,0.5344129554655871,0.5522971045942091
0,GradDiff,AdaBoost,5,0.5688976377952756,0.5511811023622047,0.5866141732283464,0.5714285714285714,0.5511811023622047,0.561122244488978,0.5754231508463017
0,GradDiff,AdaBoost,6,0.5570866141732284,0.5590551181102362,0.5551181102362205,0.5568627450980392,0.5590551181102362,0.5579567779960707,0.5820494140988283
0,GradDiff,AdaBoost,7,0.5590551181102362,0.5866141732283464,0.531496062992126,0.5559701492537313,0.5866141732283464,0.5708812260536399,0.5630928761857523
0,GradDiff,AdaBoost,8,0.5354330708661418,0.5236220472440944,0.547244094488189,0.5362903225806451,0.5236220472440944,0.5298804780876494,0.5584506169012338
0,GradDiff,AdaBoost,9,0.5728346456692913,0.5905511811023622,0.5551181102362205,0.5703422053231939,0.5905511811023622,0.5802707930367504,0.5950694401388803
0,GradDiff,AdaBoost,10,0.59251968503937,0.547244094488189,0.6377952755905512,0.6017316017316018,0.547244094488189,0.5731958762886598,0.6132897265794532
0,GradDiff,AdaBoost,11,0.5826771653543307,0.5787401574803149,0.5866141732283464,0.5833333333333334,0.5787401574803149,0.5810276679841897,0.5885361770723541
0,GradDiff,AdaBoost,12,0.562992125984252,0.5866141732283464,0.5393700787401575,0.5601503759398496,0.5866141732283464,0.573076923076923,0.5922794345588691
0,GradDiff,AdaBoost,13,0.5433070866141733,0.5236220472440944,0.562992125984252,0.5450819672131147,0.5236220472440944,0.5341365461847389,0.5772754045508092
0,GradDiff,AdaBoost,14,0.5433070866141733,0.4921259842519685,0.594488188976378,0.5482456140350878,0.4921259842519685,0.5186721991701245,0.5507316014632029
0,GradDiff,AdaBoost,15,0.5452755905511811,0.5748031496062992,0.515748031496063,0.5427509293680297,0.5748031496062992,0.5583173996175909,0.55498635997272
0,GradDiff,AdaBoost,16,0.5551181102362205,0.5905511811023622,0.5196850393700787,0.5514705882352942,0.5905511811023622,0.5703422053231939,0.5664253828507657
0,GradDiff,AdaBoost,17,0.5669291338582677,0.515748031496063,0.6181102362204725,0.5745614035087719,0.515748031496063,0.5435684647302904,0.5889856779713559
0,GradDiff,AdaBoost,18,0.5275590551181102,0.5590551181102362,0.49606299212598426,0.5259259259259259,0.5590551181102362,0.5419847328244275,0.5606051212102425
0,GradDiff,AdaBoost,19,0.562992125984252,0.5826771653543307,0.5433070866141733,0.5606060606060606,0.5826771653543307,0.5714285714285714,0.5983554467108934
0,GradDiff,AdaBoost,20,0.5649606299212598,0.5590551181102362,0.5708661417322834,0.5657370517928287,0.5590551181102362,0.5623762376237624,0.5950461900923802
0,GradDiff,AdaBoost,21,0.5452755905511811,0.5354330708661418,0.5551181102362205,0.5461847389558233,0.5354330708661418,0.5407554671968191,0.5633641267282534
0,GradDiff,AdaBoost,22,0.5492125984251969,0.5393700787401575,0.5590551181102362,0.5502008032128514,0.5393700787401575,0.5447316103379721,0.5633951267902536
0,GradDiff,AdaBoost,23,0.5295275590551181,0.5393700787401575,0.5196850393700787,0.528957528957529,0.5393700787401575,0.5341130604288499,0.5581406162812326
0,GradDiff,AdaBoost,24,0.5393700787401575,0.5393700787401575,0.5393700787401575,0.5393700787401575,0.5393700787401575,0.5393700787401575,0.5700523901047801
0,GradDiff,AdaBoost,25,0.5275590551181102,0.4881889763779528,0.5669291338582677,0.5299145299145299,0.4881889763779528,0.5081967213114754,0.5003100006200012
0,GradDiff,AdaBoost,26,0.4921259842519685,0.468503937007874,0.515748031496063,0.49173553719008267,0.468503937007874,0.4798387096774194,0.49760524521049043
0,GradDiff,AdaBoost,27,0.5452755905511811,0.5393700787401575,0.5511811023622047,0.545816733067729,0.5393700787401575,0.5425742574257426,0.544756339512679
0,GradDiff,AdaBoost,28,0.5334645669291339,0.562992125984252,0.5039370078740157,0.5315985130111525,0.562992125984252,0.5468451242829828,0.5235290470580941
0,GradDiff,AdaBoost,29,0.5433070866141733,0.5275590551181102,0.5590551181102362,0.5447154471544715,0.5275590551181102,0.536,0.5413540827081654
0,GradDiff,AdaBoost,30,0.5078740157480315,0.5118110236220472,0.5039370078740157,0.5078125,0.5118110236220472,0.5098039215686274,0.5208087916175832
0,GradDiff,AdaBoost,31,0.5433070866141733,0.5196850393700787,0.5669291338582677,0.5454545454545454,0.5196850393700787,0.532258064516129,0.5502588505177011
0,GradDiff,AdaBoost,32,0.547244094488189,0.5669291338582677,0.5275590551181102,0.5454545454545454,0.5669291338582677,0.555984555984556,0.5431210862421726
1,GradDiff,LR,1,0.5236220472440944,0.5236220472440944,0.5236220472440944,0.5236220472440944,0.5236220472440944,0.5236220472440944,0.5629611259222518
1,GradDiff,LR,2,0.562992125984252,0.5433070866141733,0.5826771653543307,0.5655737704918032,0.5433070866141733,0.5542168674698795,0.5866451732903466
1,GradDiff,LR,3,0.5866141732283464,0.5748031496062992,0.5984251968503937,0.5887096774193549,0.5748031496062992,0.5816733067729084,0.6038502077004153
1,GradDiff,LR,4,0.5885826771653543,0.5590551181102362,0.6181102362204725,0.5941422594142259,0.5590551181102362,0.5760649087221096,0.5985646971293943
1,GradDiff,LR,5,0.5807086614173228,0.5511811023622047,0.610236220472441,0.5857740585774058,0.5511811023622047,0.5679513184584178,0.6075392150784301
1,GradDiff,LR,6,0.5807086614173228,0.5787401574803149,0.5826771653543307,0.5810276679841897,0.5787401574803149,0.5798816568047337,0.6046872093744188
1,GradDiff,LR,7,0.5807086614173228,0.5708661417322834,0.5905511811023622,0.5823293172690763,0.5708661417322834,0.5765407554671969,0.594255688511377
1,GradDiff,LR,8,0.5728346456692913,0.6023622047244095,0.5433070866141733,0.5687732342007435,0.6023622047244095,0.5850860420650096,0.5914191828383657
1,GradDiff,LR,9,0.594488188976378,0.5826771653543307,0.6062992125984252,0.5967741935483871,0.5826771653543307,0.5896414342629482,0.6071052142104285
1,GradDiff,LR,10,0.5885826771653543,0.6417322834645669,0.5354330708661418,0.5800711743772242,0.6417322834645669,0.6093457943925233,0.6253332506665014
1,GradDiff,LR,11,0.6141732283464567,0.65748031496063,0.5708661417322834,0.605072463768116,0.65748031496063,0.630188679245283,0.6460877921755843
1,GradDiff,LR,12,0.6082677165354331,0.6614173228346457,0.5551181102362205,0.597864768683274,0.6614173228346457,0.6280373831775701,0.6352067704135409
1,GradDiff,LR,13,0.6338582677165354,0.6653543307086615,0.6023622047244095,0.6259259259259259,0.6653543307086615,0.6450381679389313,0.6660983321966644
1,GradDiff,LR,14,0.6318897637795275,0.6535433070866141,0.610236220472441,0.6264150943396226,0.6535433070866141,0.6396917148362236,0.6639128278256556
1,GradDiff,LR,15,0.6181102362204725,0.6141732283464567,0.6220472440944882,0.6190476190476191,0.6141732283464567,0.616600790513834,0.6540548081096162
1,GradDiff,LR,16,0.6122047244094488,0.610236220472441,0.6141732283464567,0.6126482213438735,0.610236220472441,0.611439842209073,0.6640523281046563
1,GradDiff,LR,17,0.6062992125984252,0.6023622047244095,0.610236220472441,0.6071428571428571,0.6023622047244095,0.6047430830039525,0.6577128154256309
1,GradDiff,LR,18,0.6141732283464567,0.594488188976378,0.6338582677165354,0.6188524590163934,0.594488188976378,0.606425702811245,0.653031806063612
1,GradDiff,LR,19,0.639763779527559,0.6338582677165354,0.6456692913385826,0.6414342629482072,0.6338582677165354,0.6376237623762376,0.660471820943642
1,GradDiff,LR,20,0.6141732283464567,0.6259842519685039,0.6023622047244095,0.6115384615384616,0.6259842519685039,0.6186770428015564,0.6614328228656456
1,GradDiff,LR,21,0.6023622047244095,0.6220472440944882,0.5826771653543307,0.5984848484848485,0.6220472440944882,0.61003861003861,0.6668888337776675
1,GradDiff,LR,22,0.594488188976378,0.6023622047244095,0.5866141732283464,0.5930232558139535,0.6023622047244095,0.59765625,0.6393142786285573
1,GradDiff,LR,23,0.5866141732283464,0.6023622047244095,0.5708661417322834,0.583969465648855,0.6023622047244095,0.5930232558139535,0.6304482608965218
1,GradDiff,LR,24,0.5826771653543307,0.5984251968503937,0.5669291338582677,0.5801526717557252,0.5984251968503937,0.5891472868217055,0.6436542873085745
1,GradDiff,LR,25,0.6122047244094488,0.6141732283464567,0.610236220472441,0.611764705882353,0.6141732283464567,0.6129666011787819,0.6488157976315954
1,GradDiff,LR,26,0.5846456692913385,0.5905511811023622,0.5787401574803149,0.5836575875486382,0.5905511811023622,0.5870841487279843,0.6376712753425506
1,GradDiff,LR,27,0.6614173228346457,0.6968503937007874,0.6259842519685039,0.6507352941176471,0.6968503937007874,0.6730038022813688,0.6540393080786161
1,GradDiff,LR,28,0.6259842519685039,0.6338582677165354,0.6181102362204725,0.624031007751938,0.6338582677165354,0.62890625,0.6483352966705932
1,GradDiff,LR,29,0.6181102362204725,0.6299212598425197,0.6062992125984252,0.6153846153846154,0.6299212598425197,0.622568093385214,0.6667803335606672
1,GradDiff,LR,30,0.6023622047244095,0.6023622047244095,0.6023622047244095,0.6023622047244095,0.6023622047244095,0.6023622047244095,0.6436077872155745
1,GradDiff,LR,31,0.6062992125984252,0.5905511811023622,0.6220472440944882,0.6097560975609756,0.5905511811023622,0.6,0.6293322586645174
1,GradDiff,LR,32,0.5590551181102362,0.5787401574803149,0.5393700787401575,0.5568181818181818,0.5787401574803149,0.5675675675675675,0.5958211916423833
1,GradDiff,RF,1,0.5708661417322834,0.5787401574803149,0.562992125984252,0.5697674418604651,0.5787401574803149,0.57421875,0.6146692293384587
1,GradDiff,RF,2,0.562992125984252,0.5511811023622047,0.5748031496062992,0.5645161290322581,0.5511811023622047,0.5577689243027888,0.5875751751503503
1,GradDiff,RF,3,0.5787401574803149,0.5551181102362205,0.6023622047244095,0.5826446280991735,0.5551181102362205,0.5685483870967742,0.6184202368404736
1,GradDiff,RF,4,0.5767716535433071,0.531496062992126,0.6220472440944882,0.5844155844155844,0.531496062992126,0.5567010309278351,0.6052452104904211
1,GradDiff,RF,5,0.5767716535433071,0.5196850393700787,0.6338582677165354,0.5866666666666667,0.5196850393700787,0.5511482254697286,0.6090504681009362
1,GradDiff,RF,6,0.5590551181102362,0.5236220472440944,0.594488188976378,0.5635593220338984,0.5236220472440944,0.5428571428571428,0.5945734391468783
1,GradDiff,RF,7,0.547244094488189,0.5236220472440944,0.5708661417322834,0.5495867768595041,0.5236220472440944,0.5362903225806451,0.5697888895777792
1,GradDiff,RF,8,0.5433070866141733,0.531496062992126,0.5551181102362205,0.5443548387096774,0.531496062992126,0.5378486055776892,0.5691378882757765
1,GradDiff,RF,9,0.5492125984251969,0.5551181102362205,0.5433070866141733,0.5486381322957199,0.5551181102362205,0.5518590998043053,0.5792981585963172
1,GradDiff,RF,10,0.5551181102362205,0.5039370078740157,0.6062992125984252,0.5614035087719298,0.5039370078740157,0.5311203319502075,0.586722673445347
1,GradDiff,RF,11,0.5590551181102362,0.5039370078740157,0.6141732283464567,0.5663716814159292,0.5039370078740157,0.5333333333333333,0.6031682063364127
1,GradDiff,RF,12,0.5885826771653543,0.5669291338582677,0.610236220472441,0.5925925925925926,0.5669291338582677,0.579476861167002,0.6123442246884494
1,GradDiff,RF,13,0.5688976377952756,0.5275590551181102,0.610236220472441,0.575107296137339,0.5275590551181102,0.5503080082135524,0.5904426808853618
1,GradDiff,RF,14,0.5295275590551181,0.4409448818897638,0.6181102362204725,0.5358851674641149,0.4409448818897638,0.4838012958963283,0.5425553351106702
1,GradDiff,RF,15,0.5748031496062992,0.5,0.6496062992125984,0.5879629629629629,0.5,0.5404255319148936,0.5998511997023994
1,GradDiff,RF,16,0.5885826771653543,0.5,0.6771653543307087,0.6076555023923444,0.5,0.5485961123110151,0.6153899807799617
1,GradDiff,RF,17,0.547244094488189,0.484251968503937,0.610236220472441,0.5540540540540541,0.484251968503937,0.5168067226890757,0.581739413478827
1,GradDiff,RF,18,0.5610236220472441,0.4763779527559055,0.6456692913385826,0.5734597156398105,0.4763779527559055,0.5204301075268817,0.6045864591729183
1,GradDiff,RF,19,0.5610236220472441,0.48031496062992124,0.6417322834645669,0.5727699530516432,0.48031496062992124,0.5224839400428265,0.5808714117428235
1,GradDiff,RF,20,0.5511811023622047,0.4763779527559055,0.6259842519685039,0.5601851851851852,0.4763779527559055,0.5148936170212766,0.5659448818897638
1,GradDiff,RF,21,0.5511811023622047,0.47244094488188976,0.6299212598425197,0.5607476635514018,0.47244094488188976,0.5128205128205128,0.5790734081468162
1,GradDiff,RF,22,0.5452755905511811,0.4566929133858268,0.6338582677165354,0.5550239234449761,0.4566929133858268,0.5010799136069114,0.5622171244342489
1,GradDiff,RF,23,0.5216535433070866,0.4566929133858268,0.5866141732283464,0.5248868778280543,0.4566929133858268,0.4884210526315789,0.5588613677227354
1,GradDiff,RF,24,0.5551181102362205,0.4763779527559055,0.6338582677165354,0.5654205607476636,0.4763779527559055,0.5170940170940171,0.5811891623783249
1,GradDiff,RF,25,0.5433070866141733,0.4921259842519685,0.594488188976378,0.5482456140350878,0.4921259842519685,0.5186721991701245,0.5704243908487817
1,GradDiff,RF,26,0.5610236220472441,0.49606299212598426,0.6259842519685039,0.5701357466063348,0.49606299212598426,0.5305263157894737,0.5793524087048174
1,GradDiff,RF,27,0.5196850393700787,0.4566929133858268,0.5826771653543307,0.5225225225225225,0.4566929133858268,0.48739495798319327,0.5344565689131378
1,GradDiff,RF,28,0.547244094488189,0.484251968503937,0.610236220472441,0.5540540540540541,0.484251968503937,0.5168067226890757,0.5565363630727262
1,GradDiff,RF,29,0.5787401574803149,0.4921259842519685,0.6653543307086615,0.5952380952380952,0.4921259842519685,0.5387931034482759,0.5727881455762912
1,GradDiff,RF,30,0.5374015748031497,0.4409448818897638,0.6338582677165354,0.5463414634146342,0.4409448818897638,0.4880174291938998,0.5630231260462519
1,GradDiff,RF,31,0.5374015748031497,0.4921259842519685,0.5826771653543307,0.5411255411255411,0.4921259842519685,0.5154639175257731,0.5530178560357121
1,GradDiff,RF,32,0.5374015748031497,0.4645669291338583,0.610236220472441,0.543778801843318,0.4645669291338583,0.5010615711252654,0.5583111166222332
1,GradDiff,AdaBoost,1,0.5649606299212598,0.547244094488189,0.5826771653543307,0.5673469387755102,0.547244094488189,0.5571142284569138,0.6064542129084258
1,GradDiff,AdaBoost,2,0.5688976377952756,0.5590551181102362,0.5787401574803149,0.570281124497992,0.5590551181102362,0.5646123260437376,0.5673708847417696
1,GradDiff,AdaBoost,3,0.5649606299212598,0.6023622047244095,0.5275590551181102,0.5604395604395604,0.6023622047244095,0.5806451612903226,0.5910394320788641
1,GradDiff,AdaBoost,4,0.5649606299212598,0.5866141732283464,0.5433070866141733,0.5622641509433962,0.5866141732283464,0.5741811175337187,0.5772211544423089
1,GradDiff,AdaBoost,5,0.5039370078740157,0.5196850393700787,0.4881889763779528,0.5038167938931297,0.5196850393700787,0.5116279069767442,0.5395948291896584
1,GradDiff,AdaBoost,6,0.5433070866141733,0.5748031496062992,0.5118110236220472,0.5407407407407407,0.5748031496062992,0.5572519083969466,0.5794454088908177
1,GradDiff,AdaBoost,7,0.5570866141732284,0.5905511811023622,0.5236220472440944,0.5535055350553506,0.5905511811023622,0.5714285714285714,0.564518879037758
1,GradDiff,AdaBoost,8,0.5748031496062992,0.5590551181102362,0.5905511811023622,0.5772357723577236,0.5590551181102362,0.568,0.5786549073098146
1,GradDiff,AdaBoost,9,0.5551181102362205,0.5984251968503937,0.5118110236220472,0.5507246376811594,0.5984251968503937,0.5735849056603773,0.5734081468162937
1,GradDiff,AdaBoost,10,0.5433070866141733,0.5551181102362205,0.531496062992126,0.5423076923076923,0.5551181102362205,0.5486381322957199,0.5545988591977183
1,GradDiff,AdaBoost,11,0.5708661417322834,0.5984251968503937,0.5433070866141733,0.5671641791044776,0.5984251968503937,0.5823754789272031,0.6062139624279249
1,GradDiff,AdaBoost,12,0.5708661417322834,0.6023622047244095,0.5393700787401575,0.5666666666666667,0.6023622047244095,0.583969465648855,0.5832196664393328
1,GradDiff,AdaBoost,13,0.5846456692913385,0.5905511811023622,0.5787401574803149,0.5836575875486382,0.5905511811023622,0.5870841487279843,0.6207839915679831
1,GradDiff,AdaBoost,14,0.5590551181102362,0.531496062992126,0.5866141732283464,0.5625,0.531496062992126,0.5465587044534413,0.578244156488313
1,GradDiff,AdaBoost,15,0.5807086614173228,0.531496062992126,0.6299212598425197,0.5895196506550219,0.531496062992126,0.5590062111801242,0.6019592039184078
1,GradDiff,AdaBoost,16,0.5708661417322834,0.5905511811023622,0.5511811023622047,0.5681818181818182,0.5905511811023622,0.5791505791505791,0.5766321532643066
1,GradDiff,AdaBoost,17,0.5452755905511811,0.5236220472440944,0.5669291338582677,0.5473251028806584,0.5236220472440944,0.5352112676056338,0.5501968503937008
1,GradDiff,AdaBoost,18,0.5216535433070866,0.49606299212598426,0.547244094488189,0.5228215767634855,0.49606299212598426,0.509090909090909,0.5480345960691921
1,GradDiff,AdaBoost,19,0.5511811023622047,0.5433070866141733,0.5590551181102362,0.552,0.5433070866141733,0.5476190476190477,0.5662858825717652
1,GradDiff,AdaBoost,20,0.5334645669291339,0.5275590551181102,0.5393700787401575,0.5338645418326693,0.5275590551181102,0.5306930693069307,0.5433380866761733
1,GradDiff,AdaBoost,21,0.5688976377952756,0.5669291338582677,0.5708661417322834,0.5691699604743083,0.5669291338582677,0.5680473372781065,0.5866451732903466
1,GradDiff,AdaBoost,22,0.5413385826771654,0.5354330708661418,0.547244094488189,0.5418326693227091,0.5354330708661418,0.5386138613861386,0.5558853617707236
1,GradDiff,AdaBoost,23,0.5767716535433071,0.6181102362204725,0.5354330708661418,0.5709090909090909,0.6181102362204725,0.5935727788279773,0.6096007192014383
1,GradDiff,AdaBoost,24,0.5551181102362205,0.5551181102362205,0.5551181102362205,0.5551181102362205,0.5551181102362205,0.5551181102362205,0.5670996341992685
1,GradDiff,AdaBoost,25,0.547244094488189,0.5748031496062992,0.5196850393700787,0.5447761194029851,0.5748031496062992,0.5593869731800766,0.5725866451732903
1,GradDiff,AdaBoost,26,0.5452755905511811,0.5787401574803149,0.5118110236220472,0.5424354243542435,0.5787401574803149,0.56,0.5578771157542315
1,GradDiff,AdaBoost,27,0.594488188976378,0.6062992125984252,0.5826771653543307,0.5923076923076923,0.6062992125984252,0.5992217898832685,0.5990839481678963
1,GradDiff,AdaBoost,28,0.5649606299212598,0.562992125984252,0.5669291338582677,0.5652173913043478,0.562992125984252,0.5641025641025641,0.5669291338582677
1,GradDiff,AdaBoost,29,0.5570866141732284,0.5275590551181102,0.5866141732283464,0.5606694560669456,0.5275590551181102,0.5436105476673428,0.5759346518693037
1,GradDiff,AdaBoost,30,0.5354330708661418,0.5393700787401575,0.531496062992126,0.53515625,0.5393700787401575,0.5372549019607843,0.5350920701841404
1,GradDiff,AdaBoost,31,0.5413385826771654,0.5708661417322834,0.5118110236220472,0.5390334572490706,0.5708661417322834,0.5544933078393881,0.5475618451236902
1,GradDiff,AdaBoost,32,0.5236220472440944,0.5118110236220472,0.5354330708661418,0.5241935483870968,0.5118110236220472,0.5179282868525896,0.5376418252836506
2,GradDiff,LR,1,0.5551181102362205,0.5236220472440944,0.5866141732283464,0.5588235294117647,0.5236220472440944,0.540650406504065,0.584490668981338
2,GradDiff,LR,2,0.5748031496062992,0.5748031496062992,0.5748031496062992,0.5748031496062992,0.5748031496062992,0.5748031496062992,0.5939301878603757
2,GradDiff,LR,3,0.5551181102362205,0.5748031496062992,0.5354330708661418,0.553030303030303,0.5748031496062992,0.5637065637065637,0.5667276334552669
2,GradDiff,LR,4,0.5688976377952756,0.6220472440944882,0.515748031496063,0.5622775800711743,0.6220472440944882,0.5906542056074766,0.5684636369272739
2,GradDiff,LR,5,0.5846456692913385,0.5984251968503937,0.5708661417322834,0.5823754789272031,0.5984251968503937,0.5902912621359223,0.6016027032054065
2,GradDiff,LR,6,0.5570866141732284,0.6220472440944882,0.4921259842519685,0.5505226480836237,0.6220472440944882,0.5841035120147874,0.5815301630603261
2,GradDiff,LR,7,0.5531496062992126,0.594488188976378,0.5118110236220472,0.5490909090909091,0.594488188976378,0.5708884688090737,0.5733616467232935
2,GradDiff,LR,8,0.5826771653543307,0.6338582677165354,0.531496062992126,0.575,0.6338582677165354,0.602996254681648,0.5934496868993738
2,GradDiff,LR,9,0.5787401574803149,0.65748031496063,0.5,0.5680272108843537,0.65748031496063,0.6094890510948905,0.6014632029264059
2,GradDiff,LR,10,0.5728346456692913,0.5905511811023622,0.5551181102362205,0.5703422053231939,0.5905511811023622,0.5802707930367504,0.5993861987723975
2,GradDiff,LR,11,0.5708661417322834,0.5590551181102362,0.5826771653543307,0.5725806451612904,0.5590551181102362,0.5657370517928287,0.6134912269824541
2,GradDiff,LR,12,0.5885826771653543,0.6023622047244095,0.5748031496062992,0.5862068965517241,0.6023622047244095,0.5941747572815534,0.6172732345464691
2,GradDiff,LR,13,0.5885826771653543,0.5905511811023622,0.5866141732283464,0.5882352941176471,0.5905511811023622,0.5893909626719057,0.6328662657325315
2,GradDiff,LR,14,0.5787401574803149,0.6141732283464567,0.5433070866141733,0.5735294117647058,0.6141732283464567,0.5931558935361216,0.6247752495504991
2,GradDiff,LR,15,0.59251968503937,0.6141732283464567,0.5708661417322834,0.5886792452830188,0.6141732283464567,0.6011560693641619,0.622992745985492
2,GradDiff,LR,16,0.5669291338582677,0.5984251968503937,0.5354330708661418,0.562962962962963,0.5984251968503937,0.5801526717557252,0.6242947485894972
2,GradDiff,LR,17,0.6082677165354331,0.6496062992125984,0.5669291338582677,0.6,0.6496062992125984,0.6238185255198487,0.6317192634385268
2,GradDiff,LR,18,0.5807086614173228,0.594488188976378,0.5669291338582677,0.578544061302682,0.594488188976378,0.5864077669902913,0.6242792485584971
2,GradDiff,LR,19,0.5866141732283464,0.610236220472441,0.562992125984252,0.5827067669172933,0.610236220472441,0.5961538461538461,0.6304637609275219
2,GradDiff,LR,20,0.5905511811023622,0.6338582677165354,0.547244094488189,0.5833333333333334,0.6338582677165354,0.6075471698113207,0.6361677723355447
2,GradDiff,LR,21,0.5826771653543307,0.6338582677165354,0.531496062992126,0.575,0.6338582677165354,0.602996254681648,0.6338117676235353
2,GradDiff,LR,22,0.5748031496062992,0.6141732283464567,0.5354330708661418,0.5693430656934306,0.6141732283464567,0.5909090909090909,0.6338892677785355
2,GradDiff,LR,23,0.5846456692913385,0.610236220472441,0.5590551181102362,0.5805243445692884,0.610236220472441,0.5950095969289827,0.6242792485584971
2,GradDiff,LR,24,0.5885826771653543,0.594488188976378,0.5826771653543307,0.5875486381322957,0.594488188976378,0.5909980430528375,0.6294407588815177
2,GradDiff,LR,25,0.5885826771653543,0.5708661417322834,0.6062992125984252,0.5918367346938775,0.5708661417322834,0.5811623246492986,0.6273017546035092
2,GradDiff,LR,26,0.594488188976378,0.610236220472441,0.5787401574803149,0.5916030534351145,0.610236220472441,0.6007751937984496,0.6258292516585033
2,GradDiff,LR,27,0.5787401574803149,0.562992125984252,0.594488188976378,0.5813008130081301,0.562992125984252,0.572,0.6185442370884741
2,GradDiff,LR,28,0.5807086614173228,0.5511811023622047,0.610236220472441,0.5857740585774058,0.5511811023622047,0.5679513184584178,0.6006417012834026
2,GradDiff,LR,29,0.5826771653543307,0.5511811023622047,0.6141732283464567,0.5882352941176471,0.5511811023622047,0.5691056910569106,0.6030442060884122
2,GradDiff,LR,30,0.5649606299212598,0.5511811023622047,0.5787401574803149,0.5668016194331984,0.5511811023622047,0.5588822355289421,0.6000682001364003
2,GradDiff,LR,31,0.5846456692913385,0.594488188976378,0.5748031496062992,0.583011583011583,0.594488188976378,0.5886939571150097,0.596518693037386
2,GradDiff,LR,32,0.5728346456692913,0.5748031496062992,0.5708661417322834,0.5725490196078431,0.5748031496062992,0.5736738703339882,0.6031992063984128
2,GradDiff,RF,1,0.5452755905511811,0.5590551181102362,0.531496062992126,0.5440613026819924,0.5590551181102362,0.5514563106796116,0.5599386198772398
2,GradDiff,RF,2,0.5610236220472441,0.515748031496063,0.6062992125984252,0.5670995670995671,0.515748031496063,0.5402061855670103,0.6037029574059147
2,GradDiff,RF,3,0.5570866141732284,0.5078740157480315,0.6062992125984252,0.5633187772925764,0.5078740157480315,0.5341614906832298,0.596487692975386
2,GradDiff,RF,4,0.5748031496062992,0.5511811023622047,0.5984251968503937,0.5785123966942148,0.5511811023622047,0.5645161290322581,0.5843821687643375
2,GradDiff,RF,5,0.5295275590551181,0.515748031496063,0.5433070866141733,0.5303643724696356,0.515748031496063,0.5229540918163673,0.5646351292702585
2,GradDiff,RF,6,0.5610236220472441,0.5,0.6220472440944882,0.5695067264573991,0.5,0.5324947589098532,0.5790424080848161
2,GradDiff,RF,7,0.5531496062992126,0.5196850393700787,0.5866141732283464,0.5569620253164557,0.5196850393700787,0.5376782077393075,0.5673011346022693
2,GradDiff,RF,8,0.5275590551181102,0.47244094488188976,0.5826771653543307,0.5309734513274337,0.47244094488188976,0.5,0.5409588319176638
2,GradDiff,RF,9,0.5570866141732284,0.5118110236220472,0.6023622047244095,0.5627705627705628,0.5118110236220472,0.5360824742268041,0.5560016120032241
2,GradDiff,RF,10,0.5354330708661418,0.4566929133858268,0.6141732283464567,0.5420560747663551,0.4566929133858268,0.49572649572649574,0.5670841341682683
2,GradDiff,RF,11,0.5590551181102362,0.5551181102362205,0.562992125984252,0.5595238095238095,0.5551181102362205,0.5573122529644269,0.5737258974517949
2,GradDiff,RF,12,0.562992125984252,0.5511811023622047,0.5748031496062992,0.5645161290322581,0.5511811023622047,0.5577689243027888,0.5898769297538595
2,GradDiff,RF,13,0.5590551181102362,0.5433070866141733,0.5748031496062992,0.5609756097560976,0.5433070866141733,0.552,0.5887686775373551
2,GradDiff,RF,14,0.5275590551181102,0.5511811023622047,0.5039370078740157,0.5263157894736842,0.5511811023622047,0.5384615384615384,0.5655961311922624
2,GradDiff,RF,15,0.5255905511811023,0.5078740157480315,0.5433070866141733,0.5265306122448979,0.5078740157480315,0.5170340681362725,0.5535448570897142
2,GradDiff,RF,16,0.5413385826771654,0.5118110236220472,0.5708661417322834,0.5439330543933054,0.5118110236220472,0.5273833671399595,0.5724626449252899
2,GradDiff,RF,17,0.547244094488189,0.5118110236220472,0.5826771653543307,0.5508474576271186,0.5118110236220472,0.5306122448979592,0.5476780953561907
2,GradDiff,RF,18,0.5354330708661418,0.531496062992126,0.5393700787401575,0.5357142857142857,0.531496062992126,0.5335968379446641,0.5631858763717529
2,GradDiff,RF,19,0.5118110236220472,0.4921259842519685,0.531496062992126,0.5122950819672131,0.4921259842519685,0.5020080321285141,0.5428808357616717
2,GradDiff,RF,20,0.5492125984251969,0.594488188976378,0.5039370078740157,0.5451263537906137,0.594488188976378,0.568738229755179,0.5544051088102174
2,GradDiff,RF,21,0.5590551181102362,0.562992125984252,0.5551181102362205,0.55859375,0.562992125984252,0.5607843137254902,0.5709281418562838
2,GradDiff,RF,22,0.5413385826771654,0.5669291338582677,0.515748031496063,0.5393258426966292,0.5669291338582677,0.5527831094049904,0.5611553723107446
2,GradDiff,RF,23,0.5039370078740157,0.47244094488188976,0.5354330708661418,0.5042016806722689,0.47244094488188976,0.4878048780487805,0.5243117986235972
2,GradDiff,RF,24,0.531496062992126,0.5196850393700787,0.5433070866141733,0.532258064516129,0.5196850393700787,0.5258964143426295,0.5425785851571703
2,GradDiff,RF,25,0.5393700787401575,0.5905511811023622,0.4881889763779528,0.5357142857142857,0.5905511811023622,0.5617977528089888,0.5283573067146135
2,GradDiff,RF,26,0.5177165354330708,0.5039370078740157,0.531496062992126,0.5182186234817814,0.5039370078740157,0.5109780439121756,0.5348518197036394
2,GradDiff,RF,27,0.5196850393700787,0.515748031496063,0.5236220472440944,0.5198412698412699,0.515748031496063,0.5177865612648221,0.54501984003968
2,GradDiff,RF,28,0.5669291338582677,0.5551181102362205,0.5787401574803149,0.5685483870967742,0.5551181102362205,0.5617529880478087,0.5744001488002977
2,GradDiff,RF,29,0.5255905511811023,0.5196850393700787,0.531496062992126,0.5258964143426295,0.5196850393700787,0.5227722772277228,0.5351153202306406
2,GradDiff,RF,30,0.5433070866141733,0.5708661417322834,0.515748031496063,0.5410447761194029,0.5708661417322834,0.5555555555555556,0.5453298406596814
2,GradDiff,RF,31,0.49606299212598426,0.4881889763779528,0.5039370078740157,0.496,0.4881889763779528,0.49206349206349204,0.5060062620125241
2,GradDiff,RF,32,0.5137795275590551,0.5039370078740157,0.5236220472440944,0.5140562248995983,0.5039370078740157,0.5089463220675944,0.5158410316820634
2,GradDiff,AdaBoost,1,0.5393700787401575,0.5393700787401575,0.5393700787401575,0.5393700787401575,0.5393700787401575,0.5393700787401575,0.5578693657387315
2,GradDiff,AdaBoost,2,0.5295275590551181,0.5708661417322834,0.4881889763779528,0.5272727272727272,0.5708661417322834,0.5482041587901701,0.5286595573191146
2,GradDiff,AdaBoost,3,0.5590551181102362,0.5590551181102362,0.5590551181102362,0.5590551181102362,0.5590551181102362,0.5590551181102362,0.5724626449252899
2,GradDiff,AdaBoost,4,0.562992125984252,0.5787401574803149,0.547244094488189,0.5610687022900763,0.5787401574803149,0.5697674418604651,0.5658596317192635
2,GradDiff,AdaBoost,5,0.531496062992126,0.5039370078740157,0.5590551181102362,0.5333333333333333,0.5039370078740157,0.5182186234817814,0.5567766135532272
2,GradDiff,AdaBoost,6,0.5216535433070866,0.5,0.5433070866141733,0.522633744855967,0.5,0.5110663983903421,0.5476935953871908
2,GradDiff,AdaBoost,7,0.5413385826771654,0.515748031496063,0.5669291338582677,0.5435684647302904,0.515748031496063,0.5292929292929293,0.5653636307272615
2,GradDiff,AdaBoost,8,0.5570866141732284,0.5511811023622047,0.562992125984252,0.5577689243027888,0.5511811023622047,0.5544554455445545,0.5701686403372807
2,GradDiff,AdaBoost,9,0.5590551181102362,0.5708661417322834,0.547244094488189,0.5576923076923077,0.5708661417322834,0.5642023346303502,0.5683163866327733
2,GradDiff,AdaBoost,10,0.5511811023622047,0.515748031496063,0.5866141732283464,0.5550847457627118,0.515748031496063,0.5346938775510204,0.5665416330832662
2,GradDiff,AdaBoost,11,0.562992125984252,0.531496062992126,0.594488188976378,0.5672268907563025,0.531496062992126,0.5487804878048781,0.5851029202058404
2,GradDiff,AdaBoost,12,0.5590551181102362,0.5433070866141733,0.5748031496062992,0.5609756097560976,0.5433070866141733,0.552,0.5751519003038006
2,GradDiff,AdaBoost,13,0.562992125984252,0.562992125984252,0.562992125984252,0.562992125984252,0.562992125984252,0.562992125984252,0.5947516895033791
2,GradDiff,AdaBoost,14,0.5433070866141733,0.5826771653543307,0.5039370078740157,0.5401459854014599,0.5826771653543307,0.5606060606060606,0.555753611507223
2,GradDiff,AdaBoost,15,0.5807086614173228,0.5787401574803149,0.5826771653543307,0.5810276679841897,0.5787401574803149,0.5798816568047337,0.5956584413168827
2,GradDiff,AdaBoost,16,0.5275590551181102,0.5,0.5551181102362205,0.5291666666666667,0.5,0.5141700404858299,0.5275513051026102
2,GradDiff,AdaBoost,17,0.5728346456692913,0.6220472440944882,0.5236220472440944,0.5663082437275986,0.6220472440944882,0.5928705440900562,0.5631316262632524
2,GradDiff,AdaBoost,18,0.5590551181102362,0.5826771653543307,0.5354330708661418,0.556390977443609,0.5826771653543307,0.5692307692307692,0.5881874263748528
2,GradDiff,AdaBoost,19,0.5275590551181102,0.5275590551181102,0.5275590551181102,0.5275590551181102,0.5275590551181102,0.5275590551181102,0.5428343356686713
2,GradDiff,AdaBoost,20,0.531496062992126,0.5551181102362205,0.5078740157480315,0.5300751879699248,0.5551181102362205,0.5423076923076923,0.5618761237522475
2,GradDiff,AdaBoost,21,0.5177165354330708,0.5905511811023622,0.4448818897637795,0.5154639175257731,0.5905511811023622,0.5504587155963303,0.553002356004712
2,GradDiff,AdaBoost,22,0.5216535433070866,0.5433070866141733,0.5,0.5207547169811321,0.5433070866141733,0.5317919075144508,0.5321005642011284
2,GradDiff,AdaBoost,23,0.5433070866141733,0.5236220472440944,0.562992125984252,0.5450819672131147,0.5236220472440944,0.5341365461847389,0.5596208692417384
2,GradDiff,AdaBoost,24,0.5511811023622047,0.5787401574803149,0.5236220472440944,0.5485074626865671,0.5787401574803149,0.5632183908045977,0.557001364002728
2,GradDiff,AdaBoost,25,0.5354330708661418,0.5551181102362205,0.515748031496063,0.5340909090909091,0.5551181102362205,0.5444015444015444,0.5476470952941906
2,GradDiff,AdaBoost,26,0.5137795275590551,0.48031496062992124,0.547244094488189,0.5147679324894515,0.48031496062992124,0.4969450101832994,0.5163680327360655
2,GradDiff,AdaBoost,27,0.5452755905511811,0.5511811023622047,0.5393700787401575,0.5447470817120622,0.5511811023622047,0.547945205479452,0.5577918655837312
2,GradDiff,AdaBoost,28,0.5255905511811023,0.5078740157480315,0.5433070866141733,0.5265306122448979,0.5078740157480315,0.5170340681362725,0.5168097836195672
2,GradDiff,AdaBoost,29,0.5393700787401575,0.5551181102362205,0.5236220472440944,0.5381679389312977,0.5551181102362205,0.5465116279069767,0.5560171120342241
2,GradDiff,AdaBoost,30,0.5374015748031497,0.5590551181102362,0.515748031496063,0.5358490566037736,0.5590551181102362,0.5472061657032755,0.5479183458366916
2,GradDiff,AdaBoost,31,0.5118110236220472,0.5354330708661418,0.4881889763779528,0.5112781954887218,0.5354330708661418,0.5230769230769231,0.5214675429350859
2,GradDiff,AdaBoost,32,0.484251968503937,0.4251968503937008,0.5433070866141733,0.48214285714285715,0.4251968503937008,0.45188284518828453,0.5010695021390043
3,GradDiff,LR,1,0.5452755905511811,0.5433070866141733,0.547244094488189,0.5454545454545454,0.5433070866141733,0.5443786982248521,0.5740746481492963
3,GradDiff,LR,2,0.5433070866141733,0.531496062992126,0.5551181102362205,0.5443548387096774,0.531496062992126,0.5378486055776892,0.5594116188232376
3,GradDiff,LR,3,0.547244094488189,0.531496062992126,0.562992125984252,0.5487804878048781,0.531496062992126,0.54,0.56248062496125
3,GradDiff,LR,4,0.5511811023622047,0.5866141732283464,0.515748031496063,0.5477941176470589,0.5866141732283464,0.5665399239543726,0.5650846301692604
3,GradDiff,LR,5,0.5551181102362205,0.5708661417322834,0.5393700787401575,0.5534351145038168,0.5708661417322834,0.562015503875969,0.5988281976563954
3,GradDiff,LR,6,0.5551181102362205,0.5708661417322834,0.5393700787401575,0.5534351145038168,0.5708661417322834,0.562015503875969,0.5945346890693781
3,GradDiff,LR,7,0.5708661417322834,0.5866141732283464,0.5551181102362205,0.5687022900763359,0.5866141732283464,0.5775193798449613,0.6014632029264059
3,GradDiff,LR,8,0.5905511811023622,0.594488188976378,0.5866141732283464,0.58984375,0.594488188976378,0.592156862745098,0.6055242110484221
3,GradDiff,LR,9,0.6003937007874016,0.562992125984252,0.6377952755905512,0.6085106382978723,0.562992125984252,0.5848670756646217,0.6183737367474735
3,GradDiff,LR,10,0.5885826771653543,0.5354330708661418,0.6417322834645669,0.5991189427312775,0.5354330708661418,0.5654885654885655,0.6401667803335606
3,GradDiff,LR,11,0.6003937007874016,0.6023622047244095,0.5984251968503937,0.6,0.6023622047244095,0.6011787819253438,0.6609368218736438
3,GradDiff,LR,12,0.594488188976378,0.5748031496062992,0.6141732283464567,0.5983606557377049,0.5748031496062992,0.5863453815261044,0.6516523033046066
3,GradDiff,LR,13,0.6240157480314961,0.6496062992125984,0.5984251968503937,0.6179775280898876,0.6496062992125984,0.6333973128598849,0.6482267964535929
3,GradDiff,LR,14,0.6082677165354331,0.5905511811023622,0.6259842519685039,0.6122448979591837,0.5905511811023622,0.6012024048096193,0.6496992993985988
3,GradDiff,LR,15,0.6062992125984252,0.5787401574803149,0.6338582677165354,0.6125,0.5787401574803149,0.5951417004048583,0.6450957901915804
3,GradDiff,LR,16,0.6122047244094488,0.6062992125984252,0.6181102362204725,0.6135458167330677,0.6062992125984252,0.6099009900990099,0.6475137950275901
3,GradDiff,LR,17,0.5964566929133859,0.5866141732283464,0.6062992125984252,0.5983935742971888,0.5866141732283464,0.5924453280318092,0.6378727757455515
3,GradDiff,LR,18,0.5885826771653543,0.5826771653543307,0.594488188976378,0.5896414342629482,0.5826771653543307,0.5861386138613861,0.6313782627565255
3,GradDiff,LR,19,0.6003937007874016,0.5866141732283464,0.6141732283464567,0.6032388663967612,0.5866141732283464,0.5948103792415169,0.6418252836505672
3,GradDiff,LR,20,0.6082677165354331,0.5826771653543307,0.6338582677165354,0.6141078838174274,0.5826771653543307,0.597979797979798,0.6488622977245955
3,GradDiff,LR,21,0.59251968503937,0.6062992125984252,0.5787401574803149,0.5900383141762452,0.6062992125984252,0.5980582524271845,0.6333467666935333
3,GradDiff,LR,22,0.5964566929133859,0.594488188976378,0.5984251968503937,0.5968379446640316,0.594488188976378,0.5956607495069034,0.6308512617025235
3,GradDiff,LR,23,0.5846456692913385,0.5984251968503937,0.5708661417322834,0.5823754789272031,0.5984251968503937,0.5902912621359223,0.6258137516275032
3,GradDiff,LR,24,0.6023622047244095,0.610236220472441,0.594488188976378,0.6007751937984496,0.610236220472441,0.60546875,0.6214427428854857
3,GradDiff,LR,25,0.610236220472441,0.6141732283464567,0.6062992125984252,0.609375,0.6141732283464567,0.611764705882353,0.6228532457064914
3,GradDiff,LR,26,0.5885826771653543,0.5905511811023622,0.5866141732283464,0.5882352941176471,0.5905511811023622,0.5893909626719057,0.613258726517453
3,GradDiff,LR,27,0.5669291338582677,0.5866141732283464,0.547244094488189,0.5643939393939394,0.5866141732283464,0.5752895752895753,0.612762725525451
3,GradDiff,LR,28,0.5610236220472441,0.5590551181102362,0.562992125984252,0.5612648221343873,0.5590551181102362,0.5601577909270217,0.6089807179614359
3,GradDiff,LR,29,0.5866141732283464,0.5748031496062992,0.5984251968503937,0.5887096774193549,0.5748031496062992,0.5816733067729084,0.6064852129704259
3,GradDiff,LR,30,0.5767716535433071,0.5905511811023622,0.562992125984252,0.5747126436781609,0.5905511811023622,0.5825242718446602,0.6111507223014445
3,GradDiff,LR,31,0.5708661417322834,0.5511811023622047,0.5905511811023622,0.5737704918032787,0.5511811023622047,0.5622489959839357,0.6132432264864529
3,GradDiff,LR,32,0.5590551181102362,0.5708661417322834,0.547244094488189,0.5576923076923077,0.5708661417322834,0.5642023346303502,0.5739196478392956
3,GradDiff,RF,1,0.5787401574803149,0.531496062992126,0.6259842519685039,0.5869565217391305,0.531496062992126,0.5578512396694215,0.6045089590179181
3,GradDiff,RF,2,0.5413385826771654,0.5275590551181102,0.5551181102362205,0.5425101214574899,0.5275590551181102,0.5349301397205589,0.5829251658503318
3,GradDiff,RF,3,0.5551181102362205,0.5275590551181102,0.5826771653543307,0.5583333333333333,0.5275590551181102,0.5425101214574899,0.5858779217558435
3,GradDiff,RF,4,0.5413385826771654,0.47244094488188976,0.610236220472441,0.547945205479452,0.47244094488188976,0.507399577167019,0.5742683985367971
3,GradDiff,RF,5,0.5866141732283464,0.5669291338582677,0.6062992125984252,0.5901639344262295,0.5669291338582677,0.5783132530120482,0.5987274474548949
3,GradDiff,RF,6,0.5551181102362205,0.5275590551181102,0.5826771653543307,0.5583333333333333,0.5275590551181102,0.5425101214574899,0.5822974145948292
3,GradDiff,RF,7,0.5669291338582677,0.515748031496063,0.6181102362204725,0.5745614035087719,0.515748031496063,0.5435684647302904,0.5923104346208692
3,GradDiff,RF,8,0.5669291338582677,0.5078740157480315,0.6259842519685039,0.5758928571428571,0.5078740157480315,0.5397489539748954,0.6043307086614174
3,GradDiff,RF,9,0.5728346456692913,0.5354330708661418,0.610236220472441,0.5787234042553191,0.5354330708661418,0.556237218813906,0.5930621861243722
3,GradDiff,RF,10,0.5807086614173228,0.5236220472440944,0.6377952755905512,0.5911111111111111,0.5236220472440944,0.5553235908141962,0.6045399590799182
3,GradDiff,RF,11,0.5531496062992126,0.5039370078740157,0.6023622047244095,0.5589519650655022,0.5039370078740157,0.5300207039337475,0.5818479136958274
3,GradDiff,RF,12,0.5846456692913385,0.5511811023622047,0.6181102362204725,0.5907172995780591,0.5511811023622047,0.570264765784114,0.6052607105214209
3,GradDiff,RF,13,0.5492125984251969,0.5354330708661418,0.562992125984252,0.5506072874493927,0.5354330708661418,0.5429141716566867,0.5839326678653359
3,GradDiff,RF,14,0.5413385826771654,0.5,0.5826771653543307,0.5450643776824035,0.5,0.5215605749486653,0.5631781263562528
3,GradDiff,RF,15,0.5137795275590551,0.43700787401574803,0.5905511811023622,0.5162790697674419,0.43700787401574803,0.47334754797441364,0.5405868311736624
3,GradDiff,RF,16,0.5511811023622047,0.48031496062992124,0.6220472440944882,0.5596330275229358,0.48031496062992124,0.5169491525423728,0.5694091388182776
3,GradDiff,RF,17,0.5728346456692913,0.5,0.6456692913385826,0.5852534562211982,0.5,0.5392781316348195,0.5947981895963792
3,GradDiff,RF,18,0.5590551181102362,0.4881889763779528,0.6299212598425197,0.5688073394495413,0.4881889763779528,0.5254237288135594,0.5742838985677973
3,GradDiff,RF,19,0.5433070866141733,0.484251968503937,0.6023622047244095,0.5491071428571429,0.484251968503937,0.5146443514644351,0.5358748217496436
3,GradDiff,RF,20,0.5393700787401575,0.49606299212598426,0.5826771653543307,0.5431034482758621,0.49606299212598426,0.5185185185185185,0.5418810837621675
3,GradDiff,RF,21,0.5334645669291339,0.4645669291338583,0.6023622047244095,0.5388127853881278,0.4645669291338583,0.4989429175475687,0.570509641019282
3,GradDiff,RF,22,0.5236220472440944,0.4330708661417323,0.6141732283464567,0.5288461538461539,0.4330708661417323,0.47619047619047616,0.5541958583917169
3,GradDiff,RF,23,0.5236220472440944,0.468503937007874,0.5787401574803149,0.5265486725663717,0.468503937007874,0.49583333333333335,0.5410285820571641
3,GradDiff,RF,24,0.531496062992126,0.48031496062992124,0.5826771653543307,0.5350877192982456,0.48031496062992124,0.5062240663900415,0.5433380866761734
3,GradDiff,RF,25,0.5433070866141733,0.5393700787401575,0.547244094488189,0.5436507936507936,0.5393700787401575,0.541501976284585,0.5406410812821625
3,GradDiff,RF,26,0.5255905511811023,0.47244094488188976,0.5787401574803149,0.5286343612334802,0.47244094488188976,0.498960498960499,0.5578926157852315
3,GradDiff,RF,27,0.547244094488189,0.5,0.594488188976378,0.5521739130434783,0.5,0.5247933884297521,0.5697733895467791
3,GradDiff,RF,28,0.5354330708661418,0.47244094488188976,0.5984251968503937,0.5405405405405406,0.47244094488188976,0.5042016806722689,0.5485615971231942
3,GradDiff,RF,29,0.5216535433070866,0.468503937007874,0.5748031496062992,0.5242290748898678,0.468503937007874,0.49480249480249483,0.5353168206336413
3,GradDiff,RF,30,0.5452755905511811,0.5118110236220472,0.5787401574803149,0.5485232067510548,0.5118110236220472,0.5295315682281059,0.5521963543927088
3,GradDiff,RF,31,0.4940944881889764,0.421259842519685,0.5669291338582677,0.4930875576036866,0.421259842519685,0.4543524416135881,0.5398583297166594
3,GradDiff,RF,32,0.5354330708661418,0.5078740157480315,0.562992125984252,0.5375,0.5078740157480315,0.5222672064777328,0.535464070928142
3,GradDiff,AdaBoost,1,0.5669291338582677,0.5669291338582677,0.5669291338582677,0.5669291338582677,0.5669291338582677,0.5669291338582677,0.5926591853183707
3,GradDiff,AdaBoost,2,0.5688976377952756,0.610236220472441,0.5275590551181102,0.5636363636363636,0.610236220472441,0.5860113421550095,0.5921786843573686
3,GradDiff,AdaBoost,3,0.531496062992126,0.5433070866141733,0.5196850393700787,0.5307692307692308,0.5433070866141733,0.5369649805447471,0.5465465930931861
3,GradDiff,AdaBoost,4,0.5590551181102362,0.5196850393700787,0.5984251968503937,0.5641025641025641,0.5196850393700787,0.5409836065573771,0.5702151404302809
3,GradDiff,AdaBoost,5,0.5354330708661418,0.5551181102362205,0.515748031496063,0.5340909090909091,0.5551181102362205,0.5444015444015444,0.5728036456072912
3,GradDiff,AdaBoost,6,0.5511811023622047,0.5393700787401575,0.562992125984252,0.5524193548387096,0.5393700787401575,0.545816733067729,0.5572183644367289
3,GradDiff,AdaBoost,7,0.5393700787401575,0.5551181102362205,0.5236220472440944,0.5381679389312977,0.5551181102362205,0.5465116279069767,0.5558931117862236
3,GradDiff,AdaBoost,8,0.5452755905511811,0.5551181102362205,0.5354330708661418,0.5444015444015444,0.5551181102362205,0.5497076023391813,0.5988824477648955
3,GradDiff,AdaBoost,9,0.5688976377952756,0.6062992125984252,0.531496062992126,0.5641025641025641,0.6062992125984252,0.5844402277039848,0.5861414222828447
3,GradDiff,AdaBoost,10,0.5708661417322834,0.6023622047244095,0.5393700787401575,0.5666666666666667,0.6023622047244095,0.583969465648855,0.5863274226548453
3,GradDiff,AdaBoost,11,0.594488188976378,0.6062992125984252,0.5826771653543307,0.5923076923076923,0.6062992125984252,0.5992217898832685,0.6231787463574927
3,GradDiff,AdaBoost,12,0.5787401574803149,0.5748031496062992,0.5826771653543307,0.5793650793650794,0.5748031496062992,0.5770750988142292,0.5945966891933784
3,GradDiff,AdaBoost,13,0.5433070866141733,0.5984251968503937,0.4881889763779528,0.5390070921985816,0.5984251968503937,0.5671641791044776,0.5779264058528117
3,GradDiff,AdaBoost,14,0.5433070866141733,0.5,0.5866141732283464,0.5474137931034483,0.5,0.522633744855967,0.5605276210552421
3,GradDiff,AdaBoost,15,0.5433070866141733,0.4921259842519685,0.594488188976378,0.5482456140350878,0.4921259842519685,0.5186721991701245,0.5453685907371815
3,GradDiff,AdaBoost,16,0.5255905511811023,0.547244094488189,0.5039370078740157,0.5245283018867924,0.547244094488189,0.535645472061657,0.532007564015128
3,GradDiff,AdaBoost,17,0.5492125984251969,0.5393700787401575,0.5590551181102362,0.5502008032128514,0.5393700787401575,0.5447316103379721,0.555226610453221
3,GradDiff,AdaBoost,18,0.5551181102362205,0.547244094488189,0.562992125984252,0.556,0.547244094488189,0.5515873015873016,0.5681148862297725
3,GradDiff,AdaBoost,19,0.5807086614173228,0.5748031496062992,0.5866141732283464,0.5816733067729084,0.5748031496062992,0.5782178217821782,0.5999209498418997
3,GradDiff,AdaBoost,20,0.5413385826771654,0.5118110236220472,0.5708661417322834,0.5439330543933054,0.5118110236220472,0.5273833671399595,0.5404550809101618
3,GradDiff,AdaBoost,21,0.5551181102362205,0.515748031496063,0.594488188976378,0.5598290598290598,0.515748031496063,0.5368852459016393,0.570501891003782
3,GradDiff,AdaBoost,22,0.5393700787401575,0.5393700787401575,0.5393700787401575,0.5393700787401575,0.5393700787401575,0.5393700787401575,0.526241552483105
3,GradDiff,AdaBoost,23,0.5728346456692913,0.5275590551181102,0.6181102362204725,0.5800865800865801,0.5275590551181102,0.5525773195876289,0.5801661603323207
3,GradDiff,AdaBoost,24,0.5452755905511811,0.5393700787401575,0.5511811023622047,0.545816733067729,0.5393700787401575,0.5425742574257426,0.5597836195672392
3,GradDiff,AdaBoost,25,0.5098425196850394,0.5078740157480315,0.5118110236220472,0.5098814229249012,0.5078740157480315,0.5088757396449705,0.5296748093496187
3,GradDiff,AdaBoost,26,0.5570866141732284,0.531496062992126,0.5826771653543307,0.5601659751037344,0.531496062992126,0.5454545454545454,0.5550483600967202
3,GradDiff,AdaBoost,27,0.4921259842519685,0.5236220472440944,0.46062992125984253,0.4925925925925926,0.5236220472440944,0.5076335877862596,0.4845387190774382
3,GradDiff,AdaBoost,28,0.5019685039370079,0.47244094488188976,0.531496062992126,0.502092050209205,0.47244094488188976,0.486815415821501,0.5265128030256061
3,GradDiff,AdaBoost,29,0.5413385826771654,0.4881889763779528,0.594488188976378,0.5462555066079295,0.4881889763779528,0.5155925155925156,0.5503441006882013
3,GradDiff,AdaBoost,30,0.5374015748031497,0.5118110236220472,0.562992125984252,0.5394190871369294,0.5118110236220472,0.5252525252525253,0.5316743133486266
3,GradDiff,AdaBoost,31,0.5511811023622047,0.468503937007874,0.6338582677165354,0.5613207547169812,0.468503937007874,0.5107296137339056,0.5494528489056978
3,GradDiff,AdaBoost,32,0.5511811023622047,0.5393700787401575,0.562992125984252,0.5524193548387096,0.5393700787401575,0.545816733067729,0.5625736251472503
4,GradDiff,LR,1,0.5334645669291339,0.5039370078740157,0.562992125984252,0.5355648535564853,0.5039370078740157,0.5192697768762677,0.5526226052452105
4,GradDiff,LR,2,0.5413385826771654,0.49606299212598426,0.5866141732283464,0.5454545454545454,0.49606299212598426,0.5195876288659794,0.5798251596503192
4,GradDiff,LR,3,0.5413385826771654,0.5196850393700787,0.562992125984252,0.5432098765432098,0.5196850393700787,0.5311871227364185,0.5777171554343108
4,GradDiff,LR,4,0.5354330708661418,0.5590551181102362,0.5118110236220472,0.5338345864661654,0.5590551181102362,0.5461538461538461,0.5783836567673135
4,GradDiff,LR,5,0.5492125984251969,0.5393700787401575,0.5590551181102362,0.5502008032128514,0.5393700787401575,0.5447316103379721,0.5637981275962551
4,GradDiff,LR,6,0.5610236220472441,0.5748031496062992,0.547244094488189,0.5593869731800766,0.5748031496062992,0.566990291262136,0.5742141484282968
4,GradDiff,LR,7,0.5570866141732284,0.562992125984252,0.5511811023622047,0.556420233463035,0.562992125984252,0.5596868884540117,0.5775931551863104
4,GradDiff,LR,8,0.5492125984251969,0.5748031496062992,0.5236220472440944,0.5468164794007491,0.5748031496062992,0.5604606525911708,0.5658441316882634
4,GradDiff,LR,9,0.5708661417322834,0.5905511811023622,0.5511811023622047,0.5681818181818182,0.5905511811023622,0.5791505791505791,0.5851106702213404
4,GradDiff,LR,10,0.5748031496062992,0.5433070866141733,0.6062992125984252,0.5798319327731093,0.5433070866141733,0.5609756097560976,0.5985646971293943
4,GradDiff,LR,11,0.5885826771653543,0.5590551181102362,0.6181102362204725,0.5941422594142259,0.5590551181102362,0.5760649087221096,0.6180482360964721
4,GradDiff,LR,12,0.5964566929133859,0.5787401574803149,0.6141732283464567,0.6,0.5787401574803149,0.5891783567134269,0.6253642507285015
4,GradDiff,LR,13,0.5846456692913385,0.6023622047244095,0.5669291338582677,0.5817490494296578,0.6023622047244095,0.5918762088974855,0.629285758571517
4,GradDiff,LR,14,0.5964566929133859,0.5787401574803149,0.6141732283464567,0.6,0.5787401574803149,0.5891783567134269,0.6387717775435551
4,GradDiff,LR,15,0.5826771653543307,0.594488188976378,0.5708661417322834,0.5807692307692308,0.594488188976378,0.5875486381322957,0.6207917415834832
4,GradDiff,LR,16,0.5649606299212598,0.5826771653543307,0.547244094488189,0.5627376425855514,0.5826771653543307,0.5725338491295938,0.6237832475664952
4,GradDiff,LR,17,0.5728346456692913,0.610236220472441,0.5354330708661418,0.5677655677655677,0.610236220472441,0.5882352941176471,0.6057102114204228
4,GradDiff,LR,18,0.5984251968503937,0.5984251968503937,0.5984251968503937,0.5984251968503937,0.5984251968503937,0.5984251968503937,0.6195982391964784
4,GradDiff,LR,19,0.6023622047244095,0.6377952755905512,0.5669291338582677,0.5955882352941176,0.6377952755905512,0.6159695817490495,0.6250852501705003
4,GradDiff,LR,20,0.6023622047244095,0.6259842519685039,0.5787401574803149,0.5977443609022557,0.6259842519685039,0.6115384615384616,0.631982763965528
4,GradDiff,LR,21,0.6003937007874016,0.6220472440944882,0.5787401574803149,0.5962264150943396,0.6220472440944882,0.6088631984585742,0.6308977617955236
4,GradDiff,LR,22,0.5767716535433071,0.6259842519685039,0.5275590551181102,0.5698924731182796,0.6259842519685039,0.5966228893058161,0.6208227416454832
4,GradDiff,LR,23,0.5767716535433071,0.6259842519685039,0.5275590551181102,0.5698924731182796,0.6259842519685039,0.5966228893058161,0.6140957281914563
4,GradDiff,LR,24,0.5787401574803149,0.6299212598425197,0.5275590551181102,0.5714285714285714,0.6299212598425197,0.599250936329588,0.6165447330894661
4,GradDiff,LR,25,0.594488188976378,0.6259842519685039,0.562992125984252,0.5888888888888889,0.6259842519685039,0.6068702290076335,0.6225587451174902
4,GradDiff,LR,26,0.5885826771653543,0.610236220472441,0.5669291338582677,0.5849056603773585,0.610236220472441,0.5973025048169557,0.6221402442804885
4,GradDiff,LR,27,0.594488188976378,0.6181102362204725,0.5708661417322834,0.5902255639097744,0.6181102362204725,0.6038461538461538,0.6265267530535061
4,GradDiff,LR,28,0.6141732283464567,0.6377952755905512,0.5905511811023622,0.6090225563909775,0.6377952755905512,0.6230769230769231,0.629766259532519
4,GradDiff,LR,29,0.5885826771653543,0.5866141732283464,0.5905511811023622,0.5889328063241107,0.5866141732283464,0.5877712031558185,0.6292237584475169
4,GradDiff,LR,30,0.5846456692913385,0.5984251968503937,0.5708661417322834,0.5823754789272031,0.5984251968503937,0.5902912621359223,0.6082057164114328
4,GradDiff,LR,31,0.5748031496062992,0.610236220472441,0.5393700787401575,0.5698529411764706,0.610236220472441,0.5893536121673004,0.594472688945378
4,GradDiff,LR,32,0.5590551181102362,0.547244094488189,0.5708661417322834,0.5604838709677419,0.547244094488189,0.5537848605577689,0.5797941595883193
4,GradDiff,RF,1,0.5669291338582677,0.5275590551181102,0.6062992125984252,0.5726495726495726,0.5275590551181102,0.5491803278688525,0.5901481802963606
4,GradDiff,RF,2,0.5708661417322834,0.5905511811023622,0.5511811023622047,0.5681818181818182,0.5905511811023622,0.5791505791505791,0.5850486700973403
4,GradDiff,RF,3,0.547244094488189,0.5787401574803149,0.515748031496063,0.5444444444444444,0.5787401574803149,0.5610687022900763,0.581258912517825
4,GradDiff,RF,4,0.547244094488189,0.5275590551181102,0.5669291338582677,0.5491803278688525,0.5275590551181102,0.5381526104417671,0.5815999131998265
4,GradDiff,RF,5,0.547244094488189,0.5078740157480315,0.5866141732283464,0.5512820512820513,0.5078740157480315,0.5286885245901639,0.5882649265298531
4,GradDiff,RF,6,0.5866141732283464,0.5708661417322834,0.6023622047244095,0.5894308943089431,0.5708661417322834,0.58,0.6094999689999381
4,GradDiff,RF,7,0.5807086614173228,0.5708661417322834,0.5905511811023622,0.5823293172690763,0.5708661417322834,0.5765407554671969,0.6061907123814247
4,GradDiff,RF,8,0.5531496062992126,0.5511811023622047,0.5551181102362205,0.5533596837944664,0.5511811023622047,0.5522682445759369,0.5916671833343666
4,GradDiff,RF,9,0.547244094488189,0.5039370078740157,0.5905511811023622,0.5517241379310345,0.5039370078740157,0.5267489711934157,0.5870559241118483
4,GradDiff,RF,10,0.5708661417322834,0.5669291338582677,0.5748031496062992,0.5714285714285714,0.5669291338582677,0.5691699604743083,0.603268956537913
4,GradDiff,RF,11,0.5885826771653543,0.5236220472440944,0.6535433070866141,0.6018099547511312,0.5236220472440944,0.56,0.6123442246884494
4,GradDiff,RF,12,0.5728346456692913,0.515748031496063,0.6299212598425197,0.5822222222222222,0.515748031496063,0.5469728601252609,0.6019514539029078
4,GradDiff,RF,13,0.5649606299212598,0.5354330708661418,0.594488188976378,0.5690376569037657,0.5354330708661418,0.5517241379310345,0.604012958025916
4,GradDiff,RF,14,0.5669291338582677,0.5236220472440944,0.610236220472441,0.5732758620689655,0.5236220472440944,0.5473251028806584,0.5942866885733771
4,GradDiff,RF,15,0.5846456692913385,0.5905511811023622,0.5787401574803149,0.5836575875486382,0.5905511811023622,0.5870841487279843,0.6086862173724348
4,GradDiff,RF,16,0.5413385826771654,0.5511811023622047,0.531496062992126,0.5405405405405406,0.5511811023622047,0.5458089668615984,0.5587451174902349
4,GradDiff,RF,17,0.5393700787401575,0.5236220472440944,0.5551181102362205,0.540650406504065,0.5236220472440944,0.532,0.5918531837063674
4,GradDiff,RF,18,0.5551181102362205,0.5393700787401575,0.5708661417322834,0.556910569105691,0.5393700787401575,0.548,0.5645188790377582
4,GradDiff,RF,19,0.5039370078740157,0.47244094488188976,0.5354330708661418,0.5042016806722689,0.47244094488188976,0.4878048780487805,0.5397963295926592
4,GradDiff,RF,20,0.5433070866141733,0.5039370078740157,0.5826771653543307,0.5470085470085471,0.5039370078740157,0.5245901639344263,0.5672003844007687
4,GradDiff,RF,21,0.5137795275590551,0.4921259842519685,0.5354330708661418,0.51440329218107,0.4921259842519685,0.5030181086519114,0.5348440696881395
4,GradDiff,RF,22,0.5236220472440944,0.484251968503937,0.562992125984252,0.5256410256410257,0.484251968503937,0.5040983606557377,0.5365878231756465
4,GradDiff,RF,23,0.5118110236220472,0.47244094488188976,0.5511811023622047,0.5128205128205128,0.47244094488188976,0.4918032786885246,0.5258075516151034
4,GradDiff,RF,24,0.5551181102362205,0.5669291338582677,0.5433070866141733,0.5538461538461539,0.5669291338582677,0.5603112840466926,0.5608376216752434
4,GradDiff,RF,25,0.5649606299212598,0.547244094488189,0.5826771653543307,0.5673469387755102,0.547244094488189,0.5571142284569138,0.557745365490731
4,GradDiff,RF,26,0.5531496062992126,0.5275590551181102,0.5787401574803149,0.5560165975103735,0.5275590551181102,0.5414141414141415,0.5445625891251783
4,GradDiff,RF,27,0.5216535433070866,0.5433070866141733,0.5,0.5207547169811321,0.5433070866141733,0.5317919075144508,0.5516848533697067
4,GradDiff,RF,28,0.5374015748031497,0.5118110236220472,0.562992125984252,0.5394190871369294,0.5118110236220472,0.5252525252525253,0.5576833653667307
4,GradDiff,RF,29,0.5177165354330708,0.4881889763779528,0.547244094488189,0.5188284518828452,0.4881889763779528,0.5030425963488844,0.5281248062496124
4,GradDiff,RF,30,0.5433070866141733,0.5275590551181102,0.5590551181102362,0.5447154471544715,0.5275590551181102,0.536,0.5373240746481494
4,GradDiff,RF,31,0.5334645669291339,0.5196850393700787,0.547244094488189,0.5344129554655871,0.5196850393700787,0.5269461077844312,0.554730609461219
4,GradDiff,RF,32,0.5098425196850394,0.49606299212598426,0.5236220472440944,0.5101214574898786,0.49606299212598426,0.5029940119760479,0.5253735507471016
4,GradDiff,AdaBoost,1,0.5433070866141733,0.5118110236220472,0.5748031496062992,0.5462184873949579,0.5118110236220472,0.5284552845528455,0.5689053878107756
4,GradDiff,AdaBoost,2,0.5531496062992126,0.5708661417322834,0.5354330708661418,0.5513307984790875,0.5708661417322834,0.5609284332688588,0.5576756153512307
4,GradDiff,AdaBoost,3,0.5452755905511811,0.5748031496062992,0.515748031496063,0.5427509293680297,0.5748031496062992,0.5583173996175909,0.5666113832227664
4,GradDiff,AdaBoost,4,0.5216535433070866,0.5354330708661418,0.5078740157480315,0.5210727969348659,0.5354330708661418,0.5281553398058253,0.543004836009672
4,GradDiff,AdaBoost,5,0.5492125984251969,0.5433070866141733,0.5551181102362205,0.549800796812749,0.5433070866141733,0.5465346534653466,0.5809721619443239
4,GradDiff,AdaBoost,6,0.531496062992126,0.5236220472440944,0.5393700787401575,0.532,0.5236220472440944,0.5277777777777778,0.5697036394072788
4,GradDiff,AdaBoost,7,0.5275590551181102,0.547244094488189,0.5078740157480315,0.5265151515151515,0.547244094488189,0.5366795366795367,0.5298685597371194
4,GradDiff,AdaBoost,8,0.5374015748031497,0.5590551181102362,0.515748031496063,0.5358490566037736,0.5590551181102362,0.5472061657032755,0.5585668671337343
4,GradDiff,AdaBoost,9,0.5826771653543307,0.5984251968503937,0.5669291338582677,0.5801526717557252,0.5984251968503937,0.5891472868217055,0.598246946493893
4,GradDiff,AdaBoost,10,0.5649606299212598,0.547244094488189,0.5826771653543307,0.5673469387755102,0.547244094488189,0.5571142284569138,0.5751906503813008
4,GradDiff,AdaBoost,11,0.547244094488189,0.5354330708661418,0.5590551181102362,0.5483870967741935,0.5354330708661418,0.5418326693227091,0.5459498418996838
4,GradDiff,AdaBoost,12,0.5590551181102362,0.5984251968503937,0.5196850393700787,0.5547445255474452,0.5984251968503937,0.5757575757575758,0.5827159154318309
4,GradDiff,AdaBoost,13,0.5492125984251969,0.5748031496062992,0.5236220472440944,0.5468164794007491,0.5748031496062992,0.5604606525911708,0.5818556637113275
4,GradDiff,AdaBoost,14,0.5570866141732284,0.5433070866141733,0.5708661417322834,0.5587044534412956,0.5433070866141733,0.5508982035928144,0.5676653853307706
4,GradDiff,AdaBoost,15,0.5492125984251969,0.6141732283464567,0.484251968503937,0.5435540069686411,0.6141732283464567,0.5767097966728281,0.5737646475292951
4,GradDiff,AdaBoost,16,0.5551181102362205,0.5590551181102362,0.5511811023622047,0.5546875,0.5590551181102362,0.5568627450980392,0.5553583607167214
4,GradDiff,AdaBoost,17,0.5433070866141733,0.5393700787401575,0.547244094488189,0.5436507936507936,0.5393700787401575,0.541501976284585,0.557760865521731
4,GradDiff,AdaBoost,18,0.562992125984252,0.5787401574803149,0.547244094488189,0.5610687022900763,0.5787401574803149,0.5697674418604651,0.5641546283092566
4,GradDiff,AdaBoost,19,0.5078740157480315,0.46062992125984253,0.5551181102362205,0.508695652173913,0.46062992125984253,0.4834710743801653,0.5187937875875752
4,GradDiff,AdaBoost,20,0.5531496062992126,0.5984251968503937,0.5078740157480315,0.5487364620938628,0.5984251968503937,0.5725047080979284,0.568765887531775
4,GradDiff,AdaBoost,21,0.5669291338582677,0.5669291338582677,0.5669291338582677,0.5669291338582677,0.5669291338582677,0.5669291338582677,0.5833669167338335
4,GradDiff,AdaBoost,22,0.5354330708661418,0.5275590551181102,0.5433070866141733,0.536,0.5275590551181102,0.5317460317460317,0.5619381238762478
4,GradDiff,AdaBoost,23,0.5,0.48031496062992124,0.5196850393700787,0.5,0.48031496062992124,0.4899598393574297,0.5306978113956228
4,GradDiff,AdaBoost,24,0.5551181102362205,0.5275590551181102,0.5826771653543307,0.5583333333333333,0.5275590551181102,0.5425101214574899,0.5814061628123256
4,GradDiff,AdaBoost,25,0.5098425196850394,0.468503937007874,0.5511811023622047,0.5107296137339056,0.468503937007874,0.4887063655030801,0.5313178126356253
4,GradDiff,AdaBoost,26,0.5196850393700787,0.5433070866141733,0.49606299212598426,0.518796992481203,0.5433070866141733,0.5307692307692308,0.5334723169446338
4,GradDiff,AdaBoost,27,0.5590551181102362,0.5748031496062992,0.5433070866141733,0.5572519083969466,0.5748031496062992,0.5658914728682171,0.5598456196912395
4,GradDiff,AdaBoost,28,0.5118110236220472,0.5275590551181102,0.49606299212598426,0.5114503816793893,0.5275590551181102,0.5193798449612403,0.541516833033666
4,GradDiff,AdaBoost,29,0.5570866141732284,0.5787401574803149,0.5354330708661418,0.5547169811320755,0.5787401574803149,0.5664739884393064,0.5638601277202555
4,GradDiff,AdaBoost,30,0.531496062992126,0.5118110236220472,0.5511811023622047,0.5327868852459017,0.5118110236220472,0.5220883534136547,0.5399435798871598
4,GradDiff,AdaBoost,31,0.5275590551181102,0.531496062992126,0.5236220472440944,0.52734375,0.531496062992126,0.5294117647058824,0.5303645607291215
4,GradDiff,AdaBoost,32,0.5098425196850394,0.5196850393700787,0.5,0.5096525096525096,0.5196850393700787,0.5146198830409356,0.508207266414533
0,RMU,LR,1,0.5826771653543307,0.6220472440944882,0.5433070866141733,0.5766423357664233,0.6220472440944882,0.5984848484848485,0.5853276706553413
0,RMU,LR,2,0.5767716535433071,0.5551181102362205,0.5984251968503937,0.5802469135802469,0.5551181102362205,0.5674044265593562,0.5854051708103416
0,RMU,LR,3,0.5492125984251969,0.5354330708661418,0.562992125984252,0.5506072874493927,0.5354330708661418,0.5429141716566867,0.5797321594643189
0,RMU,LR,4,0.5767716535433071,0.5905511811023622,0.562992125984252,0.5747126436781609,0.5905511811023622,0.5825242718446602,0.5947671895343791
0,RMU,LR,5,0.5610236220472441,0.594488188976378,0.5275590551181102,0.5571955719557196,0.594488188976378,0.5752380952380952,0.5856066712133424
0,RMU,LR,6,0.5846456692913385,0.5708661417322834,0.5984251968503937,0.5870445344129555,0.5708661417322834,0.5788423153692615,0.5919151838303677
0,RMU,LR,7,0.5787401574803149,0.5905511811023622,0.5669291338582677,0.5769230769230769,0.5905511811023622,0.5836575875486382,0.6148862297724595
0,RMU,LR,8,0.5748031496062992,0.594488188976378,0.5551181102362205,0.571969696969697,0.594488188976378,0.583011583011583,0.6147002294004588
0,RMU,LR,9,0.5492125984251969,0.5118110236220472,0.5866141732283464,0.5531914893617021,0.5118110236220472,0.5316973415132924,0.5949066898133796
0,RMU,LR,10,0.6003937007874016,0.594488188976378,0.6062992125984252,0.601593625498008,0.594488188976378,0.598019801980198,0.6214427428854858
0,RMU,LR,11,0.5846456692913385,0.5708661417322834,0.5984251968503937,0.5870445344129555,0.5708661417322834,0.5788423153692615,0.6087947175894352
0,RMU,LR,12,0.5748031496062992,0.5511811023622047,0.5984251968503937,0.5785123966942148,0.5511811023622047,0.5645161290322581,0.5967976935953873
0,RMU,LR,13,0.5787401574803149,0.5511811023622047,0.6062992125984252,0.5833333333333334,0.5511811023622047,0.5668016194331984,0.594767189534379
0,RMU,LR,14,0.5807086614173228,0.5393700787401575,0.6220472440944882,0.5879828326180258,0.5393700787401575,0.5626283367556468,0.5871411742823485
0,RMU,LR,15,0.5590551181102362,0.5669291338582677,0.5511811023622047,0.5581395348837209,0.5669291338582677,0.5625,0.577267654535309
0,RMU,LR,16,0.5511811023622047,0.5433070866141733,0.5590551181102362,0.552,0.5433070866141733,0.5476190476190477,0.5754386508773017
0,RMU,LR,17,0.562992125984252,0.5748031496062992,0.5511811023622047,0.5615384615384615,0.5748031496062992,0.5680933852140078,0.6076322152644306
0,RMU,LR,18,0.5492125984251969,0.5551181102362205,0.5433070866141733,0.5486381322957199,0.5551181102362205,0.5518590998043053,0.5810031620063241
0,RMU,LR,19,0.5649606299212598,0.5708661417322834,0.5590551181102362,0.5642023346303502,0.5708661417322834,0.5675146771037182,0.581483662967326
0,RMU,LR,20,0.5708661417322834,0.5787401574803149,0.562992125984252,0.5697674418604651,0.5787401574803149,0.57421875,0.5881951763903528
0,RMU,LR,21,0.5767716535433071,0.5905511811023622,0.562992125984252,0.5747126436781609,0.5905511811023622,0.5825242718446602,0.5734391468782938
0,RMU,LR,22,0.547244094488189,0.547244094488189,0.547244094488189,0.547244094488189,0.547244094488189,0.547244094488189,0.5598301196602393
0,RMU,LR,23,0.5413385826771654,0.5433070866141733,0.5393700787401575,0.5411764705882353,0.5433070866141733,0.5422396856581533,0.5537851075702152
0,RMU,LR,24,0.5393700787401575,0.5511811023622047,0.5275590551181102,0.5384615384615384,0.5511811023622047,0.5447470817120622,0.5578461156922314
0,RMU,LR,25,0.5374015748031497,0.547244094488189,0.5275590551181102,0.5366795366795367,0.547244094488189,0.5419103313840156,0.5524366048732098
0,RMU,LR,26,0.5295275590551181,0.5354330708661418,0.5236220472440944,0.5291828793774319,0.5354330708661418,0.5322896281800391,0.5513206026412053
0,RMU,LR,27,0.5590551181102362,0.5866141732283464,0.531496062992126,0.5559701492537313,0.5866141732283464,0.5708812260536399,0.5574741149482298
0,RMU,LR,28,0.5570866141732284,0.594488188976378,0.5196850393700787,0.5531135531135531,0.594488188976378,0.573055028462998,0.5683241366482733
0,RMU,LR,29,0.5846456692913385,0.6062992125984252,0.562992125984252,0.5811320754716981,0.6062992125984252,0.5934489402697495,0.5756711513423027
0,RMU,LR,30,0.5708661417322834,0.5826771653543307,0.5590551181102362,0.5692307692307692,0.5826771653543307,0.5758754863813229,0.5667741335482671
0,RMU,LR,31,0.5649606299212598,0.5866141732283464,0.5433070866141733,0.5622641509433962,0.5866141732283464,0.5741811175337187,0.5619691239382478
0,RMU,LR,32,0.5590551181102362,0.5708661417322834,0.547244094488189,0.5576923076923077,0.5708661417322834,0.5642023346303502,0.5520336040672081
0,RMU,RF,1,0.5866141732283464,0.5669291338582677,0.6062992125984252,0.5901639344262295,0.5669291338582677,0.5783132530120482,0.6195827391654783
0,RMU,RF,2,0.5551181102362205,0.5393700787401575,0.5708661417322834,0.556910569105691,0.5393700787401575,0.548,0.5897141794283589
0,RMU,RF,3,0.5570866141732284,0.5275590551181102,0.5866141732283464,0.5606694560669456,0.5275590551181102,0.5436105476673428,0.5936356872713745
0,RMU,RF,4,0.5708661417322834,0.562992125984252,0.5787401574803149,0.572,0.562992125984252,0.5674603174603174,0.5882959265918533
0,RMU,RF,5,0.5708661417322834,0.547244094488189,0.594488188976378,0.5743801652892562,0.547244094488189,0.5604838709677419,0.6090969681939364
0,RMU,RF,6,0.547244094488189,0.5236220472440944,0.5708661417322834,0.5495867768595041,0.5236220472440944,0.5362903225806451,0.5697888895777792
0,RMU,RF,7,0.5610236220472441,0.5275590551181102,0.594488188976378,0.5654008438818565,0.5275590551181102,0.5458248472505092,0.5949144398288797
0,RMU,RF,8,0.5295275590551181,0.4881889763779528,0.5708661417322834,0.5321888412017167,0.4881889763779528,0.5092402464065708,0.5574353648707296
0,RMU,RF,9,0.5413385826771654,0.5039370078740157,0.5787401574803149,0.5446808510638298,0.5039370078740157,0.523517382413088,0.5806544113088227
0,RMU,RF,10,0.5255905511811023,0.4881889763779528,0.562992125984252,0.5276595744680851,0.4881889763779528,0.5071574642126789,0.5581716163432328
0,RMU,RF,11,0.5570866141732284,0.5118110236220472,0.6023622047244095,0.5627705627705628,0.5118110236220472,0.5360824742268041,0.5866916733833468
0,RMU,RF,12,0.531496062992126,0.5393700787401575,0.5236220472440944,0.5310077519379846,0.5393700787401575,0.53515625,0.5460505921011841
0,RMU,RF,13,0.5078740157480315,0.48031496062992124,0.5354330708661418,0.5083333333333333,0.48031496062992124,0.4939271255060729,0.532759315518631
0,RMU,RF,14,0.5413385826771654,0.5236220472440944,0.5590551181102362,0.5428571428571428,0.5236220472440944,0.533066132264529,0.5503518507037014
0,RMU,RF,15,0.547244094488189,0.5118110236220472,0.5826771653543307,0.5508474576271186,0.5118110236220472,0.5306122448979592,0.5635888771777544
0,RMU,RF,16,0.531496062992126,0.5393700787401575,0.5236220472440944,0.5310077519379846,0.5393700787401575,0.53515625,0.5424623349246698
0,RMU,RF,17,0.5374015748031497,0.5354330708661418,0.5393700787401575,0.5375494071146245,0.5354330708661418,0.5364891518737672,0.5512896025792051
0,RMU,RF,18,0.5492125984251969,0.5748031496062992,0.5236220472440944,0.5468164794007491,0.5748031496062992,0.5604606525911708,0.5485693471386942
0,RMU,RF,19,0.5098425196850394,0.49606299212598426,0.5236220472440944,0.5101214574898786,0.49606299212598426,0.5029940119760479,0.5053087606175213
0,RMU,RF,20,0.5275590551181102,0.49606299212598426,0.5590551181102362,0.5294117647058824,0.49606299212598426,0.5121951219512195,0.5540486080972162
0,RMU,RF,21,0.5255905511811023,0.5551181102362205,0.49606299212598426,0.5241635687732342,0.5551181102362205,0.5391969407265774,0.5281403062806125
0,RMU,RF,22,0.49606299212598426,0.5196850393700787,0.47244094488188976,0.49624060150375937,0.5196850393700787,0.5076923076923077,0.4984344968689937
0,RMU,RF,23,0.5452755905511811,0.5433070866141733,0.547244094488189,0.5454545454545454,0.5433070866141733,0.5443786982248521,0.5423305846611692
0,RMU,RF,24,0.5196850393700787,0.5433070866141733,0.49606299212598426,0.518796992481203,0.5433070866141733,0.5307692307692308,0.5348440696881394
0,RMU,RF,25,0.5177165354330708,0.531496062992126,0.5039370078740157,0.5172413793103449,0.531496062992126,0.5242718446601942,0.5212660425320851
0,RMU,RF,26,0.5334645669291339,0.5196850393700787,0.547244094488189,0.5344129554655871,0.5196850393700787,0.5269461077844312,0.5303878107756215
0,RMU,RF,27,0.5393700787401575,0.5118110236220472,0.5669291338582677,0.5416666666666666,0.5118110236220472,0.5263157894736842,0.533743567487135
0,RMU,RF,28,0.5216535433070866,0.5078740157480315,0.5354330708661418,0.5222672064777328,0.5078740157480315,0.5149700598802395,0.5413695827391655
0,RMU,RF,29,0.5334645669291339,0.5275590551181102,0.5393700787401575,0.5338645418326693,0.5275590551181102,0.5306930693069307,0.540486080972162
0,RMU,RF,30,0.5413385826771654,0.5511811023622047,0.531496062992126,0.5405405405405406,0.5511811023622047,0.5458089668615984,0.5265360530721062
0,RMU,RF,31,0.5,0.452755905511811,0.547244094488189,0.5,0.452755905511811,0.47520661157024796,0.509757269514539
0,RMU,RF,32,0.5295275590551181,0.515748031496063,0.5433070866141733,0.5303643724696356,0.515748031496063,0.5229540918163673,0.5263500527001054
0,RMU,AdaBoost,1,0.5728346456692913,0.5196850393700787,0.6259842519685039,0.5814977973568282,0.5196850393700787,0.5488565488565489,0.5977819455638911
0,RMU,AdaBoost,2,0.5433070866141733,0.562992125984252,0.5236220472440944,0.5416666666666666,0.562992125984252,0.5521235521235521,0.5722378944757889
0,RMU,AdaBoost,3,0.5177165354330708,0.5354330708661418,0.5,0.5171102661596958,0.5354330708661418,0.5261121856866537,0.5310233120466241
0,RMU,AdaBoost,4,0.5413385826771654,0.5275590551181102,0.5551181102362205,0.5425101214574899,0.5275590551181102,0.5349301397205589,0.554265608531217
0,RMU,AdaBoost,5,0.547244094488189,0.5393700787401575,0.5551181102362205,0.548,0.5393700787401575,0.5436507936507936,0.5742451484902971
0,RMU,AdaBoost,6,0.5255905511811023,0.5275590551181102,0.5236220472440944,0.5254901960784314,0.5275590551181102,0.5265225933202358,0.5461435922871846
0,RMU,AdaBoost,7,0.5728346456692913,0.5590551181102362,0.5866141732283464,0.5748987854251012,0.5590551181102362,0.5668662674650699,0.581964163928328
0,RMU,AdaBoost,8,0.5492125984251969,0.5826771653543307,0.515748031496063,0.5461254612546126,0.5826771653543307,0.5638095238095238,0.5812744125488252
0,RMU,AdaBoost,9,0.5826771653543307,0.5787401574803149,0.5866141732283464,0.5833333333333334,0.5787401574803149,0.5810276679841897,0.5816154132308264
0,RMU,AdaBoost,10,0.5078740157480315,0.531496062992126,0.484251968503937,0.5075187969924813,0.531496062992126,0.5192307692307693,0.5413928327856656
0,RMU,AdaBoost,11,0.5393700787401575,0.515748031496063,0.562992125984252,0.5413223140495868,0.515748031496063,0.5282258064516129,0.5292640585281171
0,RMU,AdaBoost,12,0.5334645669291339,0.5078740157480315,0.5590551181102362,0.5352697095435685,0.5078740157480315,0.5212121212121212,0.5421910843821688
0,RMU,AdaBoost,13,0.5354330708661418,0.531496062992126,0.5393700787401575,0.5357142857142857,0.531496062992126,0.5335968379446641,0.5361538223076445
0,RMU,AdaBoost,14,0.5196850393700787,0.547244094488189,0.4921259842519685,0.5186567164179104,0.547244094488189,0.5325670498084292,0.5033712567425135
0,RMU,AdaBoost,15,0.5393700787401575,0.5669291338582677,0.5118110236220472,0.5373134328358209,0.5669291338582677,0.5517241379310345,0.5519251038502078
0,RMU,AdaBoost,16,0.531496062992126,0.515748031496063,0.547244094488189,0.532520325203252,0.515748031496063,0.524,0.5246217992435985
0,RMU,AdaBoost,17,0.484251968503937,0.468503937007874,0.5,0.483739837398374,0.468503937007874,0.476,0.4966829933659867
0,RMU,AdaBoost,18,0.5255905511811023,0.4921259842519685,0.5590551181102362,0.5274261603375527,0.4921259842519685,0.5091649694501018,0.5247845495690991
0,RMU,AdaBoost,19,0.5216535433070866,0.5354330708661418,0.5078740157480315,0.5210727969348659,0.5354330708661418,0.5281553398058253,0.5199640399280798
0,RMU,AdaBoost,20,0.5,0.5196850393700787,0.48031496062992124,0.5,0.5196850393700787,0.5096525096525096,0.5243970487940977
0,RMU,AdaBoost,21,0.5118110236220472,0.484251968503937,0.5393700787401575,0.5125,0.484251968503937,0.4979757085020243,0.5332243164486329
0,RMU,AdaBoost,22,0.531496062992126,0.562992125984252,0.5,0.5296296296296297,0.562992125984252,0.5458015267175572,0.520266290532581
0,RMU,AdaBoost,23,0.5098425196850394,0.5236220472440944,0.49606299212598426,0.5095785440613027,0.5236220472440944,0.516504854368932,0.5216922933845868
0,RMU,AdaBoost,24,0.5137795275590551,0.5275590551181102,0.5,0.5134099616858238,0.5275590551181102,0.5203883495145631,0.5254123008246017
0,RMU,AdaBoost,25,0.5078740157480315,0.5196850393700787,0.49606299212598426,0.5076923076923077,0.5196850393700787,0.5136186770428015,0.5292950585901173
0,RMU,AdaBoost,26,0.5354330708661418,0.5708661417322834,0.5,0.5330882352941176,0.5708661417322834,0.5513307984790875,0.5186697873395747
0,RMU,AdaBoost,27,0.49803149606299213,0.4881889763779528,0.5078740157480315,0.4979919678714859,0.4881889763779528,0.49304174950298213,0.5158952817905635
0,RMU,AdaBoost,28,0.5177165354330708,0.5393700787401575,0.49606299212598426,0.5169811320754717,0.5393700787401575,0.5279383429672447,0.5256680513361027
0,RMU,AdaBoost,29,0.5236220472440944,0.547244094488189,0.5,0.5225563909774437,0.547244094488189,0.5346153846153846,0.5203437906875814
0,RMU,AdaBoost,30,0.5039370078740157,0.5196850393700787,0.4881889763779528,0.5038167938931297,0.5196850393700787,0.5116279069767442,0.507773265546531
0,RMU,AdaBoost,31,0.5433070866141733,0.5275590551181102,0.5590551181102362,0.5447154471544715,0.5275590551181102,0.536,0.5277915555831112
0,RMU,AdaBoost,32,0.5019685039370079,0.5275590551181102,0.4763779527559055,0.50187265917603,0.5275590551181102,0.5143953934740882,0.5195842891685784
1,RMU,LR,1,0.5413385826771654,0.5275590551181102,0.5551181102362205,0.5425101214574899,0.5275590551181102,0.5349301397205589,0.5630541261082522
1,RMU,LR,2,0.5708661417322834,0.562992125984252,0.5787401574803149,0.572,0.562992125984252,0.5674603174603174,0.5856531713063426
1,RMU,LR,3,0.5708661417322834,0.562992125984252,0.5787401574803149,0.572,0.562992125984252,0.5674603174603174,0.5867691735383471
1,RMU,LR,4,0.562992125984252,0.6220472440944882,0.5039370078740157,0.5563380281690141,0.6220472440944882,0.587360594795539,0.5802126604253208
1,RMU,LR,5,0.5866141732283464,0.5787401574803149,0.594488188976378,0.588,0.5787401574803149,0.5833333333333334,0.6064542129084258
1,RMU,LR,6,0.5669291338582677,0.5590551181102362,0.5748031496062992,0.568,0.5590551181102362,0.5634920634920635,0.6126542253084506
1,RMU,LR,7,0.5767716535433071,0.5748031496062992,0.5787401574803149,0.5770750988142292,0.5748031496062992,0.5759368836291914,0.6015407030814062
1,RMU,LR,8,0.5826771653543307,0.547244094488189,0.6181102362204725,0.5889830508474576,0.547244094488189,0.5673469387755102,0.6355787711575424
1,RMU,LR,9,0.5826771653543307,0.5826771653543307,0.5826771653543307,0.5826771653543307,0.5826771653543307,0.5826771653543307,0.6278597557195115
1,RMU,LR,10,0.6003937007874016,0.5905511811023622,0.610236220472441,0.6024096385542169,0.5905511811023622,0.5964214711729622,0.6328197656395311
1,RMU,LR,11,0.6023622047244095,0.6141732283464567,0.5905511811023622,0.6,0.6141732283464567,0.6070038910505836,0.625255750511501
1,RMU,LR,12,0.5807086614173228,0.5984251968503937,0.562992125984252,0.5779467680608364,0.5984251968503937,0.5880077369439072,0.6109647219294438
1,RMU,LR,13,0.5807086614173228,0.5866141732283464,0.5748031496062992,0.5797665369649806,0.5866141732283464,0.5831702544031311,0.6172732345464691
1,RMU,LR,14,0.5688976377952756,0.5826771653543307,0.5551181102362205,0.5670498084291188,0.5826771653543307,0.574757281553398,0.5919151838303677
1,RMU,LR,15,0.59251968503937,0.5905511811023622,0.594488188976378,0.5928853754940712,0.5905511811023622,0.591715976331361,0.6153202306404613
1,RMU,LR,16,0.5866141732283464,0.5590551181102362,0.6141732283464567,0.5916666666666667,0.5590551181102362,0.5748987854251012,0.6119567239134478
1,RMU,LR,17,0.5531496062992126,0.5433070866141733,0.562992125984252,0.5542168674698795,0.5433070866141733,0.5487077534791253,0.5892181784363568
1,RMU,LR,18,0.5570866141732284,0.5275590551181102,0.5866141732283464,0.5606694560669456,0.5275590551181102,0.5436105476673428,0.5956506913013826
1,RMU,LR,19,0.5748031496062992,0.5511811023622047,0.5984251968503937,0.5785123966942148,0.5511811023622047,0.5645161290322581,0.5992776985553971
1,RMU,LR,20,0.562992125984252,0.531496062992126,0.594488188976378,0.5672268907563025,0.531496062992126,0.5487804878048781,0.5842116684233368
1,RMU,LR,21,0.5688976377952756,0.5826771653543307,0.5551181102362205,0.5670498084291188,0.5826771653543307,0.574757281553398,0.5821191642383285
1,RMU,LR,22,0.547244094488189,0.5511811023622047,0.5433070866141733,0.546875,0.5511811023622047,0.5490196078431373,0.5745396490792982
1,RMU,LR,23,0.5433070866141733,0.5354330708661418,0.5511811023622047,0.544,0.5354330708661418,0.5396825396825397,0.5709281418562837
1,RMU,LR,24,0.5728346456692913,0.5826771653543307,0.562992125984252,0.5714285714285714,0.5826771653543307,0.5769980506822612,0.5882881765763531
1,RMU,LR,25,0.5807086614173228,0.5905511811023622,0.5708661417322834,0.5791505791505791,0.5905511811023622,0.5847953216374269,0.6008122016244033
1,RMU,LR,26,0.5531496062992126,0.5748031496062992,0.531496062992126,0.5509433962264151,0.5748031496062992,0.5626204238921002,0.5903186806373613
1,RMU,LR,27,0.5511811023622047,0.5590551181102362,0.5433070866141733,0.5503875968992248,0.5590551181102362,0.5546875,0.5849246698493397
1,RMU,LR,28,0.5649606299212598,0.5551181102362205,0.5748031496062992,0.5662650602409639,0.5551181102362205,0.5606361829025845,0.5882416764833529
1,RMU,LR,29,0.5669291338582677,0.5511811023622047,0.5826771653543307,0.5691056910569106,0.5511811023622047,0.56,0.6025637051274102
1,RMU,LR,30,0.5610236220472441,0.5708661417322834,0.5511811023622047,0.5598455598455598,0.5708661417322834,0.5653021442495126,0.5985646971293942
1,RMU,LR,31,0.5492125984251969,0.5551181102362205,0.5433070866141733,0.5486381322957199,0.5551181102362205,0.5518590998043053,0.5958366916733834
1,RMU,LR,32,0.5511811023622047,0.5551181102362205,0.547244094488189,0.55078125,0.5551181102362205,0.5529411764705883,0.5931551863103727
1,RMU,RF,1,0.5688976377952756,0.5393700787401575,0.5984251968503937,0.5732217573221757,0.5393700787401575,0.5557809330628803,0.6168779837559675
1,RMU,RF,2,0.5767716535433071,0.5708661417322834,0.5826771653543307,0.5776892430278885,0.5708661417322834,0.5742574257425742,0.6024009548019097
1,RMU,RF,3,0.547244094488189,0.5275590551181102,0.5669291338582677,0.5491803278688525,0.5275590551181102,0.5381526104417671,0.5960304420608843
1,RMU,RF,4,0.59251968503937,0.5511811023622047,0.6338582677165354,0.6008583690987125,0.5511811023622047,0.5749486652977412,0.623767747535495
1,RMU,RF,5,0.5905511811023622,0.562992125984252,0.6181102362204725,0.5958333333333333,0.562992125984252,0.5789473684210527,0.6141034782069564
1,RMU,RF,6,0.5964566929133859,0.5905511811023622,0.6023622047244095,0.5976095617529881,0.5905511811023622,0.594059405940594,0.5923801847603696
1,RMU,RF,7,0.5531496062992126,0.5039370078740157,0.6023622047244095,0.5589519650655022,0.5039370078740157,0.5300207039337475,0.5862344224688449
1,RMU,RF,8,0.5590551181102362,0.5118110236220472,0.6062992125984252,0.5652173913043478,0.5118110236220472,0.5371900826446281,0.5860561721123443
1,RMU,RF,9,0.5551181102362205,0.5433070866141733,0.5669291338582677,0.5564516129032258,0.5433070866141733,0.549800796812749,0.5771824043648088
1,RMU,RF,10,0.531496062992126,0.468503937007874,0.594488188976378,0.536036036036036,0.468503937007874,0.5,0.5595821191642384
1,RMU,RF,11,0.5137795275590551,0.4881889763779528,0.5393700787401575,0.5145228215767634,0.4881889763779528,0.501010101010101,0.5336118172236345
1,RMU,RF,12,0.531496062992126,0.4645669291338583,0.5984251968503937,0.5363636363636364,0.4645669291338583,0.4978902953586498,0.5672623845247691
1,RMU,RF,13,0.5216535433070866,0.5078740157480315,0.5354330708661418,0.5222672064777328,0.5078740157480315,0.5149700598802395,0.5342938185876371
1,RMU,RF,14,0.547244094488189,0.515748031496063,0.5787401574803149,0.5504201680672269,0.515748031496063,0.532520325203252,0.5554746109492219
1,RMU,RF,15,0.562992125984252,0.5236220472440944,0.6023622047244095,0.5683760683760684,0.5236220472440944,0.5450819672131147,0.5649916299832599
1,RMU,RF,16,0.562992125984252,0.5393700787401575,0.5866141732283464,0.5661157024793388,0.5393700787401575,0.5524193548387096,0.5715868931737865
1,RMU,RF,17,0.5649606299212598,0.5275590551181102,0.6023622047244095,0.5702127659574469,0.5275590551181102,0.5480572597137015,0.5792594085188171
1,RMU,RF,18,0.5531496062992126,0.5078740157480315,0.5984251968503937,0.5584415584415584,0.5078740157480315,0.5319587628865979,0.5552343604687209
1,RMU,RF,19,0.5334645669291339,0.4763779527559055,0.5905511811023622,0.5377777777777778,0.4763779527559055,0.5052192066805845,0.5503673507347014
1,RMU,RF,20,0.5433070866141733,0.5118110236220472,0.5748031496062992,0.5462184873949579,0.5118110236220472,0.5284552845528455,0.5502201004402009
1,RMU,RF,21,0.5334645669291339,0.5118110236220472,0.5551181102362205,0.5349794238683128,0.5118110236220472,0.5231388329979879,0.5557303614607229
1,RMU,RF,22,0.5433070866141733,0.5275590551181102,0.5590551181102362,0.5447154471544715,0.5275590551181102,0.536,0.5509873519747039
1,RMU,RF,23,0.5236220472440944,0.5511811023622047,0.49606299212598426,0.5223880597014925,0.5511811023622047,0.5363984674329502,0.5408813317626636
1,RMU,RF,24,0.5511811023622047,0.5354330708661418,0.5669291338582677,0.5528455284552846,0.5354330708661418,0.544,0.5551103602207205
1,RMU,RF,25,0.5393700787401575,0.5,0.5787401574803149,0.5427350427350427,0.5,0.5204918032786885,0.5382075764151528
1,RMU,RF,26,0.5236220472440944,0.5,0.547244094488189,0.5247933884297521,0.5,0.5120967741935484,0.5533433566867133
1,RMU,RF,27,0.5413385826771654,0.5236220472440944,0.5590551181102362,0.5428571428571428,0.5236220472440944,0.533066132264529,0.5479183458366916
1,RMU,RF,28,0.547244094488189,0.5196850393700787,0.5748031496062992,0.55,0.5196850393700787,0.5344129554655871,0.5544516089032178
1,RMU,RF,29,0.5492125984251969,0.5708661417322834,0.5275590551181102,0.5471698113207547,0.5708661417322834,0.558766859344894,0.5720518941037882
1,RMU,RF,30,0.5413385826771654,0.5354330708661418,0.547244094488189,0.5418326693227091,0.5354330708661418,0.5386138613861386,0.5674096348192696
1,RMU,RF,31,0.5492125984251969,0.5551181102362205,0.5433070866141733,0.5486381322957199,0.5551181102362205,0.5518590998043053,0.544500589001178
1,RMU,RF,32,0.5354330708661418,0.5748031496062992,0.49606299212598426,0.5328467153284672,0.5748031496062992,0.553030303030303,0.5370373240746481
1,RMU,AdaBoost,1,0.5334645669291339,0.5826771653543307,0.484251968503937,0.5304659498207885,0.5826771653543307,0.5553470919324578,0.5553118606237213
1,RMU,AdaBoost,2,0.5452755905511811,0.5433070866141733,0.547244094488189,0.5454545454545454,0.5433070866141733,0.5443786982248521,0.5595743691487383
1,RMU,AdaBoost,3,0.5610236220472441,0.547244094488189,0.5748031496062992,0.562753036437247,0.547244094488189,0.5548902195608783,0.5860561721123442
1,RMU,AdaBoost,4,0.5078740157480315,0.547244094488189,0.468503937007874,0.5072992700729927,0.547244094488189,0.5265151515151515,0.5522893545787091
1,RMU,AdaBoost,5,0.5354330708661418,0.5354330708661418,0.5354330708661418,0.5354330708661418,0.5354330708661418,0.5354330708661418,0.5519406038812077
1,RMU,AdaBoost,6,0.5492125984251969,0.5590551181102362,0.5393700787401575,0.5482625482625483,0.5590551181102362,0.5536062378167641,0.5801739103478207
1,RMU,AdaBoost,7,0.547244094488189,0.5551181102362205,0.5393700787401575,0.5465116279069767,0.5551181102362205,0.55078125,0.5539943579887159
1,RMU,AdaBoost,8,0.5728346456692913,0.5511811023622047,0.594488188976378,0.5761316872427984,0.5511811023622047,0.5633802816901409,0.5957126914253829
1,RMU,AdaBoost,9,0.5236220472440944,0.5039370078740157,0.5433070866141733,0.5245901639344263,0.5039370078740157,0.5140562248995983,0.5354640709281419
1,RMU,AdaBoost,10,0.562992125984252,0.5393700787401575,0.5866141732283464,0.5661157024793388,0.5393700787401575,0.5524193548387096,0.5780194060388121
1,RMU,AdaBoost,11,0.531496062992126,0.547244094488189,0.515748031496063,0.5305343511450382,0.547244094488189,0.5387596899224806,0.5335885671771343
1,RMU,AdaBoost,12,0.5039370078740157,0.47244094488188976,0.5354330708661418,0.5042016806722689,0.47244094488188976,0.4878048780487805,0.5094860189720379
1,RMU,AdaBoost,13,0.5511811023622047,0.5511811023622047,0.5511811023622047,0.5511811023622047,0.5511811023622047,0.5511811023622047,0.5610236220472441
1,RMU,AdaBoost,14,0.5570866141732284,0.5511811023622047,0.562992125984252,0.5577689243027888,0.5511811023622047,0.5544554455445545,0.549770599541199
1,RMU,AdaBoost,15,0.5059055118110236,0.46062992125984253,0.5511811023622047,0.5064935064935064,0.46062992125984253,0.4824742268041237,0.506990513981028
1,RMU,AdaBoost,16,0.5255905511811023,0.5433070866141733,0.5078740157480315,0.5247148288973384,0.5433070866141733,0.5338491295938105,0.5409588319176638
1,RMU,AdaBoost,17,0.5354330708661418,0.5433070866141733,0.5275590551181102,0.5348837209302325,0.5433070866141733,0.5390625,0.5408038316076631
1,RMU,AdaBoost,18,0.49606299212598426,0.4645669291338583,0.5275590551181102,0.4957983193277311,0.4645669291338583,0.4796747967479675,0.5038982577965155
1,RMU,AdaBoost,19,0.5137795275590551,0.5275590551181102,0.5,0.5134099616858238,0.5275590551181102,0.5203883495145631,0.5238002976005952
1,RMU,AdaBoost,20,0.5078740157480315,0.484251968503937,0.531496062992126,0.5082644628099173,0.484251968503937,0.4959677419354839,0.5328135656271313
1,RMU,AdaBoost,21,0.5334645669291339,0.515748031496063,0.5511811023622047,0.5346938775510204,0.515748031496063,0.5250501002004008,0.5326663153326306
1,RMU,AdaBoost,22,0.5118110236220472,0.5118110236220472,0.5118110236220472,0.5118110236220472,0.5118110236220472,0.5118110236220472,0.5252960505921012
1,RMU,AdaBoost,23,0.5,0.5039370078740157,0.49606299212598426,0.5,0.5039370078740157,0.5019607843137255,0.5194060388120776
1,RMU,AdaBoost,24,0.5019685039370079,0.5393700787401575,0.4645669291338583,0.5018315018315018,0.5393700787401575,0.5199240986717267,0.5160735321470643
1,RMU,AdaBoost,25,0.4881889763779528,0.5118110236220472,0.4645669291338583,0.48872180451127817,0.5118110236220472,0.5,0.49795399590799183
1,RMU,AdaBoost,26,0.5098425196850394,0.5078740157480315,0.5118110236220472,0.5098814229249012,0.5078740157480315,0.5088757396449705,0.5351773203546407
1,RMU,AdaBoost,27,0.5098425196850394,0.547244094488189,0.47244094488188976,0.5091575091575091,0.547244094488189,0.5275142314990512,0.5049755099510198
1,RMU,AdaBoost,28,0.5137795275590551,0.5236220472440944,0.5039370078740157,0.5135135135135135,0.5236220472440944,0.5185185185185185,0.5214520429040858
1,RMU,AdaBoost,29,0.5374015748031497,0.5393700787401575,0.5354330708661418,0.5372549019607843,0.5393700787401575,0.5383104125736738,0.5506463512927026
1,RMU,AdaBoost,30,0.4921259842519685,0.4881889763779528,0.49606299212598426,0.49206349206349204,0.4881889763779528,0.4901185770750988,0.5076880153760308
1,RMU,AdaBoost,31,0.531496062992126,0.515748031496063,0.547244094488189,0.532520325203252,0.515748031496063,0.524,0.5124077748155496
1,RMU,AdaBoost,32,0.5492125984251969,0.5511811023622047,0.547244094488189,0.5490196078431373,0.5511811023622047,0.550098231827112,0.5575283650567301
2,RMU,LR,1,0.5551181102362205,0.5511811023622047,0.5590551181102362,0.5555555555555556,0.5511811023622047,0.5533596837944664,0.5739506479012958
2,RMU,LR,2,0.5590551181102362,0.547244094488189,0.5708661417322834,0.5604838709677419,0.547244094488189,0.5537848605577689,0.5822741645483291
2,RMU,LR,3,0.5334645669291339,0.5393700787401575,0.5275590551181102,0.5330739299610895,0.5393700787401575,0.5362035225048923,0.560248620497241
2,RMU,LR,4,0.5374015748031497,0.5905511811023622,0.484251968503937,0.5338078291814946,0.5905511811023622,0.5607476635514018,0.556745613491227
2,RMU,LR,5,0.5649606299212598,0.6062992125984252,0.5236220472440944,0.56,0.6062992125984252,0.5822306238185255,0.587745675491351
2,RMU,LR,6,0.5649606299212598,0.5984251968503937,0.531496062992126,0.5608856088560885,0.5984251968503937,0.579047619047619,0.5864126728253457
2,RMU,LR,7,0.562992125984252,0.5905511811023622,0.5354330708661418,0.5597014925373134,0.5905511811023622,0.5747126436781609,0.5986731973463947
2,RMU,LR,8,0.5590551181102362,0.5826771653543307,0.5354330708661418,0.556390977443609,0.5826771653543307,0.5692307692307692,0.5790346580693161
2,RMU,LR,9,0.5590551181102362,0.5393700787401575,0.5787401574803149,0.5614754098360656,0.5393700787401575,0.5502008032128514,0.5824446648893298
2,RMU,LR,10,0.5708661417322834,0.5748031496062992,0.5669291338582677,0.5703125,0.5748031496062992,0.5725490196078431,0.5960381920763842
2,RMU,LR,11,0.5826771653543307,0.6062992125984252,0.5590551181102362,0.5789473684210527,0.6062992125984252,0.5923076923076923,0.6010602021204042
2,RMU,LR,12,0.5511811023622047,0.5669291338582677,0.5354330708661418,0.549618320610687,0.5669291338582677,0.5581395348837209,0.5791276582553165
2,RMU,LR,13,0.5492125984251969,0.5905511811023622,0.5078740157480315,0.5454545454545454,0.5905511811023622,0.5671077504725898,0.5854516709033418
2,RMU,LR,14,0.5728346456692913,0.5708661417322834,0.5748031496062992,0.5731225296442688,0.5708661417322834,0.571992110453649,0.5862576725153451
2,RMU,LR,15,0.5275590551181102,0.5433070866141733,0.5118110236220472,0.5267175572519084,0.5433070866141733,0.5348837209302325,0.5763221526443053
2,RMU,LR,16,0.5669291338582677,0.6417322834645669,0.4921259842519685,0.5582191780821918,0.6417322834645669,0.5970695970695971,0.5932171864343728
2,RMU,LR,17,0.562992125984252,0.5669291338582677,0.5590551181102362,0.5625,0.5669291338582677,0.5647058823529412,0.5885361770723543
2,RMU,LR,18,0.5610236220472441,0.5708661417322834,0.5511811023622047,0.5598455598455598,0.5708661417322834,0.5653021442495126,0.5843821687643375
2,RMU,LR,19,0.562992125984252,0.5866141732283464,0.5393700787401575,0.5601503759398496,0.5866141732283464,0.573076923076923,0.5765701531403064
2,RMU,LR,20,0.562992125984252,0.5826771653543307,0.5433070866141733,0.5606060606060606,0.5826771653543307,0.5714285714285714,0.5859941719883439
2,RMU,LR,21,0.5570866141732284,0.5866141732283464,0.5275590551181102,0.5539033457249071,0.5866141732283464,0.5697896749521989,0.5697656395312791
2,RMU,LR,22,0.547244094488189,0.5748031496062992,0.5196850393700787,0.5447761194029851,0.5748031496062992,0.5593869731800766,0.5660301320602641
2,RMU,LR,23,0.547244094488189,0.5669291338582677,0.5275590551181102,0.5454545454545454,0.5669291338582677,0.555984555984556,0.5780581561163123
2,RMU,LR,24,0.5570866141732284,0.5708661417322834,0.5433070866141733,0.5555555555555556,0.5708661417322834,0.5631067961165048,0.5659216318432636
2,RMU,LR,25,0.5255905511811023,0.5236220472440944,0.5275590551181102,0.525691699604743,0.5236220472440944,0.52465483234714,0.5570556141112282
2,RMU,LR,26,0.5610236220472441,0.5669291338582677,0.5551181102362205,0.5603112840466926,0.5669291338582677,0.5636007827788649,0.559737119474239
2,RMU,LR,27,0.5511811023622047,0.5826771653543307,0.5196850393700787,0.5481481481481482,0.5826771653543307,0.5648854961832062,0.551739103478207
2,RMU,LR,28,0.5551181102362205,0.5866141732283464,0.5236220472440944,0.5518518518518518,0.5866141732283464,0.5687022900763359,0.5580476160952321
2,RMU,LR,29,0.5531496062992126,0.610236220472441,0.49606299212598426,0.5477031802120141,0.610236220472441,0.5772811918063314,0.5547151094302188
2,RMU,LR,30,0.547244094488189,0.5787401574803149,0.515748031496063,0.5444444444444444,0.5787401574803149,0.5610687022900763,0.5541571083142166
2,RMU,LR,31,0.547244094488189,0.5590551181102362,0.5354330708661418,0.5461538461538461,0.5590551181102362,0.5525291828793775,0.5618141236282472
2,RMU,LR,32,0.5551181102362205,0.5669291338582677,0.5433070866141733,0.5538461538461539,0.5669291338582677,0.5603112840466926,0.5698896397792795
2,RMU,RF,1,0.5334645669291339,0.5354330708661418,0.531496062992126,0.5333333333333333,0.5354330708661418,0.5343811394891945,0.5687968875937752
2,RMU,RF,2,0.547244094488189,0.5196850393700787,0.5748031496062992,0.55,0.5196850393700787,0.5344129554655871,0.5726253952507906
2,RMU,RF,3,0.5531496062992126,0.5275590551181102,0.5787401574803149,0.5560165975103735,0.5275590551181102,0.5414141414141415,0.5918919337838676
2,RMU,RF,4,0.5492125984251969,0.5393700787401575,0.5590551181102362,0.5502008032128514,0.5393700787401575,0.5447316103379721,0.5794531589063179
2,RMU,RF,5,0.5748031496062992,0.5039370078740157,0.6456692913385826,0.5871559633027523,0.5039370078740157,0.5423728813559322,0.5711606423212846
2,RMU,RF,6,0.5866141732283464,0.5866141732283464,0.5866141732283464,0.5866141732283464,0.5866141732283464,0.5866141732283464,0.6038424576849153
2,RMU,RF,7,0.5236220472440944,0.4921259842519685,0.5551181102362205,0.5252100840336135,0.4921259842519685,0.508130081300813,0.5656968813937628
2,RMU,RF,8,0.5374015748031497,0.5275590551181102,0.547244094488189,0.5381526104417671,0.5275590551181102,0.532803180914513,0.5582956165912331
2,RMU,RF,9,0.5216535433070866,0.5078740157480315,0.5354330708661418,0.5222672064777328,0.5078740157480315,0.5149700598802395,0.5501736003472008
2,RMU,RF,10,0.5334645669291339,0.5275590551181102,0.5393700787401575,0.5338645418326693,0.5275590551181102,0.5306930693069307,0.5333483166966334
2,RMU,RF,11,0.5393700787401575,0.5393700787401575,0.5393700787401575,0.5393700787401575,0.5393700787401575,0.5393700787401575,0.5481353462706926
2,RMU,RF,12,0.5255905511811023,0.5,0.5511811023622047,0.5269709543568465,0.5,0.5131313131313131,0.5446788393576787
2,RMU,RF,13,0.531496062992126,0.5393700787401575,0.5236220472440944,0.5310077519379846,0.5393700787401575,0.53515625,0.5277295554591109
2,RMU,RF,14,0.5452755905511811,0.531496062992126,0.5590551181102362,0.5465587044534413,0.531496062992126,0.5389221556886228,0.545205840411681
2,RMU,RF,15,0.5531496062992126,0.5590551181102362,0.547244094488189,0.5525291828793775,0.5590551181102362,0.5557729941291585,0.5641701283402567
2,RMU,RF,16,0.5216535433070866,0.5078740157480315,0.5354330708661418,0.5222672064777328,0.5078740157480315,0.5149700598802395,0.5346425692851386
2,RMU,RF,17,0.5177165354330708,0.515748031496063,0.5196850393700787,0.5177865612648221,0.515748031496063,0.5167652859960552,0.5320385640771281
2,RMU,RF,18,0.547244094488189,0.5078740157480315,0.5866141732283464,0.5512820512820513,0.5078740157480315,0.5286885245901639,0.5610778721557443
2,RMU,RF,19,0.5078740157480315,0.5078740157480315,0.5078740157480315,0.5078740157480315,0.5078740157480315,0.5078740157480315,0.5068045136090272
2,RMU,RF,20,0.5295275590551181,0.5590551181102362,0.5,0.5278810408921933,0.5590551181102362,0.5430210325047801,0.5441053382106764
2,RMU,RF,21,0.547244094488189,0.547244094488189,0.547244094488189,0.547244094488189,0.547244094488189,0.547244094488189,0.563255626511253
2,RMU,RF,22,0.5177165354330708,0.5039370078740157,0.531496062992126,0.5182186234817814,0.5039370078740157,0.5109780439121756,0.5338753177506355
2,RMU,RF,23,0.5452755905511811,0.5708661417322834,0.5196850393700787,0.5430711610486891,0.5708661417322834,0.5566218809980806,0.5501813503627007
2,RMU,RF,24,0.5137795275590551,0.5236220472440944,0.5039370078740157,0.5135135135135135,0.5236220472440944,0.5185185185185185,0.5475540951081902
2,RMU,RF,25,0.5393700787401575,0.5275590551181102,0.5511811023622047,0.5403225806451613,0.5275590551181102,0.5338645418326693,0.5502123504247008
2,RMU,RF,26,0.5452755905511811,0.5354330708661418,0.5551181102362205,0.5461847389558233,0.5354330708661418,0.5407554671968191,0.543004836009672
2,RMU,RF,27,0.5492125984251969,0.5590551181102362,0.5393700787401575,0.5482625482625483,0.5590551181102362,0.5536062378167641,0.5542036084072168
2,RMU,RF,28,0.562992125984252,0.5748031496062992,0.5511811023622047,0.5615384615384615,0.5748031496062992,0.5680933852140078,0.5658828817657635
2,RMU,RF,29,0.5492125984251969,0.5511811023622047,0.547244094488189,0.5490196078431373,0.5511811023622047,0.550098231827112,0.5516771033542067
2,RMU,RF,30,0.5511811023622047,0.5354330708661418,0.5669291338582677,0.5528455284552846,0.5354330708661418,0.544,0.5608608717217434
2,RMU,RF,31,0.5413385826771654,0.515748031496063,0.5669291338582677,0.5435684647302904,0.515748031496063,0.5292929292929293,0.5650536301072602
2,RMU,RF,32,0.5196850393700787,0.4921259842519685,0.547244094488189,0.5208333333333334,0.4921259842519685,0.5060728744939271,0.5232810465620933
2,RMU,AdaBoost,1,0.5531496062992126,0.5551181102362205,0.5511811023622047,0.5529411764705883,0.5551181102362205,0.5540275049115914,0.573470146940294
2,RMU,AdaBoost,2,0.5275590551181102,0.5236220472440944,0.531496062992126,0.5277777777777778,0.5236220472440944,0.525691699604743,0.538254076508153
2,RMU,AdaBoost,3,0.5551181102362205,0.5433070866141733,0.5669291338582677,0.5564516129032258,0.5433070866141733,0.549800796812749,0.5383160766321533
2,RMU,AdaBoost,4,0.562992125984252,0.5866141732283464,0.5393700787401575,0.5601503759398496,0.5866141732283464,0.573076923076923,0.5582026164052328
2,RMU,AdaBoost,5,0.5255905511811023,0.531496062992126,0.5196850393700787,0.5252918287937743,0.531496062992126,0.5283757338551859,0.5557691115382231
2,RMU,AdaBoost,6,0.547244094488189,0.594488188976378,0.5,0.5431654676258992,0.594488188976378,0.5676691729323309,0.5558466116932234
2,RMU,AdaBoost,7,0.5334645669291339,0.6141732283464567,0.452755905511811,0.5288135593220339,0.6141732283464567,0.5683060109289617,0.5488870977741955
2,RMU,AdaBoost,8,0.5433070866141733,0.5433070866141733,0.5433070866141733,0.5433070866141733,0.5433070866141733,0.5433070866141733,0.5592256184512369
2,RMU,AdaBoost,9,0.5551181102362205,0.5590551181102362,0.5511811023622047,0.5546875,0.5590551181102362,0.5568627450980392,0.5824214148428297
2,RMU,AdaBoost,10,0.5374015748031497,0.5551181102362205,0.5196850393700787,0.5361216730038023,0.5551181102362205,0.5454545454545454,0.5441905883811767
2,RMU,AdaBoost,11,0.5216535433070866,0.5393700787401575,0.5039370078740157,0.5209125475285171,0.5393700787401575,0.5299806576402321,0.5174452848905698
2,RMU,AdaBoost,12,0.5334645669291339,0.5669291338582677,0.5,0.5313653136531366,0.5669291338582677,0.5485714285714286,0.53250356500713
2,RMU,AdaBoost,13,0.5236220472440944,0.5354330708661418,0.5118110236220472,0.5230769230769231,0.5354330708661418,0.5291828793774319,0.531759563519127
2,RMU,AdaBoost,14,0.5610236220472441,0.5748031496062992,0.547244094488189,0.5593869731800766,0.5748031496062992,0.566990291262136,0.5671228842457685
2,RMU,AdaBoost,15,0.5610236220472441,0.5551181102362205,0.5669291338582677,0.5617529880478087,0.5551181102362205,0.5584158415841585,0.5616668733337467
2,RMU,AdaBoost,16,0.5275590551181102,0.5078740157480315,0.547244094488189,0.5286885245901639,0.5078740157480315,0.5180722891566265,0.5231415462830925
2,RMU,AdaBoost,17,0.5334645669291339,0.5511811023622047,0.515748031496063,0.532319391634981,0.5511811023622047,0.5415860735009671,0.5491273482546966
2,RMU,AdaBoost,18,0.5452755905511811,0.5354330708661418,0.5551181102362205,0.5461847389558233,0.5354330708661418,0.5407554671968191,0.5718968937937876
2,RMU,AdaBoost,19,0.5610236220472441,0.6062992125984252,0.515748031496063,0.555956678700361,0.6062992125984252,0.5800376647834274,0.5565983631967264
2,RMU,AdaBoost,20,0.5236220472440944,0.5236220472440944,0.5236220472440944,0.5236220472440944,0.5236220472440944,0.5236220472440944,0.5326740653481307
2,RMU,AdaBoost,21,0.5177165354330708,0.5708661417322834,0.4645669291338583,0.5160142348754448,0.5708661417322834,0.5420560747663551,0.5203050406100812
2,RMU,AdaBoost,22,0.5452755905511811,0.5866141732283464,0.5039370078740157,0.5418181818181819,0.5866141732283464,0.5633270321361059,0.5453530907061814
2,RMU,AdaBoost,23,0.5098425196850394,0.5393700787401575,0.48031496062992124,0.5092936802973977,0.5393700787401575,0.5239005736137667,0.49493923987847976
2,RMU,AdaBoost,24,0.5059055118110236,0.5905511811023622,0.421259842519685,0.5050505050505051,0.5905511811023622,0.5444646098003629,0.521994543989088
2,RMU,AdaBoost,25,0.5511811023622047,0.5748031496062992,0.5275590551181102,0.5488721804511278,0.5748031496062992,0.5615384615384615,0.559481368962738
2,RMU,AdaBoost,26,0.5118110236220472,0.5511811023622047,0.47244094488188976,0.5109489051094891,0.5511811023622047,0.5303030303030303,0.5151977803955607
2,RMU,AdaBoost,27,0.5098425196850394,0.4881889763779528,0.531496062992126,0.5102880658436214,0.4881889763779528,0.49899396378269617,0.5127797755595511
2,RMU,AdaBoost,28,0.5570866141732284,0.5669291338582677,0.547244094488189,0.555984555984556,0.5669291338582677,0.5614035087719298,0.5538393576787154
2,RMU,AdaBoost,29,0.5334645669291339,0.5787401574803149,0.4881889763779528,0.5306859205776173,0.5787401574803149,0.5536723163841808,0.5526071052142104
2,RMU,AdaBoost,30,0.5118110236220472,0.5551181102362205,0.468503937007874,0.5108695652173914,0.5551181102362205,0.5320754716981132,0.5106795213590427
2,RMU,AdaBoost,31,0.5098425196850394,0.562992125984252,0.4566929133858268,0.5088967971530249,0.562992125984252,0.5345794392523364,0.5033635067270135
2,RMU,AdaBoost,32,0.5039370078740157,0.5039370078740157,0.5039370078740157,0.5039370078740157,0.5039370078740157,0.5039370078740157,0.4958769917539835
3,RMU,LR,1,0.562992125984252,0.5590551181102362,0.5669291338582677,0.5634920634920635,0.5590551181102362,0.5612648221343873,0.5685721371442742
3,RMU,LR,2,0.5334645669291339,0.5354330708661418,0.531496062992126,0.5333333333333333,0.5354330708661418,0.5343811394891945,0.5479105958211917
3,RMU,LR,3,0.5433070866141733,0.5275590551181102,0.5590551181102362,0.5447154471544715,0.5275590551181102,0.536,0.5592256184512369
3,RMU,LR,4,0.5728346456692913,0.5826771653543307,0.562992125984252,0.5714285714285714,0.5826771653543307,0.5769980506822612,0.5757021514043028
3,RMU,LR,5,0.547244094488189,0.5393700787401575,0.5551181102362205,0.548,0.5393700787401575,0.5436507936507936,0.5923956847913696
3,RMU,LR,6,0.5787401574803149,0.5551181102362205,0.6023622047244095,0.5826446280991735,0.5551181102362205,0.5685483870967742,0.5997426994853989
3,RMU,LR,7,0.594488188976378,0.5866141732283464,0.6023622047244095,0.596,0.5866141732283464,0.5912698412698413,0.6340287680575362
3,RMU,LR,8,0.5688976377952756,0.5826771653543307,0.5551181102362205,0.5670498084291188,0.5826771653543307,0.574757281553398,0.6018197036394073
3,RMU,LR,9,0.5708661417322834,0.5590551181102362,0.5826771653543307,0.5725806451612904,0.5590551181102362,0.5657370517928287,0.6052297104594209
3,RMU,LR,10,0.5787401574803149,0.5748031496062992,0.5826771653543307,0.5793650793650794,0.5748031496062992,0.5770750988142292,0.602253704507409
3,RMU,LR,11,0.5767716535433071,0.5590551181102362,0.594488188976378,0.5795918367346938,0.5590551181102362,0.5691382765531062,0.598766197532395
3,RMU,LR,12,0.562992125984252,0.5748031496062992,0.5511811023622047,0.5615384615384615,0.5748031496062992,0.5680933852140078,0.6058962117924236
3,RMU,LR,13,0.5531496062992126,0.594488188976378,0.5118110236220472,0.5490909090909091,0.594488188976378,0.5708884688090737,0.5825221650443301
3,RMU,LR,14,0.5748031496062992,0.610236220472441,0.5393700787401575,0.5698529411764706,0.610236220472441,0.5893536121673004,0.5841496682993366
3,RMU,LR,15,0.5767716535433071,0.6496062992125984,0.5039370078740157,0.5670103092783505,0.6496062992125984,0.6055045871559633,0.5795771591543183
3,RMU,LR,16,0.59251968503937,0.6338582677165354,0.5511811023622047,0.5854545454545454,0.6338582677165354,0.6086956521739131,0.5956506913013827
3,RMU,LR,17,0.5748031496062992,0.5866141732283464,0.562992125984252,0.573076923076923,0.5866141732283464,0.5797665369649806,0.5912951825903652
3,RMU,LR,18,0.5610236220472441,0.5826771653543307,0.5393700787401575,0.5584905660377358,0.5826771653543307,0.5703275529865125,0.5757176514353028
3,RMU,LR,19,0.531496062992126,0.5511811023622047,0.5118110236220472,0.5303030303030303,0.5511811023622047,0.5405405405405406,0.5587141174282348
3,RMU,LR,20,0.5413385826771654,0.5708661417322834,0.5118110236220472,0.5390334572490706,0.5708661417322834,0.5544933078393881,0.5556761113522227
3,RMU,LR,21,0.5255905511811023,0.5590551181102362,0.4921259842519685,0.5239852398523985,0.5590551181102362,0.540952380952381,0.5502666005332011
3,RMU,LR,22,0.5413385826771654,0.5551181102362205,0.5275590551181102,0.5402298850574713,0.5551181102362205,0.5475728155339806,0.5554436108872218
3,RMU,LR,23,0.5255905511811023,0.5433070866141733,0.5078740157480315,0.5247148288973384,0.5433070866141733,0.5338491295938105,0.544237088474177
3,RMU,LR,24,0.5374015748031497,0.547244094488189,0.5275590551181102,0.5366795366795367,0.547244094488189,0.5419103313840156,0.5543586087172174
3,RMU,LR,25,0.5275590551181102,0.5433070866141733,0.5118110236220472,0.5267175572519084,0.5433070866141733,0.5348837209302325,0.5608996217992436
3,RMU,LR,26,0.5433070866141733,0.562992125984252,0.5236220472440944,0.5416666666666666,0.562992125984252,0.5521235521235521,0.5643096286192573
3,RMU,LR,27,0.562992125984252,0.6023622047244095,0.5236220472440944,0.5583941605839416,0.6023622047244095,0.5795454545454546,0.5676266352532706
3,RMU,LR,28,0.5354330708661418,0.547244094488189,0.5236220472440944,0.5346153846153846,0.547244094488189,0.5408560311284046,0.5609771219542439
3,RMU,LR,29,0.5354330708661418,0.5590551181102362,0.5118110236220472,0.5338345864661654,0.5590551181102362,0.5461538461538461,0.5529326058652118
3,RMU,LR,30,0.5255905511811023,0.5433070866141733,0.5078740157480315,0.5247148288973384,0.5433070866141733,0.5338491295938105,0.5426405852811705
3,RMU,LR,31,0.5354330708661418,0.5354330708661418,0.5354330708661418,0.5354330708661418,0.5354330708661418,0.5354330708661418,0.5457095914191828
3,RMU,LR,32,0.5374015748031497,0.5393700787401575,0.5354330708661418,0.5372549019607843,0.5393700787401575,0.5383104125736738,0.5468488436976873
3,RMU,RF,1,0.5748031496062992,0.531496062992126,0.6181102362204725,0.5818965517241379,0.531496062992126,0.5555555555555556,0.5966039432078865
3,RMU,RF,2,0.5807086614173228,0.5826771653543307,0.5787401574803149,0.5803921568627451,0.5826771653543307,0.581532416502947,0.612979725959452
3,RMU,RF,3,0.5610236220472441,0.547244094488189,0.5748031496062992,0.562753036437247,0.547244094488189,0.5548902195608783,0.5928451856903714
3,RMU,RF,4,0.5748031496062992,0.515748031496063,0.6338582677165354,0.5848214285714286,0.515748031496063,0.5481171548117155,0.6086009672019344
3,RMU,RF,5,0.5708661417322834,0.5039370078740157,0.6377952755905512,0.5818181818181818,0.5039370078740157,0.540084388185654,0.5965884431768864
3,RMU,RF,6,0.531496062992126,0.4763779527559055,0.5866141732283464,0.5353982300884956,0.4763779527559055,0.5041666666666667,0.5800809101618204
3,RMU,RF,7,0.5590551181102362,0.5236220472440944,0.594488188976378,0.5635593220338984,0.5236220472440944,0.5428571428571428,0.5799259098518197
3,RMU,RF,8,0.562992125984252,0.5039370078740157,0.6220472440944882,0.5714285714285714,0.5039370078740157,0.5355648535564853,0.5665493830987662
3,RMU,RF,9,0.5452755905511811,0.4566929133858268,0.6338582677165354,0.5550239234449761,0.4566929133858268,0.5010799136069114,0.5823129146258293
3,RMU,RF,10,0.5452755905511811,0.4566929133858268,0.6338582677165354,0.5550239234449761,0.4566929133858268,0.5010799136069114,0.5478718457436915
3,RMU,RF,11,0.5275590551181102,0.43700787401574803,0.6181102362204725,0.5336538461538461,0.43700787401574803,0.4805194805194805,0.5593961187922376
3,RMU,RF,12,0.5295275590551181,0.49606299212598426,0.562992125984252,0.5316455696202531,0.49606299212598426,0.5132382892057027,0.5500418500837002
3,RMU,RF,13,0.5452755905511811,0.5039370078740157,0.5866141732283464,0.5493562231759657,0.5039370078740157,0.5256673511293635,0.5461978423956848
3,RMU,RF,14,0.547244094488189,0.48031496062992124,0.6141732283464567,0.5545454545454546,0.48031496062992124,0.5147679324894515,0.5586598673197346
3,RMU,RF,15,0.5177165354330708,0.4645669291338583,0.5708661417322834,0.5198237885462555,0.4645669291338583,0.49064449064449067,0.5341930683861368
3,RMU,RF,16,0.5905511811023622,0.5708661417322834,0.610236220472441,0.5942622950819673,0.5708661417322834,0.5823293172690763,0.5968364436728875
3,RMU,RF,17,0.5374015748031497,0.49606299212598426,0.5787401574803149,0.5407725321888412,0.49606299212598426,0.5174537987679672,0.5643173786347574
3,RMU,RF,18,0.515748031496063,0.4881889763779528,0.5433070866141733,0.5166666666666667,0.4881889763779528,0.5020242914979757,0.5368048236096472
3,RMU,RF,19,0.5275590551181102,0.4409448818897638,0.6141732283464567,0.5333333333333333,0.4409448818897638,0.4827586206896552,0.5400055800111601
3,RMU,RF,20,0.5570866141732284,0.5118110236220472,0.6023622047244095,0.5627705627705628,0.5118110236220472,0.5360824742268041,0.5743923987847976
3,RMU,RF,21,0.5177165354330708,0.4566929133858268,0.5787401574803149,0.5201793721973094,0.4566929133858268,0.4863731656184486,0.5307908115816231
3,RMU,RF,22,0.515748031496063,0.4645669291338583,0.5669291338582677,0.5175438596491229,0.4645669291338583,0.4896265560165975,0.5178482856965715
3,RMU,RF,23,0.5413385826771654,0.4763779527559055,0.6062992125984252,0.5475113122171946,0.4763779527559055,0.5094736842105263,0.5628371256742514
3,RMU,RF,24,0.49803149606299213,0.42913385826771655,0.5669291338582677,0.4977168949771689,0.42913385826771655,0.4608879492600423,0.5151900303800607
3,RMU,RF,25,0.5118110236220472,0.42913385826771655,0.594488188976378,0.5141509433962265,0.42913385826771655,0.4678111587982833,0.5196850393700788
3,RMU,RF,26,0.5570866141732284,0.4763779527559055,0.6377952755905512,0.568075117370892,0.4763779527559055,0.5182012847965739,0.5738731477462954
3,RMU,RF,27,0.5452755905511811,0.5236220472440944,0.5669291338582677,0.5473251028806584,0.5236220472440944,0.5352112676056338,0.540982081964164
3,RMU,RF,28,0.5137795275590551,0.4645669291338583,0.562992125984252,0.5152838427947598,0.4645669291338583,0.4886128364389234,0.5412765825531651
3,RMU,RF,29,0.5393700787401575,0.49606299212598426,0.5826771653543307,0.5431034482758621,0.49606299212598426,0.5185185185185185,0.5459653419306838
3,RMU,RF,30,0.5275590551181102,0.468503937007874,0.5866141732283464,0.53125,0.468503937007874,0.497907949790795,0.5517003534007068
3,RMU,RF,31,0.5196850393700787,0.48031496062992124,0.5590551181102362,0.5213675213675214,0.48031496062992124,0.5,0.5416873333746667
3,RMU,RF,32,0.5078740157480315,0.47244094488188976,0.5433070866141733,0.5084745762711864,0.47244094488188976,0.4897959183673469,0.5292330584661169
3,RMU,AdaBoost,1,0.5748031496062992,0.5826771653543307,0.5669291338582677,0.5736434108527132,0.5826771653543307,0.578125,0.5842039184078368
3,RMU,AdaBoost,2,0.5610236220472441,0.5551181102362205,0.5669291338582677,0.5617529880478087,0.5551181102362205,0.5584158415841585,0.5866529233058466
3,RMU,AdaBoost,3,0.5570866141732284,0.5511811023622047,0.562992125984252,0.5577689243027888,0.5511811023622047,0.5544554455445545,0.5819564139128278
3,RMU,AdaBoost,4,0.5551181102362205,0.531496062992126,0.5787401574803149,0.5578512396694215,0.531496062992126,0.5443548387096774,0.5795306590613181
3,RMU,AdaBoost,5,0.5393700787401575,0.531496062992126,0.547244094488189,0.54,0.531496062992126,0.5357142857142857,0.5469650939301879
3,RMU,AdaBoost,6,0.5511811023622047,0.5393700787401575,0.562992125984252,0.5524193548387096,0.5393700787401575,0.545816733067729,0.5650071300142601
3,RMU,AdaBoost,7,0.5551181102362205,0.5551181102362205,0.5551181102362205,0.5551181102362205,0.5551181102362205,0.5551181102362205,0.573756897513795
3,RMU,AdaBoost,8,0.547244094488189,0.547244094488189,0.547244094488189,0.547244094488189,0.547244094488189,0.547244094488189,0.5709281418562837
3,RMU,AdaBoost,9,0.5413385826771654,0.5551181102362205,0.5275590551181102,0.5402298850574713,0.5551181102362205,0.5475728155339806,0.5542268584537169
3,RMU,AdaBoost,10,0.531496062992126,0.47244094488188976,0.5905511811023622,0.5357142857142857,0.47244094488188976,0.502092050209205,0.5291478082956167
3,RMU,AdaBoost,11,0.5334645669291339,0.5196850393700787,0.547244094488189,0.5344129554655871,0.5196850393700787,0.5269461077844312,0.5371923243846488
3,RMU,AdaBoost,12,0.4921259842519685,0.4881889763779528,0.49606299212598426,0.49206349206349204,0.4881889763779528,0.4901185770750988,0.4993489986979974
3,RMU,AdaBoost,13,0.547244094488189,0.4881889763779528,0.6062992125984252,0.5535714285714286,0.4881889763779528,0.5188284518828452,0.5547616095232191
3,RMU,AdaBoost,14,0.515748031496063,0.5236220472440944,0.5078740157480315,0.5155038759689923,0.5236220472440944,0.51953125,0.5222502945005889
3,RMU,AdaBoost,15,0.49803149606299213,0.468503937007874,0.5275590551181102,0.497907949790795,0.468503937007874,0.4827586206896552,0.5199097898195797
3,RMU,AdaBoost,16,0.5,0.44881889763779526,0.5511811023622047,0.5,0.44881889763779526,0.4730290456431535,0.49727974455948915
3,RMU,AdaBoost,17,0.5413385826771654,0.531496062992126,0.5511811023622047,0.5421686746987951,0.531496062992126,0.536779324055666,0.5550483600967202
3,RMU,AdaBoost,18,0.5216535433070866,0.49606299212598426,0.547244094488189,0.5228215767634855,0.49606299212598426,0.509090909090909,0.5184527869055738
3,RMU,AdaBoost,19,0.5295275590551181,0.49606299212598426,0.562992125984252,0.5316455696202531,0.49606299212598426,0.5132382892057027,0.5335885671771343
3,RMU,AdaBoost,20,0.47834645669291337,0.4330708661417323,0.5236220472440944,0.47619047619047616,0.4330708661417323,0.4536082474226804,0.470759191518383
3,RMU,AdaBoost,21,0.531496062992126,0.5236220472440944,0.5393700787401575,0.532,0.5236220472440944,0.5277777777777778,0.5482515965031931
3,RMU,AdaBoost,22,0.5255905511811023,0.5078740157480315,0.5433070866141733,0.5265306122448979,0.5078740157480315,0.5170340681362725,0.5145545291090582
3,RMU,AdaBoost,23,0.5334645669291339,0.5,0.5669291338582677,0.5358649789029536,0.5,0.5173116089613035,0.5220100440200881
3,RMU,AdaBoost,24,0.5,0.5,0.5,0.5,0.5,0.5,0.5173755347510696
3,RMU,AdaBoost,25,0.515748031496063,0.468503937007874,0.562992125984252,0.5173913043478261,0.468503937007874,0.49173553719008267,0.5143685287370575
3,RMU,AdaBoost,26,0.5059055118110236,0.5078740157480315,0.5039370078740157,0.5058823529411764,0.5078740157480315,0.5068762278978389,0.49538099076198155
3,RMU,AdaBoost,27,0.5039370078740157,0.5118110236220472,0.49606299212598426,0.5038759689922481,0.5118110236220472,0.5078125,0.5087110174220348
3,RMU,AdaBoost,28,0.5531496062992126,0.4881889763779528,0.6181102362204725,0.5610859728506787,0.4881889763779528,0.5221052631578947,0.5832661665323331
3,RMU,AdaBoost,29,0.5236220472440944,0.484251968503937,0.562992125984252,0.5256410256410257,0.484251968503937,0.5040983606557377,0.5371148242296485
3,RMU,AdaBoost,30,0.547244094488189,0.531496062992126,0.562992125984252,0.5487804878048781,0.531496062992126,0.54,0.5554281108562217
3,RMU,AdaBoost,31,0.531496062992126,0.5196850393700787,0.5433070866141733,0.532258064516129,0.5196850393700787,0.5258964143426295,0.5282178064356128
3,RMU,AdaBoost,32,0.5039370078740157,0.5039370078740157,0.5039370078740157,0.5039370078740157,0.5039370078740157,0.5039370078740157,0.5324880649761299
4,RMU,LR,1,0.515748031496063,0.4763779527559055,0.5551181102362205,0.5170940170940171,0.4763779527559055,0.4959016393442623,0.5407960815921632
4,RMU,LR,2,0.5511811023622047,0.5275590551181102,0.5748031496062992,0.5537190082644629,0.5275590551181102,0.5403225806451613,0.57250914501829
4,RMU,LR,3,0.5590551181102362,0.5196850393700787,0.5984251968503937,0.5641025641025641,0.5196850393700787,0.5409836065573771,0.5894816789633579
4,RMU,LR,4,0.5590551181102362,0.547244094488189,0.5708661417322834,0.5604838709677419,0.547244094488189,0.5537848605577689,0.5806931613863228
4,RMU,LR,5,0.5492125984251969,0.515748031496063,0.5826771653543307,0.5527426160337553,0.515748031496063,0.5336048879837068,0.5806466612933225
4,RMU,LR,6,0.5748031496062992,0.5590551181102362,0.5905511811023622,0.5772357723577236,0.5590551181102362,0.568,0.5960846921693843
4,RMU,LR,7,0.5452755905511811,0.5669291338582677,0.5236220472440944,0.5433962264150943,0.5669291338582677,0.5549132947976878,0.5925351850703702
4,RMU,LR,8,0.5669291338582677,0.5905511811023622,0.5433070866141733,0.5639097744360902,0.5905511811023622,0.5769230769230769,0.6071517143034286
4,RMU,LR,9,0.5787401574803149,0.5748031496062992,0.5826771653543307,0.5793650793650794,0.5748031496062992,0.5770750988142292,0.6121272242544485
4,RMU,LR,10,0.5905511811023622,0.6220472440944882,0.5590551181102362,0.5851851851851851,0.6220472440944882,0.6030534351145038,0.6169477338954678
4,RMU,LR,11,0.59251968503937,0.6338582677165354,0.5511811023622047,0.5854545454545454,0.6338582677165354,0.6086956521739131,0.5985801971603943
4,RMU,LR,12,0.5826771653543307,0.5748031496062992,0.5905511811023622,0.584,0.5748031496062992,0.5793650793650794,0.6081902163804328
4,RMU,LR,13,0.5610236220472441,0.6181102362204725,0.5039370078740157,0.5547703180212014,0.6181102362204725,0.5847299813780261,0.593000186000372
4,RMU,LR,14,0.5669291338582677,0.5984251968503937,0.5354330708661418,0.562962962962963,0.5984251968503937,0.5801526717557252,0.5944106888213776
4,RMU,LR,15,0.562992125984252,0.5787401574803149,0.547244094488189,0.5610687022900763,0.5787401574803149,0.5697674418604651,0.6018197036394073
4,RMU,LR,16,0.5492125984251969,0.5748031496062992,0.5236220472440944,0.5468164794007491,0.5748031496062992,0.5604606525911708,0.5847231694463388
4,RMU,LR,17,0.5728346456692913,0.5748031496062992,0.5708661417322834,0.5725490196078431,0.5748031496062992,0.5736738703339882,0.5861491722983446
4,RMU,LR,18,0.5452755905511811,0.5275590551181102,0.562992125984252,0.5469387755102041,0.5275590551181102,0.5370741482965932,0.5753611507223015
4,RMU,LR,19,0.5531496062992126,0.547244094488189,0.5590551181102362,0.5537848605577689,0.547244094488189,0.5504950495049505,0.5809566619133238
4,RMU,LR,20,0.5590551181102362,0.5708661417322834,0.547244094488189,0.5576923076923077,0.5708661417322834,0.5642023346303502,0.5710676421352843
4,RMU,LR,21,0.5433070866141733,0.5275590551181102,0.5590551181102362,0.5447154471544715,0.5275590551181102,0.536,0.5750046500093
4,RMU,LR,22,0.547244094488189,0.5551181102362205,0.5393700787401575,0.5465116279069767,0.5551181102362205,0.55078125,0.581483662967326
4,RMU,LR,23,0.5846456692913385,0.594488188976378,0.5748031496062992,0.583011583011583,0.594488188976378,0.5886939571150097,0.5896831793663587
4,RMU,LR,24,0.5787401574803149,0.5984251968503937,0.5590551181102362,0.5757575757575758,0.5984251968503937,0.5868725868725869,0.5793911587823175
4,RMU,LR,25,0.5885826771653543,0.5866141732283464,0.5905511811023622,0.5889328063241107,0.5866141732283464,0.5877712031558185,0.5810186620373241
4,RMU,LR,26,0.5748031496062992,0.5748031496062992,0.5748031496062992,0.5748031496062992,0.5748031496062992,0.5748031496062992,0.5835916671833343
4,RMU,LR,27,0.5511811023622047,0.5433070866141733,0.5590551181102362,0.552,0.5433070866141733,0.5476190476190477,0.5709281418562837
4,RMU,LR,28,0.5688976377952756,0.5393700787401575,0.5984251968503937,0.5732217573221757,0.5393700787401575,0.5557809330628803,0.5758881517763035
4,RMU,LR,29,0.5492125984251969,0.5393700787401575,0.5590551181102362,0.5502008032128514,0.5393700787401575,0.5447316103379721,0.5746016492032984
4,RMU,LR,30,0.562992125984252,0.5708661417322834,0.5551181102362205,0.562015503875969,0.5708661417322834,0.56640625,0.5720751441502883
4,RMU,LR,31,0.5551181102362205,0.5433070866141733,0.5669291338582677,0.5564516129032258,0.5433070866141733,0.549800796812749,0.5827081654163309
4,RMU,LR,32,0.5511811023622047,0.5275590551181102,0.5748031496062992,0.5537190082644629,0.5275590551181102,0.5403225806451613,0.5672236344472689
4,RMU,RF,1,0.5688976377952756,0.5669291338582677,0.5708661417322834,0.5691699604743083,0.5669291338582677,0.5680473372781065,0.6007967015934031
4,RMU,RF,2,0.5787401574803149,0.594488188976378,0.562992125984252,0.5763358778625954,0.594488188976378,0.5852713178294574,0.6119722239444481
4,RMU,RF,3,0.5688976377952756,0.562992125984252,0.5748031496062992,0.5697211155378487,0.562992125984252,0.5663366336633663,0.595697191394383
4,RMU,RF,4,0.5118110236220472,0.484251968503937,0.5393700787401575,0.5125,0.484251968503937,0.4979757085020243,0.5576136152272304
4,RMU,RF,5,0.5354330708661418,0.5433070866141733,0.5275590551181102,0.5348837209302325,0.5433070866141733,0.5390625,0.5913416826833653
4,RMU,RF,6,0.5807086614173228,0.5196850393700787,0.6417322834645669,0.5919282511210763,0.5196850393700787,0.5534591194968553,0.6175134850269701
4,RMU,RF,7,0.5787401574803149,0.5866141732283464,0.5708661417322834,0.5775193798449613,0.5866141732283464,0.58203125,0.5959761919523839
4,RMU,RF,8,0.5688976377952756,0.5866141732283464,0.5511811023622047,0.5665399239543726,0.5866141732283464,0.5764023210831721,0.5944339388678778
4,RMU,RF,9,0.531496062992126,0.531496062992126,0.531496062992126,0.531496062992126,0.531496062992126,0.531496062992126,0.5490653481306963
4,RMU,RF,10,0.5433070866141733,0.5393700787401575,0.547244094488189,0.5436507936507936,0.5393700787401575,0.541501976284585,0.5499333498666997
4,RMU,RF,11,0.5511811023622047,0.5590551181102362,0.5433070866141733,0.5503875968992248,0.5590551181102362,0.5546875,0.5601246202492405
4,RMU,RF,12,0.5531496062992126,0.5511811023622047,0.5551181102362205,0.5533596837944664,0.5511811023622047,0.5522682445759369,0.5745706491412983
4,RMU,RF,13,0.5374015748031497,0.5511811023622047,0.5236220472440944,0.5363984674329502,0.5511811023622047,0.5436893203883495,0.5652318804637608
4,RMU,RF,14,0.5216535433070866,0.5275590551181102,0.515748031496063,0.5214007782101168,0.5275590551181102,0.5244618395303327,0.5522893545787091
4,RMU,RF,15,0.5708661417322834,0.5433070866141733,0.5984251968503937,0.575,0.5433070866141733,0.5587044534412956,0.5754774009548018
4,RMU,RF,16,0.5492125984251969,0.5196850393700787,0.5787401574803149,0.5523012552301255,0.5196850393700787,0.5354969574036511,0.5368435736871474
4,RMU,RF,17,0.5374015748031497,0.49606299212598426,0.5787401574803149,0.5407725321888412,0.49606299212598426,0.5174537987679672,0.5638446276892554
4,RMU,RF,18,0.5216535433070866,0.49606299212598426,0.547244094488189,0.5228215767634855,0.49606299212598426,0.509090909090909,0.5223045446090893
4,RMU,RF,19,0.5275590551181102,0.5196850393700787,0.5354330708661418,0.528,0.5196850393700787,0.5238095238095238,0.5174840349680698
4,RMU,RF,20,0.5393700787401575,0.4881889763779528,0.5905511811023622,0.543859649122807,0.4881889763779528,0.5145228215767634,0.5534131068262137
4,RMU,RF,21,0.5433070866141733,0.547244094488189,0.5393700787401575,0.54296875,0.547244094488189,0.5450980392156862,0.5439348378696758
4,RMU,RF,22,0.49803149606299213,0.48031496062992124,0.515748031496063,0.49795918367346936,0.48031496062992124,0.48897795591182364,0.5170655341310683
4,RMU,RF,23,0.5610236220472441,0.5511811023622047,0.5708661417322834,0.5622489959839357,0.5511811023622047,0.5566600397614314,0.564766879533759
4,RMU,RF,24,0.5255905511811023,0.5590551181102362,0.4921259842519685,0.5239852398523985,0.5590551181102362,0.540952380952381,0.5338520677041354
4,RMU,RF,25,0.5216535433070866,0.515748031496063,0.5275590551181102,0.5219123505976095,0.515748031496063,0.5188118811881188,0.5333638167276334
4,RMU,RF,26,0.5078740157480315,0.48031496062992124,0.5354330708661418,0.5083333333333333,0.48031496062992124,0.4939271255060729,0.5183907867815736
4,RMU,RF,27,0.5177165354330708,0.5196850393700787,0.515748031496063,0.5176470588235295,0.5196850393700787,0.518664047151277,0.5266058032116064
4,RMU,RF,28,0.5216535433070866,0.5826771653543307,0.46062992125984253,0.519298245614035,0.5826771653543307,0.549165120593692,0.5402225804451609
4,RMU,RF,29,0.515748031496063,0.5,0.531496062992126,0.516260162601626,0.5,0.508,0.5427103354206708
4,RMU,RF,30,0.5255905511811023,0.5118110236220472,0.5393700787401575,0.5263157894736842,0.5118110236220472,0.5189620758483033,0.5456940913881827
4,RMU,RF,31,0.5492125984251969,0.5511811023622047,0.547244094488189,0.5490196078431373,0.5511811023622047,0.550098231827112,0.5813054126108252
4,RMU,RF,32,0.5295275590551181,0.5354330708661418,0.5236220472440944,0.5291828793774319,0.5354330708661418,0.5322896281800391,0.5450818401636803
4,RMU,AdaBoost,1,0.5354330708661418,0.5275590551181102,0.5433070866141733,0.536,0.5275590551181102,0.5317460317460317,0.5330770661541323
4,RMU,AdaBoost,2,0.5393700787401575,0.5393700787401575,0.5393700787401575,0.5393700787401575,0.5393700787401575,0.5393700787401575,0.5321393142786286
4,RMU,AdaBoost,3,0.4940944881889764,0.5078740157480315,0.48031496062992124,0.4942528735632184,0.5078740157480315,0.5009708737864078,0.5172050344100688
4,RMU,AdaBoost,4,0.48031496062992124,0.5275590551181102,0.4330708661417323,0.48201438848920863,0.5275590551181102,0.5037593984962406,0.5136555273110546
4,RMU,AdaBoost,5,0.547244094488189,0.5590551181102362,0.5354330708661418,0.5461538461538461,0.5590551181102362,0.5525291828793775,0.5619071238142477
4,RMU,AdaBoost,6,0.5275590551181102,0.5393700787401575,0.515748031496063,0.5269230769230769,0.5393700787401575,0.5330739299610895,0.5268538037076074
4,RMU,AdaBoost,7,0.5492125984251969,0.5354330708661418,0.562992125984252,0.5506072874493927,0.5354330708661418,0.5429141716566867,0.5634416268832537
4,RMU,AdaBoost,8,0.5177165354330708,0.5708661417322834,0.4645669291338583,0.5160142348754448,0.5708661417322834,0.5420560747663551,0.5238312976625953
4,RMU,AdaBoost,9,0.5059055118110236,0.49606299212598426,0.515748031496063,0.5060240963855421,0.49606299212598426,0.5009940357852882,0.49402473804947605
4,RMU,AdaBoost,10,0.5196850393700787,0.5433070866141733,0.49606299212598426,0.518796992481203,0.5433070866141733,0.5307692307692308,0.5442835885671771
4,RMU,AdaBoost,11,0.49803149606299213,0.5039370078740157,0.4921259842519685,0.4980544747081712,0.5039370078740157,0.5009784735812133,0.5403698307396615
4,RMU,AdaBoost,12,0.5177165354330708,0.5433070866141733,0.4921259842519685,0.5168539325842697,0.5433070866141733,0.5297504798464492,0.5290935581871163
4,RMU,AdaBoost,13,0.5551181102362205,0.5275590551181102,0.5826771653543307,0.5583333333333333,0.5275590551181102,0.5425101214574899,0.55248310496621
4,RMU,AdaBoost,14,0.5078740157480315,0.5354330708661418,0.48031496062992124,0.5074626865671642,0.5354330708661418,0.5210727969348659,0.5343170686341372
4,RMU,AdaBoost,15,0.5039370078740157,0.515748031496063,0.4921259842519685,0.5038461538461538,0.515748031496063,0.5097276264591439,0.5142987785975572
4,RMU,AdaBoost,16,0.5216535433070866,0.5511811023622047,0.4921259842519685,0.5204460966542751,0.5511811023622047,0.5353728489483748,0.55498635997272
4,RMU,AdaBoost,17,0.5354330708661418,0.5787401574803149,0.4921259842519685,0.532608695652174,0.5787401574803149,0.5547169811320755,0.5391995783991568
4,RMU,AdaBoost,18,0.5098425196850394,0.515748031496063,0.5039370078740157,0.5097276264591439,0.515748031496063,0.512720156555773,0.5126170252340505
4,RMU,AdaBoost,19,0.5255905511811023,0.5,0.5511811023622047,0.5269709543568465,0.5,0.5131313131313131,0.5398350796701593
4,RMU,AdaBoost,20,0.5059055118110236,0.4763779527559055,0.5354330708661418,0.5062761506276151,0.4763779527559055,0.4908722109533469,0.5180110360220721
4,RMU,AdaBoost,21,0.5196850393700787,0.5039370078740157,0.5354330708661418,0.5203252032520326,0.5039370078740157,0.512,0.5271715543431087
4,RMU,AdaBoost,22,0.5393700787401575,0.5118110236220472,0.5669291338582677,0.5416666666666666,0.5118110236220472,0.5263157894736842,0.5495535991071983
4,RMU,AdaBoost,23,0.5334645669291339,0.5748031496062992,0.4921259842519685,0.5309090909090909,0.5748031496062992,0.5519848771266541,0.5413463326926654
4,RMU,AdaBoost,24,0.5433070866141733,0.5393700787401575,0.547244094488189,0.5436507936507936,0.5393700787401575,0.541501976284585,0.5478795957591914
4,RMU,AdaBoost,25,0.49606299212598426,0.4566929133858268,0.5354330708661418,0.49572649572649574,0.4566929133858268,0.47540983606557374,0.5153837807675615
4,RMU,AdaBoost,26,0.5275590551181102,0.5078740157480315,0.547244094488189,0.5286885245901639,0.5078740157480315,0.5180722891566265,0.535262570525141
4,RMU,AdaBoost,27,0.4921259842519685,0.5196850393700787,0.4645669291338583,0.4925373134328358,0.5196850393700787,0.5057471264367817,0.4907154814309629
4,RMU,AdaBoost,28,0.5078740157480315,0.5118110236220472,0.5039370078740157,0.5078125,0.5118110236220472,0.5098039215686274,0.4967372434744869
4,RMU,AdaBoost,29,0.4921259842519685,0.4881889763779528,0.49606299212598426,0.49206349206349204,0.4881889763779528,0.4901185770750988,0.48883997767995535
4,RMU,AdaBoost,30,0.5098425196850394,0.515748031496063,0.5039370078740157,0.5097276264591439,0.515748031496063,0.512720156555773,0.5088427676855354
4,RMU,AdaBoost,31,0.5334645669291339,0.531496062992126,0.5354330708661418,0.5335968379446641,0.531496062992126,0.5325443786982249,0.537246574493149
4,RMU,AdaBoost,32,0.531496062992126,0.5433070866141733,0.5196850393700787,0.5307692307692308,0.5433070866141733,0.5369649805447471,0.5418655837311676
0,RMU-LAT,LR,1,0.5826771653543307,0.6220472440944882,0.5433070866141733,0.5766423357664233,0.6220472440944882,0.5984848484848485,0.5853276706553413
0,RMU-LAT,LR,2,0.5767716535433071,0.5551181102362205,0.5984251968503937,0.5802469135802469,0.5551181102362205,0.5674044265593562,0.5854051708103416
0,RMU-LAT,LR,3,0.5492125984251969,0.5354330708661418,0.562992125984252,0.5506072874493927,0.5354330708661418,0.5429141716566867,0.5797321594643189
0,RMU-LAT,LR,4,0.5767716535433071,0.5905511811023622,0.562992125984252,0.5747126436781609,0.5905511811023622,0.5825242718446602,0.5947671895343791
0,RMU-LAT,LR,5,0.5610236220472441,0.594488188976378,0.5275590551181102,0.5571955719557196,0.594488188976378,0.5752380952380952,0.5856066712133424
0,RMU-LAT,LR,6,0.5787401574803149,0.5590551181102362,0.5984251968503937,0.5819672131147541,0.5590551181102362,0.570281124497992,0.5854671709343419
0,RMU-LAT,LR,7,0.5767716535433071,0.5905511811023622,0.562992125984252,0.5747126436781609,0.5905511811023622,0.5825242718446602,0.5996186992373984
0,RMU-LAT,LR,8,0.5728346456692913,0.610236220472441,0.5354330708661418,0.5677655677655677,0.610236220472441,0.5882352941176471,0.6087792175584351
0,RMU-LAT,LR,9,0.59251968503937,0.5866141732283464,0.5984251968503937,0.5936254980079682,0.5866141732283464,0.5900990099009901,0.6006107012214025
0,RMU-LAT,LR,10,0.5767716535433071,0.5590551181102362,0.594488188976378,0.5795918367346938,0.5590551181102362,0.5691382765531062,0.6023312046624093
0,RMU-LAT,LR,11,0.5905511811023622,0.5590551181102362,0.6220472440944882,0.5966386554621849,0.5590551181102362,0.5772357723577236,0.6166997333994668
0,RMU-LAT,LR,12,0.5807086614173228,0.5826771653543307,0.5787401574803149,0.5803921568627451,0.5826771653543307,0.581532416502947,0.6043152086304173
0,RMU-LAT,LR,13,0.5748031496062992,0.5787401574803149,0.5708661417322834,0.57421875,0.5787401574803149,0.5764705882352941,0.6056947113894228
0,RMU-LAT,LR,14,0.5807086614173228,0.5866141732283464,0.5748031496062992,0.5797665369649806,0.5866141732283464,0.5831702544031311,0.6016337032674065
0,RMU-LAT,LR,15,0.5748031496062992,0.6062992125984252,0.5433070866141733,0.5703703703703704,0.6062992125984252,0.5877862595419847,0.5915896831793663
0,RMU-LAT,LR,16,0.5846456692913385,0.6141732283464567,0.5551181102362205,0.5799256505576208,0.6141732283464567,0.5965583173996176,0.603757207514415
0,RMU-LAT,LR,17,0.5688976377952756,0.5866141732283464,0.5511811023622047,0.5665399239543726,0.5866141732283464,0.5764023210831721,0.5974486948973898
0,RMU-LAT,LR,18,0.5767716535433071,0.5984251968503937,0.5551181102362205,0.5735849056603773,0.5984251968503937,0.5857418111753372,0.5953251906503814
0,RMU-LAT,LR,19,0.5807086614173228,0.5787401574803149,0.5826771653543307,0.5810276679841897,0.5787401574803149,0.5798816568047337,0.5797166594333188
0,RMU-LAT,LR,20,0.5610236220472441,0.562992125984252,0.5590551181102362,0.5607843137254902,0.562992125984252,0.5618860510805501,0.5810496620993242
0,RMU-LAT,LR,21,0.5531496062992126,0.5669291338582677,0.5393700787401575,0.5517241379310345,0.5669291338582677,0.5592233009708738,0.5672546345092689
0,RMU-LAT,LR,22,0.5413385826771654,0.5236220472440944,0.5590551181102362,0.5428571428571428,0.5236220472440944,0.533066132264529,0.5748341496682994
0,RMU-LAT,LR,23,0.5492125984251969,0.5039370078740157,0.594488188976378,0.5541125541125541,0.5039370078740157,0.5278350515463918,0.5698586397172795
0,RMU-LAT,LR,24,0.562992125984252,0.5393700787401575,0.5866141732283464,0.5661157024793388,0.5393700787401575,0.5524193548387096,0.5751751503503006
0,RMU-LAT,LR,25,0.5413385826771654,0.49606299212598426,0.5866141732283464,0.5454545454545454,0.49606299212598426,0.5195876288659794,0.5750046500093
0,RMU-LAT,LR,26,0.5511811023622047,0.5078740157480315,0.594488188976378,0.5560344827586207,0.5078740157480315,0.5308641975308642,0.5766786533573067
0,RMU-LAT,LR,27,0.5531496062992126,0.531496062992126,0.5748031496062992,0.5555555555555556,0.531496062992126,0.5432595573440644,0.5783371566743134
0,RMU-LAT,LR,28,0.5511811023622047,0.5275590551181102,0.5748031496062992,0.5537190082644629,0.5275590551181102,0.5403225806451613,0.5836226672453344
0,RMU-LAT,LR,29,0.5511811023622047,0.5393700787401575,0.562992125984252,0.5524193548387096,0.5393700787401575,0.545816733067729,0.5822896645793292
0,RMU-LAT,LR,30,0.5531496062992126,0.5354330708661418,0.5708661417322834,0.5551020408163265,0.5354330708661418,0.5450901803607214,0.5694091388182777
0,RMU-LAT,LR,31,0.5492125984251969,0.5078740157480315,0.5905511811023622,0.5536480686695279,0.5078740157480315,0.5297741273100616,0.5664331328662657
0,RMU-LAT,LR,32,0.5433070866141733,0.5039370078740157,0.5826771653543307,0.5470085470085471,0.5039370078740157,0.5245901639344263,0.5627441254882509
0,RMU-LAT,RF,1,0.5866141732283464,0.5669291338582677,0.6062992125984252,0.5901639344262295,0.5669291338582677,0.5783132530120482,0.6195827391654783
0,RMU-LAT,RF,2,0.5551181102362205,0.5393700787401575,0.5708661417322834,0.556910569105691,0.5393700787401575,0.548,0.5897141794283589
0,RMU-LAT,RF,3,0.5570866141732284,0.5275590551181102,0.5866141732283464,0.5606694560669456,0.5275590551181102,0.5436105476673428,0.5936356872713745
0,RMU-LAT,RF,4,0.5708661417322834,0.562992125984252,0.5787401574803149,0.572,0.562992125984252,0.5674603174603174,0.5882959265918533
0,RMU-LAT,RF,5,0.5708661417322834,0.547244094488189,0.594488188976378,0.5743801652892562,0.547244094488189,0.5604838709677419,0.6090969681939364
0,RMU-LAT,RF,6,0.5767716535433071,0.5236220472440944,0.6299212598425197,0.5859030837004405,0.5236220472440944,0.553014553014553,0.618265236530473
0,RMU-LAT,RF,7,0.5787401574803149,0.547244094488189,0.610236220472441,0.5840336134453782,0.547244094488189,0.5650406504065041,0.5955421910843821
0,RMU-LAT,RF,8,0.5728346456692913,0.5551181102362205,0.5905511811023622,0.5755102040816327,0.5551181102362205,0.5651302605210421,0.5846999193998388
0,RMU-LAT,RF,9,0.5492125984251969,0.515748031496063,0.5826771653543307,0.5527426160337553,0.515748031496063,0.5336048879837068,0.5849944199888399
0,RMU-LAT,RF,10,0.5531496062992126,0.531496062992126,0.5748031496062992,0.5555555555555556,0.531496062992126,0.5432595573440644,0.5646506293012585
0,RMU-LAT,RF,11,0.5275590551181102,0.5354330708661418,0.5196850393700787,0.5271317829457365,0.5354330708661418,0.53125,0.5478408456816914
0,RMU-LAT,RF,12,0.5275590551181102,0.562992125984252,0.4921259842519685,0.5257352941176471,0.562992125984252,0.5437262357414449,0.529264058528117
0,RMU-LAT,RF,13,0.5413385826771654,0.547244094488189,0.5354330708661418,0.5408560311284046,0.547244094488189,0.5440313111545988,0.567998635997272
0,RMU-LAT,RF,14,0.5413385826771654,0.5866141732283464,0.49606299212598426,0.5379061371841155,0.5866141732283464,0.5612052730696798,0.5498325996651993
0,RMU-LAT,RF,15,0.5354330708661418,0.5,0.5708661417322834,0.538135593220339,0.5,0.5183673469387755,0.5516461032922065
0,RMU-LAT,RF,16,0.5354330708661418,0.5078740157480315,0.562992125984252,0.5375,0.5078740157480315,0.5222672064777328,0.5613026226052452
0,RMU-LAT,RF,17,0.5354330708661418,0.5118110236220472,0.5590551181102362,0.5371900826446281,0.5118110236220472,0.5241935483870968,0.5573191146382291
0,RMU-LAT,RF,18,0.5570866141732284,0.5551181102362205,0.5590551181102362,0.5573122529644269,0.5551181102362205,0.5562130177514792,0.5681768863537727
0,RMU-LAT,RF,19,0.5413385826771654,0.5551181102362205,0.5275590551181102,0.5402298850574713,0.5551181102362205,0.5475728155339806,0.5612096224192449
0,RMU-LAT,RF,20,0.5354330708661418,0.5196850393700787,0.5511811023622047,0.5365853658536586,0.5196850393700787,0.528,0.5575051150102299
0,RMU-LAT,RF,21,0.515748031496063,0.5236220472440944,0.5078740157480315,0.5155038759689923,0.5236220472440944,0.51953125,0.5572958645917292
0,RMU-LAT,RF,22,0.5275590551181102,0.47244094488188976,0.5826771653543307,0.5309734513274337,0.47244094488188976,0.5,0.5438883377766757
0,RMU-LAT,RF,23,0.5216535433070866,0.48031496062992124,0.562992125984252,0.5236051502145923,0.48031496062992124,0.5010266940451745,0.5345263190526381
0,RMU-LAT,RF,24,0.5236220472440944,0.5354330708661418,0.5118110236220472,0.5230769230769231,0.5354330708661418,0.5291828793774319,0.5554358608717218
0,RMU-LAT,RF,25,0.5255905511811023,0.5118110236220472,0.5393700787401575,0.5263157894736842,0.5118110236220472,0.5189620758483033,0.5458800917601835
0,RMU-LAT,RF,26,0.531496062992126,0.5275590551181102,0.5354330708661418,0.5317460317460317,0.5275590551181102,0.5296442687747036,0.5316975633951269
0,RMU-LAT,RF,27,0.5570866141732284,0.5196850393700787,0.594488188976378,0.5617021276595745,0.5196850393700787,0.5398773006134969,0.5636121272242545
0,RMU-LAT,RF,28,0.515748031496063,0.49606299212598426,0.5354330708661418,0.5163934426229508,0.49606299212598426,0.5060240963855421,0.5255518011036021
0,RMU-LAT,RF,29,0.5511811023622047,0.5275590551181102,0.5748031496062992,0.5537190082644629,0.5275590551181102,0.5403225806451613,0.5621318742637484
0,RMU-LAT,RF,30,0.5196850393700787,0.49606299212598426,0.5433070866141733,0.5206611570247934,0.49606299212598426,0.5080645161290323,0.5360840721681444
0,RMU-LAT,RF,31,0.5118110236220472,0.4763779527559055,0.547244094488189,0.5127118644067796,0.4763779527559055,0.49387755102040815,0.5121365242730486
0,RMU-LAT,RF,32,0.547244094488189,0.547244094488189,0.547244094488189,0.547244094488189,0.547244094488189,0.547244094488189,0.5522196044392088
0,RMU-LAT,AdaBoost,1,0.5728346456692913,0.5196850393700787,0.6259842519685039,0.5814977973568282,0.5196850393700787,0.5488565488565489,0.5977819455638911
0,RMU-LAT,AdaBoost,2,0.5433070866141733,0.562992125984252,0.5236220472440944,0.5416666666666666,0.562992125984252,0.5521235521235521,0.5722378944757889
0,RMU-LAT,AdaBoost,3,0.5177165354330708,0.5354330708661418,0.5,0.5171102661596958,0.5354330708661418,0.5261121856866537,0.5310233120466241
0,RMU-LAT,AdaBoost,4,0.5413385826771654,0.5275590551181102,0.5551181102362205,0.5425101214574899,0.5275590551181102,0.5349301397205589,0.554265608531217
0,RMU-LAT,AdaBoost,5,0.547244094488189,0.5393700787401575,0.5551181102362205,0.548,0.5393700787401575,0.5436507936507936,0.5742451484902971
0,RMU-LAT,AdaBoost,6,0.5728346456692913,0.5866141732283464,0.5590551181102362,0.5708812260536399,0.5866141732283464,0.5786407766990291,0.5799259098518197
0,RMU-LAT,AdaBoost,7,0.5728346456692913,0.6456692913385826,0.5,0.563573883161512,0.6456692913385826,0.6018348623853211,0.6108329716659433
0,RMU-LAT,AdaBoost,8,0.5177165354330708,0.5511811023622047,0.484251968503937,0.5166051660516605,0.5511811023622047,0.5333333333333333,0.5246372992745986
0,RMU-LAT,AdaBoost,9,0.547244094488189,0.5590551181102362,0.5354330708661418,0.5461538461538461,0.5590551181102362,0.5525291828793775,0.5496310992621984
0,RMU-LAT,AdaBoost,10,0.5492125984251969,0.5354330708661418,0.562992125984252,0.5506072874493927,0.5354330708661418,0.5429141716566867,0.5687891375782752
0,RMU-LAT,AdaBoost,11,0.515748031496063,0.5511811023622047,0.48031496062992124,0.5147058823529411,0.5511811023622047,0.532319391634981,0.5346735693471387
0,RMU-LAT,AdaBoost,12,0.5216535433070866,0.5433070866141733,0.5,0.5207547169811321,0.5433070866141733,0.5317919075144508,0.5297678095356191
0,RMU-LAT,AdaBoost,13,0.5433070866141733,0.594488188976378,0.4921259842519685,0.5392857142857143,0.594488188976378,0.5655430711610487,0.5531651063302127
0,RMU-LAT,AdaBoost,14,0.5374015748031497,0.531496062992126,0.5433070866141733,0.5378486055776892,0.531496062992126,0.5346534653465347,0.5647281294562588
0,RMU-LAT,AdaBoost,15,0.5,0.4881889763779528,0.5118110236220472,0.5,0.4881889763779528,0.4940239043824701,0.49924049848099694
0,RMU-LAT,AdaBoost,16,0.5236220472440944,0.5275590551181102,0.5196850393700787,0.5234375,0.5275590551181102,0.5254901960784314,0.5524288548577097
0,RMU-LAT,AdaBoost,17,0.5531496062992126,0.5354330708661418,0.5708661417322834,0.5551020408163265,0.5354330708661418,0.5450901803607214,0.5757409014818029
0,RMU-LAT,AdaBoost,18,0.5511811023622047,0.5236220472440944,0.5787401574803149,0.5541666666666667,0.5236220472440944,0.5384615384615384,0.5815456630913262
0,RMU-LAT,AdaBoost,19,0.5216535433070866,0.5275590551181102,0.515748031496063,0.5214007782101168,0.5275590551181102,0.5244618395303327,0.5211032922065845
0,RMU-LAT,AdaBoost,20,0.5177165354330708,0.5393700787401575,0.49606299212598426,0.5169811320754717,0.5393700787401575,0.5279383429672447,0.5269933039866079
0,RMU-LAT,AdaBoost,21,0.515748031496063,0.5078740157480315,0.5236220472440944,0.516,0.5078740157480315,0.5119047619047619,0.5334180668361337
0,RMU-LAT,AdaBoost,22,0.5374015748031497,0.5275590551181102,0.547244094488189,0.5381526104417671,0.5275590551181102,0.532803180914513,0.547763345526691
0,RMU-LAT,AdaBoost,23,0.5196850393700787,0.5511811023622047,0.4881889763779528,0.5185185185185185,0.5511811023622047,0.5343511450381679,0.5294655589311179
0,RMU-LAT,AdaBoost,24,0.5393700787401575,0.5590551181102362,0.5196850393700787,0.5378787878787878,0.5590551181102362,0.5482625482625483,0.5526846053692107
0,RMU-LAT,AdaBoost,25,0.5433070866141733,0.515748031496063,0.5708661417322834,0.5458333333333333,0.515748031496063,0.5303643724696356,0.570509641019282
0,RMU-LAT,AdaBoost,26,0.5275590551181102,0.5551181102362205,0.5,0.5261194029850746,0.5551181102362205,0.5402298850574713,0.5403310806621613
0,RMU-LAT,AdaBoost,27,0.5078740157480315,0.4645669291338583,0.5511811023622047,0.5086206896551724,0.4645669291338583,0.48559670781893005,0.525993551987104
0,RMU-LAT,AdaBoost,28,0.49803149606299213,0.4881889763779528,0.5078740157480315,0.4979919678714859,0.4881889763779528,0.49304174950298213,0.518483786967574
0,RMU-LAT,AdaBoost,29,0.5413385826771654,0.5393700787401575,0.5433070866141733,0.541501976284585,0.5393700787401575,0.5404339250493096,0.5582801165602331
0,RMU-LAT,AdaBoost,30,0.5275590551181102,0.5354330708661418,0.5196850393700787,0.5271317829457365,0.5354330708661418,0.53125,0.522738545477091
0,RMU-LAT,AdaBoost,31,0.5295275590551181,0.5393700787401575,0.5196850393700787,0.528957528957529,0.5393700787401575,0.5341130604288499,0.5245830491660983
0,RMU-LAT,AdaBoost,32,0.5236220472440944,0.5236220472440944,0.5236220472440944,0.5236220472440944,0.5236220472440944,0.5236220472440944,0.5290625581251163
1,RMU-LAT,LR,1,0.5413385826771654,0.5275590551181102,0.5551181102362205,0.5425101214574899,0.5275590551181102,0.5349301397205589,0.5630541261082522
1,RMU-LAT,LR,2,0.5708661417322834,0.562992125984252,0.5787401574803149,0.572,0.562992125984252,0.5674603174603174,0.5856531713063426
1,RMU-LAT,LR,3,0.5708661417322834,0.562992125984252,0.5787401574803149,0.572,0.562992125984252,0.5674603174603174,0.5867691735383471
1,RMU-LAT,LR,4,0.562992125984252,0.6220472440944882,0.5039370078740157,0.5563380281690141,0.6220472440944882,0.587360594795539,0.5802126604253208
1,RMU-LAT,LR,5,0.5866141732283464,0.5787401574803149,0.594488188976378,0.588,0.5787401574803149,0.5833333333333334,0.6064542129084258
1,RMU-LAT,LR,6,0.5688976377952756,0.562992125984252,0.5748031496062992,0.5697211155378487,0.562992125984252,0.5663366336633663,0.6085622171244343
1,RMU-LAT,LR,7,0.5846456692913385,0.5984251968503937,0.5708661417322834,0.5823754789272031,0.5984251968503937,0.5902912621359223,0.6056947113894228
1,RMU-LAT,LR,8,0.6141732283464567,0.6181102362204725,0.610236220472441,0.61328125,0.6181102362204725,0.615686274509804,0.6323702647405294
1,RMU-LAT,LR,9,0.6062992125984252,0.6535433070866141,0.5590551181102362,0.5971223021582733,0.6535433070866141,0.6240601503759399,0.6405542811085623
1,RMU-LAT,LR,10,0.6062992125984252,0.6062992125984252,0.6062992125984252,0.6062992125984252,0.6062992125984252,0.6062992125984252,0.6366792733585468
1,RMU-LAT,LR,11,0.6062992125984252,0.6220472440944882,0.5905511811023622,0.6030534351145038,0.6220472440944882,0.6124031007751938,0.6393762787525574
1,RMU-LAT,LR,12,0.6141732283464567,0.6338582677165354,0.594488188976378,0.6098484848484849,0.6338582677165354,0.6216216216216216,0.627751255502511
1,RMU-LAT,LR,13,0.6023622047244095,0.6023622047244095,0.6023622047244095,0.6023622047244095,0.6023622047244095,0.6023622047244095,0.626991753983508
1,RMU-LAT,LR,14,0.5866141732283464,0.5787401574803149,0.594488188976378,0.588,0.5787401574803149,0.5833333333333334,0.6187302374604751
1,RMU-LAT,LR,15,0.5905511811023622,0.6062992125984252,0.5748031496062992,0.5877862595419847,0.6062992125984252,0.5968992248062015,0.620729741459483
1,RMU-LAT,LR,16,0.59251968503937,0.5984251968503937,0.5866141732283464,0.5914396887159533,0.5984251968503937,0.5949119373776908,0.616746233492467
1,RMU-LAT,LR,17,0.6003937007874016,0.5748031496062992,0.6259842519685039,0.6058091286307054,0.5748031496062992,0.5898989898989899,0.6225432450864902
1,RMU-LAT,LR,18,0.5688976377952756,0.5669291338582677,0.5708661417322834,0.5691699604743083,0.5669291338582677,0.5680473372781065,0.6047957095914192
1,RMU-LAT,LR,19,0.5846456692913385,0.5866141732283464,0.5826771653543307,0.5843137254901961,0.5866141732283464,0.5854616895874263,0.6121582243164486
1,RMU-LAT,LR,20,0.5787401574803149,0.5511811023622047,0.6062992125984252,0.5833333333333334,0.5511811023622047,0.5668016194331984,0.6169787339574679
1,RMU-LAT,LR,21,0.59251968503937,0.5787401574803149,0.6062992125984252,0.5951417004048583,0.5787401574803149,0.5868263473053892,0.6192727385454772
1,RMU-LAT,LR,22,0.5984251968503937,0.5787401574803149,0.6181102362204725,0.6024590163934426,0.5787401574803149,0.5903614457831325,0.6189472378944758
1,RMU-LAT,LR,23,0.5688976377952756,0.5511811023622047,0.5866141732283464,0.5714285714285714,0.5511811023622047,0.561122244488978,0.6084537169074339
1,RMU-LAT,LR,24,0.5807086614173228,0.5590551181102362,0.6023622047244095,0.5843621399176955,0.5590551181102362,0.5714285714285714,0.6100192200384401
1,RMU-LAT,LR,25,0.6003937007874016,0.6023622047244095,0.5984251968503937,0.6,0.6023622047244095,0.6011787819253438,0.6336102672205345
1,RMU-LAT,LR,26,0.6062992125984252,0.5984251968503937,0.6141732283464567,0.608,0.5984251968503937,0.6031746031746031,0.6278442556885113
1,RMU-LAT,LR,27,0.5964566929133859,0.6062992125984252,0.5866141732283464,0.5945945945945946,0.6062992125984252,0.6003898635477583,0.6388957777915556
1,RMU-LAT,LR,28,0.5807086614173228,0.594488188976378,0.5669291338582677,0.578544061302682,0.594488188976378,0.5864077669902913,0.6381517763035526
1,RMU-LAT,LR,29,0.5807086614173228,0.5984251968503937,0.562992125984252,0.5779467680608364,0.5984251968503937,0.5880077369439072,0.636028272056544
1,RMU-LAT,LR,30,0.5846456692913385,0.5748031496062992,0.594488188976378,0.5863453815261044,0.5748031496062992,0.5805168986083499,0.6216442432884866
1,RMU-LAT,LR,31,0.5708661417322834,0.5669291338582677,0.5748031496062992,0.5714285714285714,0.5669291338582677,0.5691699604743083,0.5988591977183955
1,RMU-LAT,LR,32,0.562992125984252,0.5118110236220472,0.6141732283464567,0.5701754385964912,0.5118110236220472,0.5394190871369294,0.6000217000434
1,RMU-LAT,RF,1,0.5688976377952756,0.5393700787401575,0.5984251968503937,0.5732217573221757,0.5393700787401575,0.5557809330628803,0.6168779837559675
1,RMU-LAT,RF,2,0.5767716535433071,0.5708661417322834,0.5826771653543307,0.5776892430278885,0.5708661417322834,0.5742574257425742,0.6024009548019097
1,RMU-LAT,RF,3,0.547244094488189,0.5275590551181102,0.5669291338582677,0.5491803278688525,0.5275590551181102,0.5381526104417671,0.5960304420608843
1,RMU-LAT,RF,4,0.59251968503937,0.5511811023622047,0.6338582677165354,0.6008583690987125,0.5511811023622047,0.5749486652977412,0.623767747535495
1,RMU-LAT,RF,5,0.5905511811023622,0.562992125984252,0.6181102362204725,0.5958333333333333,0.562992125984252,0.5789473684210527,0.6141034782069564
1,RMU-LAT,RF,6,0.5590551181102362,0.5196850393700787,0.5984251968503937,0.5641025641025641,0.5196850393700787,0.5409836065573771,0.5956971913943828
1,RMU-LAT,RF,7,0.5590551181102362,0.5433070866141733,0.5748031496062992,0.5609756097560976,0.5433070866141733,0.552,0.6008974517949036
1,RMU-LAT,RF,8,0.5433070866141733,0.4881889763779528,0.5984251968503937,0.5486725663716814,0.4881889763779528,0.5166666666666667,0.5719588939177878
1,RMU-LAT,RF,9,0.5511811023622047,0.48031496062992124,0.6220472440944882,0.5596330275229358,0.48031496062992124,0.5169491525423728,0.5863661727323454
1,RMU-LAT,RF,10,0.531496062992126,0.44881889763779526,0.6141732283464567,0.5377358490566038,0.44881889763779526,0.4892703862660944,0.5469650939301877
1,RMU-LAT,RF,11,0.5807086614173228,0.5275590551181102,0.6338582677165354,0.5903083700440529,0.5275590551181102,0.5571725571725572,0.6094457188914377
1,RMU-LAT,RF,12,0.5433070866141733,0.5,0.5866141732283464,0.5474137931034483,0.5,0.522633744855967,0.5626898753797508
1,RMU-LAT,RF,13,0.5570866141732284,0.5078740157480315,0.6062992125984252,0.5633187772925764,0.5078740157480315,0.5341614906832298,0.601501953003906
1,RMU-LAT,RF,14,0.5570866141732284,0.515748031496063,0.5984251968503937,0.5622317596566524,0.515748031496063,0.5379876796714579,0.5885904271808545
1,RMU-LAT,RF,15,0.5374015748031497,0.5,0.5748031496062992,0.5404255319148936,0.5,0.5194274028629857,0.5766321532643065
1,RMU-LAT,RF,16,0.547244094488189,0.49606299212598426,0.5984251968503937,0.5526315789473685,0.49606299212598426,0.5228215767634855,0.552746605493211
1,RMU-LAT,RF,17,0.5452755905511811,0.5,0.5905511811023622,0.5497835497835498,0.5,0.5237113402061856,0.5747643995287991
1,RMU-LAT,RF,18,0.5669291338582677,0.5669291338582677,0.5669291338582677,0.5669291338582677,0.5669291338582677,0.5669291338582677,0.5757254014508029
1,RMU-LAT,RF,19,0.5354330708661418,0.515748031496063,0.5551181102362205,0.5368852459016393,0.515748031496063,0.5261044176706827,0.5668206336412672
1,RMU-LAT,RF,20,0.5433070866141733,0.5118110236220472,0.5748031496062992,0.5462184873949579,0.5118110236220472,0.5284552845528455,0.5598146196292393
1,RMU-LAT,RF,21,0.5275590551181102,0.4763779527559055,0.5787401574803149,0.5307017543859649,0.4763779527559055,0.5020746887966805,0.5722223944447888
1,RMU-LAT,RF,22,0.531496062992126,0.5039370078740157,0.5590551181102362,0.5333333333333333,0.5039370078740157,0.5182186234817814,0.5693393886787773
1,RMU-LAT,RF,23,0.5511811023622047,0.49606299212598426,0.6062992125984252,0.5575221238938053,0.49606299212598426,0.525,0.5713621427242854
1,RMU-LAT,RF,24,0.5610236220472441,0.547244094488189,0.5748031496062992,0.562753036437247,0.547244094488189,0.5548902195608783,0.5886911773823548
1,RMU-LAT,RF,25,0.5236220472440944,0.484251968503937,0.562992125984252,0.5256410256410257,0.484251968503937,0.5040983606557377,0.5633253766507532
1,RMU-LAT,RF,26,0.5610236220472441,0.531496062992126,0.5905511811023622,0.5648535564853556,0.531496062992126,0.5476673427991886,0.5583111166222332
1,RMU-LAT,RF,27,0.5570866141732284,0.5118110236220472,0.6023622047244095,0.5627705627705628,0.5118110236220472,0.5360824742268041,0.5718581437162875
1,RMU-LAT,RF,28,0.5255905511811023,0.5118110236220472,0.5393700787401575,0.5263157894736842,0.5118110236220472,0.5189620758483033,0.5415400830801662
1,RMU-LAT,RF,29,0.5334645669291339,0.4881889763779528,0.5787401574803149,0.5367965367965368,0.4881889763779528,0.511340206185567,0.5525063550127101
1,RMU-LAT,RF,30,0.5374015748031497,0.5,0.5748031496062992,0.5404255319148936,0.5,0.5194274028629857,0.5501968503937009
1,RMU-LAT,RF,31,0.531496062992126,0.452755905511811,0.610236220472441,0.5373831775700935,0.452755905511811,0.49145299145299143,0.5596828693657387
1,RMU-LAT,RF,32,0.547244094488189,0.515748031496063,0.5787401574803149,0.5504201680672269,0.515748031496063,0.532520325203252,0.5768724037448075
1,RMU-LAT,AdaBoost,1,0.5334645669291339,0.5826771653543307,0.484251968503937,0.5304659498207885,0.5826771653543307,0.5553470919324578,0.5553118606237213
1,RMU-LAT,AdaBoost,2,0.5452755905511811,0.5433070866141733,0.547244094488189,0.5454545454545454,0.5433070866141733,0.5443786982248521,0.5595743691487383
1,RMU-LAT,AdaBoost,3,0.5610236220472441,0.547244094488189,0.5748031496062992,0.562753036437247,0.547244094488189,0.5548902195608783,0.5860561721123442
1,RMU-LAT,AdaBoost,4,0.5078740157480315,0.547244094488189,0.468503937007874,0.5072992700729927,0.547244094488189,0.5265151515151515,0.5522893545787091
1,RMU-LAT,AdaBoost,5,0.5354330708661418,0.5354330708661418,0.5354330708661418,0.5354330708661418,0.5354330708661418,0.5354330708661418,0.5519406038812077
1,RMU-LAT,AdaBoost,6,0.5905511811023622,0.6023622047244095,0.5787401574803149,0.5884615384615385,0.6023622047244095,0.5953307392996109,0.6004092008184017
1,RMU-LAT,AdaBoost,7,0.5531496062992126,0.5748031496062992,0.531496062992126,0.5509433962264151,0.5748031496062992,0.5626204238921002,0.5810341620683241
1,RMU-LAT,AdaBoost,8,0.5570866141732284,0.5787401574803149,0.5354330708661418,0.5547169811320755,0.5787401574803149,0.5664739884393064,0.5727648955297912
1,RMU-LAT,AdaBoost,9,0.5669291338582677,0.6181102362204725,0.515748031496063,0.5607142857142857,0.6181102362204725,0.5880149812734082,0.5673321346642692
1,RMU-LAT,AdaBoost,10,0.5590551181102362,0.5826771653543307,0.5354330708661418,0.556390977443609,0.5826771653543307,0.5692307692307692,0.5795616591233181
1,RMU-LAT,AdaBoost,11,0.5708661417322834,0.5748031496062992,0.5669291338582677,0.5703125,0.5748031496062992,0.5725490196078431,0.5915664331328663
1,RMU-LAT,AdaBoost,12,0.5452755905511811,0.5708661417322834,0.5196850393700787,0.5430711610486891,0.5708661417322834,0.5566218809980806,0.5806001612003224
1,RMU-LAT,AdaBoost,13,0.5275590551181102,0.5511811023622047,0.5039370078740157,0.5263157894736842,0.5511811023622047,0.5384615384615384,0.541245582491165
1,RMU-LAT,AdaBoost,14,0.5492125984251969,0.5433070866141733,0.5551181102362205,0.549800796812749,0.5433070866141733,0.5465346534653466,0.5705406410812821
1,RMU-LAT,AdaBoost,15,0.5590551181102362,0.5433070866141733,0.5748031496062992,0.5609756097560976,0.5433070866141733,0.552,0.5628913757827516
1,RMU-LAT,AdaBoost,16,0.5433070866141733,0.5275590551181102,0.5590551181102362,0.5447154471544715,0.5275590551181102,0.536,0.5326043152086304
1,RMU-LAT,AdaBoost,17,0.5275590551181102,0.515748031496063,0.5393700787401575,0.5282258064516129,0.515748031496063,0.5219123505976095,0.5278923057846115
1,RMU-LAT,AdaBoost,18,0.5433070866141733,0.5039370078740157,0.5826771653543307,0.5470085470085471,0.5039370078740157,0.5245901639344263,0.5420825841651683
1,RMU-LAT,AdaBoost,19,0.5216535433070866,0.49606299212598426,0.547244094488189,0.5228215767634855,0.49606299212598426,0.509090909090909,0.5539168578337157
1,RMU-LAT,AdaBoost,20,0.5393700787401575,0.5551181102362205,0.5236220472440944,0.5381679389312977,0.5551181102362205,0.5465116279069767,0.5777946555893112
1,RMU-LAT,AdaBoost,21,0.5531496062992126,0.5039370078740157,0.6023622047244095,0.5589519650655022,0.5039370078740157,0.5300207039337475,0.5778721557443115
1,RMU-LAT,AdaBoost,22,0.5275590551181102,0.484251968503937,0.5708661417322834,0.5301724137931034,0.484251968503937,0.5061728395061729,0.5277683055366111
1,RMU-LAT,AdaBoost,23,0.531496062992126,0.5118110236220472,0.5511811023622047,0.5327868852459017,0.5118110236220472,0.5220883534136547,0.5475463450926902
1,RMU-LAT,AdaBoost,24,0.5393700787401575,0.5236220472440944,0.5551181102362205,0.540650406504065,0.5236220472440944,0.532,0.5507703515407031
1,RMU-LAT,AdaBoost,25,0.547244094488189,0.5354330708661418,0.5590551181102362,0.5483870967741935,0.5354330708661418,0.5418326693227091,0.5610701221402442
1,RMU-LAT,AdaBoost,26,0.5078740157480315,0.4763779527559055,0.5393700787401575,0.5084033613445378,0.4763779527559055,0.491869918699187,0.5311550623101247
1,RMU-LAT,AdaBoost,27,0.5196850393700787,0.5551181102362205,0.484251968503937,0.5183823529411765,0.5551181102362205,0.5361216730038023,0.5207157914315829
1,RMU-LAT,AdaBoost,28,0.5511811023622047,0.5118110236220472,0.5905511811023622,0.5555555555555556,0.5118110236220472,0.5327868852459017,0.5620698741397483
1,RMU-LAT,AdaBoost,29,0.5216535433070866,0.484251968503937,0.5590551181102362,0.5234042553191489,0.484251968503937,0.5030674846625767,0.5381378262756527
1,RMU-LAT,AdaBoost,30,0.4940944881889764,0.4566929133858268,0.531496062992126,0.49361702127659574,0.4566929133858268,0.47443762781186094,0.50999751999504
1,RMU-LAT,AdaBoost,31,0.5511811023622047,0.5708661417322834,0.531496062992126,0.5492424242424242,0.5708661417322834,0.5598455598455598,0.5653093806187612
1,RMU-LAT,AdaBoost,32,0.5,0.4881889763779528,0.5118110236220472,0.5,0.4881889763779528,0.4940239043824701,0.5260865521731044
2,RMU-LAT,LR,1,0.5551181102362205,0.5511811023622047,0.5590551181102362,0.5555555555555556,0.5511811023622047,0.5533596837944664,0.5739506479012958
2,RMU-LAT,LR,2,0.5590551181102362,0.547244094488189,0.5708661417322834,0.5604838709677419,0.547244094488189,0.5537848605577689,0.5822741645483291
2,RMU-LAT,LR,3,0.5334645669291339,0.5393700787401575,0.5275590551181102,0.5330739299610895,0.5393700787401575,0.5362035225048923,0.560248620497241
2,RMU-LAT,LR,4,0.5374015748031497,0.5905511811023622,0.484251968503937,0.5338078291814946,0.5905511811023622,0.5607476635514018,0.556745613491227
2,RMU-LAT,LR,5,0.5649606299212598,0.6062992125984252,0.5236220472440944,0.56,0.6062992125984252,0.5822306238185255,0.587745675491351
2,RMU-LAT,LR,6,0.5511811023622047,0.5905511811023622,0.5118110236220472,0.5474452554744526,0.5905511811023622,0.5681818181818182,0.5894196788393576
2,RMU-LAT,LR,7,0.5669291338582677,0.5905511811023622,0.5433070866141733,0.5639097744360902,0.5905511811023622,0.5769230769230769,0.5950616901233803
2,RMU-LAT,LR,8,0.5866141732283464,0.5826771653543307,0.5905511811023622,0.5873015873015873,0.5826771653543307,0.5849802371541502,0.6065472130944262
2,RMU-LAT,LR,9,0.5846456692913385,0.594488188976378,0.5748031496062992,0.583011583011583,0.594488188976378,0.5886939571150097,0.6175522351044702
2,RMU-LAT,LR,10,0.5728346456692913,0.5905511811023622,0.5551181102362205,0.5703422053231939,0.5905511811023622,0.5802707930367504,0.5975726951453902
2,RMU-LAT,LR,11,0.6043307086614174,0.5984251968503937,0.610236220472441,0.6055776892430279,0.5984251968503937,0.601980198019802,0.6138012276024551
2,RMU-LAT,LR,12,0.5826771653543307,0.610236220472441,0.5551181102362205,0.5783582089552238,0.610236220472441,0.5938697318007663,0.6144212288424576
2,RMU-LAT,LR,13,0.5905511811023622,0.6417322834645669,0.5393700787401575,0.5821428571428572,0.6417322834645669,0.6104868913857678,0.6108717217434435
2,RMU-LAT,LR,14,0.5708661417322834,0.6062992125984252,0.5354330708661418,0.5661764705882353,0.6062992125984252,0.5855513307984791,0.5894816789633579
2,RMU-LAT,LR,15,0.5492125984251969,0.594488188976378,0.5039370078740157,0.5451263537906137,0.594488188976378,0.568738229755179,0.5761361522723045
2,RMU-LAT,LR,16,0.5649606299212598,0.5787401574803149,0.5511811023622047,0.5632183908045977,0.5787401574803149,0.570873786407767,0.5827236654473309
2,RMU-LAT,LR,17,0.5728346456692913,0.5905511811023622,0.5551181102362205,0.5703422053231939,0.5905511811023622,0.5802707930367504,0.5834521669043338
2,RMU-LAT,LR,18,0.5590551181102362,0.6023622047244095,0.515748031496063,0.5543478260869565,0.6023622047244095,0.5773584905660377,0.5828476656953314
2,RMU-LAT,LR,19,0.5492125984251969,0.5866141732283464,0.5118110236220472,0.5457875457875457,0.5866141732283464,0.5654648956356736,0.5777016554033108
2,RMU-LAT,LR,20,0.5708661417322834,0.6299212598425197,0.5118110236220472,0.5633802816901409,0.6299212598425197,0.5947955390334573,0.5774071548143096
2,RMU-LAT,LR,21,0.5610236220472441,0.6417322834645669,0.48031496062992124,0.5525423728813559,0.6417322834645669,0.5938069216757741,0.5665416330832662
2,RMU-LAT,LR,22,0.547244094488189,0.5984251968503937,0.49606299212598426,0.5428571428571428,0.5984251968503937,0.5692883895131086,0.5756711513423026
2,RMU-LAT,LR,23,0.5452755905511811,0.5905511811023622,0.5,0.5415162454873647,0.5905511811023622,0.5649717514124294,0.5726021452042904
2,RMU-LAT,LR,24,0.5669291338582677,0.6023622047244095,0.531496062992126,0.5625,0.6023622047244095,0.5817490494296578,0.5833901667803336
2,RMU-LAT,LR,25,0.5610236220472441,0.5826771653543307,0.5393700787401575,0.5584905660377358,0.5826771653543307,0.5703275529865125,0.5841186682373365
2,RMU-LAT,LR,26,0.5433070866141733,0.5551181102362205,0.531496062992126,0.5423076923076923,0.5551181102362205,0.5486381322957199,0.5739351478702958
2,RMU-LAT,LR,27,0.5492125984251969,0.5669291338582677,0.531496062992126,0.5475285171102662,0.5669291338582677,0.5570599613152805,0.5699516399032798
2,RMU-LAT,LR,28,0.5334645669291339,0.5236220472440944,0.5433070866141733,0.5341365461847389,0.5236220472440944,0.5288270377733598,0.5579391158782318
2,RMU-LAT,LR,29,0.5531496062992126,0.547244094488189,0.5590551181102362,0.5537848605577689,0.547244094488189,0.5504950495049505,0.5601401202802405
2,RMU-LAT,LR,30,0.531496062992126,0.5433070866141733,0.5196850393700787,0.5307692307692308,0.5433070866141733,0.5369649805447471,0.5655806311612623
2,RMU-LAT,LR,31,0.5610236220472441,0.562992125984252,0.5590551181102362,0.5607843137254902,0.562992125984252,0.5618860510805501,0.5717806435612872
2,RMU-LAT,LR,32,0.5393700787401575,0.5669291338582677,0.5118110236220472,0.5373134328358209,0.5669291338582677,0.5517241379310345,0.5665571331142663
2,RMU-LAT,RF,1,0.5334645669291339,0.5354330708661418,0.531496062992126,0.5333333333333333,0.5354330708661418,0.5343811394891945,0.5687968875937752
2,RMU-LAT,RF,2,0.547244094488189,0.5196850393700787,0.5748031496062992,0.55,0.5196850393700787,0.5344129554655871,0.5726253952507906
2,RMU-LAT,RF,3,0.5531496062992126,0.5275590551181102,0.5787401574803149,0.5560165975103735,0.5275590551181102,0.5414141414141415,0.5918919337838676
2,RMU-LAT,RF,4,0.5492125984251969,0.5393700787401575,0.5590551181102362,0.5502008032128514,0.5393700787401575,0.5447316103379721,0.5794531589063179
2,RMU-LAT,RF,5,0.5748031496062992,0.5039370078740157,0.6456692913385826,0.5871559633027523,0.5039370078740157,0.5423728813559322,0.5711606423212846
2,RMU-LAT,RF,6,0.5511811023622047,0.5393700787401575,0.562992125984252,0.5524193548387096,0.5393700787401575,0.545816733067729,0.5890166780333561
2,RMU-LAT,RF,7,0.5649606299212598,0.5433070866141733,0.5866141732283464,0.5679012345679012,0.5433070866141733,0.5553319919517102,0.594464938929878
2,RMU-LAT,RF,8,0.5334645669291339,0.48031496062992124,0.5866141732283464,0.5374449339207048,0.48031496062992124,0.5072765072765073,0.5714241428482858
2,RMU-LAT,RF,9,0.5374015748031497,0.4921259842519685,0.5826771653543307,0.5411255411255411,0.4921259842519685,0.5154639175257731,0.5628913757827515
2,RMU-LAT,RF,10,0.5275590551181102,0.5118110236220472,0.5433070866141733,0.5284552845528455,0.5118110236220472,0.52,0.5345650691301383
2,RMU-LAT,RF,11,0.531496062992126,0.5275590551181102,0.5354330708661418,0.5317460317460317,0.5275590551181102,0.5296442687747036,0.5328368156736313
2,RMU-LAT,RF,12,0.5433070866141733,0.5787401574803149,0.5078740157480315,0.5404411764705882,0.5787401574803149,0.55893536121673,0.5680683861367722
2,RMU-LAT,RF,13,0.5275590551181102,0.5275590551181102,0.5275590551181102,0.5275590551181102,0.5275590551181102,0.5275590551181102,0.5436093372186743
2,RMU-LAT,RF,14,0.5255905511811023,0.5039370078740157,0.547244094488189,0.5267489711934157,0.5039370078740157,0.5150905432595574,0.5414083328166657
2,RMU-LAT,RF,15,0.5669291338582677,0.531496062992126,0.6023622047244095,0.5720338983050848,0.531496062992126,0.5510204081632653,0.5698896397792796
2,RMU-LAT,RF,16,0.5452755905511811,0.5236220472440944,0.5669291338582677,0.5473251028806584,0.5236220472440944,0.5352112676056338,0.5452600905201812
2,RMU-LAT,RF,17,0.5511811023622047,0.5590551181102362,0.5433070866141733,0.5503875968992248,0.5590551181102362,0.5546875,0.5656426312852625
2,RMU-LAT,RF,18,0.5275590551181102,0.5078740157480315,0.547244094488189,0.5286885245901639,0.5078740157480315,0.5180722891566265,0.5430745861491723
2,RMU-LAT,RF,19,0.547244094488189,0.5433070866141733,0.5511811023622047,0.5476190476190477,0.5433070866141733,0.5454545454545454,0.5596053692107384
2,RMU-LAT,RF,20,0.5531496062992126,0.5905511811023622,0.515748031496063,0.5494505494505495,0.5905511811023622,0.5692599620493358,0.5695408890817781
2,RMU-LAT,RF,21,0.5433070866141733,0.5433070866141733,0.5433070866141733,0.5433070866141733,0.5433070866141733,0.5433070866141733,0.572981895963792
2,RMU-LAT,RF,22,0.5413385826771654,0.5393700787401575,0.5433070866141733,0.541501976284585,0.5393700787401575,0.5404339250493096,0.563751627503255
2,RMU-LAT,RF,23,0.5295275590551181,0.5078740157480315,0.5511811023622047,0.5308641975308642,0.5078740157480315,0.5191146881287726,0.5495768491536983
2,RMU-LAT,RF,24,0.5551181102362205,0.547244094488189,0.562992125984252,0.556,0.547244094488189,0.5515873015873016,0.5522971045942092
2,RMU-LAT,RF,25,0.5452755905511811,0.5551181102362205,0.5354330708661418,0.5444015444015444,0.5551181102362205,0.5497076023391813,0.5728346456692913
2,RMU-LAT,RF,26,0.5393700787401575,0.5590551181102362,0.5196850393700787,0.5378787878787878,0.5590551181102362,0.5482625482625483,0.5571951143902288
2,RMU-LAT,RF,27,0.5275590551181102,0.5078740157480315,0.547244094488189,0.5286885245901639,0.5078740157480315,0.5180722891566265,0.5500496000992001
2,RMU-LAT,RF,28,0.5531496062992126,0.5590551181102362,0.547244094488189,0.5525291828793775,0.5590551181102362,0.5557729941291585,0.5645653791307583
2,RMU-LAT,RF,29,0.5610236220472441,0.5511811023622047,0.5708661417322834,0.5622489959839357,0.5511811023622047,0.5566600397614314,0.5740436480872962
2,RMU-LAT,RF,30,0.5511811023622047,0.5275590551181102,0.5748031496062992,0.5537190082644629,0.5275590551181102,0.5403225806451613,0.5687116374232749
2,RMU-LAT,RF,31,0.5216535433070866,0.5196850393700787,0.5236220472440944,0.5217391304347826,0.5196850393700787,0.5207100591715976,0.5220875441750883
2,RMU-LAT,RF,32,0.5334645669291339,0.5433070866141733,0.5236220472440944,0.5328185328185329,0.5433070866141733,0.5380116959064327,0.5428963357926715
2,RMU-LAT,AdaBoost,1,0.5531496062992126,0.5551181102362205,0.5511811023622047,0.5529411764705883,0.5551181102362205,0.5540275049115914,0.573470146940294
2,RMU-LAT,AdaBoost,2,0.5275590551181102,0.5236220472440944,0.531496062992126,0.5277777777777778,0.5236220472440944,0.525691699604743,0.538254076508153
2,RMU-LAT,AdaBoost,3,0.5551181102362205,0.5433070866141733,0.5669291338582677,0.5564516129032258,0.5433070866141733,0.549800796812749,0.5383160766321533
2,RMU-LAT,AdaBoost,4,0.562992125984252,0.5866141732283464,0.5393700787401575,0.5601503759398496,0.5866141732283464,0.573076923076923,0.5582026164052328
2,RMU-LAT,AdaBoost,5,0.5255905511811023,0.531496062992126,0.5196850393700787,0.5252918287937743,0.531496062992126,0.5283757338551859,0.5557691115382231
2,RMU-LAT,AdaBoost,6,0.5295275590551181,0.5551181102362205,0.5039370078740157,0.5280898876404494,0.5551181102362205,0.5412667946257198,0.5440355880711761
2,RMU-LAT,AdaBoost,7,0.5748031496062992,0.5669291338582677,0.5826771653543307,0.576,0.5669291338582677,0.5714285714285714,0.5734081468162937
2,RMU-LAT,AdaBoost,8,0.5511811023622047,0.5787401574803149,0.5236220472440944,0.5485074626865671,0.5787401574803149,0.5632183908045977,0.5642321284642569
2,RMU-LAT,AdaBoost,9,0.5590551181102362,0.5511811023622047,0.5669291338582677,0.56,0.5511811023622047,0.5555555555555556,0.5671771343542688
2,RMU-LAT,AdaBoost,10,0.5255905511811023,0.5196850393700787,0.531496062992126,0.5258964143426295,0.5196850393700787,0.5227722772277228,0.5530798561597123
2,RMU-LAT,AdaBoost,11,0.5610236220472441,0.5748031496062992,0.547244094488189,0.5593869731800766,0.5748031496062992,0.566990291262136,0.5581638663277326
2,RMU-LAT,AdaBoost,12,0.5374015748031497,0.5708661417322834,0.5039370078740157,0.5350553505535055,0.5708661417322834,0.5523809523809524,0.5455545911091823
2,RMU-LAT,AdaBoost,13,0.5354330708661418,0.5669291338582677,0.5039370078740157,0.5333333333333333,0.5669291338582677,0.549618320610687,0.5361150722301444
2,RMU-LAT,AdaBoost,14,0.5137795275590551,0.48031496062992124,0.547244094488189,0.5147679324894515,0.48031496062992124,0.4969450101832994,0.5283883067766135
2,RMU-LAT,AdaBoost,15,0.5334645669291339,0.562992125984252,0.5039370078740157,0.5315985130111525,0.562992125984252,0.5468451242829828,0.5458413416826834
2,RMU-LAT,AdaBoost,16,0.5531496062992126,0.5551181102362205,0.5511811023622047,0.5529411764705883,0.5551181102362205,0.5540275049115914,0.5759734019468039
2,RMU-LAT,AdaBoost,17,0.5,0.5078740157480315,0.4921259842519685,0.5,0.5078740157480315,0.50390625,0.5160347820695641
2,RMU-LAT,AdaBoost,18,0.5236220472440944,0.5039370078740157,0.5433070866141733,0.5245901639344263,0.5039370078740157,0.5140562248995983,0.5520413540827083
2,RMU-LAT,AdaBoost,19,0.5019685039370079,0.5,0.5039370078740157,0.5019762845849802,0.5,0.5009861932938856,0.49707824415648827
2,RMU-LAT,AdaBoost,20,0.5374015748031497,0.5708661417322834,0.5039370078740157,0.5350553505535055,0.5708661417322834,0.5523809523809524,0.5584971169942339
2,RMU-LAT,AdaBoost,21,0.5019685039370079,0.4645669291338583,0.5393700787401575,0.502127659574468,0.4645669291338583,0.48261758691206547,0.5178947857895716
2,RMU-LAT,AdaBoost,22,0.5492125984251969,0.531496062992126,0.5669291338582677,0.5510204081632653,0.531496062992126,0.5410821643286573,0.5505611011222022
2,RMU-LAT,AdaBoost,23,0.5354330708661418,0.5354330708661418,0.5354330708661418,0.5354330708661418,0.5354330708661418,0.5354330708661418,0.5388585777171555
2,RMU-LAT,AdaBoost,24,0.5177165354330708,0.5590551181102362,0.4763779527559055,0.5163636363636364,0.5590551181102362,0.5368620037807184,0.5114002728005457
2,RMU-LAT,AdaBoost,25,0.5354330708661418,0.5275590551181102,0.5433070866141733,0.536,0.5275590551181102,0.5317460317460317,0.5690371380742761
2,RMU-LAT,AdaBoost,26,0.5393700787401575,0.484251968503937,0.594488188976378,0.5442477876106194,0.484251968503937,0.5125,0.5554668609337218
2,RMU-LAT,AdaBoost,27,0.5334645669291339,0.5236220472440944,0.5433070866141733,0.5341365461847389,0.5236220472440944,0.5288270377733598,0.5501658503317006
2,RMU-LAT,AdaBoost,28,0.5177165354330708,0.5511811023622047,0.484251968503937,0.5166051660516605,0.5511811023622047,0.5333333333333333,0.5144847789695579
2,RMU-LAT,AdaBoost,29,0.5236220472440944,0.5039370078740157,0.5433070866141733,0.5245901639344263,0.5039370078740157,0.5140562248995983,0.513012276024552
2,RMU-LAT,AdaBoost,30,0.5216535433070866,0.5393700787401575,0.5039370078740157,0.5209125475285171,0.5393700787401575,0.5299806576402321,0.548987847975696
2,RMU-LAT,AdaBoost,31,0.5334645669291339,0.5275590551181102,0.5393700787401575,0.5338645418326693,0.5275590551181102,0.5306930693069307,0.5348363196726393
2,RMU-LAT,AdaBoost,32,0.5196850393700787,0.5748031496062992,0.4645669291338583,0.5177304964539007,0.5748031496062992,0.5447761194029851,0.5415710831421663
3,RMU-LAT,LR,1,0.562992125984252,0.5590551181102362,0.5669291338582677,0.5634920634920635,0.5590551181102362,0.5612648221343873,0.5685721371442742
3,RMU-LAT,LR,2,0.5334645669291339,0.5354330708661418,0.531496062992126,0.5333333333333333,0.5354330708661418,0.5343811394891945,0.5479105958211917
3,RMU-LAT,LR,3,0.5433070866141733,0.5275590551181102,0.5590551181102362,0.5447154471544715,0.5275590551181102,0.536,0.5592256184512369
3,RMU-LAT,LR,4,0.5728346456692913,0.5826771653543307,0.562992125984252,0.5714285714285714,0.5826771653543307,0.5769980506822612,0.5757021514043028
3,RMU-LAT,LR,5,0.547244094488189,0.5393700787401575,0.5551181102362205,0.548,0.5393700787401575,0.5436507936507936,0.5923956847913696
3,RMU-LAT,LR,6,0.562992125984252,0.5551181102362205,0.5708661417322834,0.564,0.5551181102362205,0.5595238095238095,0.5900241800483601
3,RMU-LAT,LR,7,0.5669291338582677,0.5708661417322834,0.562992125984252,0.56640625,0.5708661417322834,0.5686274509803921,0.6255192510385021
3,RMU-LAT,LR,8,0.5984251968503937,0.5984251968503937,0.5984251968503937,0.5984251968503937,0.5984251968503937,0.5984251968503937,0.6207607415214831
3,RMU-LAT,LR,9,0.594488188976378,0.6023622047244095,0.5866141732283464,0.5930232558139535,0.6023622047244095,0.59765625,0.6183737367474735
3,RMU-LAT,LR,10,0.5984251968503937,0.6023622047244095,0.594488188976378,0.59765625,0.6023622047244095,0.6,0.6206987413974828
3,RMU-LAT,LR,11,0.5984251968503937,0.5826771653543307,0.6141732283464567,0.6016260162601627,0.5826771653543307,0.592,0.6208382416764834
3,RMU-LAT,LR,12,0.5885826771653543,0.5826771653543307,0.594488188976378,0.5896414342629482,0.5826771653543307,0.5861386138613861,0.6132587265174531
3,RMU-LAT,LR,13,0.5846456692913385,0.5984251968503937,0.5708661417322834,0.5823754789272031,0.5984251968503937,0.5902912621359223,0.598254696509393
3,RMU-LAT,LR,14,0.5748031496062992,0.562992125984252,0.5866141732283464,0.5766129032258065,0.562992125984252,0.5697211155378487,0.5919151838303677
3,RMU-LAT,LR,15,0.5787401574803149,0.5787401574803149,0.5787401574803149,0.5787401574803149,0.5787401574803149,0.5787401574803149,0.593248186496373
3,RMU-LAT,LR,16,0.5570866141732284,0.562992125984252,0.5511811023622047,0.556420233463035,0.562992125984252,0.5596868884540117,0.5750511501023001
3,RMU-LAT,LR,17,0.5649606299212598,0.5748031496062992,0.5551181102362205,0.5637065637065637,0.5748031496062992,0.5692007797270955,0.5812356624713249
3,RMU-LAT,LR,18,0.5413385826771654,0.5551181102362205,0.5275590551181102,0.5402298850574713,0.5551181102362205,0.5475728155339806,0.5694246388492776
3,RMU-LAT,LR,19,0.5393700787401575,0.5826771653543307,0.49606299212598426,0.5362318840579711,0.5826771653543307,0.5584905660377358,0.5693781387562774
3,RMU-LAT,LR,20,0.5688976377952756,0.6062992125984252,0.531496062992126,0.5641025641025641,0.6062992125984252,0.5844402277039848,0.5687116374232749
3,RMU-LAT,LR,21,0.5334645669291339,0.5590551181102362,0.5078740157480315,0.5318352059925093,0.5590551181102362,0.54510556621881,0.5596751193502387
3,RMU-LAT,LR,22,0.5334645669291339,0.5708661417322834,0.49606299212598426,0.5311355311355311,0.5708661417322834,0.5502846299810247,0.5633641267282534
3,RMU-LAT,LR,23,0.5196850393700787,0.5787401574803149,0.46062992125984253,0.5176056338028169,0.5787401574803149,0.5464684014869888,0.5679521359042718
3,RMU-LAT,LR,24,0.5433070866141733,0.5787401574803149,0.5078740157480315,0.5404411764705882,0.5787401574803149,0.55893536121673,0.5657201314402629
3,RMU-LAT,LR,25,0.547244094488189,0.594488188976378,0.5,0.5431654676258992,0.594488188976378,0.5676691729323309,0.5758726517453034
3,RMU-LAT,LR,26,0.5413385826771654,0.5826771653543307,0.5,0.5381818181818182,0.5826771653543307,0.5595463137996219,0.5692076384152769
3,RMU-LAT,LR,27,0.5590551181102362,0.5826771653543307,0.5354330708661418,0.556390977443609,0.5826771653543307,0.5692307692307692,0.5734701469402939
3,RMU-LAT,LR,28,0.5531496062992126,0.6062992125984252,0.5,0.5480427046263345,0.6062992125984252,0.5757009345794393,0.5799336598673198
3,RMU-LAT,LR,29,0.547244094488189,0.5984251968503937,0.49606299212598426,0.5428571428571428,0.5984251968503937,0.5692883895131086,0.5703701407402815
3,RMU-LAT,LR,30,0.5374015748031497,0.5905511811023622,0.484251968503937,0.5338078291814946,0.5905511811023622,0.5607476635514018,0.5571486142972286
3,RMU-LAT,LR,31,0.5334645669291339,0.547244094488189,0.5196850393700787,0.5325670498084292,0.547244094488189,0.5398058252427185,0.5663401326802654
3,RMU-LAT,LR,32,0.5511811023622047,0.562992125984252,0.5393700787401575,0.55,0.562992125984252,0.556420233463035,0.5651776303552606
3,RMU-LAT,RF,1,0.5748031496062992,0.531496062992126,0.6181102362204725,0.5818965517241379,0.531496062992126,0.5555555555555556,0.5966039432078865
3,RMU-LAT,RF,2,0.5807086614173228,0.5826771653543307,0.5787401574803149,0.5803921568627451,0.5826771653543307,0.581532416502947,0.612979725959452
3,RMU-LAT,RF,3,0.5610236220472441,0.547244094488189,0.5748031496062992,0.562753036437247,0.547244094488189,0.5548902195608783,0.5928451856903714
3,RMU-LAT,RF,4,0.5748031496062992,0.515748031496063,0.6338582677165354,0.5848214285714286,0.515748031496063,0.5481171548117155,0.6086009672019344
3,RMU-LAT,RF,5,0.5708661417322834,0.5039370078740157,0.6377952755905512,0.5818181818181818,0.5039370078740157,0.540084388185654,0.5965884431768864
3,RMU-LAT,RF,6,0.5984251968503937,0.5905511811023622,0.6062992125984252,0.6,0.5905511811023622,0.5952380952380952,0.6267902535805071
3,RMU-LAT,RF,7,0.5708661417322834,0.5275590551181102,0.6141732283464567,0.5775862068965517,0.5275590551181102,0.551440329218107,0.5934186868373736
3,RMU-LAT,RF,8,0.5511811023622047,0.5354330708661418,0.5669291338582677,0.5528455284552846,0.5354330708661418,0.544,0.5858624217248434
3,RMU-LAT,RF,9,0.5708661417322834,0.5078740157480315,0.6338582677165354,0.581081081081081,0.5078740157480315,0.542016806722689,0.5833591667183335
3,RMU-LAT,RF,10,0.5433070866141733,0.49606299212598426,0.5905511811023622,0.5478260869565217,0.49606299212598426,0.5206611570247934,0.5568618637237275
3,RMU-LAT,RF,11,0.547244094488189,0.47244094488188976,0.6220472440944882,0.5555555555555556,0.47244094488188976,0.5106382978723404,0.5695563891127783
3,RMU-LAT,RF,12,0.5590551181102362,0.5,0.6181102362204725,0.5669642857142857,0.5,0.5313807531380753,0.5878076756153511
3,RMU-LAT,RF,13,0.5688976377952756,0.5078740157480315,0.6299212598425197,0.57847533632287,0.5078740157480315,0.5408805031446541,0.6047569595139191
3,RMU-LAT,RF,14,0.5413385826771654,0.531496062992126,0.5511811023622047,0.5421686746987951,0.531496062992126,0.536779324055666,0.5624883749767501
3,RMU-LAT,RF,15,0.5196850393700787,0.5196850393700787,0.5196850393700787,0.5196850393700787,0.5196850393700787,0.5196850393700787,0.535502821005642
3,RMU-LAT,RF,16,0.5452755905511811,0.484251968503937,0.6062992125984252,0.5515695067264574,0.484251968503937,0.5157232704402516,0.5589543679087359
3,RMU-LAT,RF,17,0.5767716535433071,0.547244094488189,0.6062992125984252,0.5815899581589958,0.547244094488189,0.563894523326572,0.600998201996404
3,RMU-LAT,RF,18,0.5393700787401575,0.4921259842519685,0.5866141732283464,0.5434782608695652,0.4921259842519685,0.5165289256198347,0.5808481616963235
3,RMU-LAT,RF,19,0.547244094488189,0.46062992125984253,0.6338582677165354,0.5571428571428572,0.46062992125984253,0.5043103448275862,0.5680296360592723
3,RMU-LAT,RF,20,0.5196850393700787,0.4566929133858268,0.5826771653543307,0.5225225225225225,0.4566929133858268,0.48739495798319327,0.5623178746357493
3,RMU-LAT,RF,21,0.5255905511811023,0.5039370078740157,0.547244094488189,0.5267489711934157,0.5039370078740157,0.5150905432595574,0.5577686155372311
3,RMU-LAT,RF,22,0.5236220472440944,0.4763779527559055,0.5708661417322834,0.5260869565217391,0.4763779527559055,0.5,0.5554668609337218
3,RMU-LAT,RF,23,0.5492125984251969,0.48031496062992124,0.6181102362204725,0.5570776255707762,0.48031496062992124,0.5158562367864693,0.578476656953314
3,RMU-LAT,RF,24,0.562992125984252,0.531496062992126,0.594488188976378,0.5672268907563025,0.531496062992126,0.5487804878048781,0.5821811643623287
3,RMU-LAT,RF,25,0.547244094488189,0.515748031496063,0.5787401574803149,0.5504201680672269,0.515748031496063,0.532520325203252,0.5695796391592783
3,RMU-LAT,RF,26,0.5236220472440944,0.5236220472440944,0.5236220472440944,0.5236220472440944,0.5236220472440944,0.5236220472440944,0.5508013516027033
3,RMU-LAT,RF,27,0.5413385826771654,0.5078740157480315,0.5748031496062992,0.5443037974683544,0.5078740157480315,0.5254582484725051,0.5576756153512307
3,RMU-LAT,RF,28,0.5393700787401575,0.4881889763779528,0.5905511811023622,0.543859649122807,0.4881889763779528,0.5145228215767634,0.562000124000248
3,RMU-LAT,RF,29,0.5078740157480315,0.4645669291338583,0.5511811023622047,0.5086206896551724,0.4645669291338583,0.48559670781893005,0.5184295368590737
3,RMU-LAT,RF,30,0.5492125984251969,0.5393700787401575,0.5590551181102362,0.5502008032128514,0.5393700787401575,0.5447316103379721,0.5585591171182342
3,RMU-LAT,RF,31,0.5216535433070866,0.5078740157480315,0.5354330708661418,0.5222672064777328,0.5078740157480315,0.5149700598802395,0.5496388492776987
3,RMU-LAT,RF,32,0.5236220472440944,0.5393700787401575,0.5078740157480315,0.5229007633587787,0.5393700787401575,0.5310077519379846,0.5428885857771716
3,RMU-LAT,AdaBoost,1,0.5748031496062992,0.5826771653543307,0.5669291338582677,0.5736434108527132,0.5826771653543307,0.578125,0.5842039184078368
3,RMU-LAT,AdaBoost,2,0.5610236220472441,0.5551181102362205,0.5669291338582677,0.5617529880478087,0.5551181102362205,0.5584158415841585,0.5866529233058466
3,RMU-LAT,AdaBoost,3,0.5570866141732284,0.5511811023622047,0.562992125984252,0.5577689243027888,0.5511811023622047,0.5544554455445545,0.5819564139128278
3,RMU-LAT,AdaBoost,4,0.5551181102362205,0.531496062992126,0.5787401574803149,0.5578512396694215,0.531496062992126,0.5443548387096774,0.5795306590613181
3,RMU-LAT,AdaBoost,5,0.5393700787401575,0.531496062992126,0.547244094488189,0.54,0.531496062992126,0.5357142857142857,0.5469650939301879
3,RMU-LAT,AdaBoost,6,0.5590551181102362,0.531496062992126,0.5866141732283464,0.5625,0.531496062992126,0.5465587044534413,0.5773296546593093
3,RMU-LAT,AdaBoost,7,0.5531496062992126,0.610236220472441,0.49606299212598426,0.5477031802120141,0.610236220472441,0.5772811918063314,0.5789184078368157
3,RMU-LAT,AdaBoost,8,0.5905511811023622,0.5866141732283464,0.594488188976378,0.5912698412698413,0.5866141732283464,0.5889328063241107,0.6002774505549011
3,RMU-LAT,AdaBoost,9,0.5275590551181102,0.5196850393700787,0.5354330708661418,0.528,0.5196850393700787,0.5238095238095238,0.5538548577097153
3,RMU-LAT,AdaBoost,10,0.5669291338582677,0.531496062992126,0.6023622047244095,0.5720338983050848,0.531496062992126,0.5510204081632653,0.5694788889577779
3,RMU-LAT,AdaBoost,11,0.5649606299212598,0.547244094488189,0.5826771653543307,0.5673469387755102,0.547244094488189,0.5571142284569138,0.586482422964846
3,RMU-LAT,AdaBoost,12,0.5255905511811023,0.4566929133858268,0.594488188976378,0.5296803652968036,0.4566929133858268,0.4904862579281184,0.5396568293136585
3,RMU-LAT,AdaBoost,13,0.5255905511811023,0.4921259842519685,0.5590551181102362,0.5274261603375527,0.4921259842519685,0.5091649694501018,0.5270708041416083
3,RMU-LAT,AdaBoost,14,0.5452755905511811,0.5393700787401575,0.5511811023622047,0.545816733067729,0.5393700787401575,0.5425742574257426,0.5650226300452601
3,RMU-LAT,AdaBoost,15,0.562992125984252,0.5275590551181102,0.5984251968503937,0.5677966101694916,0.5275590551181102,0.5469387755102041,0.5620311240622481
3,RMU-LAT,AdaBoost,16,0.515748031496063,0.5118110236220472,0.5196850393700787,0.5158730158730159,0.5118110236220472,0.5138339920948617,0.5326120652241304
3,RMU-LAT,AdaBoost,17,0.5452755905511811,0.5708661417322834,0.5196850393700787,0.5430711610486891,0.5708661417322834,0.5566218809980806,0.5583111166222332
3,RMU-LAT,AdaBoost,18,0.5196850393700787,0.5078740157480315,0.531496062992126,0.5201612903225806,0.5078740157480315,0.5139442231075697,0.5514291028582058
3,RMU-LAT,AdaBoost,19,0.5452755905511811,0.5196850393700787,0.5708661417322834,0.5477178423236515,0.5196850393700787,0.5333333333333333,0.5568541137082273
3,RMU-LAT,AdaBoost,20,0.5433070866141733,0.5354330708661418,0.5511811023622047,0.544,0.5354330708661418,0.5396825396825397,0.5410595821191643
3,RMU-LAT,AdaBoost,21,0.5492125984251969,0.5236220472440944,0.5748031496062992,0.5518672199170125,0.5236220472440944,0.5373737373737374,0.5559551119102238
3,RMU-LAT,AdaBoost,22,0.5452755905511811,0.5748031496062992,0.515748031496063,0.5427509293680297,0.5748031496062992,0.5583173996175909,0.543229586459173
3,RMU-LAT,AdaBoost,23,0.531496062992126,0.5196850393700787,0.5433070866141733,0.532258064516129,0.5196850393700787,0.5258964143426295,0.5400598301196603
3,RMU-LAT,AdaBoost,24,0.547244094488189,0.5511811023622047,0.5433070866141733,0.546875,0.5511811023622047,0.5490196078431373,0.5649063798127597
3,RMU-LAT,AdaBoost,25,0.5551181102362205,0.5708661417322834,0.5393700787401575,0.5534351145038168,0.5708661417322834,0.562015503875969,0.5604656209312419
3,RMU-LAT,AdaBoost,26,0.5019685039370079,0.5236220472440944,0.48031496062992124,0.5018867924528302,0.5236220472440944,0.51252408477842,0.49734174468348935
3,RMU-LAT,AdaBoost,27,0.5275590551181102,0.547244094488189,0.5078740157480315,0.5265151515151515,0.547244094488189,0.5366795366795367,0.5327748155496311
3,RMU-LAT,AdaBoost,28,0.5236220472440944,0.5236220472440944,0.5236220472440944,0.5236220472440944,0.5236220472440944,0.5236220472440944,0.5451748403496807
3,RMU-LAT,AdaBoost,29,0.5433070866141733,0.5511811023622047,0.5354330708661418,0.5426356589147286,0.5511811023622047,0.546875,0.5543276086552174
3,RMU-LAT,AdaBoost,30,0.5236220472440944,0.4881889763779528,0.5590551181102362,0.5254237288135594,0.4881889763779528,0.5061224489795918,0.5463528427056854
3,RMU-LAT,AdaBoost,31,0.5531496062992126,0.5826771653543307,0.5236220472440944,0.550185873605948,0.5826771653543307,0.5659655831739961,0.5510648521297041
3,RMU-LAT,AdaBoost,32,0.531496062992126,0.5196850393700787,0.5433070866141733,0.532258064516129,0.5196850393700787,0.5258964143426295,0.5372775745551491
4,RMU-LAT,LR,1,0.515748031496063,0.4763779527559055,0.5551181102362205,0.5170940170940171,0.4763779527559055,0.4959016393442623,0.5407960815921632
4,RMU-LAT,LR,2,0.5511811023622047,0.5275590551181102,0.5748031496062992,0.5537190082644629,0.5275590551181102,0.5403225806451613,0.57250914501829
4,RMU-LAT,LR,3,0.5590551181102362,0.5196850393700787,0.5984251968503937,0.5641025641025641,0.5196850393700787,0.5409836065573771,0.5894816789633579
4,RMU-LAT,LR,4,0.5590551181102362,0.547244094488189,0.5708661417322834,0.5604838709677419,0.547244094488189,0.5537848605577689,0.5806931613863228
4,RMU-LAT,LR,5,0.5492125984251969,0.515748031496063,0.5826771653543307,0.5527426160337553,0.515748031496063,0.5336048879837068,0.5806466612933225
4,RMU-LAT,LR,6,0.5846456692913385,0.5748031496062992,0.594488188976378,0.5863453815261044,0.5748031496062992,0.5805168986083499,0.5980221960443921
4,RMU-LAT,LR,7,0.5748031496062992,0.5905511811023622,0.5590551181102362,0.5725190839694656,0.5905511811023622,0.5813953488372093,0.6008587017174034
4,RMU-LAT,LR,8,0.5748031496062992,0.5905511811023622,0.5590551181102362,0.5725190839694656,0.5905511811023622,0.5813953488372093,0.6013547027094054
4,RMU-LAT,LR,9,0.5905511811023622,0.594488188976378,0.5866141732283464,0.58984375,0.594488188976378,0.592156862745098,0.6261547523095047
4,RMU-LAT,LR,10,0.6003937007874016,0.6062992125984252,0.594488188976378,0.5992217898832685,0.6062992125984252,0.6027397260273972,0.634230268460537
4,RMU-LAT,LR,11,0.6003937007874016,0.6220472440944882,0.5787401574803149,0.5962264150943396,0.6220472440944882,0.6088631984585742,0.6226827453654908
4,RMU-LAT,LR,12,0.5866141732283464,0.610236220472441,0.562992125984252,0.5827067669172933,0.610236220472441,0.5961538461538461,0.6220782441564883
4,RMU-LAT,LR,13,0.5885826771653543,0.5787401574803149,0.5984251968503937,0.5903614457831325,0.5787401574803149,0.584493041749503,0.6144677289354579
4,RMU-LAT,LR,14,0.5570866141732284,0.594488188976378,0.5196850393700787,0.5531135531135531,0.594488188976378,0.573055028462998,0.5980221960443921
4,RMU-LAT,LR,15,0.5531496062992126,0.5393700787401575,0.5669291338582677,0.5546558704453441,0.5393700787401575,0.5469061876247505,0.5880866761733523
4,RMU-LAT,LR,16,0.5511811023622047,0.5511811023622047,0.5511811023622047,0.5511811023622047,0.5511811023622047,0.5511811023622047,0.5743536487072974
4,RMU-LAT,LR,17,0.5551181102362205,0.5354330708661418,0.5748031496062992,0.5573770491803278,0.5354330708661418,0.5461847389558233,0.5750201500403002
4,RMU-LAT,LR,18,0.5610236220472441,0.5511811023622047,0.5708661417322834,0.5622489959839357,0.5511811023622047,0.5566600397614314,0.5826151652303304
4,RMU-LAT,LR,19,0.5492125984251969,0.5787401574803149,0.5196850393700787,0.5464684014869888,0.5787401574803149,0.5621414913957935,0.5747721495442991
4,RMU-LAT,LR,20,0.5511811023622047,0.5590551181102362,0.5433070866141733,0.5503875968992248,0.5590551181102362,0.5546875,0.5702306404612809
4,RMU-LAT,LR,21,0.5531496062992126,0.5826771653543307,0.5236220472440944,0.550185873605948,0.5826771653543307,0.5659655831739961,0.5699206398412797
4,RMU-LAT,LR,22,0.5748031496062992,0.594488188976378,0.5551181102362205,0.571969696969697,0.594488188976378,0.583011583011583,0.5883966767933536
4,RMU-LAT,LR,23,0.5767716535433071,0.6259842519685039,0.5275590551181102,0.5698924731182796,0.6259842519685039,0.5966228893058161,0.5884121768243536
4,RMU-LAT,LR,24,0.5570866141732284,0.5984251968503937,0.515748031496063,0.5527272727272727,0.5984251968503937,0.5746691871455577,0.577779155558311
4,RMU-LAT,LR,25,0.5433070866141733,0.5826771653543307,0.5039370078740157,0.5401459854014599,0.5826771653543307,0.5606060606060606,0.5858856717713435
4,RMU-LAT,LR,26,0.562992125984252,0.6299212598425197,0.49606299212598426,0.5555555555555556,0.6299212598425197,0.5904059040590406,0.5972781945563891
4,RMU-LAT,LR,27,0.5511811023622047,0.5905511811023622,0.5118110236220472,0.5474452554744526,0.5905511811023622,0.5681818181818182,0.5958676917353835
4,RMU-LAT,LR,28,0.5531496062992126,0.6023622047244095,0.5039370078740157,0.5483870967741935,0.6023622047244095,0.574108818011257,0.5898691797383595
4,RMU-LAT,LR,29,0.547244094488189,0.5984251968503937,0.49606299212598426,0.5428571428571428,0.5984251968503937,0.5692883895131086,0.5865986731973464
4,RMU-LAT,LR,30,0.5590551181102362,0.6259842519685039,0.4921259842519685,0.5520833333333334,0.6259842519685039,0.5867158671586716,0.5825221650443301
4,RMU-LAT,LR,31,0.5452755905511811,0.6062992125984252,0.484251968503937,0.5403508771929825,0.6062992125984252,0.5714285714285714,0.5714318928637857
4,RMU-LAT,LR,32,0.562992125984252,0.6456692913385826,0.48031496062992124,0.5540540540540541,0.6456692913385826,0.5963636363636363,0.5771901543803087
4,RMU-LAT,RF,1,0.5688976377952756,0.5669291338582677,0.5708661417322834,0.5691699604743083,0.5669291338582677,0.5680473372781065,0.6007967015934031
4,RMU-LAT,RF,2,0.5787401574803149,0.594488188976378,0.562992125984252,0.5763358778625954,0.594488188976378,0.5852713178294574,0.6119722239444481
4,RMU-LAT,RF,3,0.5688976377952756,0.562992125984252,0.5748031496062992,0.5697211155378487,0.562992125984252,0.5663366336633663,0.595697191394383
4,RMU-LAT,RF,4,0.5118110236220472,0.484251968503937,0.5393700787401575,0.5125,0.484251968503937,0.4979757085020243,0.5576136152272304
4,RMU-LAT,RF,5,0.5354330708661418,0.5433070866141733,0.5275590551181102,0.5348837209302325,0.5433070866141733,0.5390625,0.5913416826833653
4,RMU-LAT,RF,6,0.5885826771653543,0.5787401574803149,0.5984251968503937,0.5903614457831325,0.5787401574803149,0.584493041749503,0.6368730237460475
4,RMU-LAT,RF,7,0.5807086614173228,0.5511811023622047,0.610236220472441,0.5857740585774058,0.5511811023622047,0.5679513184584178,0.601990203980408
4,RMU-LAT,RF,8,0.5295275590551181,0.5393700787401575,0.5196850393700787,0.528957528957529,0.5393700787401575,0.5341130604288499,0.5723386446772893
4,RMU-LAT,RF,9,0.5551181102362205,0.5511811023622047,0.5590551181102362,0.5555555555555556,0.5511811023622047,0.5533596837944664,0.5729508959017918
4,RMU-LAT,RF,10,0.562992125984252,0.484251968503937,0.6417322834645669,0.5747663551401869,0.484251968503937,0.5256410256410257,0.56499937999876
4,RMU-LAT,RF,11,0.5610236220472441,0.5118110236220472,0.610236220472441,0.5676855895196506,0.5118110236220472,0.5383022774327122,0.574260648521297
4,RMU-LAT,RF,12,0.5826771653543307,0.5826771653543307,0.5826771653543307,0.5826771653543307,0.5826771653543307,0.5826771653543307,0.5979446958893917
4,RMU-LAT,RF,13,0.5511811023622047,0.5236220472440944,0.5787401574803149,0.5541666666666667,0.5236220472440944,0.5384615384615384,0.5581328662657324
4,RMU-LAT,RF,14,0.5433070866141733,0.5275590551181102,0.5590551181102362,0.5447154471544715,0.5275590551181102,0.536,0.5542268584537169
4,RMU-LAT,RF,15,0.5374015748031497,0.5078740157480315,0.5669291338582677,0.5397489539748954,0.5078740157480315,0.5233265720081136,0.542005084010168
4,RMU-LAT,RF,16,0.5531496062992126,0.5118110236220472,0.594488188976378,0.5579399141630901,0.5118110236220472,0.5338809034907598,0.5714241428482856
4,RMU-LAT,RF,17,0.5708661417322834,0.5511811023622047,0.5905511811023622,0.5737704918032787,0.5511811023622047,0.5622489959839357,0.582979415958832
4,RMU-LAT,RF,18,0.5590551181102362,0.531496062992126,0.5866141732283464,0.5625,0.531496062992126,0.5465587044534413,0.5655651311302623
4,RMU-LAT,RF,19,0.5511811023622047,0.5551181102362205,0.547244094488189,0.55078125,0.5551181102362205,0.5529411764705883,0.5789106578213157
4,RMU-LAT,RF,20,0.5610236220472441,0.5275590551181102,0.594488188976378,0.5654008438818565,0.5275590551181102,0.5458248472505092,0.5503673507347014
4,RMU-LAT,RF,21,0.5708661417322834,0.531496062992126,0.610236220472441,0.5769230769230769,0.531496062992126,0.5532786885245902,0.5739273978547956
4,RMU-LAT,RF,22,0.5511811023622047,0.5905511811023622,0.5118110236220472,0.5474452554744526,0.5905511811023622,0.5681818181818182,0.5515221030442061
4,RMU-LAT,RF,23,0.515748031496063,0.5118110236220472,0.5196850393700787,0.5158730158730159,0.5118110236220472,0.5138339920948617,0.5412843325686651
4,RMU-LAT,RF,24,0.49606299212598426,0.452755905511811,0.5393700787401575,0.4956896551724138,0.452755905511811,0.4732510288065844,0.5204057908115817
4,RMU-LAT,RF,25,0.5196850393700787,0.4921259842519685,0.547244094488189,0.5208333333333334,0.4921259842519685,0.5060728744939271,0.5226222952445905
4,RMU-LAT,RF,26,0.4940944881889764,0.4881889763779528,0.5,0.4940239043824701,0.4881889763779528,0.4910891089108911,0.493001736003472
4,RMU-LAT,RF,27,0.5590551181102362,0.5708661417322834,0.547244094488189,0.5576923076923077,0.5708661417322834,0.5642023346303502,0.5663478826957654
4,RMU-LAT,RF,28,0.5196850393700787,0.5354330708661418,0.5039370078740157,0.5190839694656488,0.5354330708661418,0.5271317829457365,0.5415400830801662
4,RMU-LAT,RF,29,0.5354330708661418,0.5354330708661418,0.5354330708661418,0.5354330708661418,0.5354330708661418,0.5354330708661418,0.5498403496806994
4,RMU-LAT,RF,30,0.5413385826771654,0.5354330708661418,0.547244094488189,0.5418326693227091,0.5354330708661418,0.5386138613861386,0.5653946307892617
4,RMU-LAT,RF,31,0.5039370078740157,0.5078740157480315,0.5,0.50390625,0.5078740157480315,0.5058823529411764,0.540772831545663
4,RMU-LAT,RF,32,0.5570866141732284,0.5511811023622047,0.562992125984252,0.5577689243027888,0.5511811023622047,0.5544554455445545,0.5781821563643128
4,RMU-LAT,AdaBoost,1,0.5354330708661418,0.5275590551181102,0.5433070866141733,0.536,0.5275590551181102,0.5317460317460317,0.5330770661541323
4,RMU-LAT,AdaBoost,2,0.5393700787401575,0.5393700787401575,0.5393700787401575,0.5393700787401575,0.5393700787401575,0.5393700787401575,0.5321393142786286
4,RMU-LAT,AdaBoost,3,0.4940944881889764,0.5078740157480315,0.48031496062992124,0.4942528735632184,0.5078740157480315,0.5009708737864078,0.5172050344100688
4,RMU-LAT,AdaBoost,4,0.48031496062992124,0.5275590551181102,0.4330708661417323,0.48201438848920863,0.5275590551181102,0.5037593984962406,0.5136555273110546
4,RMU-LAT,AdaBoost,5,0.547244094488189,0.5590551181102362,0.5354330708661418,0.5461538461538461,0.5590551181102362,0.5525291828793775,0.5619071238142477
4,RMU-LAT,AdaBoost,6,0.547244094488189,0.5551181102362205,0.5393700787401575,0.5465116279069767,0.5551181102362205,0.55078125,0.5734933969867939
4,RMU-LAT,AdaBoost,7,0.515748031496063,0.5708661417322834,0.46062992125984253,0.5141843971631206,0.5708661417322834,0.5410447761194029,0.5153527807055615
4,RMU-LAT,AdaBoost,8,0.5492125984251969,0.5590551181102362,0.5393700787401575,0.5482625482625483,0.5590551181102362,0.5536062378167641,0.5785309070618141
4,RMU-LAT,AdaBoost,9,0.5334645669291339,0.5708661417322834,0.49606299212598426,0.5311355311355311,0.5708661417322834,0.5502846299810247,0.5468410936821874
4,RMU-LAT,AdaBoost,10,0.5708661417322834,0.5905511811023622,0.5511811023622047,0.5681818181818182,0.5905511811023622,0.5791505791505791,0.569238638477277
4,RMU-LAT,AdaBoost,11,0.515748031496063,0.5039370078740157,0.5275590551181102,0.5161290322580645,0.5039370078740157,0.5099601593625498,0.5291710583421166
4,RMU-LAT,AdaBoost,12,0.5354330708661418,0.5511811023622047,0.5196850393700787,0.5343511450381679,0.5511811023622047,0.5426356589147286,0.5580321160642322
4,RMU-LAT,AdaBoost,13,0.5275590551181102,0.5236220472440944,0.531496062992126,0.5277777777777778,0.5236220472440944,0.525691699604743,0.5138337776675553
4,RMU-LAT,AdaBoost,14,0.515748031496063,0.5118110236220472,0.5196850393700787,0.5158730158730159,0.5118110236220472,0.5138339920948617,0.529488808977618
4,RMU-LAT,AdaBoost,15,0.49015748031496065,0.4921259842519685,0.4881889763779528,0.49019607843137253,0.4921259842519685,0.4911591355599214,0.48471696943393894
4,RMU-LAT,AdaBoost,16,0.5551181102362205,0.531496062992126,0.5787401574803149,0.5578512396694215,0.531496062992126,0.5443548387096774,0.5608686217372435
4,RMU-LAT,AdaBoost,17,0.5334645669291339,0.5078740157480315,0.5590551181102362,0.5352697095435685,0.5078740157480315,0.5212121212121212,0.555242110484221
4,RMU-LAT,AdaBoost,18,0.5374015748031497,0.547244094488189,0.5275590551181102,0.5366795366795367,0.547244094488189,0.5419103313840156,0.5393235786471573
4,RMU-LAT,AdaBoost,19,0.5255905511811023,0.515748031496063,0.5354330708661418,0.5261044176706827,0.515748031496063,0.5208747514910537,0.533712567425135
4,RMU-LAT,AdaBoost,20,0.5118110236220472,0.5236220472440944,0.5,0.5115384615384615,0.5236220472440944,0.5175097276264592,0.5359135718271437
4,RMU-LAT,AdaBoost,21,0.5433070866141733,0.5551181102362205,0.531496062992126,0.5423076923076923,0.5551181102362205,0.5486381322957199,0.5504061008122015
4,RMU-LAT,AdaBoost,22,0.5019685039370079,0.5,0.5039370078740157,0.5019762845849802,0.5,0.5009861932938856,0.5177862855725712
4,RMU-LAT,AdaBoost,23,0.5196850393700787,0.531496062992126,0.5078740157480315,0.5192307692307693,0.531496062992126,0.5252918287937743,0.5366653233306466
4,RMU-LAT,AdaBoost,24,0.5118110236220472,0.5275590551181102,0.49606299212598426,0.5114503816793893,0.5275590551181102,0.5193798449612403,0.5101990203980408
4,RMU-LAT,AdaBoost,25,0.5393700787401575,0.5393700787401575,0.5393700787401575,0.5393700787401575,0.5393700787401575,0.5393700787401575,0.5704321408642818
4,RMU-LAT,AdaBoost,26,0.515748031496063,0.562992125984252,0.468503937007874,0.5143884892086331,0.562992125984252,0.5375939849624061,0.5265205530411061
4,RMU-LAT,AdaBoost,27,0.5098425196850394,0.4763779527559055,0.5433070866141733,0.510548523206751,0.4763779527559055,0.49287169042769857,0.5176700353400707
4,RMU-LAT,AdaBoost,28,0.5275590551181102,0.5078740157480315,0.547244094488189,0.5286885245901639,0.5078740157480315,0.5180722891566265,0.5538393576787153
4,RMU-LAT,AdaBoost,29,0.5118110236220472,0.531496062992126,0.4921259842519685,0.5113636363636364,0.531496062992126,0.5212355212355212,0.5480888461776924
4,RMU-LAT,AdaBoost,30,0.5374015748031497,0.6417322834645669,0.4330708661417323,0.5309446254071661,0.6417322834645669,0.5811051693404634,0.5593573687147374
4,RMU-LAT,AdaBoost,31,0.5295275590551181,0.5354330708661418,0.5236220472440944,0.5291828793774319,0.5354330708661418,0.5322896281800391,0.5289850579701159
4,RMU-LAT,AdaBoost,32,0.5098425196850394,0.5433070866141733,0.4763779527559055,0.5092250922509225,0.5433070866141733,0.5257142857142857,0.5405015810031619
0,RepNoise,LR,1,0.5807086614173228,0.6141732283464567,0.547244094488189,0.5756457564575646,0.6141732283464567,0.5942857142857143,0.592008184016368
0,RepNoise,LR,2,0.562992125984252,0.5669291338582677,0.5590551181102362,0.5625,0.5669291338582677,0.5647058823529412,0.5840876681753364
0,RepNoise,LR,3,0.5748031496062992,0.5708661417322834,0.5787401574803149,0.5753968253968254,0.5708661417322834,0.5731225296442688,0.5995256990513982
0,RepNoise,LR,4,0.5826771653543307,0.594488188976378,0.5708661417322834,0.5807692307692308,0.594488188976378,0.5875486381322957,0.5962861925723851
0,RepNoise,LR,5,0.5610236220472441,0.5551181102362205,0.5669291338582677,0.5617529880478087,0.5551181102362205,0.5584158415841585,0.5825996651993304
0,RepNoise,LR,6,0.5669291338582677,0.5354330708661418,0.5984251968503937,0.5714285714285714,0.5354330708661418,0.5528455284552846,0.5973246946493893
0,RepNoise,LR,7,0.5826771653543307,0.6062992125984252,0.5590551181102362,0.5789473684210527,0.6062992125984252,0.5923076923076923,0.6003007006014012
0,RepNoise,LR,8,0.5688976377952756,0.594488188976378,0.5433070866141733,0.5655430711610487,0.594488188976378,0.5796545105566219,0.6024242048484096
0,RepNoise,LR,9,0.5807086614173228,0.5826771653543307,0.5787401574803149,0.5803921568627451,0.5826771653543307,0.581532416502947,0.6096937193874388
0,RepNoise,LR,10,0.562992125984252,0.5866141732283464,0.5393700787401575,0.5601503759398496,0.5866141732283464,0.573076923076923,0.6053847107694215
0,RepNoise,LR,11,0.5964566929133859,0.6023622047244095,0.5905511811023622,0.5953307392996109,0.6023622047244095,0.598825831702544,0.6132897265794532
0,RepNoise,LR,12,0.6003937007874016,0.6141732283464567,0.5866141732283464,0.5977011494252874,0.6141732283464567,0.6058252427184466,0.6127007254014508
0,RepNoise,LR,13,0.6062992125984252,0.610236220472441,0.6023622047244095,0.60546875,0.610236220472441,0.6078431372549019,0.6235817471634942
0,RepNoise,LR,14,0.5551181102362205,0.5984251968503937,0.5118110236220472,0.5507246376811594,0.5984251968503937,0.5735849056603773,0.59752619505239
0,RepNoise,LR,15,0.5885826771653543,0.5708661417322834,0.6062992125984252,0.5918367346938775,0.5708661417322834,0.5811623246492986,0.6115227230454461
0,RepNoise,LR,16,0.5826771653543307,0.5866141732283464,0.5787401574803149,0.58203125,0.5866141732283464,0.5843137254901961,0.6086397172794347
0,RepNoise,LR,17,0.5885826771653543,0.594488188976378,0.5826771653543307,0.5875486381322957,0.594488188976378,0.5909980430528375,0.6038192076384152
0,RepNoise,LR,18,0.5610236220472441,0.5511811023622047,0.5708661417322834,0.5622489959839357,0.5511811023622047,0.5566600397614314,0.6025637051274102
0,RepNoise,LR,19,0.5787401574803149,0.5905511811023622,0.5669291338582677,0.5769230769230769,0.5905511811023622,0.5836575875486382,0.6061287122574245
0,RepNoise,LR,20,0.5748031496062992,0.5748031496062992,0.5748031496062992,0.5748031496062992,0.5748031496062992,0.5748031496062992,0.5969681939363879
0,RepNoise,LR,21,0.5807086614173228,0.5826771653543307,0.5787401574803149,0.5803921568627451,0.5826771653543307,0.581532416502947,0.5986731973463947
0,RepNoise,LR,22,0.5649606299212598,0.6062992125984252,0.5236220472440944,0.56,0.6062992125984252,0.5822306238185255,0.5975726951453904
0,RepNoise,LR,23,0.5669291338582677,0.6062992125984252,0.5275590551181102,0.5620437956204379,0.6062992125984252,0.5833333333333334,0.5932171864343728
0,RepNoise,LR,24,0.562992125984252,0.5826771653543307,0.5433070866141733,0.5606060606060606,0.5826771653543307,0.5714285714285714,0.5918066836133672
0,RepNoise,LR,25,0.5492125984251969,0.547244094488189,0.5511811023622047,0.549407114624506,0.547244094488189,0.5483234714003945,0.5801041602083205
0,RepNoise,LR,26,0.5452755905511811,0.5826771653543307,0.5078740157480315,0.5421245421245421,0.5826771653543307,0.5616698292220114,0.5733461466922934
0,RepNoise,LR,27,0.5413385826771654,0.5826771653543307,0.5,0.5381818181818182,0.5826771653543307,0.5595463137996219,0.5690216380432761
0,RepNoise,LR,28,0.5393700787401575,0.6023622047244095,0.4763779527559055,0.534965034965035,0.6023622047244095,0.5666666666666667,0.5745706491412983
0,RepNoise,LR,29,0.5570866141732284,0.6181102362204725,0.49606299212598426,0.5508771929824562,0.6181102362204725,0.5825602968460112,0.5699981399962799
0,RepNoise,LR,30,0.5413385826771654,0.6062992125984252,0.4763779527559055,0.5365853658536586,0.6062992125984252,0.5693160813308688,0.571269142538285
0,RepNoise,LR,31,0.5275590551181102,0.5748031496062992,0.48031496062992124,0.5251798561151079,0.5748031496062992,0.5488721804511278,0.5708196416392833
0,RepNoise,LR,32,0.547244094488189,0.5905511811023622,0.5039370078740157,0.5434782608695652,0.5905511811023622,0.5660377358490566,0.5494295988591976
0,RepNoise,RF,1,0.5767716535433071,0.562992125984252,0.5905511811023622,0.5789473684210527,0.562992125984252,0.5708582834331337,0.6087249674499349
0,RepNoise,RF,2,0.5767716535433071,0.547244094488189,0.6062992125984252,0.5815899581589958,0.547244094488189,0.563894523326572,0.5808636617273235
0,RepNoise,RF,3,0.5551181102362205,0.5590551181102362,0.5511811023622047,0.5546875,0.5590551181102362,0.5568627450980392,0.5634106268212538
0,RepNoise,RF,4,0.5531496062992126,0.5393700787401575,0.5669291338582677,0.5546558704453441,0.5393700787401575,0.5469061876247505,0.5616281232562464
0,RepNoise,RF,5,0.5531496062992126,0.5275590551181102,0.5787401574803149,0.5560165975103735,0.5275590551181102,0.5414141414141415,0.5804219108438217
0,RepNoise,RF,6,0.5570866141732284,0.515748031496063,0.5984251968503937,0.5622317596566524,0.515748031496063,0.5379876796714579,0.5903341806683613
0,RepNoise,RF,7,0.5570866141732284,0.5236220472440944,0.5905511811023622,0.5611814345991561,0.5236220472440944,0.5417515274949084,0.5813596627193255
0,RepNoise,RF,8,0.531496062992126,0.5196850393700787,0.5433070866141733,0.532258064516129,0.5196850393700787,0.5258964143426295,0.571749643499287
0,RepNoise,RF,9,0.5334645669291339,0.49606299212598426,0.5708661417322834,0.5361702127659574,0.49606299212598426,0.5153374233128835,0.5679056358112715
0,RepNoise,RF,10,0.5374015748031497,0.5039370078740157,0.5708661417322834,0.540084388185654,0.5039370078740157,0.5213849287169042,0.5677816355632712
0,RepNoise,RF,11,0.5393700787401575,0.5196850393700787,0.5590551181102362,0.5409836065573771,0.5196850393700787,0.5301204819277109,0.5618373736747474
0,RepNoise,RF,12,0.562992125984252,0.515748031496063,0.610236220472441,0.5695652173913044,0.515748031496063,0.5413223140495868,0.6060589621179242
0,RepNoise,RF,13,0.547244094488189,0.515748031496063,0.5787401574803149,0.5504201680672269,0.515748031496063,0.532520325203252,0.5751131502263005
0,RepNoise,RF,14,0.5511811023622047,0.5275590551181102,0.5748031496062992,0.5537190082644629,0.5275590551181102,0.5403225806451613,0.570742141484283
0,RepNoise,RF,15,0.5511811023622047,0.5354330708661418,0.5669291338582677,0.5528455284552846,0.5354330708661418,0.544,0.568238886477773
0,RepNoise,RF,16,0.5354330708661418,0.531496062992126,0.5393700787401575,0.5357142857142857,0.531496062992126,0.5335968379446641,0.5632478764957529
0,RepNoise,RF,17,0.5354330708661418,0.547244094488189,0.5236220472440944,0.5346153846153846,0.547244094488189,0.5408560311284046,0.546445842891686
0,RepNoise,RF,18,0.5492125984251969,0.5551181102362205,0.5433070866141733,0.5486381322957199,0.5551181102362205,0.5518590998043053,0.5628836257672515
0,RepNoise,RF,19,0.5551181102362205,0.5511811023622047,0.5590551181102362,0.5555555555555556,0.5511811023622047,0.5533596837944664,0.5612716225432449
0,RepNoise,RF,20,0.5216535433070866,0.484251968503937,0.5590551181102362,0.5234042553191489,0.484251968503937,0.5030674846625767,0.5613568727137453
0,RepNoise,RF,21,0.5255905511811023,0.5196850393700787,0.531496062992126,0.5258964143426295,0.5196850393700787,0.5227722772277228,0.5421135842271685
0,RepNoise,RF,22,0.531496062992126,0.5118110236220472,0.5511811023622047,0.5327868852459017,0.5118110236220472,0.5220883534136547,0.5559551119102237
0,RepNoise,RF,23,0.531496062992126,0.49606299212598426,0.5669291338582677,0.5338983050847458,0.49606299212598426,0.5142857142857142,0.5661541323082646
0,RepNoise,RF,24,0.5433070866141733,0.5511811023622047,0.5354330708661418,0.5426356589147286,0.5511811023622047,0.546875,0.5747023994047988
0,RepNoise,RF,25,0.5334645669291339,0.48031496062992124,0.5866141732283464,0.5374449339207048,0.48031496062992124,0.5072765072765073,0.535975571951144
0,RepNoise,RF,26,0.5295275590551181,0.5078740157480315,0.5511811023622047,0.5308641975308642,0.5078740157480315,0.5191146881287726,0.5393468286936575
0,RepNoise,RF,27,0.5236220472440944,0.5669291338582677,0.48031496062992124,0.5217391304347826,0.5669291338582677,0.5433962264150943,0.5639376278752558
0,RepNoise,RF,28,0.5216535433070866,0.531496062992126,0.5118110236220472,0.5212355212355212,0.531496062992126,0.5263157894736842,0.5395405790811582
0,RepNoise,RF,29,0.5118110236220472,0.5196850393700787,0.5039370078740157,0.5116279069767442,0.5196850393700787,0.515625,0.522258044516089
0,RepNoise,RF,30,0.5374015748031497,0.4921259842519685,0.5826771653543307,0.5411255411255411,0.4921259842519685,0.5154639175257731,0.5341543183086366
0,RepNoise,RF,31,0.5216535433070866,0.5196850393700787,0.5236220472440944,0.5217391304347826,0.5196850393700787,0.5207100591715976,0.5405713311426623
0,RepNoise,RF,32,0.547244094488189,0.5669291338582677,0.5275590551181102,0.5454545454545454,0.5669291338582677,0.555984555984556,0.5451050902101804
0,RepNoise,AdaBoost,1,0.5590551181102362,0.5590551181102362,0.5590551181102362,0.5590551181102362,0.5590551181102362,0.5590551181102362,0.5737258974517949
0,RepNoise,AdaBoost,2,0.5551181102362205,0.531496062992126,0.5787401574803149,0.5578512396694215,0.531496062992126,0.5443548387096774,0.5945114390228781
0,RepNoise,AdaBoost,3,0.5354330708661418,0.5118110236220472,0.5590551181102362,0.5371900826446281,0.5118110236220472,0.5241935483870968,0.5530798561597123
0,RepNoise,AdaBoost,4,0.5413385826771654,0.562992125984252,0.5196850393700787,0.539622641509434,0.562992125984252,0.5510597302504817,0.5675026350052701
0,RepNoise,AdaBoost,5,0.5492125984251969,0.5393700787401575,0.5590551181102362,0.5502008032128514,0.5393700787401575,0.5447316103379721,0.5568463636927273
0,RepNoise,AdaBoost,6,0.5433070866141733,0.5433070866141733,0.5433070866141733,0.5433070866141733,0.5433070866141733,0.5433070866141733,0.5400830801661604
0,RepNoise,AdaBoost,7,0.5787401574803149,0.5669291338582677,0.5905511811023622,0.5806451612903226,0.5669291338582677,0.5737051792828686,0.589752929505859
0,RepNoise,AdaBoost,8,0.5590551181102362,0.5196850393700787,0.5984251968503937,0.5641025641025641,0.5196850393700787,0.5409836065573771,0.56003937007874
0,RepNoise,AdaBoost,9,0.5255905511811023,0.5393700787401575,0.5118110236220472,0.524904214559387,0.5393700787401575,0.5320388349514563,0.5370605741211483
0,RepNoise,AdaBoost,10,0.5177165354330708,0.5354330708661418,0.5,0.5171102661596958,0.5354330708661418,0.5261121856866537,0.536254572509145
0,RepNoise,AdaBoost,11,0.5492125984251969,0.5708661417322834,0.5275590551181102,0.5471698113207547,0.5708661417322834,0.558766859344894,0.557768615537231
0,RepNoise,AdaBoost,12,0.5492125984251969,0.5511811023622047,0.547244094488189,0.5490196078431373,0.5511811023622047,0.550098231827112,0.5426715853431707
0,RepNoise,AdaBoost,13,0.5413385826771654,0.5787401574803149,0.5039370078740157,0.5384615384615384,0.5787401574803149,0.5578747628083491,0.5368358236716473
0,RepNoise,AdaBoost,14,0.531496062992126,0.49606299212598426,0.5669291338582677,0.5338983050847458,0.49606299212598426,0.5142857142857142,0.5439813379626759
0,RepNoise,AdaBoost,15,0.531496062992126,0.5236220472440944,0.5393700787401575,0.532,0.5236220472440944,0.5277777777777778,0.5596286192572385
0,RepNoise,AdaBoost,16,0.5354330708661418,0.5708661417322834,0.5,0.5330882352941176,0.5708661417322834,0.5513307984790875,0.5628991257982516
0,RepNoise,AdaBoost,17,0.531496062992126,0.5826771653543307,0.48031496062992124,0.5285714285714286,0.5826771653543307,0.5543071161048689,0.5441440882881765
0,RepNoise,AdaBoost,18,0.5137795275590551,0.5511811023622047,0.4763779527559055,0.5128205128205128,0.5511811023622047,0.5313092979127134,0.5291555583111165
0,RepNoise,AdaBoost,19,0.5216535433070866,0.5275590551181102,0.515748031496063,0.5214007782101168,0.5275590551181102,0.5244618395303327,0.5363940727881455
0,RepNoise,AdaBoost,20,0.5334645669291339,0.5078740157480315,0.5590551181102362,0.5352697095435685,0.5078740157480315,0.5212121212121212,0.5380215760431521
0,RepNoise,AdaBoost,21,0.5236220472440944,0.547244094488189,0.5,0.5225563909774437,0.547244094488189,0.5346153846153846,0.545477090954182
0,RepNoise,AdaBoost,22,0.5236220472440944,0.531496062992126,0.515748031496063,0.5232558139534884,0.531496062992126,0.52734375,0.5442913385826771
0,RepNoise,AdaBoost,23,0.5236220472440944,0.5551181102362205,0.4921259842519685,0.5222222222222223,0.5551181102362205,0.5381679389312977,0.5281325562651126
0,RepNoise,AdaBoost,24,0.5019685039370079,0.5196850393700787,0.484251968503937,0.5019011406844106,0.5196850393700787,0.5106382978723404,0.5121132742265485
0,RepNoise,AdaBoost,25,0.5374015748031497,0.5275590551181102,0.547244094488189,0.5381526104417671,0.5275590551181102,0.532803180914513,0.543260586521173
0,RepNoise,AdaBoost,26,0.5236220472440944,0.531496062992126,0.515748031496063,0.5232558139534884,0.531496062992126,0.52734375,0.5448338396676793
0,RepNoise,AdaBoost,27,0.5393700787401575,0.547244094488189,0.531496062992126,0.5387596899224806,0.547244094488189,0.54296875,0.5401450802901606
0,RepNoise,AdaBoost,28,0.5275590551181102,0.5787401574803149,0.4763779527559055,0.525,0.5787401574803149,0.550561797752809,0.5240560481120962
0,RepNoise,AdaBoost,29,0.5433070866141733,0.5905511811023622,0.49606299212598426,0.539568345323741,0.5905511811023622,0.5639097744360902,0.5350610701221403
0,RepNoise,AdaBoost,30,0.5098425196850394,0.5708661417322834,0.44881889763779526,0.5087719298245614,0.5708661417322834,0.5380333951762524,0.51749953499907
0,RepNoise,AdaBoost,31,0.5216535433070866,0.5354330708661418,0.5078740157480315,0.5210727969348659,0.5354330708661418,0.5281553398058253,0.5323020646041292
0,RepNoise,AdaBoost,32,0.5,0.5433070866141733,0.4566929133858268,0.5,0.5433070866141733,0.5207547169811321,0.5213745427490856
1,RepNoise,LR,1,0.547244094488189,0.5393700787401575,0.5551181102362205,0.548,0.5393700787401575,0.5436507936507936,0.5610701221402443
1,RepNoise,LR,2,0.5610236220472441,0.5393700787401575,0.5826771653543307,0.5637860082304527,0.5393700787401575,0.5513078470824949,0.5840411680823361
1,RepNoise,LR,3,0.5728346456692913,0.5590551181102362,0.5866141732283464,0.5748987854251012,0.5590551181102362,0.5668662674650699,0.5941006882013764
1,RepNoise,LR,4,0.5767716535433071,0.5669291338582677,0.5866141732283464,0.5783132530120482,0.5669291338582677,0.5725646123260437,0.6000837001674003
1,RepNoise,LR,5,0.5846456692913385,0.5669291338582677,0.6023622047244095,0.5877551020408164,0.5669291338582677,0.5771543086172345,0.588241676483353
1,RepNoise,LR,6,0.5551181102362205,0.562992125984252,0.547244094488189,0.5542635658914729,0.562992125984252,0.55859375,0.5825531651063303
1,RepNoise,LR,7,0.5669291338582677,0.5984251968503937,0.5354330708661418,0.562962962962963,0.5984251968503937,0.5801526717557252,0.5874046748093495
1,RepNoise,LR,8,0.5748031496062992,0.6062992125984252,0.5433070866141733,0.5703703703703704,0.6062992125984252,0.5877862595419847,0.59250418500837
1,RepNoise,LR,9,0.59251968503937,0.5984251968503937,0.5866141732283464,0.5914396887159533,0.5984251968503937,0.5949119373776908,0.6041757083514167
1,RepNoise,LR,10,0.5846456692913385,0.5866141732283464,0.5826771653543307,0.5843137254901961,0.5866141732283464,0.5854616895874263,0.6078492156984314
1,RepNoise,LR,11,0.5885826771653543,0.5551181102362205,0.6220472440944882,0.5949367088607594,0.5551181102362205,0.5743380855397149,0.6129022258044516
1,RepNoise,LR,12,0.594488188976378,0.5669291338582677,0.6220472440944882,0.6,0.5669291338582677,0.582995951417004,0.6109957219914439
1,RepNoise,LR,13,0.594488188976378,0.6417322834645669,0.547244094488189,0.5863309352517986,0.6417322834645669,0.6127819548872181,0.6178312356624713
1,RepNoise,LR,14,0.5846456692913385,0.5708661417322834,0.5984251968503937,0.5870445344129555,0.5708661417322834,0.5788423153692615,0.6030752061504123
1,RepNoise,LR,15,0.5551181102362205,0.5078740157480315,0.6023622047244095,0.5608695652173913,0.5078740157480315,0.5330578512396694,0.5990761981523963
1,RepNoise,LR,16,0.5688976377952756,0.5708661417322834,0.5669291338582677,0.5686274509803921,0.5708661417322834,0.5697445972495089,0.6033232066464134
1,RepNoise,LR,17,0.5787401574803149,0.594488188976378,0.562992125984252,0.5763358778625954,0.594488188976378,0.5852713178294574,0.5867846735693472
1,RepNoise,LR,18,0.5610236220472441,0.5787401574803149,0.5433070866141733,0.55893536121673,0.5787401574803149,0.5686653771760155,0.5969216938433877
1,RepNoise,LR,19,0.5826771653543307,0.6141732283464567,0.5511811023622047,0.5777777777777777,0.6141732283464567,0.5954198473282443,0.5976501953003907
1,RepNoise,LR,20,0.5748031496062992,0.594488188976378,0.5551181102362205,0.571969696969697,0.594488188976378,0.583011583011583,0.6065937131874264
1,RepNoise,LR,21,0.5688976377952756,0.6141732283464567,0.5236220472440944,0.5631768953068592,0.6141732283464567,0.5875706214689266,0.5962551925103851
1,RepNoise,LR,22,0.531496062992126,0.5590551181102362,0.5039370078740157,0.5298507462686567,0.5590551181102362,0.5440613026819924,0.5825376650753301
1,RepNoise,LR,23,0.5590551181102362,0.5984251968503937,0.5196850393700787,0.5547445255474452,0.5984251968503937,0.5757575757575758,0.5828011656023312
1,RepNoise,LR,24,0.5610236220472441,0.5787401574803149,0.5433070866141733,0.55893536121673,0.5787401574803149,0.5686653771760155,0.5839016678033356
1,RepNoise,LR,25,0.562992125984252,0.5748031496062992,0.5511811023622047,0.5615384615384615,0.5748031496062992,0.5680933852140078,0.5843356686713375
1,RepNoise,LR,26,0.5590551181102362,0.5551181102362205,0.562992125984252,0.5595238095238095,0.5551181102362205,0.5573122529644269,0.5925816851633703
1,RepNoise,LR,27,0.5669291338582677,0.5708661417322834,0.562992125984252,0.56640625,0.5708661417322834,0.5686274509803921,0.5905821811643623
1,RepNoise,LR,28,0.5669291338582677,0.5590551181102362,0.5748031496062992,0.568,0.5590551181102362,0.5634920634920635,0.5982856965713932
1,RepNoise,LR,29,0.5688976377952756,0.547244094488189,0.5905511811023622,0.5720164609053497,0.547244094488189,0.5593561368209256,0.5951391902783806
1,RepNoise,LR,30,0.5708661417322834,0.5275590551181102,0.6141732283464567,0.5775862068965517,0.5275590551181102,0.551440329218107,0.5898226796453592
1,RepNoise,LR,31,0.5728346456692913,0.5511811023622047,0.594488188976378,0.5761316872427984,0.5511811023622047,0.5633802816901409,0.5754541509083019
1,RepNoise,LR,32,0.5433070866141733,0.5236220472440944,0.562992125984252,0.5450819672131147,0.5236220472440944,0.5341365461847389,0.5725556451112902
1,RepNoise,RF,1,0.5748031496062992,0.5236220472440944,0.6259842519685039,0.5833333333333334,0.5236220472440944,0.5518672199170125,0.6157929815859632
1,RepNoise,RF,2,0.5748031496062992,0.5708661417322834,0.5787401574803149,0.5753968253968254,0.5708661417322834,0.5731225296442688,0.6028737057474114
1,RepNoise,RF,3,0.5649606299212598,0.5551181102362205,0.5748031496062992,0.5662650602409639,0.5551181102362205,0.5606361829025845,0.6042067084134168
1,RepNoise,RF,4,0.5669291338582677,0.5118110236220472,0.6220472440944882,0.5752212389380531,0.5118110236220472,0.5416666666666666,0.5922096844193688
1,RepNoise,RF,5,0.5846456692913385,0.5275590551181102,0.6417322834645669,0.5955555555555555,0.5275590551181102,0.5594989561586639,0.5964721929443859
1,RepNoise,RF,6,0.5511811023622047,0.5393700787401575,0.562992125984252,0.5524193548387096,0.5393700787401575,0.545816733067729,0.5715248930497863
1,RepNoise,RF,7,0.5354330708661418,0.484251968503937,0.5866141732283464,0.5394736842105263,0.484251968503937,0.5103734439834025,0.5792051584103168
1,RepNoise,RF,8,0.5649606299212598,0.5393700787401575,0.5905511811023622,0.5684647302904564,0.5393700787401575,0.5535353535353535,0.5999596999193998
1,RepNoise,RF,9,0.5531496062992126,0.49606299212598426,0.610236220472441,0.56,0.49606299212598426,0.5260960334029228,0.5640693781387561
1,RepNoise,RF,10,0.5748031496062992,0.5787401574803149,0.5708661417322834,0.57421875,0.5787401574803149,0.5764705882352941,0.5968674437348875
1,RepNoise,RF,11,0.5255905511811023,0.5,0.5511811023622047,0.5269709543568465,0.5,0.5131313131313131,0.5586598673197346
1,RepNoise,RF,12,0.5531496062992126,0.531496062992126,0.5748031496062992,0.5555555555555556,0.531496062992126,0.5432595573440644,0.5658673817347635
1,RepNoise,RF,13,0.5649606299212598,0.5118110236220472,0.6181102362204725,0.5726872246696035,0.5118110236220472,0.5405405405405406,0.5845681691363382
1,RepNoise,RF,14,0.5334645669291339,0.5039370078740157,0.562992125984252,0.5355648535564853,0.5039370078740157,0.5192697768762677,0.5484530969061938
1,RepNoise,RF,15,0.5590551181102362,0.5551181102362205,0.562992125984252,0.5595238095238095,0.5551181102362205,0.5573122529644269,0.5819176638353277
1,RepNoise,RF,16,0.5255905511811023,0.4921259842519685,0.5590551181102362,0.5274261603375527,0.4921259842519685,0.5091649694501018,0.5554281108562218
1,RepNoise,RF,17,0.5354330708661418,0.5354330708661418,0.5354330708661418,0.5354330708661418,0.5354330708661418,0.5354330708661418,0.567789385578771
1,RepNoise,RF,18,0.5492125984251969,0.5433070866141733,0.5551181102362205,0.549800796812749,0.5433070866141733,0.5465346534653466,0.5583111166222332
1,RepNoise,RF,19,0.5649606299212598,0.594488188976378,0.5354330708661418,0.5613382899628253,0.594488188976378,0.5774378585086042,0.5634571269142539
1,RepNoise,RF,20,0.5669291338582677,0.515748031496063,0.6181102362204725,0.5745614035087719,0.515748031496063,0.5435684647302904,0.5917756835513671
1,RepNoise,RF,21,0.5393700787401575,0.5354330708661418,0.5433070866141733,0.5396825396825397,0.5354330708661418,0.5375494071146245,0.5714086428172855
1,RepNoise,RF,22,0.5610236220472441,0.5511811023622047,0.5708661417322834,0.5622489959839357,0.5511811023622047,0.5566600397614314,0.5864281728563456
1,RepNoise,RF,23,0.547244094488189,0.5275590551181102,0.5669291338582677,0.5491803278688525,0.5275590551181102,0.5381526104417671,0.5656193812387623
1,RepNoise,RF,24,0.5492125984251969,0.562992125984252,0.5354330708661418,0.5478927203065134,0.562992125984252,0.5553398058252427,0.55499410998822
1,RepNoise,RF,25,0.5728346456692913,0.48031496062992124,0.6653543307086615,0.5893719806763285,0.48031496062992124,0.5292841648590022,0.5790734081468163
1,RepNoise,RF,26,0.5374015748031497,0.5511811023622047,0.5236220472440944,0.5363984674329502,0.5511811023622047,0.5436893203883495,0.5566448632897266
1,RepNoise,RF,27,0.5236220472440944,0.468503937007874,0.5787401574803149,0.5265486725663717,0.468503937007874,0.49583333333333335,0.5223510447020894
1,RepNoise,RF,28,0.5275590551181102,0.4566929133858268,0.5984251968503937,0.5321100917431193,0.4566929133858268,0.4915254237288136,0.5622403744807489
1,RepNoise,RF,29,0.5118110236220472,0.515748031496063,0.5078740157480315,0.51171875,0.515748031496063,0.5137254901960784,0.5294500589001178
1,RepNoise,RF,30,0.5511811023622047,0.5354330708661418,0.5669291338582677,0.5528455284552846,0.5354330708661418,0.544,0.5924809349618699
1,RepNoise,RF,31,0.5039370078740157,0.49606299212598426,0.5118110236220472,0.504,0.49606299212598426,0.5,0.5373318246636494
1,RepNoise,RF,32,0.49606299212598426,0.421259842519685,0.5708661417322834,0.49537037037037035,0.421259842519685,0.4553191489361702,0.5328213156426314
1,RepNoise,AdaBoost,1,0.5826771653543307,0.5511811023622047,0.6141732283464567,0.5882352941176471,0.5511811023622047,0.5691056910569106,0.6030364560729121
1,RepNoise,AdaBoost,2,0.5236220472440944,0.5433070866141733,0.5039370078740157,0.5227272727272727,0.5433070866141733,0.5328185328185329,0.5460815921631843
1,RepNoise,AdaBoost,3,0.5433070866141733,0.5787401574803149,0.5078740157480315,0.5404411764705882,0.5787401574803149,0.55893536121673,0.5672778845557691
1,RepNoise,AdaBoost,4,0.5295275590551181,0.515748031496063,0.5433070866141733,0.5303643724696356,0.515748031496063,0.5229540918163673,0.5200415400830801
1,RepNoise,AdaBoost,5,0.5393700787401575,0.5551181102362205,0.5236220472440944,0.5381679389312977,0.5551181102362205,0.5465116279069767,0.5748883997767995
1,RepNoise,AdaBoost,6,0.5708661417322834,0.5905511811023622,0.5511811023622047,0.5681818181818182,0.5905511811023622,0.5791505791505791,0.5970921941843884
1,RepNoise,AdaBoost,7,0.531496062992126,0.5196850393700787,0.5433070866141733,0.532258064516129,0.5196850393700787,0.5258964143426295,0.5502356004712009
1,RepNoise,AdaBoost,8,0.5374015748031497,0.4921259842519685,0.5826771653543307,0.5411255411255411,0.4921259842519685,0.5154639175257731,0.566239382478765
1,RepNoise,AdaBoost,9,0.562992125984252,0.5708661417322834,0.5551181102362205,0.562015503875969,0.5708661417322834,0.56640625,0.568533387066774
1,RepNoise,AdaBoost,10,0.5275590551181102,0.5590551181102362,0.49606299212598426,0.5259259259259259,0.5590551181102362,0.5419847328244275,0.5359600719201438
1,RepNoise,AdaBoost,11,0.5098425196850394,0.5236220472440944,0.49606299212598426,0.5095785440613027,0.5236220472440944,0.516504854368932,0.5293183086366172
1,RepNoise,AdaBoost,12,0.5374015748031497,0.531496062992126,0.5433070866141733,0.5378486055776892,0.531496062992126,0.5346534653465347,0.5514058528117056
1,RepNoise,AdaBoost,13,0.5295275590551181,0.5354330708661418,0.5236220472440944,0.5291828793774319,0.5354330708661418,0.5322896281800391,0.5540253580507162
1,RepNoise,AdaBoost,14,0.5669291338582677,0.5826771653543307,0.5511811023622047,0.5648854961832062,0.5826771653543307,0.5736434108527132,0.5703701407402815
1,RepNoise,AdaBoost,15,0.5393700787401575,0.5236220472440944,0.5551181102362205,0.540650406504065,0.5236220472440944,0.532,0.5618761237522475
1,RepNoise,AdaBoost,16,0.5531496062992126,0.5708661417322834,0.5354330708661418,0.5513307984790875,0.5708661417322834,0.5609284332688588,0.5601478702957406
1,RepNoise,AdaBoost,17,0.5531496062992126,0.5590551181102362,0.547244094488189,0.5525291828793775,0.5590551181102362,0.5557729941291585,0.551219852439705
1,RepNoise,AdaBoost,18,0.5511811023622047,0.5511811023622047,0.5511811023622047,0.5511811023622047,0.5511811023622047,0.5511811023622047,0.5626821253642508
1,RepNoise,AdaBoost,19,0.5236220472440944,0.515748031496063,0.531496062992126,0.524,0.515748031496063,0.5198412698412699,0.5483523467046933
1,RepNoise,AdaBoost,20,0.5413385826771654,0.5078740157480315,0.5748031496062992,0.5443037974683544,0.5078740157480315,0.5254582484725051,0.5696648893297787
1,RepNoise,AdaBoost,21,0.547244094488189,0.5511811023622047,0.5433070866141733,0.546875,0.5511811023622047,0.5490196078431373,0.545515841031682
1,RepNoise,AdaBoost,22,0.5216535433070866,0.5590551181102362,0.484251968503937,0.5201465201465202,0.5590551181102362,0.538899430740038,0.5344488188976377
1,RepNoise,AdaBoost,23,0.5551181102362205,0.5433070866141733,0.5669291338582677,0.5564516129032258,0.5433070866141733,0.549800796812749,0.5574431148862298
1,RepNoise,AdaBoost,24,0.5295275590551181,0.5196850393700787,0.5393700787401575,0.5301204819277109,0.5196850393700787,0.5248508946322068,0.5369598239196478
1,RepNoise,AdaBoost,25,0.5393700787401575,0.531496062992126,0.547244094488189,0.54,0.531496062992126,0.5357142857142857,0.5286363072726146
1,RepNoise,AdaBoost,26,0.5255905511811023,0.5393700787401575,0.5118110236220472,0.524904214559387,0.5393700787401575,0.5320388349514563,0.5304033108066216
1,RepNoise,AdaBoost,27,0.484251968503937,0.515748031496063,0.452755905511811,0.48518518518518516,0.515748031496063,0.5,0.503510757021514
1,RepNoise,AdaBoost,28,0.5295275590551181,0.5275590551181102,0.531496062992126,0.5296442687747036,0.5275590551181102,0.5285996055226825,0.5356423212846426
1,RepNoise,AdaBoost,29,0.5216535433070866,0.5039370078740157,0.5393700787401575,0.5224489795918368,0.5039370078740157,0.5130260521042084,0.5193362886725773
1,RepNoise,AdaBoost,30,0.49606299212598426,0.5393700787401575,0.452755905511811,0.4963768115942029,0.5393700787401575,0.5169811320754717,0.49435023870047734
1,RepNoise,AdaBoost,31,0.5177165354330708,0.5039370078740157,0.531496062992126,0.5182186234817814,0.5039370078740157,0.5109780439121756,0.5057040114080229
1,RepNoise,AdaBoost,32,0.5216535433070866,0.5,0.5433070866141733,0.522633744855967,0.5,0.5110663983903421,0.5215837931675863
2,RepNoise,LR,1,0.5511811023622047,0.4881889763779528,0.6141732283464567,0.5585585585585585,0.4881889763779528,0.5210084033613446,0.5797941595883191
2,RepNoise,LR,2,0.5551181102362205,0.5275590551181102,0.5826771653543307,0.5583333333333333,0.5275590551181102,0.5425101214574899,0.579716659433319
2,RepNoise,LR,3,0.5511811023622047,0.562992125984252,0.5393700787401575,0.55,0.562992125984252,0.556420233463035,0.5669601339202679
2,RepNoise,LR,4,0.5551181102362205,0.5905511811023622,0.5196850393700787,0.5514705882352942,0.5905511811023622,0.5703422053231939,0.5661541323082646
2,RepNoise,LR,5,0.5787401574803149,0.5787401574803149,0.5787401574803149,0.5787401574803149,0.5787401574803149,0.5787401574803149,0.6074617149234298
2,RepNoise,LR,6,0.5826771653543307,0.6181102362204725,0.547244094488189,0.5772058823529411,0.6181102362204725,0.596958174904943,0.5888151776303552
2,RepNoise,LR,7,0.5590551181102362,0.5590551181102362,0.5590551181102362,0.5590551181102362,0.5590551181102362,0.5590551181102362,0.5822896645793292
2,RepNoise,LR,8,0.5413385826771654,0.531496062992126,0.5511811023622047,0.5421686746987951,0.531496062992126,0.536779324055666,0.5742606485212971
2,RepNoise,LR,9,0.5393700787401575,0.5275590551181102,0.5511811023622047,0.5403225806451613,0.5275590551181102,0.5338645418326693,0.5629301258602517
2,RepNoise,LR,10,0.5688976377952756,0.6181102362204725,0.5196850393700787,0.5627240143369175,0.6181102362204725,0.5891181988742964,0.6026722053444106
2,RepNoise,LR,11,0.5649606299212598,0.6023622047244095,0.5275590551181102,0.5604395604395604,0.6023622047244095,0.5806451612903226,0.5809876619753239
2,RepNoise,LR,12,0.5708661417322834,0.5748031496062992,0.5669291338582677,0.5703125,0.5748031496062992,0.5725490196078431,0.5861336722673445
2,RepNoise,LR,13,0.5531496062992126,0.5708661417322834,0.5354330708661418,0.5513307984790875,0.5708661417322834,0.5609284332688588,0.5857151714303429
2,RepNoise,LR,14,0.5551181102362205,0.5590551181102362,0.5511811023622047,0.5546875,0.5590551181102362,0.5568627450980392,0.5884276768553537
2,RepNoise,LR,15,0.5452755905511811,0.5866141732283464,0.5039370078740157,0.5418181818181819,0.5866141732283464,0.5633270321361059,0.5692231384462769
2,RepNoise,LR,16,0.5649606299212598,0.5708661417322834,0.5590551181102362,0.5642023346303502,0.5708661417322834,0.5675146771037182,0.5884741769483539
2,RepNoise,LR,17,0.5610236220472441,0.6023622047244095,0.5196850393700787,0.5563636363636364,0.6023622047244095,0.5784499054820416,0.5941006882013764
2,RepNoise,LR,18,0.5688976377952756,0.5984251968503937,0.5393700787401575,0.5650557620817844,0.5984251968503937,0.5812619502868069,0.583266166532333
2,RepNoise,LR,19,0.5669291338582677,0.6259842519685039,0.5078740157480315,0.5598591549295775,0.6259842519685039,0.5910780669144982,0.5946121892243785
2,RepNoise,LR,20,0.5669291338582677,0.6062992125984252,0.5275590551181102,0.5620437956204379,0.6062992125984252,0.5833333333333334,0.5896211792423585
2,RepNoise,LR,21,0.547244094488189,0.6023622047244095,0.4921259842519685,0.5425531914893617,0.6023622047244095,0.5708955223880597,0.58751317502635
2,RepNoise,LR,22,0.562992125984252,0.6062992125984252,0.5196850393700787,0.5579710144927537,0.6062992125984252,0.5811320754716981,0.5870636741273483
2,RepNoise,LR,23,0.5610236220472441,0.594488188976378,0.5275590551181102,0.5571955719557196,0.594488188976378,0.5752380952380952,0.5945501891003782
2,RepNoise,LR,24,0.5511811023622047,0.610236220472441,0.4921259842519685,0.545774647887324,0.610236220472441,0.5762081784386617,0.5882881765763532
2,RepNoise,LR,25,0.5610236220472441,0.6141732283464567,0.5078740157480315,0.5551601423487544,0.6141732283464567,0.5831775700934579,0.5812976625953252
2,RepNoise,LR,26,0.562992125984252,0.610236220472441,0.515748031496063,0.5575539568345323,0.610236220472441,0.5827067669172933,0.5737181474362948
2,RepNoise,LR,27,0.5688976377952756,0.6141732283464567,0.5236220472440944,0.5631768953068592,0.6141732283464567,0.5875706214689266,0.5739351478702958
2,RepNoise,LR,28,0.5531496062992126,0.5826771653543307,0.5236220472440944,0.550185873605948,0.5826771653543307,0.5659655831739961,0.5745396490792982
2,RepNoise,LR,29,0.5433070866141733,0.5748031496062992,0.5118110236220472,0.5407407407407407,0.5748031496062992,0.5572519083969466,0.5635966271932544
2,RepNoise,LR,30,0.5295275590551181,0.5590551181102362,0.5,0.5278810408921933,0.5590551181102362,0.5430210325047801,0.5537386074772149
2,RepNoise,LR,31,0.5511811023622047,0.547244094488189,0.5551181102362205,0.5515873015873016,0.547244094488189,0.549407114624506,0.5553351106702213
2,RepNoise,LR,32,0.5433070866141733,0.5433070866141733,0.5433070866141733,0.5433070866141733,0.5433070866141733,0.5433070866141733,0.5468720937441875
2,RepNoise,RF,1,0.5688976377952756,0.5354330708661418,0.6023622047244095,0.5738396624472574,0.5354330708661418,0.5539714867617108,0.5881564263128526
2,RepNoise,RF,2,0.5708661417322834,0.5787401574803149,0.562992125984252,0.5697674418604651,0.5787401574803149,0.57421875,0.5869241738483477
2,RepNoise,RF,3,0.5492125984251969,0.5708661417322834,0.5275590551181102,0.5471698113207547,0.5708661417322834,0.558766859344894,0.581987413974828
2,RepNoise,RF,4,0.5393700787401575,0.5236220472440944,0.5551181102362205,0.540650406504065,0.5236220472440944,0.532,0.559272118544237
2,RepNoise,RF,5,0.5531496062992126,0.5196850393700787,0.5866141732283464,0.5569620253164557,0.5196850393700787,0.5376782077393075,0.5690293880587761
2,RepNoise,RF,6,0.5334645669291339,0.5078740157480315,0.5590551181102362,0.5352697095435685,0.5078740157480315,0.5212121212121212,0.5620233740467482
2,RepNoise,RF,7,0.5413385826771654,0.48031496062992124,0.6023622047244095,0.547085201793722,0.48031496062992124,0.5115303983228512,0.5630308760617522
2,RepNoise,RF,8,0.5531496062992126,0.5275590551181102,0.5787401574803149,0.5560165975103735,0.5275590551181102,0.5414141414141415,0.5705406410812822
2,RepNoise,RF,9,0.5374015748031497,0.4921259842519685,0.5826771653543307,0.5411255411255411,0.4921259842519685,0.5154639175257731,0.5677118854237708
2,RepNoise,RF,10,0.5275590551181102,0.4763779527559055,0.5787401574803149,0.5307017543859649,0.4763779527559055,0.5020746887966805,0.5549708599417199
2,RepNoise,RF,11,0.5433070866141733,0.49606299212598426,0.5905511811023622,0.5478260869565217,0.49606299212598426,0.5206611570247934,0.5785929071858142
2,RepNoise,RF,12,0.5374015748031497,0.5039370078740157,0.5708661417322834,0.540084388185654,0.5039370078740157,0.5213849287169042,0.5733383966767932
2,RepNoise,RF,13,0.5767716535433071,0.5748031496062992,0.5787401574803149,0.5770750988142292,0.5748031496062992,0.5759368836291914,0.5801506603013206
2,RepNoise,RF,14,0.5452755905511811,0.515748031496063,0.5748031496062992,0.5481171548117155,0.515748031496063,0.5314401622718052,0.5419353338706677
2,RepNoise,RF,15,0.5354330708661418,0.5196850393700787,0.5511811023622047,0.5365853658536586,0.5196850393700787,0.528,0.5500263500527001
2,RepNoise,RF,16,0.5118110236220472,0.4763779527559055,0.547244094488189,0.5127118644067796,0.4763779527559055,0.49387755102040815,0.536006572013144
2,RepNoise,RF,17,0.5413385826771654,0.4763779527559055,0.6062992125984252,0.5475113122171946,0.4763779527559055,0.5094736842105263,0.551994853989708
2,RepNoise,RF,18,0.515748031496063,0.43700787401574803,0.594488188976378,0.5186915887850467,0.43700787401574803,0.47435897435897434,0.5327670655341311
2,RepNoise,RF,19,0.5196850393700787,0.4881889763779528,0.5511811023622047,0.5210084033613446,0.4881889763779528,0.5040650406504065,0.5372930745861493
2,RepNoise,RF,20,0.5236220472440944,0.515748031496063,0.531496062992126,0.524,0.515748031496063,0.5198412698412699,0.5433148366296733
2,RepNoise,RF,21,0.5137795275590551,0.47244094488188976,0.5551181102362205,0.5150214592274678,0.47244094488188976,0.4928131416837782,0.5226997953995908
2,RepNoise,RF,22,0.5334645669291339,0.4881889763779528,0.5787401574803149,0.5367965367965368,0.4881889763779528,0.511340206185567,0.5512121024242049
2,RepNoise,RF,23,0.5413385826771654,0.49606299212598426,0.5866141732283464,0.5454545454545454,0.49606299212598426,0.5195876288659794,0.5467790935581871
2,RepNoise,RF,24,0.5177165354330708,0.5,0.5354330708661418,0.5183673469387755,0.5,0.5090180360721442,0.5404705809411618
2,RepNoise,RF,25,0.5275590551181102,0.5,0.5551181102362205,0.5291666666666667,0.5,0.5141700404858299,0.5367195734391469
2,RepNoise,RF,26,0.5393700787401575,0.5078740157480315,0.5708661417322834,0.542016806722689,0.5078740157480315,0.524390243902439,0.5372853245706493
2,RepNoise,RF,27,0.5334645669291339,0.531496062992126,0.5354330708661418,0.5335968379446641,0.531496062992126,0.5325443786982249,0.560248620497241
2,RepNoise,RF,28,0.531496062992126,0.5275590551181102,0.5354330708661418,0.5317460317460317,0.5275590551181102,0.5296442687747036,0.5274428048856098
2,RepNoise,RF,29,0.5413385826771654,0.5433070866141733,0.5393700787401575,0.5411764705882353,0.5433070866141733,0.5422396856581533,0.54753084506169
2,RepNoise,RF,30,0.5255905511811023,0.4881889763779528,0.562992125984252,0.5276595744680851,0.4881889763779528,0.5071574642126789,0.5063395126790253
2,RepNoise,RF,31,0.5393700787401575,0.5275590551181102,0.5511811023622047,0.5403225806451613,0.5275590551181102,0.5338645418326693,0.5341775683551367
2,RepNoise,RF,32,0.5236220472440944,0.4448818897637795,0.6023622047244095,0.5280373831775701,0.4448818897637795,0.4829059829059829,0.5276520553041107
2,RepNoise,AdaBoost,1,0.5255905511811023,0.5393700787401575,0.5118110236220472,0.524904214559387,0.5393700787401575,0.5320388349514563,0.5136555273110546
2,RepNoise,AdaBoost,2,0.5354330708661418,0.547244094488189,0.5236220472440944,0.5346153846153846,0.547244094488189,0.5408560311284046,0.5555986111972224
2,RepNoise,AdaBoost,3,0.5196850393700787,0.5236220472440944,0.515748031496063,0.51953125,0.5236220472440944,0.5215686274509804,0.55500961001922
2,RepNoise,AdaBoost,4,0.5354330708661418,0.5905511811023622,0.48031496062992124,0.5319148936170213,0.5905511811023622,0.5597014925373134,0.5578926157852316
2,RepNoise,AdaBoost,5,0.5216535433070866,0.562992125984252,0.48031496062992124,0.52,0.562992125984252,0.5406427221172023,0.5311163122326245
2,RepNoise,AdaBoost,6,0.5590551181102362,0.5590551181102362,0.5590551181102362,0.5590551181102362,0.5590551181102362,0.5590551181102362,0.5671461342922686
2,RepNoise,AdaBoost,7,0.5295275590551181,0.531496062992126,0.5275590551181102,0.5294117647058824,0.531496062992126,0.5304518664047151,0.5465078430156861
2,RepNoise,AdaBoost,8,0.547244094488189,0.5354330708661418,0.5590551181102362,0.5483870967741935,0.5354330708661418,0.5418326693227091,0.5726796453592907
2,RepNoise,AdaBoost,9,0.5275590551181102,0.4921259842519685,0.562992125984252,0.5296610169491526,0.4921259842519685,0.5102040816326531,0.5549553599107198
2,RepNoise,AdaBoost,10,0.5492125984251969,0.5787401574803149,0.5196850393700787,0.5464684014869888,0.5787401574803149,0.5621414913957935,0.5894041788083576
2,RepNoise,AdaBoost,11,0.5216535433070866,0.5511811023622047,0.4921259842519685,0.5204460966542751,0.5511811023622047,0.5353728489483748,0.5350688201376402
2,RepNoise,AdaBoost,12,0.5413385826771654,0.5590551181102362,0.5236220472440944,0.5399239543726235,0.5590551181102362,0.5493230174081238,0.5415245830491662
2,RepNoise,AdaBoost,13,0.5452755905511811,0.515748031496063,0.5748031496062992,0.5481171548117155,0.515748031496063,0.5314401622718052,0.5416408332816666
2,RepNoise,AdaBoost,14,0.515748031496063,0.5196850393700787,0.5118110236220472,0.515625,0.5196850393700787,0.5176470588235295,0.5259548019096039
2,RepNoise,AdaBoost,15,0.5413385826771654,0.5393700787401575,0.5433070866141733,0.541501976284585,0.5393700787401575,0.5404339250493096,0.5568231136462273
2,RepNoise,AdaBoost,16,0.48031496062992124,0.5039370078740157,0.4566929133858268,0.48120300751879697,0.5039370078740157,0.49230769230769234,0.5109197718395437
2,RepNoise,AdaBoost,17,0.5275590551181102,0.4763779527559055,0.5787401574803149,0.5307017543859649,0.4763779527559055,0.5020746887966805,0.5261873023746048
2,RepNoise,AdaBoost,18,0.5452755905511811,0.5433070866141733,0.547244094488189,0.5454545454545454,0.5433070866141733,0.5443786982248521,0.5491815983631968
2,RepNoise,AdaBoost,19,0.5295275590551181,0.5118110236220472,0.547244094488189,0.5306122448979592,0.5118110236220472,0.5210420841683366,0.533487816975634
2,RepNoise,AdaBoost,20,0.5059055118110236,0.5196850393700787,0.4921259842519685,0.5057471264367817,0.5196850393700787,0.512621359223301,0.5263655527311055
2,RepNoise,AdaBoost,21,0.49015748031496065,0.5078740157480315,0.47244094488188976,0.49049429657794674,0.5078740157480315,0.4990328820116054,0.5162982825965652
2,RepNoise,AdaBoost,22,0.5354330708661418,0.5275590551181102,0.5433070866141733,0.536,0.5275590551181102,0.5317460317460317,0.5341775683551367
2,RepNoise,AdaBoost,23,0.5393700787401575,0.5393700787401575,0.5393700787401575,0.5393700787401575,0.5393700787401575,0.5393700787401575,0.5439813379626759
2,RepNoise,AdaBoost,24,0.5118110236220472,0.5078740157480315,0.515748031496063,0.5119047619047619,0.5078740157480315,0.5098814229249012,0.5377425754851509
2,RepNoise,AdaBoost,25,0.5098425196850394,0.5433070866141733,0.4763779527559055,0.5092250922509225,0.5433070866141733,0.5257142857142857,0.5203282906565813
2,RepNoise,AdaBoost,26,0.5236220472440944,0.4921259842519685,0.5551181102362205,0.5252100840336135,0.4921259842519685,0.508130081300813,0.5492590985181971
2,RepNoise,AdaBoost,27,0.5078740157480315,0.5039370078740157,0.5118110236220472,0.5079365079365079,0.5039370078740157,0.5059288537549407,0.532240064480129
2,RepNoise,AdaBoost,28,0.5236220472440944,0.5236220472440944,0.5236220472440944,0.5236220472440944,0.5236220472440944,0.5236220472440944,0.5402225804451608
2,RepNoise,AdaBoost,29,0.5,0.48031496062992124,0.5196850393700787,0.5,0.48031496062992124,0.4899598393574297,0.49686899373798743
2,RepNoise,AdaBoost,30,0.515748031496063,0.49606299212598426,0.5354330708661418,0.5163934426229508,0.49606299212598426,0.5060240963855421,0.5249550499100998
2,RepNoise,AdaBoost,31,0.5393700787401575,0.48031496062992124,0.5984251968503937,0.5446428571428571,0.48031496062992124,0.5104602510460251,0.5521111042222084
2,RepNoise,AdaBoost,32,0.49015748031496065,0.48031496062992124,0.5,0.4899598393574297,0.48031496062992124,0.4850894632206759,0.4931722363444727
3,RepNoise,LR,1,0.547244094488189,0.5078740157480315,0.5866141732283464,0.5512820512820513,0.5078740157480315,0.5286885245901639,0.5668981337962676
3,RepNoise,LR,2,0.5452755905511811,0.531496062992126,0.5590551181102362,0.5465587044534413,0.531496062992126,0.5389221556886228,0.5659681319362639
3,RepNoise,LR,3,0.5669291338582677,0.5393700787401575,0.594488188976378,0.5708333333333333,0.5393700787401575,0.5546558704453441,0.5736716473432948
3,RepNoise,LR,4,0.5354330708661418,0.4921259842519685,0.5787401574803149,0.5387931034482759,0.4921259842519685,0.51440329218107,0.5604191208382416
3,RepNoise,LR,5,0.5590551181102362,0.5511811023622047,0.5669291338582677,0.56,0.5511811023622047,0.5555555555555556,0.5997271994543989
3,RepNoise,LR,6,0.5531496062992126,0.5551181102362205,0.5511811023622047,0.5529411764705883,0.5551181102362205,0.5540275049115914,0.5947051894103788
3,RepNoise,LR,7,0.562992125984252,0.5551181102362205,0.5708661417322834,0.564,0.5551181102362205,0.5595238095238095,0.5908146816293633
3,RepNoise,LR,8,0.5748031496062992,0.5590551181102362,0.5905511811023622,0.5772357723577236,0.5590551181102362,0.568,0.5962551925103851
3,RepNoise,LR,9,0.5610236220472441,0.5787401574803149,0.5433070866141733,0.55893536121673,0.5787401574803149,0.5686653771760155,0.5856376712753425
3,RepNoise,LR,10,0.5728346456692913,0.5708661417322834,0.5748031496062992,0.5731225296442688,0.5708661417322834,0.571992110453649,0.6043462086924174
3,RepNoise,LR,11,0.6023622047244095,0.5590551181102362,0.6456692913385826,0.6120689655172413,0.5590551181102362,0.5843621399176955,0.6105927211854424
3,RepNoise,LR,12,0.5708661417322834,0.5590551181102362,0.5826771653543307,0.5725806451612904,0.5590551181102362,0.5657370517928287,0.6024552049104098
3,RepNoise,LR,13,0.5669291338582677,0.5393700787401575,0.594488188976378,0.5708333333333333,0.5393700787401575,0.5546558704453441,0.6001612003224006
3,RepNoise,LR,14,0.562992125984252,0.531496062992126,0.594488188976378,0.5672268907563025,0.531496062992126,0.5487804878048781,0.6006727013454027
3,RepNoise,LR,15,0.5767716535433071,0.562992125984252,0.5905511811023622,0.5789473684210527,0.562992125984252,0.5708582834331337,0.5874511749023498
3,RepNoise,LR,16,0.5531496062992126,0.5078740157480315,0.5984251968503937,0.5584415584415584,0.5078740157480315,0.5319587628865979,0.5864281728563456
3,RepNoise,LR,17,0.562992125984252,0.5118110236220472,0.6141732283464567,0.5701754385964912,0.5118110236220472,0.5394190871369294,0.5985181970363941
3,RepNoise,LR,18,0.5610236220472441,0.5196850393700787,0.6023622047244095,0.5665236051502146,0.5196850393700787,0.5420944558521561,0.5875286750573501
3,RepNoise,LR,19,0.5531496062992126,0.5275590551181102,0.5787401574803149,0.5560165975103735,0.5275590551181102,0.5414141414141415,0.5850486700973402
3,RepNoise,LR,20,0.5492125984251969,0.5236220472440944,0.5748031496062992,0.5518672199170125,0.5236220472440944,0.5373737373737374,0.5814216628433256
3,RepNoise,LR,21,0.5708661417322834,0.5354330708661418,0.6062992125984252,0.576271186440678,0.5354330708661418,0.5551020408163265,0.591992683985368
3,RepNoise,LR,22,0.531496062992126,0.5236220472440944,0.5393700787401575,0.532,0.5236220472440944,0.5277777777777778,0.5832816665633331
3,RepNoise,LR,23,0.547244094488189,0.5275590551181102,0.5669291338582677,0.5491803278688525,0.5275590551181102,0.5381526104417671,0.5754076508153017
3,RepNoise,LR,24,0.5334645669291339,0.49606299212598426,0.5708661417322834,0.5361702127659574,0.49606299212598426,0.5153374233128835,0.5615351230702461
3,RepNoise,LR,25,0.5452755905511811,0.5,0.5905511811023622,0.5497835497835498,0.5,0.5237113402061856,0.5697036394072788
3,RepNoise,LR,26,0.5570866141732284,0.5,0.6141732283464567,0.5644444444444444,0.5,0.5302713987473904,0.5724626449252899
3,RepNoise,LR,27,0.5393700787401575,0.5,0.5787401574803149,0.5427350427350427,0.5,0.5204918032786885,0.5578306156612313
3,RepNoise,LR,28,0.5354330708661418,0.5,0.5708661417322834,0.538135593220339,0.5,0.5183673469387755,0.5719356438712877
3,RepNoise,LR,29,0.5295275590551181,0.484251968503937,0.5748031496062992,0.5324675324675324,0.484251968503937,0.5072164948453608,0.566014632029264
3,RepNoise,LR,30,0.5216535433070866,0.5236220472440944,0.5196850393700787,0.5215686274509804,0.5236220472440944,0.5225933202357563,0.5605121210242421
3,RepNoise,LR,31,0.5078740157480315,0.468503937007874,0.547244094488189,0.5085470085470085,0.468503937007874,0.48770491803278687,0.5444230888461777
3,RepNoise,LR,32,0.5374015748031497,0.4921259842519685,0.5826771653543307,0.5411255411255411,0.4921259842519685,0.5154639175257731,0.5547151094302188
3,RepNoise,RF,1,0.5688976377952756,0.5118110236220472,0.6259842519685039,0.5777777777777777,0.5118110236220472,0.5427974947807933,0.605260710521421
3,RepNoise,RF,2,0.5531496062992126,0.531496062992126,0.5748031496062992,0.5555555555555556,0.531496062992126,0.5432595573440644,0.5838164176328353
3,RepNoise,RF,3,0.562992125984252,0.562992125984252,0.562992125984252,0.562992125984252,0.562992125984252,0.562992125984252,0.5685333870667741
3,RepNoise,RF,4,0.5708661417322834,0.5433070866141733,0.5984251968503937,0.575,0.5433070866141733,0.5587044534412956,0.5710753921507843
3,RepNoise,RF,5,0.562992125984252,0.5078740157480315,0.6181102362204725,0.5707964601769911,0.5078740157480315,0.5375,0.5798174096348193
3,RepNoise,RF,6,0.562992125984252,0.515748031496063,0.610236220472441,0.5695652173913044,0.515748031496063,0.5413223140495868,0.604012958025916
3,RepNoise,RF,7,0.5885826771653543,0.5354330708661418,0.6417322834645669,0.5991189427312775,0.5354330708661418,0.5654885654885655,0.6074539649079298
3,RepNoise,RF,8,0.562992125984252,0.515748031496063,0.610236220472441,0.5695652173913044,0.515748031496063,0.5413223140495868,0.5869164238328477
3,RepNoise,RF,9,0.5807086614173228,0.5551181102362205,0.6062992125984252,0.5850622406639004,0.5551181102362205,0.5696969696969697,0.597735445470891
3,RepNoise,RF,10,0.5511811023622047,0.47244094488188976,0.6299212598425197,0.5607476635514018,0.47244094488188976,0.5128205128205128,0.5790269080538162
3,RepNoise,RF,11,0.5255905511811023,0.4566929133858268,0.594488188976378,0.5296803652968036,0.4566929133858268,0.4904862579281184,0.5628526257052515
3,RepNoise,RF,12,0.5413385826771654,0.484251968503937,0.5984251968503937,0.5466666666666666,0.484251968503937,0.5135699373695198,0.5677893855787711
3,RepNoise,RF,13,0.5393700787401575,0.4763779527559055,0.6023622047244095,0.545045045045045,0.4763779527559055,0.5084033613445378,0.5693703887407775
3,RepNoise,RF,14,0.5374015748031497,0.46062992125984253,0.6141732283464567,0.5441860465116279,0.46062992125984253,0.4989339019189765,0.5573191146382294
3,RepNoise,RF,15,0.5531496062992126,0.4763779527559055,0.6299212598425197,0.5627906976744186,0.4763779527559055,0.5159914712153518,0.5755936511873023
3,RepNoise,RF,16,0.5236220472440944,0.4645669291338583,0.5826771653543307,0.5267857142857143,0.4645669291338583,0.49372384937238495,0.5423538347076694
3,RepNoise,RF,17,0.5196850393700787,0.4763779527559055,0.562992125984252,0.521551724137931,0.4763779527559055,0.49794238683127573,0.5301243102486204
3,RepNoise,RF,18,0.5354330708661418,0.484251968503937,0.5866141732283464,0.5394736842105263,0.484251968503937,0.5103734439834025,0.5584738669477339
3,RepNoise,RF,19,0.5374015748031497,0.5039370078740157,0.5708661417322834,0.540084388185654,0.5039370078740157,0.5213849287169042,0.5466783433566867
3,RepNoise,RF,20,0.5708661417322834,0.48031496062992124,0.6614173228346457,0.5865384615384616,0.48031496062992124,0.5281385281385281,0.5987894475788951
3,RepNoise,RF,21,0.5393700787401575,0.4566929133858268,0.6220472440944882,0.5471698113207547,0.4566929133858268,0.4978540772532189,0.5415633331266663
3,RepNoise,RF,22,0.5492125984251969,0.44881889763779526,0.6496062992125984,0.5615763546798029,0.44881889763779526,0.4989059080962801,0.5578771157542315
3,RepNoise,RF,23,0.5354330708661418,0.4566929133858268,0.6141732283464567,0.5420560747663551,0.4566929133858268,0.49572649572649574,0.5450120900241799
3,RepNoise,RF,24,0.5511811023622047,0.5039370078740157,0.5984251968503937,0.5565217391304348,0.5039370078740157,0.5289256198347108,0.5597371194742389
3,RepNoise,RF,25,0.5590551181102362,0.5275590551181102,0.5905511811023622,0.5630252100840336,0.5275590551181102,0.5447154471544715,0.5530643561287122
3,RepNoise,RF,26,0.5354330708661418,0.452755905511811,0.6181102362204725,0.5424528301886793,0.452755905511811,0.49356223175965663,0.554482608965218
3,RepNoise,RF,27,0.5255905511811023,0.4409448818897638,0.610236220472441,0.5308056872037915,0.4409448818897638,0.4817204301075269,0.5440743381486763
3,RepNoise,RF,28,0.5413385826771654,0.484251968503937,0.5984251968503937,0.5466666666666666,0.484251968503937,0.5135699373695198,0.5490343480686961
3,RepNoise,RF,29,0.5078740157480315,0.4251968503937008,0.5905511811023622,0.5094339622641509,0.4251968503937008,0.463519313304721,0.5474145948291896
3,RepNoise,RF,30,0.5196850393700787,0.4330708661417323,0.6062992125984252,0.5238095238095238,0.4330708661417323,0.47413793103448276,0.5308295616591234
3,RepNoise,RF,31,0.547244094488189,0.4881889763779528,0.6062992125984252,0.5535714285714286,0.4881889763779528,0.5188284518828452,0.5386570773141547
3,RepNoise,RF,32,0.515748031496063,0.4566929133858268,0.5748031496062992,0.5178571428571429,0.4566929133858268,0.48535564853556484,0.5240405480810961
3,RepNoise,AdaBoost,1,0.5570866141732284,0.562992125984252,0.5511811023622047,0.556420233463035,0.562992125984252,0.5596868884540117,0.5820804141608283
3,RepNoise,AdaBoost,2,0.5374015748031497,0.5787401574803149,0.49606299212598426,0.5345454545454545,0.5787401574803149,0.555765595463138,0.556753363506727
3,RepNoise,AdaBoost,3,0.547244094488189,0.5826771653543307,0.5118110236220472,0.5441176470588235,0.5826771653543307,0.5627376425855514,0.5647281294562589
3,RepNoise,AdaBoost,4,0.5275590551181102,0.515748031496063,0.5393700787401575,0.5282258064516129,0.515748031496063,0.5219123505976095,0.5506231012462025
3,RepNoise,AdaBoost,5,0.5177165354330708,0.4881889763779528,0.547244094488189,0.5188284518828452,0.4881889763779528,0.5030425963488844,0.5266213032426065
3,RepNoise,AdaBoost,6,0.5433070866141733,0.562992125984252,0.5236220472440944,0.5416666666666666,0.562992125984252,0.5521235521235521,0.5491815983631967
3,RepNoise,AdaBoost,7,0.5295275590551181,0.5590551181102362,0.5,0.5278810408921933,0.5590551181102362,0.5430210325047801,0.540741831483663
3,RepNoise,AdaBoost,8,0.5059055118110236,0.531496062992126,0.48031496062992124,0.5056179775280899,0.531496062992126,0.5182341650671785,0.5219015438030876
3,RepNoise,AdaBoost,9,0.5551181102362205,0.5511811023622047,0.5590551181102362,0.5555555555555556,0.5511811023622047,0.5533596837944664,0.5845294190588382
3,RepNoise,AdaBoost,10,0.5531496062992126,0.5196850393700787,0.5866141732283464,0.5569620253164557,0.5196850393700787,0.5376782077393075,0.5502046004092008
3,RepNoise,AdaBoost,11,0.5078740157480315,0.48031496062992124,0.5354330708661418,0.5083333333333333,0.48031496062992124,0.4939271255060729,0.515755781511563
3,RepNoise,AdaBoost,12,0.5216535433070866,0.4921259842519685,0.5511811023622047,0.5230125523012552,0.4921259842519685,0.5070993914807302,0.53000031000062
3,RepNoise,AdaBoost,13,0.5610236220472441,0.5748031496062992,0.547244094488189,0.5593869731800766,0.5748031496062992,0.566990291262136,0.5639376278752557
3,RepNoise,AdaBoost,14,0.5570866141732284,0.515748031496063,0.5984251968503937,0.5622317596566524,0.515748031496063,0.5379876796714579,0.5640306280612561
3,RepNoise,AdaBoost,15,0.5137795275590551,0.4763779527559055,0.5511811023622047,0.5148936170212766,0.4763779527559055,0.4948875255623722,0.5333638167276334
3,RepNoise,AdaBoost,16,0.5492125984251969,0.5,0.5984251968503937,0.5545851528384279,0.5,0.525879917184265,0.5321238142476284
3,RepNoise,AdaBoost,17,0.5334645669291339,0.5196850393700787,0.547244094488189,0.5344129554655871,0.5196850393700787,0.5269461077844312,0.534495318990638
3,RepNoise,AdaBoost,18,0.5255905511811023,0.4881889763779528,0.562992125984252,0.5276595744680851,0.4881889763779528,0.5071574642126789,0.541013082026164
3,RepNoise,AdaBoost,19,0.5433070866141733,0.49606299212598426,0.5905511811023622,0.5478260869565217,0.49606299212598426,0.5206611570247934,0.5483755967511935
3,RepNoise,AdaBoost,20,0.5452755905511811,0.5433070866141733,0.547244094488189,0.5454545454545454,0.5433070866141733,0.5443786982248521,0.5448338396676794
3,RepNoise,AdaBoost,21,0.5216535433070866,0.515748031496063,0.5275590551181102,0.5219123505976095,0.515748031496063,0.5188118811881188,0.5141980283960568
3,RepNoise,AdaBoost,22,0.547244094488189,0.5866141732283464,0.5078740157480315,0.5437956204379562,0.5866141732283464,0.5643939393939394,0.5427180854361708
3,RepNoise,AdaBoost,23,0.5177165354330708,0.5275590551181102,0.5078740157480315,0.5173745173745173,0.5275590551181102,0.5224171539961013,0.5395793291586584
3,RepNoise,AdaBoost,24,0.515748031496063,0.4251968503937008,0.6062992125984252,0.5192307692307693,0.4251968503937008,0.4675324675324675,0.5363553227106453
3,RepNoise,AdaBoost,25,0.5413385826771654,0.484251968503937,0.5984251968503937,0.5466666666666666,0.484251968503937,0.5135699373695198,0.5702073904147809
3,RepNoise,AdaBoost,26,0.5078740157480315,0.47244094488188976,0.5433070866141733,0.5084745762711864,0.47244094488188976,0.4897959183673469,0.5175460350920702
3,RepNoise,AdaBoost,27,0.5177165354330708,0.44881889763779526,0.5866141732283464,0.5205479452054794,0.44881889763779526,0.4820295983086681,0.5563271126542253
3,RepNoise,AdaBoost,28,0.5039370078740157,0.4763779527559055,0.531496062992126,0.5041666666666667,0.4763779527559055,0.4898785425101215,0.5254433008866017
3,RepNoise,AdaBoost,29,0.5098425196850394,0.48031496062992124,0.5393700787401575,0.5104602510460251,0.48031496062992124,0.4949290060851927,0.5125705251410504
3,RepNoise,AdaBoost,30,0.5196850393700787,0.4566929133858268,0.5826771653543307,0.5225225225225225,0.4566929133858268,0.48739495798319327,0.5188790377580754
3,RepNoise,AdaBoost,31,0.5039370078740157,0.4921259842519685,0.515748031496063,0.5040322580645161,0.4921259842519685,0.49800796812749004,0.5129580259160519
3,RepNoise,AdaBoost,32,0.5137795275590551,0.49606299212598426,0.531496062992126,0.5142857142857142,0.49606299212598426,0.5050100200400801,0.526497302994606
4,RepNoise,LR,1,0.5196850393700787,0.4881889763779528,0.5511811023622047,0.5210084033613446,0.4881889763779528,0.5040650406504065,0.5529636059272118
4,RepNoise,LR,2,0.5492125984251969,0.5196850393700787,0.5787401574803149,0.5523012552301255,0.5196850393700787,0.5354969574036511,0.5573036146072292
4,RepNoise,LR,3,0.5492125984251969,0.5433070866141733,0.5551181102362205,0.549800796812749,0.5433070866141733,0.5465346534653466,0.5654256308512615
4,RepNoise,LR,4,0.5452755905511811,0.5118110236220472,0.5787401574803149,0.5485232067510548,0.5118110236220472,0.5295315682281059,0.5701531403062805
4,RepNoise,LR,5,0.562992125984252,0.5118110236220472,0.6141732283464567,0.5701754385964912,0.5118110236220472,0.5394190871369294,0.5750976501953003
4,RepNoise,LR,6,0.5688976377952756,0.562992125984252,0.5748031496062992,0.5697211155378487,0.562992125984252,0.5663366336633663,0.5891871783743567
4,RepNoise,LR,7,0.5885826771653543,0.594488188976378,0.5826771653543307,0.5875486381322957,0.594488188976378,0.5909980430528375,0.5905821811643623
4,RepNoise,LR,8,0.5984251968503937,0.6023622047244095,0.594488188976378,0.59765625,0.6023622047244095,0.6,0.5922406844813689
4,RepNoise,LR,9,0.5728346456692913,0.5590551181102362,0.5866141732283464,0.5748987854251012,0.5590551181102362,0.5668662674650699,0.5963636927273854
4,RepNoise,LR,10,0.5767716535433071,0.5393700787401575,0.6141732283464567,0.5829787234042553,0.5393700787401575,0.5603271983640081,0.6051057102114203
4,RepNoise,LR,11,0.5748031496062992,0.5118110236220472,0.6377952755905512,0.5855855855855856,0.5118110236220472,0.5462184873949579,0.6070897141794284
4,RepNoise,LR,12,0.5688976377952756,0.5,0.6377952755905512,0.5799086757990868,0.5,0.5369978858350951,0.6025017050034099
4,RepNoise,LR,13,0.5885826771653543,0.5275590551181102,0.6496062992125984,0.600896860986547,0.5275590551181102,0.5618448637316562,0.6000217000434
4,RepNoise,LR,14,0.5728346456692913,0.5354330708661418,0.610236220472441,0.5787234042553191,0.5354330708661418,0.556237218813906,0.5933101866203733
4,RepNoise,LR,15,0.5708661417322834,0.5551181102362205,0.5866141732283464,0.573170731707317,0.5551181102362205,0.564,0.6005797011594023
4,RepNoise,LR,16,0.5570866141732284,0.547244094488189,0.5669291338582677,0.5582329317269076,0.547244094488189,0.5526838966202783,0.5958366916733834
4,RepNoise,LR,17,0.5688976377952756,0.5393700787401575,0.5984251968503937,0.5732217573221757,0.5393700787401575,0.5557809330628803,0.5998511997023993
4,RepNoise,LR,18,0.5728346456692913,0.5275590551181102,0.6181102362204725,0.5800865800865801,0.5275590551181102,0.5525773195876289,0.5953871907743816
4,RepNoise,LR,19,0.5649606299212598,0.5393700787401575,0.5905511811023622,0.5684647302904564,0.5393700787401575,0.5535353535353535,0.5936821873643747
4,RepNoise,LR,20,0.5748031496062992,0.515748031496063,0.6338582677165354,0.5848214285714286,0.515748031496063,0.5481171548117155,0.5865676731353463
4,RepNoise,LR,21,0.5807086614173228,0.5393700787401575,0.6220472440944882,0.5879828326180258,0.5393700787401575,0.5626283367556468,0.590520181040362
4,RepNoise,LR,22,0.562992125984252,0.5433070866141733,0.5826771653543307,0.5655737704918032,0.5433070866141733,0.5542168674698795,0.5863041726083453
4,RepNoise,LR,23,0.5649606299212598,0.547244094488189,0.5826771653543307,0.5673469387755102,0.547244094488189,0.5571142284569138,0.5954491908983818
4,RepNoise,LR,24,0.5866141732283464,0.5866141732283464,0.5866141732283464,0.5866141732283464,0.5866141732283464,0.5866141732283464,0.601773203546407
4,RepNoise,LR,25,0.5669291338582677,0.5590551181102362,0.5748031496062992,0.568,0.5590551181102362,0.5634920634920635,0.5935426870853742
4,RepNoise,LR,26,0.5551181102362205,0.5669291338582677,0.5433070866141733,0.5538461538461539,0.5669291338582677,0.5603112840466926,0.5812821625643252
4,RepNoise,LR,27,0.5413385826771654,0.547244094488189,0.5354330708661418,0.5408560311284046,0.547244094488189,0.5440313111545988,0.5758726517453034
4,RepNoise,LR,28,0.5531496062992126,0.547244094488189,0.5590551181102362,0.5537848605577689,0.547244094488189,0.5504950495049505,0.5856221712443425
4,RepNoise,LR,29,0.562992125984252,0.562992125984252,0.562992125984252,0.562992125984252,0.562992125984252,0.562992125984252,0.5775311550623101
4,RepNoise,LR,30,0.547244094488189,0.49606299212598426,0.5984251968503937,0.5526315789473685,0.49606299212598426,0.5228215767634855,0.5721526443052886
4,RepNoise,LR,31,0.547244094488189,0.5118110236220472,0.5826771653543307,0.5508474576271186,0.5118110236220472,0.5306122448979592,0.5689286378572757
4,RepNoise,LR,32,0.531496062992126,0.5196850393700787,0.5433070866141733,0.532258064516129,0.5196850393700787,0.5258964143426295,0.556993613987228
4,RepNoise,RF,1,0.5511811023622047,0.562992125984252,0.5393700787401575,0.55,0.562992125984252,0.556420233463035,0.5788021576043152
4,RepNoise,RF,2,0.5688976377952756,0.5787401574803149,0.5590551181102362,0.5675675675675675,0.5787401574803149,0.5730994152046783,0.5808249116498234
4,RepNoise,RF,3,0.5511811023622047,0.5196850393700787,0.5826771653543307,0.5546218487394958,0.5196850393700787,0.5365853658536586,0.5818789137578274
4,RepNoise,RF,4,0.531496062992126,0.484251968503937,0.5787401574803149,0.5347826086956522,0.484251968503937,0.5082644628099173,0.5549243598487198
4,RepNoise,RF,5,0.5669291338582677,0.5669291338582677,0.5669291338582677,0.5669291338582677,0.5669291338582677,0.5669291338582677,0.600719201438403
4,RepNoise,RF,6,0.5688976377952756,0.5433070866141733,0.594488188976378,0.5726141078838174,0.5433070866141733,0.5575757575757576,0.6110189720379441
4,RepNoise,RF,7,0.5492125984251969,0.4921259842519685,0.6062992125984252,0.5555555555555556,0.4921259842519685,0.5219206680584552,0.5773684047368095
4,RepNoise,RF,8,0.5964566929133859,0.5669291338582677,0.6259842519685039,0.602510460251046,0.5669291338582677,0.5841784989858012,0.6146692293384587
4,RepNoise,RF,9,0.5688976377952756,0.5039370078740157,0.6338582677165354,0.579185520361991,0.5039370078740157,0.5389473684210526,0.5746868993737988
4,RepNoise,RF,10,0.5669291338582677,0.4921259842519685,0.6417322834645669,0.5787037037037037,0.4921259842519685,0.5319148936170213,0.5862809225618452
4,RepNoise,RF,11,0.5492125984251969,0.5236220472440944,0.5748031496062992,0.5518672199170125,0.5236220472440944,0.5373737373737374,0.5803831607663215
4,RepNoise,RF,12,0.5255905511811023,0.4645669291338583,0.5866141732283464,0.5291479820627802,0.4645669291338583,0.4947589098532495,0.5363863227726455
4,RepNoise,RF,13,0.5669291338582677,0.5118110236220472,0.6220472440944882,0.5752212389380531,0.5118110236220472,0.5416666666666666,0.5712303924607851
4,RepNoise,RF,14,0.5196850393700787,0.4251968503937008,0.6141732283464567,0.5242718446601942,0.4251968503937008,0.46956521739130436,0.5445548391096782
4,RepNoise,RF,15,0.5393700787401575,0.5196850393700787,0.5590551181102362,0.5409836065573771,0.5196850393700787,0.5301204819277109,0.5616048732097464
4,RepNoise,RF,16,0.5669291338582677,0.5,0.6338582677165354,0.5772727272727273,0.5,0.5358649789029536,0.5896134292268584
4,RepNoise,RF,17,0.5374015748031497,0.5078740157480315,0.5669291338582677,0.5397489539748954,0.5078740157480315,0.5233265720081136,0.5798096596193192
4,RepNoise,RF,18,0.5354330708661418,0.5078740157480315,0.562992125984252,0.5375,0.5078740157480315,0.5222672064777328,0.555761361522723
4,RepNoise,RF,19,0.5433070866141733,0.49606299212598426,0.5905511811023622,0.5478260869565217,0.49606299212598426,0.5206611570247934,0.5665571331142663
4,RepNoise,RF,20,0.5669291338582677,0.484251968503937,0.6496062992125984,0.5801886792452831,0.484251968503937,0.5278969957081545,0.5686728873457748
4,RepNoise,RF,21,0.5590551181102362,0.5236220472440944,0.594488188976378,0.5635593220338984,0.5236220472440944,0.5428571428571428,0.5527543555087111
4,RepNoise,RF,22,0.5334645669291339,0.5039370078740157,0.562992125984252,0.5355648535564853,0.5039370078740157,0.5192697768762677,0.5425940851881703
4,RepNoise,RF,23,0.5492125984251969,0.5,0.5984251968503937,0.5545851528384279,0.5,0.525879917184265,0.5706336412672827
4,RepNoise,RF,24,0.5334645669291339,0.5118110236220472,0.5551181102362205,0.5349794238683128,0.5118110236220472,0.5231388329979879,0.557753115506231
4,RepNoise,RF,25,0.5511811023622047,0.5,0.6023622047244095,0.5570175438596491,0.5,0.5269709543568465,0.5489258478516957
4,RepNoise,RF,26,0.5177165354330708,0.5078740157480315,0.5275590551181102,0.5180722891566265,0.5078740157480315,0.5129224652087475,0.5337125674251348
4,RepNoise,RF,27,0.5236220472440944,0.5275590551181102,0.5196850393700787,0.5234375,0.5275590551181102,0.5254901960784314,0.5348440696881394
4,RepNoise,RF,28,0.515748031496063,0.5078740157480315,0.5236220472440944,0.516,0.5078740157480315,0.5119047619047619,0.5442680885361771
4,RepNoise,RF,29,0.49606299212598426,0.452755905511811,0.5393700787401575,0.4956896551724138,0.452755905511811,0.4732510288065844,0.5218007936015872
4,RepNoise,RF,30,0.5354330708661418,0.5511811023622047,0.5196850393700787,0.5343511450381679,0.5511811023622047,0.5426356589147286,0.5464148428296857
4,RepNoise,RF,31,0.49803149606299213,0.4881889763779528,0.5078740157480315,0.4979919678714859,0.4881889763779528,0.49304174950298213,0.5010850021700043
4,RepNoise,RF,32,0.5334645669291339,0.5078740157480315,0.5590551181102362,0.5352697095435685,0.5078740157480315,0.5212121212121212,0.5345573191146382
4,RepNoise,AdaBoost,1,0.515748031496063,0.5354330708661418,0.49606299212598426,0.5151515151515151,0.5354330708661418,0.525096525096525,0.5585281170562341
4,RepNoise,AdaBoost,2,0.5393700787401575,0.5354330708661418,0.5433070866141733,0.5396825396825397,0.5354330708661418,0.5375494071146245,0.5610623721247443
4,RepNoise,AdaBoost,3,0.5492125984251969,0.5393700787401575,0.5590551181102362,0.5502008032128514,0.5393700787401575,0.5447316103379721,0.5644336288672578
4,RepNoise,AdaBoost,4,0.5255905511811023,0.5433070866141733,0.5078740157480315,0.5247148288973384,0.5433070866141733,0.5338491295938105,0.5349835699671399
4,RepNoise,AdaBoost,5,0.5570866141732284,0.5354330708661418,0.5787401574803149,0.5596707818930041,0.5354330708661418,0.5472837022132797,0.5641933783867568
4,RepNoise,AdaBoost,6,0.5196850393700787,0.484251968503937,0.5551181102362205,0.5211864406779662,0.484251968503937,0.5020408163265306,0.5616126232252465
4,RepNoise,AdaBoost,7,0.5275590551181102,0.5511811023622047,0.5039370078740157,0.5263157894736842,0.5511811023622047,0.5384615384615384,0.5703236406472812
4,RepNoise,AdaBoost,8,0.5255905511811023,0.5196850393700787,0.531496062992126,0.5258964143426295,0.5196850393700787,0.5227722772277228,0.5556528613057226
4,RepNoise,AdaBoost,9,0.5354330708661418,0.5236220472440944,0.547244094488189,0.5362903225806451,0.5236220472440944,0.5298804780876494,0.5444153388306776
4,RepNoise,AdaBoost,10,0.5492125984251969,0.531496062992126,0.5669291338582677,0.5510204081632653,0.531496062992126,0.5410821643286573,0.5644801289602579
4,RepNoise,AdaBoost,11,0.5177165354330708,0.5039370078740157,0.531496062992126,0.5182186234817814,0.5039370078740157,0.5109780439121756,0.5494450988901978
4,RepNoise,AdaBoost,12,0.531496062992126,0.46062992125984253,0.6023622047244095,0.536697247706422,0.46062992125984253,0.4957627118644068,0.5366653233306466
4,RepNoise,AdaBoost,13,0.5610236220472441,0.531496062992126,0.5905511811023622,0.5648535564853556,0.531496062992126,0.5476673427991886,0.5860251720503441
4,RepNoise,AdaBoost,14,0.5334645669291339,0.5118110236220472,0.5551181102362205,0.5349794238683128,0.5118110236220472,0.5231388329979879,0.5334955669911339
4,RepNoise,AdaBoost,15,0.5236220472440944,0.5551181102362205,0.4921259842519685,0.5222222222222223,0.5551181102362205,0.5381679389312977,0.5368900737801476
4,RepNoise,AdaBoost,16,0.5196850393700787,0.5433070866141733,0.49606299212598426,0.518796992481203,0.5433070866141733,0.5307692307692308,0.540749581499163
4,RepNoise,AdaBoost,17,0.531496062992126,0.5039370078740157,0.5590551181102362,0.5333333333333333,0.5039370078740157,0.5182186234817814,0.530744311488623
4,RepNoise,AdaBoost,18,0.5334645669291339,0.5433070866141733,0.5236220472440944,0.5328185328185329,0.5433070866141733,0.5380116959064327,0.5390678281356562
4,RepNoise,AdaBoost,19,0.5255905511811023,0.5236220472440944,0.5275590551181102,0.525691699604743,0.5236220472440944,0.52465483234714,0.5274350548701098
4,RepNoise,AdaBoost,20,0.5374015748031497,0.5118110236220472,0.562992125984252,0.5394190871369294,0.5118110236220472,0.5252525252525253,0.545508091016182
4,RepNoise,AdaBoost,21,0.5196850393700787,0.49606299212598426,0.5433070866141733,0.5206611570247934,0.49606299212598426,0.5080645161290323,0.5365258230516461
4,RepNoise,AdaBoost,22,0.5452755905511811,0.5,0.5905511811023622,0.5497835497835498,0.5,0.5237113402061856,0.5342008184016368
4,RepNoise,AdaBoost,23,0.5078740157480315,0.48031496062992124,0.5354330708661418,0.5083333333333333,0.48031496062992124,0.4939271255060729,0.5267763035526072
4,RepNoise,AdaBoost,24,0.5078740157480315,0.48031496062992124,0.5354330708661418,0.5083333333333333,0.48031496062992124,0.4939271255060729,0.5048127596255192
4,RepNoise,AdaBoost,25,0.5196850393700787,0.5393700787401575,0.5,0.5189393939393939,0.5393700787401575,0.528957528957529,0.5150970301940604
4,RepNoise,AdaBoost,26,0.5610236220472441,0.5590551181102362,0.562992125984252,0.5612648221343873,0.5590551181102362,0.5601577909270217,0.5678823857647715
4,RepNoise,AdaBoost,27,0.547244094488189,0.5118110236220472,0.5826771653543307,0.5508474576271186,0.5118110236220472,0.5306122448979592,0.5434698369396739
4,RepNoise,AdaBoost,28,0.5413385826771654,0.5551181102362205,0.5275590551181102,0.5402298850574713,0.5551181102362205,0.5475728155339806,0.5418810837621675
4,RepNoise,AdaBoost,29,0.515748031496063,0.5078740157480315,0.5236220472440944,0.516,0.5078740157480315,0.5119047619047619,0.5315580631161263
4,RepNoise,AdaBoost,30,0.5255905511811023,0.484251968503937,0.5669291338582677,0.5278969957081545,0.484251968503937,0.5051334702258727,0.5276753053506107
4,RepNoise,AdaBoost,31,0.531496062992126,0.5669291338582677,0.49606299212598426,0.5294117647058824,0.5669291338582677,0.5475285171102662,0.5382230764461529
4,RepNoise,AdaBoost,32,0.48031496062992124,0.468503937007874,0.4921259842519685,0.4798387096774194,0.468503937007874,0.47410358565737054,0.48339171678343357
0,ELM,LR,1,0.5826771653543307,0.6220472440944882,0.5433070866141733,0.5766423357664233,0.6220472440944882,0.5984848484848485,0.5853276706553413
0,ELM,LR,2,0.5767716535433071,0.5551181102362205,0.5984251968503937,0.5802469135802469,0.5551181102362205,0.5674044265593562,0.5854051708103416
0,ELM,LR,3,0.5492125984251969,0.5354330708661418,0.562992125984252,0.5506072874493927,0.5354330708661418,0.5429141716566867,0.5797321594643189
0,ELM,LR,4,0.5767716535433071,0.5905511811023622,0.562992125984252,0.5747126436781609,0.5905511811023622,0.5825242718446602,0.5947671895343791
0,ELM,LR,5,0.5748031496062992,0.5984251968503937,0.5511811023622047,0.5714285714285714,0.5984251968503937,0.5846153846153846,0.5857461714923431
0,ELM,LR,6,0.5728346456692913,0.5787401574803149,0.5669291338582677,0.5719844357976653,0.5787401574803149,0.5753424657534246,0.5947051894103788
0,ELM,LR,7,0.5826771653543307,0.6299212598425197,0.5354330708661418,0.5755395683453237,0.6299212598425197,0.6015037593984962,0.6116157232314464
0,ELM,LR,8,0.5866141732283464,0.5984251968503937,0.5748031496062992,0.5846153846153846,0.5984251968503937,0.5914396887159533,0.6158317316634634
0,ELM,LR,9,0.5984251968503937,0.610236220472441,0.5866141732283464,0.5961538461538461,0.610236220472441,0.603112840466926,0.6262167524335047
0,ELM,LR,10,0.5846456692913385,0.6062992125984252,0.562992125984252,0.5811320754716981,0.6062992125984252,0.5934489402697495,0.6244187488374977
0,ELM,LR,11,0.5826771653543307,0.5905511811023622,0.5748031496062992,0.5813953488372093,0.5905511811023622,0.5859375,0.6174282348564697
0,ELM,LR,12,0.59251968503937,0.5984251968503937,0.5866141732283464,0.5914396887159533,0.5984251968503937,0.5949119373776908,0.6262167524335048
0,ELM,LR,13,0.5905511811023622,0.6062992125984252,0.5748031496062992,0.5877862595419847,0.6062992125984252,0.5968992248062015,0.6096162192324385
0,ELM,LR,14,0.6023622047244095,0.5787401574803149,0.6259842519685039,0.6074380165289256,0.5787401574803149,0.592741935483871,0.6243102486204972
0,ELM,LR,15,0.5826771653543307,0.5708661417322834,0.594488188976378,0.5846774193548387,0.5708661417322834,0.5776892430278885,0.6135997271994544
0,ELM,LR,16,0.59251968503937,0.5826771653543307,0.6023622047244095,0.5943775100401606,0.5826771653543307,0.588469184890656,0.6071207142414285
0,ELM,LR,17,0.562992125984252,0.5787401574803149,0.547244094488189,0.5610687022900763,0.5787401574803149,0.5697674418604651,0.5937131874263748
0,ELM,LR,18,0.5610236220472441,0.5826771653543307,0.5393700787401575,0.5584905660377358,0.5826771653543307,0.5703275529865125,0.5918066836133672
0,ELM,LR,19,0.5531496062992126,0.5826771653543307,0.5236220472440944,0.550185873605948,0.5826771653543307,0.5659655831739961,0.5845061690123381
0,ELM,LR,20,0.5649606299212598,0.5826771653543307,0.547244094488189,0.5627376425855514,0.5826771653543307,0.5725338491295938,0.5812511625023251
0,ELM,LR,21,0.547244094488189,0.5866141732283464,0.5078740157480315,0.5437956204379562,0.5866141732283464,0.5643939393939394,0.5781666563333128
0,ELM,LR,22,0.5511811023622047,0.5866141732283464,0.515748031496063,0.5477941176470589,0.5866141732283464,0.5665399239543726,0.5791276582553165
0,ELM,LR,23,0.5590551181102362,0.5669291338582677,0.5511811023622047,0.5581395348837209,0.5669291338582677,0.5625,0.5760431520863042
0,ELM,LR,24,0.5452755905511811,0.5590551181102362,0.531496062992126,0.5440613026819924,0.5590551181102362,0.5514563106796116,0.5670996341992683
0,ELM,LR,25,0.5688976377952756,0.5905511811023622,0.547244094488189,0.5660377358490566,0.5905511811023622,0.5780346820809249,0.5885671771343544
0,ELM,LR,26,0.5787401574803149,0.6181102362204725,0.5393700787401575,0.572992700729927,0.6181102362204725,0.5946969696969697,0.5884741769483539
0,ELM,LR,27,0.5767716535433071,0.594488188976378,0.5590551181102362,0.5741444866920152,0.594488188976378,0.5841392649903289,0.596999193998388
0,ELM,LR,28,0.5984251968503937,0.6141732283464567,0.5826771653543307,0.5954198473282443,0.6141732283464567,0.6046511627906976,0.6009827019654039
0,ELM,LR,29,0.5905511811023622,0.6181102362204725,0.562992125984252,0.585820895522388,0.6181102362204725,0.6015325670498084,0.6007192014384029
0,ELM,LR,30,0.5866141732283464,0.594488188976378,0.5787401574803149,0.5852713178294574,0.594488188976378,0.58984375,0.5998046996093992
0,ELM,LR,31,0.5846456692913385,0.5669291338582677,0.6023622047244095,0.5877551020408164,0.5669291338582677,0.5771543086172345,0.6068572137144274
0,ELM,LR,32,0.5767716535433071,0.5590551181102362,0.594488188976378,0.5795918367346938,0.5590551181102362,0.5691382765531062,0.6068572137144275
0,ELM,RF,1,0.5866141732283464,0.5669291338582677,0.6062992125984252,0.5901639344262295,0.5669291338582677,0.5783132530120482,0.6195827391654783
0,ELM,RF,2,0.5551181102362205,0.5393700787401575,0.5708661417322834,0.556910569105691,0.5393700787401575,0.548,0.5897141794283589
0,ELM,RF,3,0.5570866141732284,0.5275590551181102,0.5866141732283464,0.5606694560669456,0.5275590551181102,0.5436105476673428,0.5936356872713745
0,ELM,RF,4,0.5708661417322834,0.562992125984252,0.5787401574803149,0.572,0.562992125984252,0.5674603174603174,0.5882959265918533
0,ELM,RF,5,0.5826771653543307,0.5511811023622047,0.6141732283464567,0.5882352941176471,0.5511811023622047,0.5691056910569106,0.592256184512369
0,ELM,RF,6,0.5649606299212598,0.5118110236220472,0.6181102362204725,0.5726872246696035,0.5118110236220472,0.5405405405405406,0.5803521607043213
0,ELM,RF,7,0.547244094488189,0.531496062992126,0.562992125984252,0.5487804878048781,0.531496062992126,0.54,0.5495768491536983
0,ELM,RF,8,0.5649606299212598,0.5039370078740157,0.6259842519685039,0.5739910313901345,0.5039370078740157,0.5366876310272537,0.5946044392088784
0,ELM,RF,9,0.5275590551181102,0.4763779527559055,0.5787401574803149,0.5307017543859649,0.4763779527559055,0.5020746887966805,0.5730981461962925
0,ELM,RF,10,0.5374015748031497,0.5236220472440944,0.5511811023622047,0.5384615384615384,0.5236220472440944,0.530938123752495,0.5687891375782752
0,ELM,RF,11,0.5570866141732284,0.5039370078740157,0.610236220472441,0.5638766519823789,0.5039370078740157,0.5322245322245323,0.5981926963853929
0,ELM,RF,12,0.5413385826771654,0.5078740157480315,0.5748031496062992,0.5443037974683544,0.5078740157480315,0.5254582484725051,0.5811349122698246
0,ELM,RF,13,0.5649606299212598,0.5236220472440944,0.6062992125984252,0.5708154506437768,0.5236220472440944,0.5462012320328542,0.57998790997582
0,ELM,RF,14,0.5570866141732284,0.5196850393700787,0.594488188976378,0.5617021276595745,0.5196850393700787,0.5398773006134969,0.5745241490482981
0,ELM,RF,15,0.5688976377952756,0.5236220472440944,0.6141732283464567,0.5757575757575758,0.5236220472440944,0.5484536082474227,0.5870094240188479
0,ELM,RF,16,0.5413385826771654,0.5196850393700787,0.562992125984252,0.5432098765432098,0.5196850393700787,0.5311871227364185,0.5523203546407093
0,ELM,RF,17,0.5216535433070866,0.5039370078740157,0.5393700787401575,0.5224489795918368,0.5039370078740157,0.5130260521042084,0.5541958583917169
0,ELM,RF,18,0.5570866141732284,0.5354330708661418,0.5787401574803149,0.5596707818930041,0.5354330708661418,0.5472837022132797,0.5716178932357865
0,ELM,RF,19,0.5334645669291339,0.484251968503937,0.5826771653543307,0.537117903930131,0.484251968503937,0.5093167701863354,0.558008866017732
0,ELM,RF,20,0.5531496062992126,0.5275590551181102,0.5787401574803149,0.5560165975103735,0.5275590551181102,0.5414141414141415,0.58996217992436
0,ELM,RF,21,0.5334645669291339,0.4645669291338583,0.6023622047244095,0.5388127853881278,0.4645669291338583,0.4989429175475687,0.5813829127658255
0,ELM,RF,22,0.5748031496062992,0.5393700787401575,0.610236220472441,0.5805084745762712,0.5393700787401575,0.5591836734693878,0.5861414222828446
0,ELM,RF,23,0.5433070866141733,0.5433070866141733,0.5433070866141733,0.5433070866141733,0.5433070866141733,0.5433070866141733,0.5573966147932297
0,ELM,RF,24,0.5295275590551181,0.47244094488188976,0.5866141732283464,0.5333333333333333,0.47244094488188976,0.5010438413361169,0.557993365986732
0,ELM,RF,25,0.547244094488189,0.4921259842519685,0.6023622047244095,0.5530973451327433,0.4921259842519685,0.5208333333333334,0.5807086614173229
0,ELM,RF,26,0.5649606299212598,0.547244094488189,0.5826771653543307,0.5673469387755102,0.547244094488189,0.5571142284569138,0.5799879099758201
0,ELM,RF,27,0.5570866141732284,0.5275590551181102,0.5866141732283464,0.5606694560669456,0.5275590551181102,0.5436105476673428,0.5835916671833344
0,ELM,RF,28,0.5590551181102362,0.49606299212598426,0.6220472440944882,0.5675675675675675,0.49606299212598426,0.5294117647058824,0.5821889143778288
0,ELM,RF,29,0.594488188976378,0.562992125984252,0.6259842519685039,0.6008403361344538,0.562992125984252,0.5813008130081301,0.6100347200694402
0,ELM,RF,30,0.5452755905511811,0.5078740157480315,0.5826771653543307,0.548936170212766,0.5078740157480315,0.5276073619631901,0.5706723913447826
0,ELM,RF,31,0.5531496062992126,0.5196850393700787,0.5866141732283464,0.5569620253164557,0.5196850393700787,0.5376782077393075,0.5701298902597806
0,ELM,RF,32,0.5492125984251969,0.5433070866141733,0.5551181102362205,0.549800796812749,0.5433070866141733,0.5465346534653466,0.5812744125488251
0,ELM,AdaBoost,1,0.5728346456692913,0.5196850393700787,0.6259842519685039,0.5814977973568282,0.5196850393700787,0.5488565488565489,0.5977819455638911
0,ELM,AdaBoost,2,0.5433070866141733,0.562992125984252,0.5236220472440944,0.5416666666666666,0.562992125984252,0.5521235521235521,0.5722378944757889
0,ELM,AdaBoost,3,0.5177165354330708,0.5354330708661418,0.5,0.5171102661596958,0.5354330708661418,0.5261121856866537,0.5310233120466241
0,ELM,AdaBoost,4,0.5413385826771654,0.5275590551181102,0.5551181102362205,0.5425101214574899,0.5275590551181102,0.5349301397205589,0.554265608531217
0,ELM,AdaBoost,5,0.5669291338582677,0.5669291338582677,0.5669291338582677,0.5669291338582677,0.5669291338582677,0.5669291338582677,0.5854361708723417
0,ELM,AdaBoost,6,0.5433070866141733,0.4763779527559055,0.610236220472441,0.55,0.4763779527559055,0.510548523206751,0.5621318742637486
0,ELM,AdaBoost,7,0.562992125984252,0.5748031496062992,0.5511811023622047,0.5615384615384615,0.5748031496062992,0.5680933852140078,0.5776396552793105
0,ELM,AdaBoost,8,0.5374015748031497,0.515748031496063,0.5590551181102362,0.5390946502057613,0.515748031496063,0.5271629778672032,0.5367970735941472
0,ELM,AdaBoost,9,0.5196850393700787,0.5,0.5393700787401575,0.5204918032786885,0.5,0.5100401606425703,0.5355725711451422
0,ELM,AdaBoost,10,0.5688976377952756,0.5826771653543307,0.5551181102362205,0.5670498084291188,0.5826771653543307,0.574757281553398,0.5708118916237833
0,ELM,AdaBoost,11,0.5177165354330708,0.5354330708661418,0.5,0.5171102661596958,0.5354330708661418,0.5261121856866537,0.5335343170686342
0,ELM,AdaBoost,12,0.5177165354330708,0.5196850393700787,0.515748031496063,0.5176470588235295,0.5196850393700787,0.518664047151277,0.5416253332506664
0,ELM,AdaBoost,13,0.5295275590551181,0.5354330708661418,0.5236220472440944,0.5291828793774319,0.5354330708661418,0.5322896281800391,0.5459653419306838
0,ELM,AdaBoost,14,0.562992125984252,0.5826771653543307,0.5433070866141733,0.5606060606060606,0.5826771653543307,0.5714285714285714,0.5584351168702337
0,ELM,AdaBoost,15,0.5728346456692913,0.5275590551181102,0.6181102362204725,0.5800865800865801,0.5275590551181102,0.5525773195876289,0.6001302002604005
0,ELM,AdaBoost,16,0.5492125984251969,0.562992125984252,0.5354330708661418,0.5478927203065134,0.562992125984252,0.5553398058252427,0.5741986483972968
0,ELM,AdaBoost,17,0.5374015748031497,0.5511811023622047,0.5236220472440944,0.5363984674329502,0.5511811023622047,0.5436893203883495,0.5512973525947051
0,ELM,AdaBoost,18,0.531496062992126,0.531496062992126,0.531496062992126,0.531496062992126,0.531496062992126,0.531496062992126,0.5378743257486515
0,ELM,AdaBoost,19,0.5255905511811023,0.484251968503937,0.5669291338582677,0.5278969957081545,0.484251968503937,0.5051334702258727,0.5431288362576725
0,ELM,AdaBoost,20,0.5688976377952756,0.5905511811023622,0.547244094488189,0.5660377358490566,0.5905511811023622,0.5780346820809249,0.5721836443672887
0,ELM,AdaBoost,21,0.531496062992126,0.5354330708661418,0.5275590551181102,0.53125,0.5354330708661418,0.5333333333333333,0.5404163308326617
0,ELM,AdaBoost,22,0.5413385826771654,0.5787401574803149,0.5039370078740157,0.5384615384615384,0.5787401574803149,0.5578747628083491,0.5681691363382727
0,ELM,AdaBoost,23,0.5334645669291339,0.5078740157480315,0.5590551181102362,0.5352697095435685,0.5078740157480315,0.5212121212121212,0.5234825469650939
0,ELM,AdaBoost,24,0.5905511811023622,0.6181102362204725,0.562992125984252,0.585820895522388,0.6181102362204725,0.6015325670498084,0.6013237026474053
0,ELM,AdaBoost,25,0.5433070866141733,0.5708661417322834,0.515748031496063,0.5410447761194029,0.5708661417322834,0.5555555555555556,0.5408038316076633
0,ELM,AdaBoost,26,0.5413385826771654,0.5511811023622047,0.531496062992126,0.5405405405405406,0.5511811023622047,0.5458089668615984,0.5469418438836878
0,ELM,AdaBoost,27,0.5590551181102362,0.5551181102362205,0.562992125984252,0.5595238095238095,0.5551181102362205,0.5573122529644269,0.5776861553723107
0,ELM,AdaBoost,28,0.531496062992126,0.5078740157480315,0.5551181102362205,0.5330578512396694,0.5078740157480315,0.5201612903225806,0.5318680637361275
0,ELM,AdaBoost,29,0.5551181102362205,0.5354330708661418,0.5748031496062992,0.5573770491803278,0.5354330708661418,0.5461847389558233,0.5645421290842582
0,ELM,AdaBoost,30,0.5748031496062992,0.5748031496062992,0.5748031496062992,0.5748031496062992,0.5748031496062992,0.5748031496062992,0.5590241180482362
0,ELM,AdaBoost,31,0.5570866141732284,0.5511811023622047,0.562992125984252,0.5577689243027888,0.5511811023622047,0.5544554455445545,0.5803754107508216
0,ELM,AdaBoost,32,0.5452755905511811,0.5196850393700787,0.5708661417322834,0.5477178423236515,0.5196850393700787,0.5333333333333333,0.5677041354082708
1,ELM,LR,1,0.5413385826771654,0.5275590551181102,0.5551181102362205,0.5425101214574899,0.5275590551181102,0.5349301397205589,0.5630541261082522
1,ELM,LR,2,0.5708661417322834,0.562992125984252,0.5787401574803149,0.572,0.562992125984252,0.5674603174603174,0.5856531713063426
1,ELM,LR,3,0.5708661417322834,0.562992125984252,0.5787401574803149,0.572,0.562992125984252,0.5674603174603174,0.5867691735383471
1,ELM,LR,4,0.562992125984252,0.6220472440944882,0.5039370078740157,0.5563380281690141,0.6220472440944882,0.587360594795539,0.5802126604253208
1,ELM,LR,5,0.5787401574803149,0.5826771653543307,0.5748031496062992,0.578125,0.5826771653543307,0.5803921568627451,0.6196602393204786
1,ELM,LR,6,0.5787401574803149,0.5787401574803149,0.5787401574803149,0.5787401574803149,0.5787401574803149,0.5787401574803149,0.6092132184264369
1,ELM,LR,7,0.594488188976378,0.5866141732283464,0.6023622047244095,0.596,0.5866141732283464,0.5912698412698413,0.6224657449314899
1,ELM,LR,8,0.5570866141732284,0.594488188976378,0.5196850393700787,0.5531135531135531,0.594488188976378,0.573055028462998,0.6032922065844132
1,ELM,LR,9,0.5807086614173228,0.5984251968503937,0.562992125984252,0.5779467680608364,0.5984251968503937,0.5880077369439072,0.6173042346084693
1,ELM,LR,10,0.6062992125984252,0.6220472440944882,0.5905511811023622,0.6030534351145038,0.6220472440944882,0.6124031007751938,0.6305567611135223
1,ELM,LR,11,0.59251968503937,0.594488188976378,0.5905511811023622,0.592156862745098,0.594488188976378,0.593320235756385,0.6177227354454708
1,ELM,LR,12,0.6003937007874016,0.6220472440944882,0.5787401574803149,0.5962264150943396,0.6220472440944882,0.6088631984585742,0.6304482608965218
1,ELM,LR,13,0.5807086614173228,0.594488188976378,0.5669291338582677,0.578544061302682,0.594488188976378,0.5864077669902913,0.6146227292454586
1,ELM,LR,14,0.5688976377952756,0.5708661417322834,0.5669291338582677,0.5686274509803921,0.5708661417322834,0.5697445972495089,0.6041137082274164
1,ELM,LR,15,0.5846456692913385,0.5511811023622047,0.6181102362204725,0.5907172995780591,0.5511811023622047,0.570264765784114,0.6094457188914378
1,ELM,LR,16,0.5846456692913385,0.5708661417322834,0.5984251968503937,0.5870445344129555,0.5708661417322834,0.5788423153692615,0.6154287308574617
1,ELM,LR,17,0.562992125984252,0.5511811023622047,0.5748031496062992,0.5645161290322581,0.5511811023622047,0.5577689243027888,0.5972161944323888
1,ELM,LR,18,0.5708661417322834,0.610236220472441,0.531496062992126,0.5656934306569343,0.610236220472441,0.5871212121212122,0.6003317006634012
1,ELM,LR,19,0.5748031496062992,0.6181102362204725,0.531496062992126,0.5688405797101449,0.6181102362204725,0.5924528301886792,0.6056172112344225
1,ELM,LR,20,0.5649606299212598,0.5984251968503937,0.531496062992126,0.5608856088560885,0.5984251968503937,0.579047619047619,0.6006417012834026
1,ELM,LR,21,0.5728346456692913,0.6259842519685039,0.5196850393700787,0.5658362989323843,0.6259842519685039,0.594392523364486,0.6053537107074214
1,ELM,LR,22,0.5708661417322834,0.6259842519685039,0.515748031496063,0.5638297872340425,0.6259842519685039,0.5932835820895522,0.597247194494389
1,ELM,LR,23,0.5748031496062992,0.6377952755905512,0.5118110236220472,0.5664335664335665,0.6377952755905512,0.6,0.6049042098084196
1,ELM,LR,24,0.562992125984252,0.594488188976378,0.531496062992126,0.5592592592592592,0.594488188976378,0.5763358778625954,0.5945191890383781
1,ELM,LR,25,0.6023622047244095,0.6299212598425197,0.5748031496062992,0.5970149253731343,0.6299212598425197,0.6130268199233716,0.6053537107074214
1,ELM,LR,26,0.5964566929133859,0.6377952755905512,0.5551181102362205,0.5890909090909091,0.6377952755905512,0.6124763705103969,0.5968596937193874
1,ELM,LR,27,0.5728346456692913,0.6062992125984252,0.5393700787401575,0.5682656826568265,0.6062992125984252,0.5866666666666667,0.5971851943703887
1,ELM,LR,28,0.5787401574803149,0.6023622047244095,0.5551181102362205,0.575187969924812,0.6023622047244095,0.5884615384615385,0.6089497178994359
1,ELM,LR,29,0.5728346456692913,0.5866141732283464,0.5590551181102362,0.5708812260536399,0.5866141732283464,0.5786407766990291,0.5930931861863723
1,ELM,LR,30,0.5748031496062992,0.594488188976378,0.5551181102362205,0.571969696969697,0.594488188976378,0.583011583011583,0.5902876805753612
1,ELM,LR,31,0.5669291338582677,0.5866141732283464,0.547244094488189,0.5643939393939394,0.5866141732283464,0.5752895752895753,0.6000372000744001
1,ELM,LR,32,0.5590551181102362,0.5708661417322834,0.547244094488189,0.5576923076923077,0.5708661417322834,0.5642023346303502,0.5925971851943704
1,ELM,RF,1,0.5688976377952756,0.5393700787401575,0.5984251968503937,0.5732217573221757,0.5393700787401575,0.5557809330628803,0.6168779837559675
1,ELM,RF,2,0.5767716535433071,0.5708661417322834,0.5826771653543307,0.5776892430278885,0.5708661417322834,0.5742574257425742,0.6024009548019097
1,ELM,RF,3,0.547244094488189,0.5275590551181102,0.5669291338582677,0.5491803278688525,0.5275590551181102,0.5381526104417671,0.5960304420608843
1,ELM,RF,4,0.59251968503937,0.5511811023622047,0.6338582677165354,0.6008583690987125,0.5511811023622047,0.5749486652977412,0.623767747535495
1,ELM,RF,5,0.5964566929133859,0.547244094488189,0.6456692913385826,0.6069868995633187,0.547244094488189,0.5755693581780539,0.6326647653295308
1,ELM,RF,6,0.562992125984252,0.5393700787401575,0.5866141732283464,0.5661157024793388,0.5393700787401575,0.5524193548387096,0.5875054250108499
1,ELM,RF,7,0.5708661417322834,0.547244094488189,0.594488188976378,0.5743801652892562,0.547244094488189,0.5604838709677419,0.5981616963233926
1,ELM,RF,8,0.5649606299212598,0.5590551181102362,0.5708661417322834,0.5657370517928287,0.5590551181102362,0.5623762376237624,0.5861646723293445
1,ELM,RF,9,0.547244094488189,0.5433070866141733,0.5511811023622047,0.5476190476190477,0.5433070866141733,0.5454545454545454,0.5657278814557629
1,ELM,RF,10,0.610236220472441,0.5748031496062992,0.6456692913385826,0.6186440677966102,0.5748031496062992,0.5959183673469388,0.6404612809225619
1,ELM,RF,11,0.547244094488189,0.5118110236220472,0.5826771653543307,0.5508474576271186,0.5118110236220472,0.5306122448979592,0.5926901853803708
1,ELM,RF,12,0.5905511811023622,0.5708661417322834,0.610236220472441,0.5942622950819673,0.5708661417322834,0.5823293172690763,0.5902489304978611
1,ELM,RF,13,0.5492125984251969,0.5393700787401575,0.5590551181102362,0.5502008032128514,0.5393700787401575,0.5447316103379721,0.5618916237832476
1,ELM,RF,14,0.5492125984251969,0.5,0.5984251968503937,0.5545851528384279,0.5,0.525879917184265,0.5784611569223138
1,ELM,RF,15,0.5551181102362205,0.531496062992126,0.5787401574803149,0.5578512396694215,0.531496062992126,0.5443548387096774,0.5821579143158288
1,ELM,RF,16,0.5393700787401575,0.5078740157480315,0.5708661417322834,0.542016806722689,0.5078740157480315,0.524390243902439,0.5454073408146817
1,ELM,RF,17,0.5492125984251969,0.5196850393700787,0.5787401574803149,0.5523012552301255,0.5196850393700787,0.5354969574036511,0.5929381858763718
1,ELM,RF,18,0.562992125984252,0.5433070866141733,0.5826771653543307,0.5655737704918032,0.5433070866141733,0.5542168674698795,0.5621318742637484
1,ELM,RF,19,0.5551181102362205,0.5354330708661418,0.5748031496062992,0.5573770491803278,0.5354330708661418,0.5461847389558233,0.5715326430652861
1,ELM,RF,20,0.5531496062992126,0.531496062992126,0.5748031496062992,0.5555555555555556,0.531496062992126,0.5432595573440644,0.5802436604873211
1,ELM,RF,21,0.5511811023622047,0.5196850393700787,0.5826771653543307,0.5546218487394958,0.5196850393700787,0.5365853658536586,0.5511346022692045
1,ELM,RF,22,0.5590551181102362,0.5708661417322834,0.547244094488189,0.5576923076923077,0.5708661417322834,0.5642023346303502,0.5683861367722736
1,ELM,RF,23,0.5452755905511811,0.5590551181102362,0.531496062992126,0.5440613026819924,0.5590551181102362,0.5514563106796116,0.546740343480687
1,ELM,RF,24,0.5393700787401575,0.5039370078740157,0.5748031496062992,0.5423728813559322,0.5039370078740157,0.5224489795918368,0.5420825841651684
1,ELM,RF,25,0.5216535433070866,0.4881889763779528,0.5551181102362205,0.5232067510548524,0.4881889763779528,0.505091649694501,0.5634803769607539
1,ELM,RF,26,0.5216535433070866,0.5078740157480315,0.5354330708661418,0.5222672064777328,0.5078740157480315,0.5149700598802395,0.5464768429536859
1,ELM,RF,27,0.5137795275590551,0.49606299212598426,0.531496062992126,0.5142857142857142,0.49606299212598426,0.5050100200400801,0.5380758261516523
1,ELM,RF,28,0.5216535433070866,0.5236220472440944,0.5196850393700787,0.5215686274509804,0.5236220472440944,0.5225933202357563,0.5428730857461715
1,ELM,RF,29,0.5275590551181102,0.515748031496063,0.5393700787401575,0.5282258064516129,0.515748031496063,0.5219123505976095,0.5465930931861864
1,ELM,RF,30,0.531496062992126,0.484251968503937,0.5787401574803149,0.5347826086956522,0.484251968503937,0.5082644628099173,0.5463683427366854
1,ELM,RF,31,0.5118110236220472,0.4881889763779528,0.5354330708661418,0.512396694214876,0.4881889763779528,0.5,0.5196772893545788
1,ELM,RF,32,0.5019685039370079,0.48031496062992124,0.5236220472440944,0.5020576131687243,0.48031496062992124,0.4909456740442656,0.5098270196540393
1,ELM,AdaBoost,1,0.5334645669291339,0.5826771653543307,0.484251968503937,0.5304659498207885,0.5826771653543307,0.5553470919324578,0.5553118606237213
1,ELM,AdaBoost,2,0.5452755905511811,0.5433070866141733,0.547244094488189,0.5454545454545454,0.5433070866141733,0.5443786982248521,0.5595743691487383
1,ELM,AdaBoost,3,0.5610236220472441,0.547244094488189,0.5748031496062992,0.562753036437247,0.547244094488189,0.5548902195608783,0.5860561721123442
1,ELM,AdaBoost,4,0.5078740157480315,0.547244094488189,0.468503937007874,0.5072992700729927,0.547244094488189,0.5265151515151515,0.5522893545787091
1,ELM,AdaBoost,5,0.5511811023622047,0.5551181102362205,0.547244094488189,0.55078125,0.5551181102362205,0.5529411764705883,0.5582491164982331
1,ELM,AdaBoost,6,0.5610236220472441,0.5433070866141733,0.5787401574803149,0.563265306122449,0.5433070866141733,0.5531062124248497,0.5756866513733028
1,ELM,AdaBoost,7,0.5511811023622047,0.5590551181102362,0.5433070866141733,0.5503875968992248,0.5590551181102362,0.5546875,0.5730903961807924
1,ELM,AdaBoost,8,0.5374015748031497,0.5039370078740157,0.5708661417322834,0.540084388185654,0.5039370078740157,0.5213849287169042,0.5642863785727572
1,ELM,AdaBoost,9,0.531496062992126,0.515748031496063,0.547244094488189,0.532520325203252,0.515748031496063,0.524,0.5556063612127224
1,ELM,AdaBoost,10,0.5374015748031497,0.5708661417322834,0.5039370078740157,0.5350553505535055,0.5708661417322834,0.5523809523809524,0.553025606051212
1,ELM,AdaBoost,11,0.5551181102362205,0.547244094488189,0.562992125984252,0.556,0.547244094488189,0.5515873015873016,0.5847851695703391
1,ELM,AdaBoost,12,0.5570866141732284,0.6062992125984252,0.5078740157480315,0.5519713261648745,0.6062992125984252,0.5778611632270169,0.5849246698493397
1,ELM,AdaBoost,13,0.5334645669291339,0.547244094488189,0.5196850393700787,0.5325670498084292,0.547244094488189,0.5398058252427185,0.5476470952941905
1,ELM,AdaBoost,14,0.5334645669291339,0.5708661417322834,0.49606299212598426,0.5311355311355311,0.5708661417322834,0.5502846299810247,0.5535913571827145
1,ELM,AdaBoost,15,0.5511811023622047,0.5866141732283464,0.515748031496063,0.5477941176470589,0.5866141732283464,0.5665399239543726,0.5974796949593899
1,ELM,AdaBoost,16,0.5728346456692913,0.5433070866141733,0.6023622047244095,0.5774058577405857,0.5433070866141733,0.5598377281947262,0.5683318866637733
1,ELM,AdaBoost,17,0.5688976377952756,0.5787401574803149,0.5590551181102362,0.5675675675675675,0.5787401574803149,0.5730994152046783,0.6030287060574122
1,ELM,AdaBoost,18,0.5275590551181102,0.515748031496063,0.5393700787401575,0.5282258064516129,0.515748031496063,0.5219123505976095,0.533487816975634
1,ELM,AdaBoost,19,0.5551181102362205,0.562992125984252,0.547244094488189,0.5542635658914729,0.562992125984252,0.55859375,0.5867769235538471
1,ELM,AdaBoost,20,0.547244094488189,0.5354330708661418,0.5590551181102362,0.5483870967741935,0.5354330708661418,0.5418326693227091,0.5494450988901978
1,ELM,AdaBoost,21,0.547244094488189,0.547244094488189,0.547244094488189,0.547244094488189,0.547244094488189,0.547244094488189,0.5745706491412983
1,ELM,AdaBoost,22,0.515748031496063,0.5196850393700787,0.5118110236220472,0.515625,0.5196850393700787,0.5176470588235295,0.509726269452539
1,ELM,AdaBoost,23,0.5334645669291339,0.5551181102362205,0.5118110236220472,0.5320754716981132,0.5551181102362205,0.5433526011560693,0.540974331948664
1,ELM,AdaBoost,24,0.5196850393700787,0.5354330708661418,0.5039370078740157,0.5190839694656488,0.5354330708661418,0.5271317829457365,0.5514136028272056
1,ELM,AdaBoost,25,0.515748031496063,0.5196850393700787,0.5118110236220472,0.515625,0.5196850393700787,0.5176470588235295,0.5155232810465621
1,ELM,AdaBoost,26,0.5216535433070866,0.547244094488189,0.49606299212598426,0.5205992509363296,0.547244094488189,0.5335892514395394,0.5279388058776118
1,ELM,AdaBoost,27,0.5295275590551181,0.5039370078740157,0.5551181102362205,0.5311203319502075,0.5039370078740157,0.5171717171717172,0.5525606051212102
1,ELM,AdaBoost,28,0.5413385826771654,0.5787401574803149,0.5039370078740157,0.5384615384615384,0.5787401574803149,0.5578747628083491,0.551219852439705
1,ELM,AdaBoost,29,0.5295275590551181,0.515748031496063,0.5433070866141733,0.5303643724696356,0.515748031496063,0.5229540918163673,0.5393778287556574
1,ELM,AdaBoost,30,0.5177165354330708,0.4921259842519685,0.5433070866141733,0.5186721991701245,0.4921259842519685,0.5050505050505051,0.5209172918345837
1,ELM,AdaBoost,31,0.5196850393700787,0.5826771653543307,0.4566929133858268,0.5174825174825175,0.5826771653543307,0.5481481481481482,0.5443843387686775
1,ELM,AdaBoost,32,0.5196850393700787,0.5669291338582677,0.47244094488188976,0.5179856115107914,0.5669291338582677,0.5413533834586466,0.5386493272986547
2,ELM,LR,1,0.5551181102362205,0.5511811023622047,0.5590551181102362,0.5555555555555556,0.5511811023622047,0.5533596837944664,0.5741056482112964
2,ELM,LR,2,0.5570866141732284,0.5511811023622047,0.562992125984252,0.5577689243027888,0.5511811023622047,0.5544554455445545,0.5820726641453282
2,ELM,LR,3,0.5354330708661418,0.5433070866141733,0.5275590551181102,0.5348837209302325,0.5433070866141733,0.5390625,0.5604346208692417
2,ELM,LR,4,0.5374015748031497,0.5905511811023622,0.484251968503937,0.5338078291814946,0.5905511811023622,0.5607476635514018,0.556993613987228
2,ELM,LR,5,0.562992125984252,0.5905511811023622,0.5354330708661418,0.5597014925373134,0.5905511811023622,0.5747126436781609,0.5876681753363506
2,ELM,LR,6,0.5649606299212598,0.5787401574803149,0.5511811023622047,0.5632183908045977,0.5787401574803149,0.570873786407767,0.5898071796143592
2,ELM,LR,7,0.5767716535433071,0.594488188976378,0.5590551181102362,0.5741444866920152,0.594488188976378,0.5841392649903289,0.5867536735073471
2,ELM,LR,8,0.5669291338582677,0.5905511811023622,0.5433070866141733,0.5639097744360902,0.5905511811023622,0.5769230769230769,0.569254138508277
2,ELM,LR,9,0.5669291338582677,0.5866141732283464,0.547244094488189,0.5643939393939394,0.5866141732283464,0.5752895752895753,0.5725246450492901
2,ELM,LR,10,0.5511811023622047,0.6023622047244095,0.5,0.5464285714285714,0.6023622047244095,0.5730337078651685,0.5735476470952942
2,ELM,LR,11,0.5570866141732284,0.5826771653543307,0.531496062992126,0.5543071161048689,0.5826771653543307,0.5681381957773513,0.5777946555893112
2,ELM,LR,12,0.5610236220472441,0.5551181102362205,0.5669291338582677,0.5617529880478087,0.5551181102362205,0.5584158415841585,0.5772211544423089
2,ELM,LR,13,0.5669291338582677,0.5826771653543307,0.5511811023622047,0.5648854961832062,0.5826771653543307,0.5736434108527132,0.5848626697253395
2,ELM,LR,14,0.5748031496062992,0.5866141732283464,0.562992125984252,0.573076923076923,0.5866141732283464,0.5797665369649806,0.5996961993923988
2,ELM,LR,15,0.5669291338582677,0.5984251968503937,0.5354330708661418,0.562962962962963,0.5984251968503937,0.5801526717557252,0.5929691859383719
2,ELM,LR,16,0.5846456692913385,0.5984251968503937,0.5708661417322834,0.5823754789272031,0.5984251968503937,0.5902912621359223,0.5940851881703764
2,ELM,LR,17,0.5551181102362205,0.5748031496062992,0.5354330708661418,0.553030303030303,0.5748031496062992,0.5637065637065637,0.5888616777233555
2,ELM,LR,18,0.5334645669291339,0.5551181102362205,0.5118110236220472,0.5320754716981132,0.5551181102362205,0.5433526011560693,0.562744125488251
2,ELM,LR,19,0.5433070866141733,0.5433070866141733,0.5433070866141733,0.5433070866141733,0.5433070866141733,0.5433070866141733,0.5679521359042717
2,ELM,LR,20,0.5374015748031497,0.5393700787401575,0.5354330708661418,0.5372549019607843,0.5393700787401575,0.5383104125736738,0.5733926467852937
2,ELM,LR,21,0.5393700787401575,0.5354330708661418,0.5433070866141733,0.5396825396825397,0.5354330708661418,0.5375494071146245,0.5711141422282844
2,ELM,LR,22,0.5354330708661418,0.531496062992126,0.5393700787401575,0.5357142857142857,0.531496062992126,0.5335968379446641,0.5745241490482981
2,ELM,LR,23,0.5255905511811023,0.5236220472440944,0.5275590551181102,0.525691699604743,0.5236220472440944,0.52465483234714,0.558512617025234
2,ELM,LR,24,0.5492125984251969,0.5551181102362205,0.5433070866141733,0.5486381322957199,0.5551181102362205,0.5518590998043053,0.5649296298592597
2,ELM,LR,25,0.5275590551181102,0.5196850393700787,0.5354330708661418,0.528,0.5196850393700787,0.5238095238095238,0.5638756277512555
2,ELM,LR,26,0.5452755905511811,0.5551181102362205,0.5354330708661418,0.5444015444015444,0.5551181102362205,0.5497076023391813,0.5593031186062373
2,ELM,LR,27,0.5610236220472441,0.5708661417322834,0.5511811023622047,0.5598455598455598,0.5708661417322834,0.5653021442495126,0.5710211420422842
2,ELM,LR,28,0.5452755905511811,0.5354330708661418,0.5551181102362205,0.5461847389558233,0.5354330708661418,0.5407554671968191,0.5756711513423027
2,ELM,LR,29,0.547244094488189,0.5118110236220472,0.5826771653543307,0.5508474576271186,0.5118110236220472,0.5306122448979592,0.5635656271312542
2,ELM,LR,30,0.5551181102362205,0.531496062992126,0.5787401574803149,0.5578512396694215,0.531496062992126,0.5443548387096774,0.576244652489305
2,ELM,LR,31,0.5610236220472441,0.547244094488189,0.5748031496062992,0.562753036437247,0.547244094488189,0.5548902195608783,0.5658906317812635
2,ELM,LR,32,0.5413385826771654,0.5196850393700787,0.562992125984252,0.5432098765432098,0.5196850393700787,0.5311871227364185,0.5653171306342613
2,ELM,RF,1,0.5334645669291339,0.5354330708661418,0.531496062992126,0.5333333333333333,0.5354330708661418,0.5343811394891945,0.5687968875937752
2,ELM,RF,2,0.547244094488189,0.5196850393700787,0.5748031496062992,0.55,0.5196850393700787,0.5344129554655871,0.5726253952507906
2,ELM,RF,3,0.5531496062992126,0.5275590551181102,0.5787401574803149,0.5560165975103735,0.5275590551181102,0.5414141414141415,0.5918919337838676
2,ELM,RF,4,0.5492125984251969,0.5393700787401575,0.5590551181102362,0.5502008032128514,0.5393700787401575,0.5447316103379721,0.5794531589063179
2,ELM,RF,5,0.5748031496062992,0.531496062992126,0.6181102362204725,0.5818965517241379,0.531496062992126,0.5555555555555556,0.6170872341744684
2,ELM,RF,6,0.547244094488189,0.5275590551181102,0.5669291338582677,0.5491803278688525,0.5275590551181102,0.5381526104417671,0.5881951763903528
2,ELM,RF,7,0.5255905511811023,0.5354330708661418,0.515748031496063,0.525096525096525,0.5354330708661418,0.530214424951267,0.55497860995722
2,ELM,RF,8,0.5964566929133859,0.5669291338582677,0.6259842519685039,0.602510460251046,0.5669291338582677,0.5841784989858012,0.5971619443238888
2,ELM,RF,9,0.5866141732283464,0.5669291338582677,0.6062992125984252,0.5901639344262295,0.5669291338582677,0.5783132530120482,0.5959606919213838
2,ELM,RF,10,0.5590551181102362,0.531496062992126,0.5866141732283464,0.5625,0.531496062992126,0.5465587044534413,0.590520181040362
2,ELM,RF,11,0.5807086614173228,0.5590551181102362,0.6023622047244095,0.5843621399176955,0.5590551181102362,0.5714285714285714,0.5820726641453283
2,ELM,RF,12,0.5610236220472441,0.5551181102362205,0.5669291338582677,0.5617529880478087,0.5551181102362205,0.5584158415841585,0.5854439208878417
2,ELM,RF,13,0.5728346456692913,0.5511811023622047,0.594488188976378,0.5761316872427984,0.5511811023622047,0.5633802816901409,0.5976966953933908
2,ELM,RF,14,0.5688976377952756,0.5590551181102362,0.5787401574803149,0.570281124497992,0.5590551181102362,0.5646123260437376,0.5957049414098828
2,ELM,RF,15,0.5393700787401575,0.531496062992126,0.547244094488189,0.54,0.531496062992126,0.5357142857142857,0.5744543989087978
2,ELM,RF,16,0.5551181102362205,0.531496062992126,0.5787401574803149,0.5578512396694215,0.531496062992126,0.5443548387096774,0.5786626573253147
2,ELM,RF,17,0.5669291338582677,0.5708661417322834,0.562992125984252,0.56640625,0.5708661417322834,0.5686274509803921,0.5850796701593404
2,ELM,RF,18,0.5610236220472441,0.5826771653543307,0.5393700787401575,0.5584905660377358,0.5826771653543307,0.5703275529865125,0.5894274288548578
2,ELM,RF,19,0.5767716535433071,0.5590551181102362,0.594488188976378,0.5795918367346938,0.5590551181102362,0.5691382765531062,0.5894274288548578
2,ELM,RF,20,0.59251968503937,0.5984251968503937,0.5866141732283464,0.5914396887159533,0.5984251968503937,0.5949119373776908,0.6111739723479446
2,ELM,RF,21,0.5216535433070866,0.4409448818897638,0.6023622047244095,0.5258215962441315,0.4409448818897638,0.4796573875802998,0.5442835885671771
2,ELM,RF,22,0.5570866141732284,0.5354330708661418,0.5787401574803149,0.5596707818930041,0.5354330708661418,0.5472837022132797,0.566998883997768
2,ELM,RF,23,0.5787401574803149,0.562992125984252,0.594488188976378,0.5813008130081301,0.562992125984252,0.572,0.5906441812883627
2,ELM,RF,24,0.5492125984251969,0.48031496062992124,0.6181102362204725,0.5570776255707762,0.48031496062992124,0.5158562367864693,0.5820571641143283
2,ELM,RF,25,0.5196850393700787,0.4881889763779528,0.5511811023622047,0.5210084033613446,0.4881889763779528,0.5040650406504065,0.5369210738421477
2,ELM,RF,26,0.5531496062992126,0.562992125984252,0.5433070866141733,0.5521235521235521,0.562992125984252,0.557504873294347,0.5630463760927522
2,ELM,RF,27,0.5354330708661418,0.5,0.5708661417322834,0.538135593220339,0.5,0.5183673469387755,0.543221836443673
2,ELM,RF,28,0.5452755905511811,0.5,0.5905511811023622,0.5497835497835498,0.5,0.5237113402061856,0.5521731043462087
2,ELM,RF,29,0.5610236220472441,0.5393700787401575,0.5826771653543307,0.5637860082304527,0.5393700787401575,0.5513078470824949,0.5643716287432574
2,ELM,RF,30,0.5708661417322834,0.48031496062992124,0.6614173228346457,0.5865384615384616,0.48031496062992124,0.5281385281385281,0.5773296546593093
2,ELM,RF,31,0.5551181102362205,0.5511811023622047,0.5590551181102362,0.5555555555555556,0.5511811023622047,0.5533596837944664,0.574764399528799
2,ELM,RF,32,0.5590551181102362,0.5433070866141733,0.5748031496062992,0.5609756097560976,0.5433070866141733,0.552,0.577027404054808
2,ELM,AdaBoost,1,0.5531496062992126,0.5551181102362205,0.5511811023622047,0.5529411764705883,0.5551181102362205,0.5540275049115914,0.573470146940294
2,ELM,AdaBoost,2,0.5275590551181102,0.5236220472440944,0.531496062992126,0.5277777777777778,0.5236220472440944,0.525691699604743,0.538254076508153
2,ELM,AdaBoost,3,0.5551181102362205,0.5433070866141733,0.5669291338582677,0.5564516129032258,0.5433070866141733,0.549800796812749,0.5383160766321533
2,ELM,AdaBoost,4,0.562992125984252,0.5866141732283464,0.5393700787401575,0.5601503759398496,0.5866141732283464,0.573076923076923,0.5582026164052328
2,ELM,AdaBoost,5,0.5078740157480315,0.5196850393700787,0.49606299212598426,0.5076923076923077,0.5196850393700787,0.5136186770428015,0.5343945687891376
2,ELM,AdaBoost,6,0.5433070866141733,0.531496062992126,0.5551181102362205,0.5443548387096774,0.531496062992126,0.5378486055776892,0.560248620497241
2,ELM,AdaBoost,7,0.515748031496063,0.531496062992126,0.5,0.5152671755725191,0.531496062992126,0.5232558139534884,0.5433303366606734
2,ELM,AdaBoost,8,0.5255905511811023,0.5354330708661418,0.515748031496063,0.525096525096525,0.5354330708661418,0.530214424951267,0.5401760803521607
2,ELM,AdaBoost,9,0.5236220472440944,0.5196850393700787,0.5275590551181102,0.5238095238095238,0.5196850393700787,0.5217391304347826,0.5401838303676607
2,ELM,AdaBoost,10,0.5452755905511811,0.5748031496062992,0.515748031496063,0.5427509293680297,0.5748031496062992,0.5583173996175909,0.5493830987661975
2,ELM,AdaBoost,11,0.547244094488189,0.5393700787401575,0.5551181102362205,0.548,0.5393700787401575,0.5436507936507936,0.5446013392026784
2,ELM,AdaBoost,12,0.5570866141732284,0.5511811023622047,0.562992125984252,0.5577689243027888,0.5511811023622047,0.5544554455445545,0.5766166532333065
2,ELM,AdaBoost,13,0.5688976377952756,0.5354330708661418,0.6023622047244095,0.5738396624472574,0.5354330708661418,0.5539714867617108,0.6090272180544362
2,ELM,AdaBoost,14,0.5137795275590551,0.5118110236220472,0.515748031496063,0.5138339920948617,0.5118110236220472,0.5128205128205128,0.5317905635811271
2,ELM,AdaBoost,15,0.531496062992126,0.5236220472440944,0.5393700787401575,0.532,0.5236220472440944,0.5277777777777778,0.5471743443486887
2,ELM,AdaBoost,16,0.5433070866141733,0.5551181102362205,0.531496062992126,0.5423076923076923,0.5551181102362205,0.5486381322957199,0.5587606175212351
2,ELM,AdaBoost,17,0.5393700787401575,0.5669291338582677,0.5118110236220472,0.5373134328358209,0.5669291338582677,0.5517241379310345,0.5708583917167834
2,ELM,AdaBoost,18,0.5177165354330708,0.5118110236220472,0.5236220472440944,0.5179282868525896,0.5118110236220472,0.5148514851485149,0.5483678467356935
2,ELM,AdaBoost,19,0.4940944881889764,0.4763779527559055,0.5118110236220472,0.49387755102040815,0.4763779527559055,0.4849699398797595,0.5214442928885858
2,ELM,AdaBoost,20,0.5452755905511811,0.5118110236220472,0.5787401574803149,0.5485232067510548,0.5118110236220472,0.5295315682281059,0.560984871969744
2,ELM,AdaBoost,21,0.5570866141732284,0.5433070866141733,0.5708661417322834,0.5587044534412956,0.5433070866141733,0.5508982035928144,0.5645731291462583
2,ELM,AdaBoost,22,0.5059055118110236,0.547244094488189,0.4645669291338583,0.5054545454545455,0.547244094488189,0.5255198487712666,0.5078120156240313
2,ELM,AdaBoost,23,0.5511811023622047,0.47244094488188976,0.6299212598425197,0.5607476635514018,0.47244094488188976,0.5128205128205128,0.5634338768677537
2,ELM,AdaBoost,24,0.5374015748031497,0.5748031496062992,0.5,0.5347985347985348,0.5748031496062992,0.5540796963946869,0.5511036022072044
2,ELM,AdaBoost,25,0.531496062992126,0.5,0.562992125984252,0.5336134453781513,0.5,0.516260162601626,0.5469185938371877
2,ELM,AdaBoost,26,0.5275590551181102,0.4881889763779528,0.5669291338582677,0.5299145299145299,0.4881889763779528,0.5081967213114754,0.5380835761671523
2,ELM,AdaBoost,27,0.5216535433070866,0.48031496062992124,0.562992125984252,0.5236051502145923,0.48031496062992124,0.5010266940451745,0.5363708227416454
2,ELM,AdaBoost,28,0.5255905511811023,0.5118110236220472,0.5393700787401575,0.5263157894736842,0.5118110236220472,0.5189620758483033,0.5577066154132309
2,ELM,AdaBoost,29,0.5433070866141733,0.4645669291338583,0.6220472440944882,0.5514018691588785,0.4645669291338583,0.5042735042735043,0.5622868745737493
2,ELM,AdaBoost,30,0.5059055118110236,0.43700787401574803,0.5748031496062992,0.5068493150684932,0.43700787401574803,0.4693446088794926,0.5060682621365242
2,ELM,AdaBoost,31,0.5275590551181102,0.515748031496063,0.5393700787401575,0.5282258064516129,0.515748031496063,0.5219123505976095,0.531744063488127
2,ELM,AdaBoost,32,0.5354330708661418,0.5393700787401575,0.531496062992126,0.53515625,0.5393700787401575,0.5372549019607843,0.5405403310806621
3,ELM,LR,1,0.562992125984252,0.5590551181102362,0.5669291338582677,0.5634920634920635,0.5590551181102362,0.5612648221343873,0.5685721371442742
3,ELM,LR,2,0.5334645669291339,0.5354330708661418,0.531496062992126,0.5333333333333333,0.5354330708661418,0.5343811394891945,0.5479105958211917
3,ELM,LR,3,0.5433070866141733,0.5275590551181102,0.5590551181102362,0.5447154471544715,0.5275590551181102,0.536,0.5592256184512369
3,ELM,LR,4,0.5728346456692913,0.5826771653543307,0.562992125984252,0.5714285714285714,0.5826771653543307,0.5769980506822612,0.5757021514043028
3,ELM,LR,5,0.5826771653543307,0.5826771653543307,0.5826771653543307,0.5826771653543307,0.5826771653543307,0.5826771653543307,0.5991226982453965
3,ELM,LR,6,0.5708661417322834,0.562992125984252,0.5787401574803149,0.572,0.562992125984252,0.5674603174603174,0.5952786905573811
3,ELM,LR,7,0.5885826771653543,0.562992125984252,0.6141732283464567,0.5933609958506224,0.562992125984252,0.5777777777777777,0.6305257610515221
3,ELM,LR,8,0.5649606299212598,0.515748031496063,0.6141732283464567,0.5720524017467249,0.515748031496063,0.5424430641821946,0.6064077128154256
3,ELM,LR,9,0.5649606299212598,0.5748031496062992,0.5551181102362205,0.5637065637065637,0.5748031496062992,0.5692007797270955,0.6108717217434435
3,ELM,LR,10,0.5531496062992126,0.5433070866141733,0.562992125984252,0.5542168674698795,0.5433070866141733,0.5487077534791253,0.6016647033294066
3,ELM,LR,11,0.5570866141732284,0.547244094488189,0.5669291338582677,0.5582329317269076,0.547244094488189,0.5526838966202783,0.6038657077314155
3,ELM,LR,12,0.5590551181102362,0.5196850393700787,0.5984251968503937,0.5641025641025641,0.5196850393700787,0.5409836065573771,0.6052142104284209
3,ELM,LR,13,0.562992125984252,0.515748031496063,0.610236220472441,0.5695652173913044,0.515748031496063,0.5413223140495868,0.6065627131254261
3,ELM,LR,14,0.5728346456692913,0.5866141732283464,0.5590551181102362,0.5708812260536399,0.5866141732283464,0.5786407766990291,0.6053227106454213
3,ELM,LR,15,0.5570866141732284,0.562992125984252,0.5511811023622047,0.556420233463035,0.562992125984252,0.5596868884540117,0.5880866761733523
3,ELM,LR,16,0.5649606299212598,0.5551181102362205,0.5748031496062992,0.5662650602409639,0.5551181102362205,0.5606361829025845,0.5982856965713932
3,ELM,LR,17,0.5826771653543307,0.5590551181102362,0.6062992125984252,0.5867768595041323,0.5590551181102362,0.5725806451612904,0.6014632029264059
3,ELM,LR,18,0.5728346456692913,0.5511811023622047,0.594488188976378,0.5761316872427984,0.5511811023622047,0.5633802816901409,0.5964721929443859
3,ELM,LR,19,0.5669291338582677,0.5551181102362205,0.5787401574803149,0.5685483870967742,0.5551181102362205,0.5617529880478087,0.5970456940913882
3,ELM,LR,20,0.5708661417322834,0.5669291338582677,0.5748031496062992,0.5714285714285714,0.5669291338582677,0.5691699604743083,0.5945811891623782
3,ELM,LR,21,0.5570866141732284,0.5393700787401575,0.5748031496062992,0.5591836734693878,0.5393700787401575,0.5490981963927856,0.5910626821253642
3,ELM,LR,22,0.5728346456692913,0.5590551181102362,0.5866141732283464,0.5748987854251012,0.5590551181102362,0.5668662674650699,0.5882261764523529
3,ELM,LR,23,0.5866141732283464,0.5748031496062992,0.5984251968503937,0.5887096774193549,0.5748031496062992,0.5816733067729084,0.5984406968813938
3,ELM,LR,24,0.5708661417322834,0.5748031496062992,0.5669291338582677,0.5703125,0.5748031496062992,0.5725490196078431,0.5911091822183645
3,ELM,LR,25,0.5708661417322834,0.5826771653543307,0.5590551181102362,0.5692307692307692,0.5826771653543307,0.5758754863813229,0.5900396800793601
3,ELM,LR,26,0.5748031496062992,0.562992125984252,0.5866141732283464,0.5766129032258065,0.562992125984252,0.5697211155378487,0.5831886663773327
3,ELM,LR,27,0.5787401574803149,0.6062992125984252,0.5511811023622047,0.5746268656716418,0.6062992125984252,0.5900383141762452,0.5875906751813504
3,ELM,LR,28,0.594488188976378,0.594488188976378,0.594488188976378,0.594488188976378,0.594488188976378,0.594488188976378,0.5944416888833778
3,ELM,LR,29,0.5846456692913385,0.5826771653543307,0.5866141732283464,0.5849802371541502,0.5826771653543307,0.5838264299802761,0.5981771963543927
3,ELM,LR,30,0.5708661417322834,0.5590551181102362,0.5826771653543307,0.5725806451612904,0.5590551181102362,0.5657370517928287,0.6003782007564016
3,ELM,LR,31,0.5511811023622047,0.5196850393700787,0.5826771653543307,0.5546218487394958,0.5196850393700787,0.5365853658536586,0.5927056854113708
3,ELM,LR,32,0.5708661417322834,0.5196850393700787,0.6220472440944882,0.5789473684210527,0.5196850393700787,0.5477178423236515,0.589760679521359
3,ELM,RF,1,0.5748031496062992,0.531496062992126,0.6181102362204725,0.5818965517241379,0.531496062992126,0.5555555555555556,0.5966039432078865
3,ELM,RF,2,0.5807086614173228,0.5826771653543307,0.5787401574803149,0.5803921568627451,0.5826771653543307,0.581532416502947,0.612979725959452
3,ELM,RF,3,0.5610236220472441,0.547244094488189,0.5748031496062992,0.562753036437247,0.547244094488189,0.5548902195608783,0.5928451856903714
3,ELM,RF,4,0.5748031496062992,0.515748031496063,0.6338582677165354,0.5848214285714286,0.515748031496063,0.5481171548117155,0.6086009672019344
3,ELM,RF,5,0.5433070866141733,0.4763779527559055,0.610236220472441,0.55,0.4763779527559055,0.510548523206751,0.5608453716907434
3,ELM,RF,6,0.5748031496062992,0.49606299212598426,0.6535433070866141,0.5887850467289719,0.49606299212598426,0.5384615384615384,0.5905589311178623
3,ELM,RF,7,0.562992125984252,0.4921259842519685,0.6338582677165354,0.573394495412844,0.4921259842519685,0.5296610169491526,0.6043152086304172
3,ELM,RF,8,0.5610236220472441,0.5196850393700787,0.6023622047244095,0.5665236051502146,0.5196850393700787,0.5420944558521561,0.5844054188108376
3,ELM,RF,9,0.5688976377952756,0.515748031496063,0.6220472440944882,0.5770925110132159,0.515748031496063,0.5446985446985447,0.5820416640833281
3,ELM,RF,10,0.547244094488189,0.49606299212598426,0.5984251968503937,0.5526315789473685,0.49606299212598426,0.5228215767634855,0.5698973897947797
3,ELM,RF,11,0.5551181102362205,0.4881889763779528,0.6220472440944882,0.5636363636363636,0.4881889763779528,0.5232067510548524,0.5843899187798377
3,ELM,RF,12,0.5354330708661418,0.5,0.5708661417322834,0.538135593220339,0.5,0.5183673469387755,0.5679831359662719
3,ELM,RF,13,0.5610236220472441,0.5393700787401575,0.5826771653543307,0.5637860082304527,0.5393700787401575,0.5513078470824949,0.5692153884307769
3,ELM,RF,14,0.5885826771653543,0.5196850393700787,0.65748031496063,0.6027397260273972,0.5196850393700787,0.5581395348837209,0.6053692107384214
3,ELM,RF,15,0.5866141732283464,0.5393700787401575,0.6338582677165354,0.5956521739130435,0.5393700787401575,0.5661157024793388,0.6003472006944014
3,ELM,RF,16,0.5748031496062992,0.5236220472440944,0.6259842519685039,0.5833333333333334,0.5236220472440944,0.5518672199170125,0.6110344720689442
3,ELM,RF,17,0.531496062992126,0.48031496062992124,0.5826771653543307,0.5350877192982456,0.48031496062992124,0.5062240663900415,0.5701376402752806
3,ELM,RF,18,0.562992125984252,0.5039370078740157,0.6220472440944882,0.5714285714285714,0.5039370078740157,0.5355648535564853,0.5961156922313845
3,ELM,RF,19,0.5177165354330708,0.4645669291338583,0.5708661417322834,0.5198237885462555,0.4645669291338583,0.49064449064449067,0.5553506107012214
3,ELM,RF,20,0.5669291338582677,0.5078740157480315,0.6259842519685039,0.5758928571428571,0.5078740157480315,0.5397489539748954,0.5831111662223324
3,ELM,RF,21,0.547244094488189,0.484251968503937,0.610236220472441,0.5540540540540541,0.484251968503937,0.5168067226890757,0.5640228780457561
3,ELM,RF,22,0.5275590551181102,0.452755905511811,0.6023622047244095,0.5324074074074074,0.452755905511811,0.48936170212765956,0.5673941347882696
3,ELM,RF,23,0.5492125984251969,0.49606299212598426,0.6023622047244095,0.5550660792951542,0.49606299212598426,0.5239085239085239,0.56751038502077
3,ELM,RF,24,0.5688976377952756,0.4881889763779528,0.6496062992125984,0.5821596244131455,0.4881889763779528,0.5310492505353319,0.5795694091388182
3,ELM,RF,25,0.5669291338582677,0.531496062992126,0.6023622047244095,0.5720338983050848,0.531496062992126,0.5510204081632653,0.5930311860623723
3,ELM,RF,26,0.547244094488189,0.4763779527559055,0.6181102362204725,0.555045871559633,0.4763779527559055,0.5127118644067796,0.5590938681877363
3,ELM,RF,27,0.5570866141732284,0.47244094488188976,0.6417322834645669,0.5687203791469194,0.47244094488188976,0.5161290322580645,0.5503286006572012
3,ELM,RF,28,0.547244094488189,0.484251968503937,0.610236220472441,0.5540540540540541,0.484251968503937,0.5168067226890757,0.5832739165478331
3,ELM,RF,29,0.5492125984251969,0.5118110236220472,0.5866141732283464,0.5531914893617021,0.5118110236220472,0.5316973415132924,0.572764895529791
3,ELM,RF,30,0.5177165354330708,0.4251968503937008,0.610236220472441,0.5217391304347826,0.4251968503937008,0.4685466377440347,0.56251937503875
3,ELM,RF,31,0.5649606299212598,0.4881889763779528,0.6417322834645669,0.5767441860465117,0.4881889763779528,0.5287846481876333,0.5679288858577718
3,ELM,RF,32,0.5551181102362205,0.4921259842519685,0.6181102362204725,0.5630630630630631,0.4921259842519685,0.5252100840336135,0.5431598363196726
3,ELM,AdaBoost,1,0.5748031496062992,0.5826771653543307,0.5669291338582677,0.5736434108527132,0.5826771653543307,0.578125,0.5842039184078368
3,ELM,AdaBoost,2,0.5610236220472441,0.5551181102362205,0.5669291338582677,0.5617529880478087,0.5551181102362205,0.5584158415841585,0.5866529233058466
3,ELM,AdaBoost,3,0.5570866141732284,0.5511811023622047,0.562992125984252,0.5577689243027888,0.5511811023622047,0.5544554455445545,0.5819564139128278
3,ELM,AdaBoost,4,0.5551181102362205,0.531496062992126,0.5787401574803149,0.5578512396694215,0.531496062992126,0.5443548387096774,0.5795306590613181
3,ELM,AdaBoost,5,0.5551181102362205,0.5511811023622047,0.5590551181102362,0.5555555555555556,0.5511811023622047,0.5533596837944664,0.566487382974766
3,ELM,AdaBoost,6,0.5610236220472441,0.547244094488189,0.5748031496062992,0.562753036437247,0.547244094488189,0.5548902195608783,0.5900706801413603
3,ELM,AdaBoost,7,0.5590551181102362,0.5551181102362205,0.562992125984252,0.5595238095238095,0.5551181102362205,0.5573122529644269,0.5724161448322896
3,ELM,AdaBoost,8,0.5492125984251969,0.4921259842519685,0.6062992125984252,0.5555555555555556,0.4921259842519685,0.5219206680584552,0.5579081158162317
3,ELM,AdaBoost,9,0.5275590551181102,0.5236220472440944,0.531496062992126,0.5277777777777778,0.5236220472440944,0.525691699604743,0.5461668423336846
3,ELM,AdaBoost,10,0.5413385826771654,0.515748031496063,0.5669291338582677,0.5435684647302904,0.515748031496063,0.5292929292929293,0.5764771529543059
3,ELM,AdaBoost,11,0.547244094488189,0.5393700787401575,0.5551181102362205,0.548,0.5393700787401575,0.5436507936507936,0.5354485708971418
3,ELM,AdaBoost,12,0.49803149606299213,0.4881889763779528,0.5078740157480315,0.4979919678714859,0.4881889763779528,0.49304174950298213,0.5388120776241552
3,ELM,AdaBoost,13,0.5590551181102362,0.5551181102362205,0.562992125984252,0.5595238095238095,0.5551181102362205,0.5573122529644269,0.5542811085622171
3,ELM,AdaBoost,14,0.5610236220472441,0.5118110236220472,0.610236220472441,0.5676855895196506,0.5118110236220472,0.5383022774327122,0.5796469092938186
3,ELM,AdaBoost,15,0.5531496062992126,0.6023622047244095,0.5039370078740157,0.5483870967741935,0.6023622047244095,0.574108818011257,0.5871024242048484
3,ELM,AdaBoost,16,0.5354330708661418,0.5275590551181102,0.5433070866141733,0.536,0.5275590551181102,0.5317460317460317,0.5515298530597061
3,ELM,AdaBoost,17,0.5413385826771654,0.5354330708661418,0.547244094488189,0.5418326693227091,0.5354330708661418,0.5386138613861386,0.5482903465806932
3,ELM,AdaBoost,18,0.5551181102362205,0.5275590551181102,0.5826771653543307,0.5583333333333333,0.5275590551181102,0.5425101214574899,0.5593806187612376
3,ELM,AdaBoost,19,0.5590551181102362,0.5511811023622047,0.5669291338582677,0.56,0.5511811023622047,0.5555555555555556,0.5486545973091946
3,ELM,AdaBoost,20,0.562992125984252,0.5118110236220472,0.6141732283464567,0.5701754385964912,0.5118110236220472,0.5394190871369294,0.5739661479322958
3,ELM,AdaBoost,21,0.5610236220472441,0.5354330708661418,0.5866141732283464,0.5643153526970954,0.5354330708661418,0.5494949494949495,0.5626511253022506
3,ELM,AdaBoost,22,0.5728346456692913,0.5393700787401575,0.6062992125984252,0.5780590717299579,0.5393700787401575,0.5580448065173116,0.5882184264368528
3,ELM,AdaBoost,23,0.5295275590551181,0.5354330708661418,0.5236220472440944,0.5291828793774319,0.5354330708661418,0.5322896281800391,0.5456940913881827
3,ELM,AdaBoost,24,0.5649606299212598,0.5393700787401575,0.5905511811023622,0.5684647302904564,0.5393700787401575,0.5535353535353535,0.5790346580693161
3,ELM,AdaBoost,25,0.5452755905511811,0.562992125984252,0.5275590551181102,0.5437262357414449,0.562992125984252,0.5531914893617021,0.5421135842271685
3,ELM,AdaBoost,26,0.5492125984251969,0.5787401574803149,0.5196850393700787,0.5464684014869888,0.5787401574803149,0.5621414913957935,0.576500403000806
3,ELM,AdaBoost,27,0.5433070866141733,0.531496062992126,0.5551181102362205,0.5443548387096774,0.531496062992126,0.5378486055776892,0.5878076756153512
3,ELM,AdaBoost,28,0.5669291338582677,0.5787401574803149,0.5551181102362205,0.5653846153846154,0.5787401574803149,0.5719844357976653,0.5638601277202555
3,ELM,AdaBoost,29,0.5196850393700787,0.5039370078740157,0.5354330708661418,0.5203252032520326,0.5039370078740157,0.512,0.5346580693161387
3,ELM,AdaBoost,30,0.5,0.49606299212598426,0.5039370078740157,0.5,0.49606299212598426,0.4980237154150198,0.5162207824415649
3,ELM,AdaBoost,31,0.5196850393700787,0.49606299212598426,0.5433070866141733,0.5206611570247934,0.49606299212598426,0.5080645161290323,0.5099510199020397
3,ELM,AdaBoost,32,0.5118110236220472,0.484251968503937,0.5393700787401575,0.5125,0.484251968503937,0.4979757085020243,0.5291633083266166
4,ELM,LR,1,0.515748031496063,0.4763779527559055,0.5551181102362205,0.5170940170940171,0.4763779527559055,0.4959016393442623,0.5407960815921632
4,ELM,LR,2,0.5511811023622047,0.5275590551181102,0.5748031496062992,0.5537190082644629,0.5275590551181102,0.5403225806451613,0.57250914501829
4,ELM,LR,3,0.5590551181102362,0.5196850393700787,0.5984251968503937,0.5641025641025641,0.5196850393700787,0.5409836065573771,0.5894816789633579
4,ELM,LR,4,0.5590551181102362,0.547244094488189,0.5708661417322834,0.5604838709677419,0.547244094488189,0.5537848605577689,0.5806931613863228
4,ELM,LR,5,0.5531496062992126,0.531496062992126,0.5748031496062992,0.5555555555555556,0.531496062992126,0.5432595573440644,0.5790501581003161
4,ELM,LR,6,0.5452755905511811,0.5590551181102362,0.531496062992126,0.5440613026819924,0.5590551181102362,0.5514563106796116,0.5945656891313782
4,ELM,LR,7,0.5610236220472441,0.5826771653543307,0.5393700787401575,0.5584905660377358,0.5826771653543307,0.5703275529865125,0.5888926777853556
4,ELM,LR,8,0.5433070866141733,0.5551181102362205,0.531496062992126,0.5423076923076923,0.5551181102362205,0.5486381322957199,0.5856066712133424
4,ELM,LR,9,0.5590551181102362,0.5866141732283464,0.531496062992126,0.5559701492537313,0.5866141732283464,0.5708812260536399,0.5942556885113771
4,ELM,LR,10,0.59251968503937,0.6417322834645669,0.5433070866141733,0.5842293906810035,0.6417322834645669,0.6116322701688556,0.6033542067084134
4,ELM,LR,11,0.5885826771653543,0.6299212598425197,0.547244094488189,0.5818181818181818,0.6299212598425197,0.6049149338374291,0.6216132432264865
4,ELM,LR,12,0.594488188976378,0.6181102362204725,0.5708661417322834,0.5902255639097744,0.6181102362204725,0.6038461538461538,0.6168237336474673
4,ELM,LR,13,0.6141732283464567,0.6456692913385826,0.5826771653543307,0.6074074074074074,0.6456692913385826,0.6259541984732825,0.6206057412114825
4,ELM,LR,14,0.5846456692913385,0.594488188976378,0.5748031496062992,0.583011583011583,0.594488188976378,0.5886939571150097,0.6126077252154505
4,ELM,LR,15,0.5866141732283464,0.6181102362204725,0.5551181102362205,0.5814814814814815,0.6181102362204725,0.5992366412213741,0.5922871845743691
4,ELM,LR,16,0.5885826771653543,0.6535433070866141,0.5236220472440944,0.578397212543554,0.6535433070866141,0.6136783733826248,0.6118637237274475
4,ELM,LR,17,0.5669291338582677,0.5905511811023622,0.5433070866141733,0.5639097744360902,0.5905511811023622,0.5769230769230769,0.5939921879843759
4,ELM,LR,18,0.5767716535433071,0.6023622047244095,0.5511811023622047,0.5730337078651685,0.6023622047244095,0.5873320537428023,0.6031527063054126
4,ELM,LR,19,0.5807086614173228,0.6141732283464567,0.547244094488189,0.5756457564575646,0.6141732283464567,0.5942857142857143,0.6049817099634199
4,ELM,LR,20,0.5708661417322834,0.5984251968503937,0.5433070866141733,0.5671641791044776,0.5984251968503937,0.5823754789272031,0.5959141918283837
4,ELM,LR,21,0.5649606299212598,0.6062992125984252,0.5236220472440944,0.56,0.6062992125984252,0.5822306238185255,0.5893421786843573
4,ELM,LR,22,0.5570866141732284,0.5748031496062992,0.5393700787401575,0.5551330798479087,0.5748031496062992,0.5647969052224371,0.5811116622233243
4,ELM,LR,23,0.5669291338582677,0.594488188976378,0.5393700787401575,0.5634328358208955,0.594488188976378,0.578544061302682,0.5893886787773575
4,ELM,LR,24,0.5610236220472441,0.5826771653543307,0.5393700787401575,0.5584905660377358,0.5826771653543307,0.5703275529865125,0.5959606919213838
4,ELM,LR,25,0.5511811023622047,0.5511811023622047,0.5511811023622047,0.5511811023622047,0.5511811023622047,0.5511811023622047,0.5915741831483663
4,ELM,LR,26,0.562992125984252,0.5708661417322834,0.5551181102362205,0.562015503875969,0.5708661417322834,0.56640625,0.586505673011346
4,ELM,LR,27,0.5669291338582677,0.5826771653543307,0.5511811023622047,0.5648854961832062,0.5826771653543307,0.5736434108527132,0.5866916733833468
4,ELM,LR,28,0.5590551181102362,0.5866141732283464,0.531496062992126,0.5559701492537313,0.5866141732283464,0.5708812260536399,0.5834676669353339
4,ELM,LR,29,0.5551181102362205,0.5905511811023622,0.5196850393700787,0.5514705882352942,0.5905511811023622,0.5703422053231939,0.5850486700973402
4,ELM,LR,30,0.5610236220472441,0.5748031496062992,0.547244094488189,0.5593869731800766,0.5748031496062992,0.566990291262136,0.5853741707483415
4,ELM,LR,31,0.5295275590551181,0.5433070866141733,0.515748031496063,0.5287356321839081,0.5433070866141733,0.5359223300970873,0.5862266724533449
4,ELM,LR,32,0.5492125984251969,0.5669291338582677,0.531496062992126,0.5475285171102662,0.5669291338582677,0.5570599613152805,0.5808636617273235
4,ELM,RF,1,0.5688976377952756,0.5669291338582677,0.5708661417322834,0.5691699604743083,0.5669291338582677,0.5680473372781065,0.6007967015934031
4,ELM,RF,2,0.5787401574803149,0.594488188976378,0.562992125984252,0.5763358778625954,0.594488188976378,0.5852713178294574,0.6119722239444481
4,ELM,RF,3,0.5688976377952756,0.562992125984252,0.5748031496062992,0.5697211155378487,0.562992125984252,0.5663366336633663,0.595697191394383
4,ELM,RF,4,0.5118110236220472,0.484251968503937,0.5393700787401575,0.5125,0.484251968503937,0.4979757085020243,0.5576136152272304
4,ELM,RF,5,0.5393700787401575,0.5196850393700787,0.5590551181102362,0.5409836065573771,0.5196850393700787,0.5301204819277109,0.581514663029326
4,ELM,RF,6,0.562992125984252,0.5708661417322834,0.5551181102362205,0.562015503875969,0.5708661417322834,0.56640625,0.6069579639159278
4,ELM,RF,7,0.5787401574803149,0.547244094488189,0.610236220472441,0.5840336134453782,0.547244094488189,0.5650406504065041,0.6088412176824354
4,ELM,RF,8,0.5570866141732284,0.5039370078740157,0.610236220472441,0.5638766519823789,0.5039370078740157,0.5322245322245323,0.564751379502759
4,ELM,RF,9,0.5688976377952756,0.5748031496062992,0.562992125984252,0.5680933852140078,0.5748031496062992,0.5714285714285714,0.5956894413788827
4,ELM,RF,10,0.5787401574803149,0.5590551181102362,0.5984251968503937,0.5819672131147541,0.5590551181102362,0.570281124497992,0.5976966953933909
4,ELM,RF,11,0.5748031496062992,0.5748031496062992,0.5748031496062992,0.5748031496062992,0.5748031496062992,0.5748031496062992,0.5962241924483849
4,ELM,RF,12,0.531496062992126,0.5078740157480315,0.5551181102362205,0.5330578512396694,0.5078740157480315,0.5201612903225806,0.5583963667927336
4,ELM,RF,13,0.5393700787401575,0.4921259842519685,0.5866141732283464,0.5434782608695652,0.4921259842519685,0.5165289256198347,0.5485538471076942
4,ELM,RF,14,0.5787401574803149,0.5354330708661418,0.6220472440944882,0.5862068965517241,0.5354330708661418,0.5596707818930041,0.6035324570649142
4,ELM,RF,15,0.5570866141732284,0.44881889763779526,0.6653543307086615,0.5728643216080402,0.44881889763779526,0.5033112582781457,0.5838319176638354
4,ELM,RF,16,0.5570866141732284,0.5354330708661418,0.5787401574803149,0.5596707818930041,0.5354330708661418,0.5472837022132797,0.5769809039618079
4,ELM,RF,17,0.5492125984251969,0.5275590551181102,0.5708661417322834,0.551440329218107,0.5275590551181102,0.5392354124748491,0.5724393948787897
4,ELM,RF,18,0.5531496062992126,0.5275590551181102,0.5787401574803149,0.5560165975103735,0.5275590551181102,0.5414141414141415,0.5744621489242978
4,ELM,RF,19,0.5275590551181102,0.5,0.5551181102362205,0.5291666666666667,0.5,0.5141700404858299,0.5732298964597929
4,ELM,RF,20,0.5255905511811023,0.515748031496063,0.5354330708661418,0.5261044176706827,0.515748031496063,0.5208747514910537,0.5503983507967016
4,ELM,RF,21,0.547244094488189,0.5393700787401575,0.5551181102362205,0.548,0.5393700787401575,0.5436507936507936,0.5663633827267655
4,ELM,RF,22,0.515748031496063,0.5,0.531496062992126,0.516260162601626,0.5,0.508,0.5574818649637299
4,ELM,RF,23,0.5570866141732284,0.5196850393700787,0.594488188976378,0.5617021276595745,0.5196850393700787,0.5398773006134969,0.5541416082832166
4,ELM,RF,24,0.5255905511811023,0.49606299212598426,0.5551181102362205,0.5271966527196653,0.49606299212598426,0.5111561866125761,0.5438573377146755
4,ELM,RF,25,0.5570866141732284,0.5118110236220472,0.6023622047244095,0.5627705627705628,0.5118110236220472,0.5360824742268041,0.5642011284022568
4,ELM,RF,26,0.5374015748031497,0.5236220472440944,0.5511811023622047,0.5384615384615384,0.5236220472440944,0.530938123752495,0.5543121086242172
4,ELM,RF,27,0.5511811023622047,0.5354330708661418,0.5669291338582677,0.5528455284552846,0.5354330708661418,0.544,0.5699283898567797
4,ELM,RF,28,0.5511811023622047,0.5275590551181102,0.5748031496062992,0.5537190082644629,0.5275590551181102,0.5403225806451613,0.5658208816417633
4,ELM,RF,29,0.547244094488189,0.5196850393700787,0.5748031496062992,0.55,0.5196850393700787,0.5344129554655871,0.5512198524397048
4,ELM,RF,30,0.5393700787401575,0.515748031496063,0.562992125984252,0.5413223140495868,0.515748031496063,0.5282258064516129,0.5447175894351789
4,ELM,RF,31,0.5433070866141733,0.5078740157480315,0.5787401574803149,0.5466101694915254,0.5078740157480315,0.5265306122448979,0.5519328538657078
4,ELM,RF,32,0.5216535433070866,0.4921259842519685,0.5511811023622047,0.5230125523012552,0.4921259842519685,0.5070993914807302,0.5528551057102115
4,ELM,AdaBoost,1,0.5354330708661418,0.5275590551181102,0.5433070866141733,0.536,0.5275590551181102,0.5317460317460317,0.5330770661541323
4,ELM,AdaBoost,2,0.5393700787401575,0.5393700787401575,0.5393700787401575,0.5393700787401575,0.5393700787401575,0.5393700787401575,0.5321393142786286
4,ELM,AdaBoost,3,0.4940944881889764,0.5078740157480315,0.48031496062992124,0.4942528735632184,0.5078740157480315,0.5009708737864078,0.5172050344100688
4,ELM,AdaBoost,4,0.48031496062992124,0.5275590551181102,0.4330708661417323,0.48201438848920863,0.5275590551181102,0.5037593984962406,0.5136555273110546
4,ELM,AdaBoost,5,0.5354330708661418,0.5590551181102362,0.5118110236220472,0.5338345864661654,0.5590551181102362,0.5461538461538461,0.566998883997768
4,ELM,AdaBoost,6,0.5669291338582677,0.6220472440944882,0.5118110236220472,0.5602836879432624,0.6220472440944882,0.5895522388059702,0.5810574121148242
4,ELM,AdaBoost,7,0.547244094488189,0.5708661417322834,0.5236220472440944,0.5451127819548872,0.5708661417322834,0.5576923076923077,0.5698353896707793
4,ELM,AdaBoost,8,0.5413385826771654,0.5393700787401575,0.5433070866141733,0.541501976284585,0.5393700787401575,0.5404339250493096,0.5532891065782132
4,ELM,AdaBoost,9,0.5551181102362205,0.6023622047244095,0.5078740157480315,0.5503597122302158,0.6023622047244095,0.575187969924812,0.5756014012028025
4,ELM,AdaBoost,10,0.5177165354330708,0.594488188976378,0.4409448818897638,0.515358361774744,0.594488188976378,0.5521023765996343,0.5534596069192139
4,ELM,AdaBoost,11,0.531496062992126,0.5669291338582677,0.49606299212598426,0.5294117647058824,0.5669291338582677,0.5475285171102662,0.5521886043772087
4,ELM,AdaBoost,12,0.531496062992126,0.5354330708661418,0.5275590551181102,0.53125,0.5354330708661418,0.5333333333333333,0.5407030814061629
4,ELM,AdaBoost,13,0.5255905511811023,0.5590551181102362,0.4921259842519685,0.5239852398523985,0.5590551181102362,0.540952380952381,0.5581251162502324
4,ELM,AdaBoost,14,0.5767716535433071,0.5826771653543307,0.5708661417322834,0.5758754863813229,0.5826771653543307,0.5792563600782779,0.5740823981647963
4,ELM,AdaBoost,15,0.5433070866141733,0.5590551181102362,0.5275590551181102,0.5419847328244275,0.5590551181102362,0.5503875968992248,0.5537851075702152
4,ELM,AdaBoost,16,0.5374015748031497,0.5196850393700787,0.5551181102362205,0.5387755102040817,0.5196850393700787,0.5290581162324649,0.5606748713497427
4,ELM,AdaBoost,17,0.5275590551181102,0.5748031496062992,0.48031496062992124,0.5251798561151079,0.5748031496062992,0.5488721804511278,0.5394010788021576
4,ELM,AdaBoost,18,0.5295275590551181,0.562992125984252,0.49606299212598426,0.5276752767527675,0.562992125984252,0.5447619047619048,0.5405635811271623
4,ELM,AdaBoost,19,0.5649606299212598,0.5590551181102362,0.5708661417322834,0.5657370517928287,0.5590551181102362,0.5623762376237624,0.5758416516833034
4,ELM,AdaBoost,20,0.547244094488189,0.5275590551181102,0.5669291338582677,0.5491803278688525,0.5275590551181102,0.5381526104417671,0.5844751689503379
4,ELM,AdaBoost,21,0.5334645669291339,0.5118110236220472,0.5551181102362205,0.5349794238683128,0.5118110236220472,0.5231388329979879,0.565991381982764
4,ELM,AdaBoost,22,0.5531496062992126,0.5433070866141733,0.562992125984252,0.5542168674698795,0.5433070866141733,0.5487077534791253,0.5601556203112407
4,ELM,AdaBoost,23,0.5452755905511811,0.5511811023622047,0.5393700787401575,0.5447470817120622,0.5511811023622047,0.547945205479452,0.5691611383222765
4,ELM,AdaBoost,24,0.5531496062992126,0.594488188976378,0.5118110236220472,0.5490909090909091,0.594488188976378,0.5708884688090737,0.5618916237832475
4,ELM,AdaBoost,25,0.5295275590551181,0.547244094488189,0.5118110236220472,0.5285171102661597,0.547244094488189,0.5377176015473888,0.5462598425196851
4,ELM,AdaBoost,26,0.5413385826771654,0.531496062992126,0.5511811023622047,0.5421686746987951,0.531496062992126,0.536779324055666,0.5356655713311427
4,ELM,AdaBoost,27,0.5098425196850394,0.547244094488189,0.47244094488188976,0.5091575091575091,0.547244094488189,0.5275142314990512,0.5210257920515841
4,ELM,AdaBoost,28,0.5275590551181102,0.515748031496063,0.5393700787401575,0.5282258064516129,0.515748031496063,0.5219123505976095,0.5229245458490916
4,ELM,AdaBoost,29,0.5374015748031497,0.5511811023622047,0.5236220472440944,0.5363984674329502,0.5511811023622047,0.5436893203883495,0.5575438650877302
4,ELM,AdaBoost,30,0.5295275590551181,0.562992125984252,0.49606299212598426,0.5276752767527675,0.562992125984252,0.5447619047619048,0.5477943455886912
4,ELM,AdaBoost,31,0.5570866141732284,0.5551181102362205,0.5590551181102362,0.5573122529644269,0.5551181102362205,0.5562130177514792,0.5732841465682932
4,ELM,AdaBoost,32,0.5295275590551181,0.5275590551181102,0.531496062992126,0.5296442687747036,0.5275590551181102,0.5285996055226825,0.5271870543741087
0,RR,LR,1,0.5846456692913385,0.6181102362204725,0.5511811023622047,0.5793357933579336,0.6181102362204725,0.5980952380952381,0.5960536921073842
0,RR,LR,2,0.5688976377952756,0.5866141732283464,0.5511811023622047,0.5665399239543726,0.5866141732283464,0.5764023210831721,0.5909076818153636
0,RR,LR,3,0.5649606299212598,0.5511811023622047,0.5787401574803149,0.5668016194331984,0.5511811023622047,0.5588822355289421,0.5954026908053816
0,RR,LR,4,0.5708661417322834,0.5866141732283464,0.5551181102362205,0.5687022900763359,0.5866141732283464,0.5775193798449613,0.5983321966643933
0,RR,LR,5,0.5531496062992126,0.5905511811023622,0.515748031496063,0.5494505494505495,0.5905511811023622,0.5692599620493358,0.583994667989336
0,RR,LR,6,0.5590551181102362,0.547244094488189,0.5708661417322834,0.5604838709677419,0.547244094488189,0.5537848605577689,0.598766197532395
0,RR,LR,7,0.5551181102362205,0.5708661417322834,0.5393700787401575,0.5534351145038168,0.5708661417322834,0.562015503875969,0.6036177072354145
0,RR,LR,8,0.5826771653543307,0.610236220472441,0.5551181102362205,0.5783582089552238,0.610236220472441,0.5938697318007663,0.61001922003844
0,RR,LR,9,0.6161417322834646,0.6299212598425197,0.6023622047244095,0.6130268199233716,0.6299212598425197,0.6213592233009708,0.6427862855725711
0,RR,LR,10,0.6318897637795275,0.6259842519685039,0.6377952755905512,0.6334661354581673,0.6259842519685039,0.6297029702970297,0.6610608221216442
0,RR,LR,11,0.6240157480314961,0.5866141732283464,0.6614173228346457,0.6340425531914894,0.5866141732283464,0.6094069529652352,0.645514291028582
0,RR,LR,12,0.6023622047244095,0.5984251968503937,0.6062992125984252,0.6031746031746031,0.5984251968503937,0.6007905138339921,0.6293787587575176
0,RR,LR,13,0.594488188976378,0.6141732283464567,0.5748031496062992,0.5909090909090909,0.6141732283464567,0.6023166023166023,0.6261082522165045
0,RR,LR,14,0.5885826771653543,0.5708661417322834,0.6062992125984252,0.5918367346938775,0.5708661417322834,0.5811623246492986,0.6251317502635005
0,RR,LR,15,0.5866141732283464,0.547244094488189,0.6259842519685039,0.594017094017094,0.547244094488189,0.569672131147541,0.6033387066774134
0,RR,LR,16,0.6181102362204725,0.5984251968503937,0.6377952755905512,0.6229508196721312,0.5984251968503937,0.6104417670682731,0.6255192510385019
0,RR,LR,17,0.6003937007874016,0.6023622047244095,0.5984251968503937,0.6,0.6023622047244095,0.6011787819253438,0.6182807365614731
0,RR,LR,18,0.6003937007874016,0.6377952755905512,0.562992125984252,0.5934065934065934,0.6377952755905512,0.6148007590132827,0.6122822245644491
0,RR,LR,19,0.5728346456692913,0.610236220472441,0.5354330708661418,0.5677655677655677,0.610236220472441,0.5882352941176471,0.6043152086304173
0,RR,LR,20,0.5905511811023622,0.5984251968503937,0.5826771653543307,0.5891472868217055,0.5984251968503937,0.59375,0.6052917105834211
0,RR,LR,21,0.6043307086614174,0.6377952755905512,0.5708661417322834,0.5977859778597786,0.6377952755905512,0.6171428571428571,0.6165447330894662
0,RR,LR,22,0.5688976377952756,0.594488188976378,0.5433070866141733,0.5655430711610487,0.594488188976378,0.5796545105566219,0.6132587265174531
0,RR,LR,23,0.5885826771653543,0.610236220472441,0.5669291338582677,0.5849056603773585,0.610236220472441,0.5973025048169557,0.6058497116994235
0,RR,LR,24,0.5748031496062992,0.5984251968503937,0.5511811023622047,0.5714285714285714,0.5984251968503937,0.5846153846153846,0.6037572075144151
0,RR,LR,25,0.59251968503937,0.6023622047244095,0.5826771653543307,0.5907335907335908,0.6023622047244095,0.5964912280701754,0.6007192014384029
0,RR,LR,26,0.5787401574803149,0.6023622047244095,0.5551181102362205,0.575187969924812,0.6023622047244095,0.5884615384615385,0.5915741831483663
0,RR,LR,27,0.5748031496062992,0.5433070866141733,0.6062992125984252,0.5798319327731093,0.5433070866141733,0.5609756097560976,0.5954336908673817
0,RR,LR,28,0.5688976377952756,0.5590551181102362,0.5787401574803149,0.570281124497992,0.5590551181102362,0.5646123260437376,0.591512183024366
0,RR,LR,29,0.5807086614173228,0.5866141732283464,0.5748031496062992,0.5797665369649806,0.5866141732283464,0.5831702544031311,0.6002542005084011
0,RR,LR,30,0.562992125984252,0.5748031496062992,0.5511811023622047,0.5615384615384615,0.5748031496062992,0.5680933852140078,0.6033697067394135
0,RR,LR,31,0.5728346456692913,0.5826771653543307,0.562992125984252,0.5714285714285714,0.5826771653543307,0.5769980506822612,0.6039587079174159
0,RR,LR,32,0.5570866141732284,0.5708661417322834,0.5433070866141733,0.5555555555555556,0.5708661417322834,0.5631067961165048,0.5756246512493025
0,RR,RF,1,0.5570866141732284,0.5354330708661418,0.5787401574803149,0.5596707818930041,0.5354330708661418,0.5472837022132797,0.5774536549073098
0,RR,RF,2,0.547244094488189,0.5354330708661418,0.5590551181102362,0.5483870967741935,0.5354330708661418,0.5418326693227091,0.5605508711017422
0,RR,RF,3,0.5551181102362205,0.531496062992126,0.5787401574803149,0.5578512396694215,0.531496062992126,0.5443548387096774,0.5816929133858267
0,RR,RF,4,0.5649606299212598,0.5,0.6299212598425197,0.5746606334841629,0.5,0.5347368421052632,0.6037804575609151
0,RR,RF,5,0.5826771653543307,0.5354330708661418,0.6299212598425197,0.591304347826087,0.5354330708661418,0.5619834710743802,0.6132587265174531
0,RR,RF,6,0.5748031496062992,0.531496062992126,0.6181102362204725,0.5818965517241379,0.531496062992126,0.5555555555555556,0.6119954739909479
0,RR,RF,7,0.5728346456692913,0.547244094488189,0.5984251968503937,0.5767634854771784,0.547244094488189,0.5616161616161616,0.5996186992373984
0,RR,RF,8,0.594488188976378,0.5826771653543307,0.6062992125984252,0.5967741935483871,0.5826771653543307,0.5896414342629482,0.640244280488561
0,RR,RF,9,0.5551181102362205,0.4763779527559055,0.6338582677165354,0.5654205607476636,0.4763779527559055,0.5170940170940171,0.6016259532519065
0,RR,RF,10,0.5295275590551181,0.5196850393700787,0.5393700787401575,0.5301204819277109,0.5196850393700787,0.5248508946322068,0.557745365490731
0,RR,RF,11,0.531496062992126,0.5275590551181102,0.5354330708661418,0.5317460317460317,0.5275590551181102,0.5296442687747036,0.5533356066712133
0,RR,RF,12,0.5236220472440944,0.46062992125984253,0.5866141732283464,0.527027027027027,0.46062992125984253,0.49159663865546216,0.5508866017732036
0,RR,RF,13,0.5374015748031497,0.5,0.5748031496062992,0.5404255319148936,0.5,0.5194274028629857,0.5545911091822184
0,RR,RF,14,0.5118110236220472,0.4645669291338583,0.5590551181102362,0.5130434782608696,0.4645669291338583,0.48760330578512395,0.5184295368590737
0,RR,RF,15,0.5551181102362205,0.5433070866141733,0.5669291338582677,0.5564516129032258,0.5433070866141733,0.549800796812749,0.553265856531713
0,RR,RF,16,0.5393700787401575,0.531496062992126,0.547244094488189,0.54,0.531496062992126,0.5357142857142857,0.5561566123132247
0,RR,RF,17,0.531496062992126,0.49606299212598426,0.5669291338582677,0.5338983050847458,0.49606299212598426,0.5142857142857142,0.5366343232686465
0,RR,RF,18,0.5334645669291339,0.515748031496063,0.5511811023622047,0.5346938775510204,0.515748031496063,0.5250501002004008,0.5470115940231881
0,RR,RF,19,0.547244094488189,0.5236220472440944,0.5708661417322834,0.5495867768595041,0.5236220472440944,0.5362903225806451,0.560271870543741
0,RR,RF,20,0.5590551181102362,0.531496062992126,0.5866141732283464,0.5625,0.531496062992126,0.5465587044534413,0.5734003968007936
0,RR,RF,21,0.5551181102362205,0.515748031496063,0.594488188976378,0.5598290598290598,0.515748031496063,0.5368852459016393,0.5661231322462644
0,RR,RF,22,0.531496062992126,0.5039370078740157,0.5590551181102362,0.5333333333333333,0.5039370078740157,0.5182186234817814,0.5613801227602455
0,RR,RF,23,0.5295275590551181,0.5118110236220472,0.547244094488189,0.5306122448979592,0.5118110236220472,0.5210420841683366,0.552738855477711
0,RR,RF,24,0.5570866141732284,0.5354330708661418,0.5787401574803149,0.5596707818930041,0.5354330708661418,0.5472837022132797,0.5755006510013021
0,RR,RF,25,0.5531496062992126,0.5511811023622047,0.5551181102362205,0.5533596837944664,0.5511811023622047,0.5522682445759369,0.5716256432512865
0,RR,RF,26,0.5511811023622047,0.5511811023622047,0.5511811023622047,0.5511811023622047,0.5511811023622047,0.5511811023622047,0.5531961063922128
0,RR,RF,27,0.5354330708661418,0.5433070866141733,0.5275590551181102,0.5348837209302325,0.5433070866141733,0.5390625,0.5535293570587141
0,RR,RF,28,0.5413385826771654,0.515748031496063,0.5669291338582677,0.5435684647302904,0.515748031496063,0.5292929292929293,0.541780333560667
0,RR,RF,29,0.5255905511811023,0.515748031496063,0.5354330708661418,0.5261044176706827,0.515748031496063,0.5208747514910537,0.5613801227602455
0,RR,RF,30,0.5098425196850394,0.49606299212598426,0.5236220472440944,0.5101214574898786,0.49606299212598426,0.5029940119760479,0.5337900675801353
0,RR,RF,31,0.5334645669291339,0.5196850393700787,0.547244094488189,0.5344129554655871,0.5196850393700787,0.5269461077844312,0.5555598611197222
0,RR,RF,32,0.5078740157480315,0.5039370078740157,0.5118110236220472,0.5079365079365079,0.5039370078740157,0.5059288537549407,0.5262648025296051
0,RR,AdaBoost,1,0.5452755905511811,0.5433070866141733,0.547244094488189,0.5454545454545454,0.5433070866141733,0.5443786982248521,0.5639763779527559
0,RR,AdaBoost,2,0.5551181102362205,0.5196850393700787,0.5905511811023622,0.559322033898305,0.5196850393700787,0.5387755102040817,0.5755316510633022
0,RR,AdaBoost,3,0.5531496062992126,0.547244094488189,0.5590551181102362,0.5537848605577689,0.547244094488189,0.5504950495049505,0.5413540827081654
0,RR,AdaBoost,4,0.5669291338582677,0.5708661417322834,0.562992125984252,0.56640625,0.5708661417322834,0.5686274509803921,0.5769421538843077
0,RR,AdaBoost,5,0.5275590551181102,0.5196850393700787,0.5354330708661418,0.528,0.5196850393700787,0.5238095238095238,0.5343945687891376
0,RR,AdaBoost,6,0.562992125984252,0.5275590551181102,0.5984251968503937,0.5677966101694916,0.5275590551181102,0.5469387755102041,0.5892181784363568
0,RR,AdaBoost,7,0.5492125984251969,0.5433070866141733,0.5551181102362205,0.549800796812749,0.5433070866141733,0.5465346534653466,0.5850021700043401
0,RR,AdaBoost,8,0.5570866141732284,0.5551181102362205,0.5590551181102362,0.5573122529644269,0.5551181102362205,0.5562130177514792,0.5746713993427986
0,RR,AdaBoost,9,0.5807086614173228,0.6023622047244095,0.5590551181102362,0.5773584905660377,0.6023622047244095,0.5895953757225434,0.5891251782503564
0,RR,AdaBoost,10,0.531496062992126,0.49606299212598426,0.5669291338582677,0.5338983050847458,0.49606299212598426,0.5142857142857142,0.5356190712381425
0,RR,AdaBoost,11,0.547244094488189,0.5393700787401575,0.5551181102362205,0.548,0.5393700787401575,0.5436507936507936,0.5418500837001674
0,RR,AdaBoost,12,0.5255905511811023,0.5078740157480315,0.5433070866141733,0.5265306122448979,0.5078740157480315,0.5170340681362725,0.5179102858205716
0,RR,AdaBoost,13,0.5374015748031497,0.5748031496062992,0.5,0.5347985347985348,0.5748031496062992,0.5540796963946869,0.5384710769421539
0,RR,AdaBoost,14,0.5078740157480315,0.49606299212598426,0.5196850393700787,0.5080645161290323,0.49606299212598426,0.50199203187251,0.5218472936945874
0,RR,AdaBoost,15,0.5374015748031497,0.484251968503937,0.5905511811023622,0.5418502202643172,0.484251968503937,0.5114345114345115,0.5428498356996714
0,RR,AdaBoost,16,0.5708661417322834,0.547244094488189,0.594488188976378,0.5743801652892562,0.547244094488189,0.5604838709677419,0.5845604191208382
0,RR,AdaBoost,17,0.5118110236220472,0.5511811023622047,0.47244094488188976,0.5109489051094891,0.5511811023622047,0.5303030303030303,0.5398970797941596
0,RR,AdaBoost,18,0.5551181102362205,0.531496062992126,0.5787401574803149,0.5578512396694215,0.531496062992126,0.5443548387096774,0.5810496620993242
0,RR,AdaBoost,19,0.5413385826771654,0.531496062992126,0.5511811023622047,0.5421686746987951,0.531496062992126,0.536779324055666,0.5558311116622233
0,RR,AdaBoost,20,0.5098425196850394,0.5118110236220472,0.5078740157480315,0.5098039215686274,0.5118110236220472,0.5108055009823183,0.5163447826895654
0,RR,AdaBoost,21,0.5334645669291339,0.6141732283464567,0.452755905511811,0.5288135593220339,0.6141732283464567,0.5683060109289617,0.555528861057722
0,RR,AdaBoost,22,0.5216535433070866,0.5511811023622047,0.4921259842519685,0.5204460966542751,0.5511811023622047,0.5353728489483748,0.524482298964598
0,RR,AdaBoost,23,0.5039370078740157,0.5433070866141733,0.4645669291338583,0.5036496350364964,0.5433070866141733,0.5227272727272727,0.5200415400830801
0,RR,AdaBoost,24,0.5039370078740157,0.484251968503937,0.5236220472440944,0.5040983606557377,0.484251968503937,0.4939759036144578,0.5417105834211668
0,RR,AdaBoost,25,0.5433070866141733,0.5275590551181102,0.5590551181102362,0.5447154471544715,0.5275590551181102,0.536,0.5742218984437969
0,RR,AdaBoost,26,0.5334645669291339,0.5433070866141733,0.5236220472440944,0.5328185328185329,0.5433070866141733,0.5380116959064327,0.5503441006882013
0,RR,AdaBoost,27,0.5846456692913385,0.5748031496062992,0.594488188976378,0.5863453815261044,0.5748031496062992,0.5805168986083499,0.5984716969433939
0,RR,AdaBoost,28,0.5334645669291339,0.5236220472440944,0.5433070866141733,0.5341365461847389,0.5236220472440944,0.5288270377733598,0.5530566061132123
0,RR,AdaBoost,29,0.5236220472440944,0.5078740157480315,0.5393700787401575,0.524390243902439,0.5078740157480315,0.516,0.5441208382416765
0,RR,AdaBoost,30,0.5098425196850394,0.5196850393700787,0.5,0.5096525096525096,0.5196850393700787,0.5146198830409356,0.5303413106826214
0,RR,AdaBoost,31,0.5393700787401575,0.5866141732283464,0.4921259842519685,0.5359712230215827,0.5866141732283464,0.5601503759398496,0.5434465868931738
0,RR,AdaBoost,32,0.5334645669291339,0.5236220472440944,0.5433070866141733,0.5341365461847389,0.5236220472440944,0.5288270377733598,0.5494063488126977
1,RR,LR,1,0.547244094488189,0.5511811023622047,0.5433070866141733,0.546875,0.5511811023622047,0.5490196078431373,0.5629301258602517
1,RR,LR,2,0.5708661417322834,0.5708661417322834,0.5708661417322834,0.5708661417322834,0.5708661417322834,0.5708661417322834,0.5868931737863476
1,RR,LR,3,0.5885826771653543,0.5826771653543307,0.594488188976378,0.5896414342629482,0.5826771653543307,0.5861386138613861,0.592767685535371
1,RR,LR,4,0.5688976377952756,0.5905511811023622,0.547244094488189,0.5660377358490566,0.5905511811023622,0.5780346820809249,0.580259160518321
1,RR,LR,5,0.5885826771653543,0.5669291338582677,0.610236220472441,0.5925925925925926,0.5669291338582677,0.579476861167002,0.6118482236964473
1,RR,LR,6,0.5885826771653543,0.5826771653543307,0.594488188976378,0.5896414342629482,0.5826771653543307,0.5861386138613861,0.6119567239134479
1,RR,LR,7,0.6043307086614174,0.6023622047244095,0.6062992125984252,0.6047430830039525,0.6023622047244095,0.6035502958579881,0.6073377146754294
1,RR,LR,8,0.5669291338582677,0.610236220472441,0.5236220472440944,0.5615942028985508,0.610236220472441,0.5849056603773585,0.60251720503441
1,RR,LR,9,0.5885826771653543,0.5866141732283464,0.5905511811023622,0.5889328063241107,0.5866141732283464,0.5877712031558185,0.6206832413664828
1,RR,LR,10,0.5905511811023622,0.6023622047244095,0.5787401574803149,0.5884615384615385,0.6023622047244095,0.5953307392996109,0.6253022506045012
1,RR,LR,11,0.5964566929133859,0.6417322834645669,0.5511811023622047,0.5884476534296029,0.6417322834645669,0.6139359698681732,0.6126387252774507
1,RR,LR,12,0.5984251968503937,0.6417322834645669,0.5551181102362205,0.5905797101449275,0.6417322834645669,0.6150943396226415,0.60750821501643
1,RR,LR,13,0.5866141732283464,0.6535433070866141,0.5196850393700787,0.5763888888888888,0.6535433070866141,0.6125461254612546,0.6059892119784239
1,RR,LR,14,0.5669291338582677,0.5669291338582677,0.5669291338582677,0.5669291338582677,0.5669291338582677,0.5669291338582677,0.6131657263314527
1,RR,LR,15,0.5984251968503937,0.6417322834645669,0.5551181102362205,0.5905797101449275,0.6417322834645669,0.6150943396226415,0.6345867691735384
1,RR,LR,16,0.6003937007874016,0.6220472440944882,0.5787401574803149,0.5962264150943396,0.6220472440944882,0.6088631984585742,0.63750077500155
1,RR,LR,17,0.6082677165354331,0.5669291338582677,0.6496062992125984,0.6180257510729614,0.5669291338582677,0.5913757700205339,0.6286812573625148
1,RR,LR,18,0.5826771653543307,0.5787401574803149,0.5866141732283464,0.5833333333333334,0.5787401574803149,0.5810276679841897,0.6255037510075021
1,RR,LR,19,0.5885826771653543,0.5708661417322834,0.6062992125984252,0.5918367346938775,0.5708661417322834,0.5811623246492986,0.6180327360654722
1,RR,LR,20,0.5688976377952756,0.547244094488189,0.5905511811023622,0.5720164609053497,0.547244094488189,0.5593561368209256,0.6210087420174841
1,RR,LR,21,0.5669291338582677,0.5354330708661418,0.5984251968503937,0.5714285714285714,0.5354330708661418,0.5528455284552846,0.6058342116684233
1,RR,LR,22,0.5905511811023622,0.5866141732283464,0.594488188976378,0.5912698412698413,0.5866141732283464,0.5889328063241107,0.6124372248744498
1,RR,LR,23,0.562992125984252,0.5590551181102362,0.5669291338582677,0.5634920634920635,0.5590551181102362,0.5612648221343873,0.5988591977183955
1,RR,LR,24,0.5728346456692913,0.5669291338582677,0.5787401574803149,0.5737051792828686,0.5669291338582677,0.5702970297029702,0.6011687023374047
1,RR,LR,25,0.5649606299212598,0.5984251968503937,0.531496062992126,0.5608856088560885,0.5984251968503937,0.579047619047619,0.6010757021514043
1,RR,LR,26,0.5649606299212598,0.5708661417322834,0.5590551181102362,0.5642023346303502,0.5708661417322834,0.5675146771037182,0.59499968999938
1,RR,LR,27,0.5590551181102362,0.5511811023622047,0.5669291338582677,0.56,0.5511811023622047,0.5555555555555556,0.590256680513361
1,RR,LR,28,0.5669291338582677,0.5393700787401575,0.594488188976378,0.5708333333333333,0.5393700787401575,0.5546558704453441,0.5888771777543554
1,RR,LR,29,0.5728346456692913,0.5866141732283464,0.5590551181102362,0.5708812260536399,0.5866141732283464,0.5786407766990291,0.5949686899373798
1,RR,LR,30,0.5885826771653543,0.5866141732283464,0.5905511811023622,0.5889328063241107,0.5866141732283464,0.5877712031558185,0.6014012028024056
1,RR,LR,31,0.5570866141732284,0.5511811023622047,0.562992125984252,0.5577689243027888,0.5511811023622047,0.5544554455445545,0.5858081716163432
1,RR,LR,32,0.5669291338582677,0.5590551181102362,0.5748031496062992,0.568,0.5590551181102362,0.5634920634920635,0.5886601773203547
1,RR,RF,1,0.5708661417322834,0.5669291338582677,0.5748031496062992,0.5714285714285714,0.5669291338582677,0.5691699604743083,0.6105617211234422
1,RR,RF,2,0.5905511811023622,0.5708661417322834,0.610236220472441,0.5942622950819673,0.5708661417322834,0.5823293172690763,0.6373922747845496
1,RR,RF,3,0.5846456692913385,0.5511811023622047,0.6181102362204725,0.5907172995780591,0.5511811023622047,0.570264765784114,0.5978904457808916
1,RR,RF,4,0.5570866141732284,0.5393700787401575,0.5748031496062992,0.5591836734693878,0.5393700787401575,0.5490981963927856,0.6034317068634136
1,RR,RF,5,0.6062992125984252,0.5866141732283464,0.6259842519685039,0.610655737704918,0.5866141732283464,0.5983935742971888,0.6312000124000249
1,RR,RF,6,0.5767716535433071,0.531496062992126,0.6220472440944882,0.5844155844155844,0.531496062992126,0.5567010309278351,0.5881409262818527
1,RR,RF,7,0.5492125984251969,0.5433070866141733,0.5551181102362205,0.549800796812749,0.5433070866141733,0.5465346534653466,0.5806854113708229
1,RR,RF,8,0.5807086614173228,0.5708661417322834,0.5905511811023622,0.5823293172690763,0.5708661417322834,0.5765407554671969,0.5992854485708972
1,RR,RF,9,0.5846456692913385,0.5393700787401575,0.6299212598425197,0.5930735930735931,0.5393700787401575,0.5649484536082474,0.6059039618079236
1,RR,RF,10,0.5196850393700787,0.4763779527559055,0.562992125984252,0.521551724137931,0.4763779527559055,0.49794238683127573,0.541516833033666
1,RR,RF,11,0.5610236220472441,0.515748031496063,0.6062992125984252,0.5670995670995671,0.515748031496063,0.5402061855670103,0.6018274536549073
1,RR,RF,12,0.5216535433070866,0.4566929133858268,0.5866141732283464,0.5248868778280543,0.4566929133858268,0.4884210526315789,0.5522738545477092
1,RR,RF,13,0.5531496062992126,0.484251968503937,0.6220472440944882,0.5616438356164384,0.484251968503937,0.5200845665961945,0.5719976439952881
1,RR,RF,14,0.5255905511811023,0.4566929133858268,0.594488188976378,0.5296803652968036,0.4566929133858268,0.4904862579281184,0.5368280736561473
1,RR,RF,15,0.5334645669291339,0.4921259842519685,0.5748031496062992,0.5364806866952789,0.4921259842519685,0.5133470225872689,0.5367738235476471
1,RR,RF,16,0.5728346456692913,0.5354330708661418,0.610236220472441,0.5787234042553191,0.5354330708661418,0.556237218813906,0.5684481368962738
1,RR,RF,17,0.5433070866141733,0.468503937007874,0.6181102362204725,0.5509259259259259,0.468503937007874,0.5063829787234042,0.5533356066712134
1,RR,RF,18,0.5452755905511811,0.4921259842519685,0.5984251968503937,0.5506607929515418,0.4921259842519685,0.5197505197505198,0.5533433566867134
1,RR,RF,19,0.5570866141732284,0.531496062992126,0.5826771653543307,0.5601659751037344,0.531496062992126,0.5454545454545454,0.5577918655837311
1,RR,RF,20,0.5570866141732284,0.5,0.6141732283464567,0.5644444444444444,0.5,0.5302713987473904,0.5691378882757765
1,RR,RF,21,0.5492125984251969,0.49606299212598426,0.6023622047244095,0.5550660792951542,0.49606299212598426,0.5239085239085239,0.5654178808357617
1,RR,RF,22,0.5590551181102362,0.5118110236220472,0.6062992125984252,0.5652173913043478,0.5118110236220472,0.5371900826446281,0.5861181722363444
1,RR,RF,23,0.5511811023622047,0.515748031496063,0.5866141732283464,0.5550847457627118,0.515748031496063,0.5346938775510204,0.5507781015562032
1,RR,RF,24,0.5570866141732284,0.5039370078740157,0.610236220472441,0.5638766519823789,0.5039370078740157,0.5322245322245323,0.5364095728191457
1,RR,RF,25,0.5413385826771654,0.515748031496063,0.5669291338582677,0.5435684647302904,0.515748031496063,0.5292929292929293,0.5532193564387128
1,RR,RF,26,0.5177165354330708,0.4330708661417323,0.6023622047244095,0.5213270142180095,0.4330708661417323,0.4731182795698925,0.5239475478950958
1,RR,RF,27,0.531496062992126,0.4921259842519685,0.5708661417322834,0.5341880341880342,0.4921259842519685,0.5122950819672131,0.531984313968628
1,RR,RF,28,0.5374015748031497,0.452755905511811,0.6220472440944882,0.5450236966824644,0.452755905511811,0.4946236559139785,0.5331158162316325
1,RR,RF,29,0.5492125984251969,0.468503937007874,0.6299212598425197,0.5586854460093896,0.468503937007874,0.5096359743040685,0.5593806187612376
1,RR,RF,30,0.5177165354330708,0.48031496062992124,0.5551181102362205,0.5191489361702127,0.48031496062992124,0.49897750511247446,0.5226377952755905
1,RR,RF,31,0.5196850393700787,0.4763779527559055,0.562992125984252,0.521551724137931,0.4763779527559055,0.49794238683127573,0.5429273358546717
1,RR,RF,32,0.5511811023622047,0.468503937007874,0.6338582677165354,0.5613207547169812,0.468503937007874,0.5107296137339056,0.5531961063922127
1,RR,AdaBoost,1,0.5452755905511811,0.5590551181102362,0.531496062992126,0.5440613026819924,0.5590551181102362,0.5514563106796116,0.56999813999628
1,RR,AdaBoost,2,0.5118110236220472,0.5118110236220472,0.5118110236220472,0.5118110236220472,0.5118110236220472,0.5118110236220472,0.5327360654721309
1,RR,AdaBoost,3,0.5866141732283464,0.5669291338582677,0.6062992125984252,0.5901639344262295,0.5669291338582677,0.5783132530120482,0.5920701841403684
1,RR,AdaBoost,4,0.5295275590551181,0.5393700787401575,0.5196850393700787,0.528957528957529,0.5393700787401575,0.5341130604288499,0.5666191332382664
1,RR,AdaBoost,5,0.5669291338582677,0.5393700787401575,0.594488188976378,0.5708333333333333,0.5393700787401575,0.5546558704453441,0.5867691735383471
1,RR,AdaBoost,6,0.5433070866141733,0.5118110236220472,0.5748031496062992,0.5462184873949579,0.5118110236220472,0.5284552845528455,0.5635733771467544
1,RR,AdaBoost,7,0.5748031496062992,0.5590551181102362,0.5905511811023622,0.5772357723577236,0.5590551181102362,0.568,0.5908301816603634
1,RR,AdaBoost,8,0.5551181102362205,0.5905511811023622,0.5196850393700787,0.5514705882352942,0.5905511811023622,0.5703422053231939,0.5741831483662967
1,RR,AdaBoost,9,0.5511811023622047,0.5669291338582677,0.5354330708661418,0.549618320610687,0.5669291338582677,0.5581395348837209,0.5800654101308202
1,RR,AdaBoost,10,0.5551181102362205,0.562992125984252,0.547244094488189,0.5542635658914729,0.562992125984252,0.55859375,0.5655031310062619
1,RR,AdaBoost,11,0.5413385826771654,0.594488188976378,0.4881889763779528,0.5373665480427047,0.594488188976378,0.5644859813084112,0.5183210366420733
1,RR,AdaBoost,12,0.5275590551181102,0.562992125984252,0.4921259842519685,0.5257352941176471,0.562992125984252,0.5437262357414449,0.5474068448136896
1,RR,AdaBoost,13,0.5118110236220472,0.484251968503937,0.5393700787401575,0.5125,0.484251968503937,0.4979757085020243,0.5176932853865708
1,RR,AdaBoost,14,0.531496062992126,0.515748031496063,0.547244094488189,0.532520325203252,0.515748031496063,0.524,0.5573113646227292
1,RR,AdaBoost,15,0.5393700787401575,0.4763779527559055,0.6023622047244095,0.545045045045045,0.4763779527559055,0.5084033613445378,0.543508587017174
1,RR,AdaBoost,16,0.5492125984251969,0.562992125984252,0.5354330708661418,0.5478927203065134,0.562992125984252,0.5553398058252427,0.5593883687767376
1,RR,AdaBoost,17,0.5334645669291339,0.5078740157480315,0.5590551181102362,0.5352697095435685,0.5078740157480315,0.5212121212121212,0.5335653171306343
1,RR,AdaBoost,18,0.5433070866141733,0.5,0.5866141732283464,0.5474137931034483,0.5,0.522633744855967,0.5703003906007812
1,RR,AdaBoost,19,0.5216535433070866,0.5078740157480315,0.5354330708661418,0.5222672064777328,0.5078740157480315,0.5149700598802395,0.5192975385950772
1,RR,AdaBoost,20,0.5236220472440944,0.5118110236220472,0.5354330708661418,0.5241935483870968,0.5118110236220472,0.5179282868525896,0.5281403062806126
1,RR,AdaBoost,21,0.5334645669291339,0.49606299212598426,0.5708661417322834,0.5361702127659574,0.49606299212598426,0.5153374233128835,0.5521576043152086
1,RR,AdaBoost,22,0.5275590551181102,0.5354330708661418,0.5196850393700787,0.5271317829457365,0.5354330708661418,0.53125,0.5573656147312294
1,RR,AdaBoost,23,0.5433070866141733,0.5511811023622047,0.5354330708661418,0.5426356589147286,0.5511811023622047,0.546875,0.5339605679211358
1,RR,AdaBoost,24,0.5452755905511811,0.49606299212598426,0.594488188976378,0.5502183406113537,0.49606299212598426,0.5217391304347826,0.5454615909231818
1,RR,AdaBoost,25,0.5413385826771654,0.531496062992126,0.5511811023622047,0.5421686746987951,0.531496062992126,0.536779324055666,0.5536456072912147
1,RR,AdaBoost,26,0.5413385826771654,0.5,0.5826771653543307,0.5450643776824035,0.5,0.5215605749486653,0.5515996031992063
1,RR,AdaBoost,27,0.5354330708661418,0.484251968503937,0.5866141732283464,0.5394736842105263,0.484251968503937,0.5103734439834025,0.5539478578957158
1,RR,AdaBoost,28,0.5334645669291339,0.5118110236220472,0.5551181102362205,0.5349794238683128,0.5118110236220472,0.5231388329979879,0.5318680637361275
1,RR,AdaBoost,29,0.531496062992126,0.4763779527559055,0.5866141732283464,0.5353982300884956,0.4763779527559055,0.5041666666666667,0.5516461032922066
1,RR,AdaBoost,30,0.5236220472440944,0.4645669291338583,0.5826771653543307,0.5267857142857143,0.4645669291338583,0.49372384937238495,0.5174607849215698
1,RR,AdaBoost,31,0.5118110236220472,0.4763779527559055,0.547244094488189,0.5127118644067796,0.4763779527559055,0.49387755102040815,0.541733833467667
1,RR,AdaBoost,32,0.4881889763779528,0.48031496062992124,0.49606299212598426,0.488,0.48031496062992124,0.48412698412698413,0.5140042780085561
2,RR,LR,1,0.5492125984251969,0.5354330708661418,0.562992125984252,0.5506072874493927,0.5354330708661418,0.5429141716566867,0.5806466612933225
2,RR,LR,2,0.5492125984251969,0.5196850393700787,0.5787401574803149,0.5523012552301255,0.5196850393700787,0.5354969574036511,0.57252464504929
2,RR,LR,3,0.5374015748031497,0.562992125984252,0.5118110236220472,0.5355805243445693,0.562992125984252,0.5489443378119002,0.5589776179552359
2,RR,LR,4,0.5551181102362205,0.6377952755905512,0.47244094488188976,0.5472972972972973,0.6377952755905512,0.5890909090909091,0.5701996403992808
2,RR,LR,5,0.5708661417322834,0.6259842519685039,0.515748031496063,0.5638297872340425,0.6259842519685039,0.5932835820895522,0.6009362018724037
2,RR,LR,6,0.5767716535433071,0.610236220472441,0.5433070866141733,0.5719557195571956,0.610236220472441,0.5904761904761905,0.6028582057164114
2,RR,LR,7,0.5511811023622047,0.5866141732283464,0.515748031496063,0.5477941176470589,0.5866141732283464,0.5665399239543726,0.5913261826523653
2,RR,LR,8,0.5669291338582677,0.610236220472441,0.5236220472440944,0.5615942028985508,0.610236220472441,0.5849056603773585,0.6035402070804141
2,RR,LR,9,0.5570866141732284,0.610236220472441,0.5039370078740157,0.5516014234875445,0.610236220472441,0.5794392523364486,0.6107167214334429
2,RR,LR,10,0.5708661417322834,0.5669291338582677,0.5748031496062992,0.5714285714285714,0.5669291338582677,0.5691699604743083,0.6021297042594085
2,RR,LR,11,0.5807086614173228,0.610236220472441,0.5511811023622047,0.5762081784386617,0.610236220472441,0.5927342256214149,0.6037107074214149
2,RR,LR,12,0.59251968503937,0.6299212598425197,0.5551181102362205,0.5860805860805861,0.6299212598425197,0.6072106261859582,0.6247442494884989
2,RR,LR,13,0.6023622047244095,0.5905511811023622,0.6141732283464567,0.6048387096774194,0.5905511811023622,0.5976095617529881,0.6335482670965342
2,RR,LR,14,0.594488188976378,0.6299212598425197,0.5590551181102362,0.5882352941176471,0.6299212598425197,0.6083650190114068,0.6262787525575051
2,RR,LR,15,0.5866141732283464,0.594488188976378,0.5787401574803149,0.5852713178294574,0.594488188976378,0.58984375,0.6141732283464567
2,RR,LR,16,0.6003937007874016,0.5905511811023622,0.610236220472441,0.6024096385542169,0.5905511811023622,0.5964214711729622,0.6248217496434993
2,RR,LR,17,0.59251968503937,0.5984251968503937,0.5866141732283464,0.5914396887159533,0.5984251968503937,0.5949119373776908,0.6191952383904769
2,RR,LR,18,0.5728346456692913,0.5708661417322834,0.5748031496062992,0.5731225296442688,0.5708661417322834,0.571992110453649,0.6072912145824292
2,RR,LR,19,0.6062992125984252,0.6141732283464567,0.5984251968503937,0.6046511627906976,0.6141732283464567,0.609375,0.6144677289354579
2,RR,LR,20,0.5708661417322834,0.5708661417322834,0.5708661417322834,0.5708661417322834,0.5708661417322834,0.5708661417322834,0.6068262136524274
2,RR,LR,21,0.5551181102362205,0.547244094488189,0.562992125984252,0.556,0.547244094488189,0.5515873015873016,0.5989521979043959
2,RR,LR,22,0.5728346456692913,0.5590551181102362,0.5866141732283464,0.5748987854251012,0.5590551181102362,0.5668662674650699,0.5878386756773513
2,RR,LR,23,0.562992125984252,0.5669291338582677,0.5590551181102362,0.5625,0.5669291338582677,0.5647058823529412,0.5864281728563457
2,RR,LR,24,0.5708661417322834,0.5433070866141733,0.5984251968503937,0.575,0.5433070866141733,0.5587044534412956,0.5982546965093929
2,RR,LR,25,0.5787401574803149,0.5787401574803149,0.5787401574803149,0.5787401574803149,0.5787401574803149,0.5787401574803149,0.5989521979043958
2,RR,LR,26,0.5964566929133859,0.6062992125984252,0.5866141732283464,0.5945945945945946,0.6062992125984252,0.6003898635477583,0.6041602083204167
2,RR,LR,27,0.5688976377952756,0.5669291338582677,0.5708661417322834,0.5691699604743083,0.5669291338582677,0.5680473372781065,0.5899001798003596
2,RR,LR,28,0.5866141732283464,0.610236220472441,0.562992125984252,0.5827067669172933,0.610236220472441,0.5961538461538461,0.6017887035774072
2,RR,LR,29,0.5767716535433071,0.5826771653543307,0.5708661417322834,0.5758754863813229,0.5826771653543307,0.5792563600782779,0.60250170500341
2,RR,LR,30,0.5551181102362205,0.5708661417322834,0.5393700787401575,0.5534351145038168,0.5708661417322834,0.562015503875969,0.5928141856283713
2,RR,LR,31,0.5570866141732284,0.547244094488189,0.5669291338582677,0.5582329317269076,0.547244094488189,0.5526838966202783,0.5862266724533449
2,RR,LR,32,0.562992125984252,0.562992125984252,0.562992125984252,0.562992125984252,0.562992125984252,0.562992125984252,0.593992187984376
2,RR,RF,1,0.5570866141732284,0.547244094488189,0.5669291338582677,0.5582329317269076,0.547244094488189,0.5526838966202783,0.5735863971727944
2,RR,RF,2,0.5452755905511811,0.5393700787401575,0.5511811023622047,0.545816733067729,0.5393700787401575,0.5425742574257426,0.5872341744683489
2,RR,RF,3,0.5688976377952756,0.547244094488189,0.5905511811023622,0.5720164609053497,0.547244094488189,0.5593561368209256,0.5993629487258973
2,RR,RF,4,0.5354330708661418,0.515748031496063,0.5551181102362205,0.5368852459016393,0.515748031496063,0.5261044176706827,0.5698276396552794
2,RR,RF,5,0.5511811023622047,0.5590551181102362,0.5433070866141733,0.5503875968992248,0.5590551181102362,0.5546875,0.577996155992312
2,RR,RF,6,0.5492125984251969,0.5551181102362205,0.5433070866141733,0.5486381322957199,0.5551181102362205,0.5518590998043053,0.5756789013578028
2,RR,RF,7,0.6003937007874016,0.5787401574803149,0.6220472440944882,0.6049382716049383,0.5787401574803149,0.5915492957746479,0.604276458552917
2,RR,RF,8,0.5413385826771654,0.5078740157480315,0.5748031496062992,0.5443037974683544,0.5078740157480315,0.5254582484725051,0.5689596379192758
2,RR,RF,9,0.5531496062992126,0.5236220472440944,0.5826771653543307,0.5564853556485355,0.5236220472440944,0.539553752535497,0.5671306342612685
2,RR,RF,10,0.5610236220472441,0.547244094488189,0.5748031496062992,0.562753036437247,0.547244094488189,0.5548902195608783,0.5628526257052515
2,RR,RF,11,0.5492125984251969,0.531496062992126,0.5669291338582677,0.5510204081632653,0.531496062992126,0.5410821643286573,0.5503673507347016
2,RR,RF,12,0.5098425196850394,0.468503937007874,0.5511811023622047,0.5107296137339056,0.468503937007874,0.4887063655030801,0.5387810775621551
2,RR,RF,13,0.5413385826771654,0.5275590551181102,0.5551181102362205,0.5425101214574899,0.5275590551181102,0.5349301397205589,0.5526071052142104
2,RR,RF,14,0.5610236220472441,0.547244094488189,0.5748031496062992,0.562753036437247,0.547244094488189,0.5548902195608783,0.5741288982577966
2,RR,RF,15,0.5649606299212598,0.5669291338582677,0.562992125984252,0.5647058823529412,0.5669291338582677,0.5658153241650294,0.5769499038998078
2,RR,RF,16,0.5511811023622047,0.5708661417322834,0.531496062992126,0.5492424242424242,0.5708661417322834,0.5598455598455598,0.565735631471263
2,RR,RF,17,0.547244094488189,0.5511811023622047,0.5433070866141733,0.546875,0.5511811023622047,0.5490196078431373,0.5749813999628
2,RR,RF,18,0.5196850393700787,0.5196850393700787,0.5196850393700787,0.5196850393700787,0.5196850393700787,0.5196850393700787,0.5399435798871598
2,RR,RF,19,0.547244094488189,0.5669291338582677,0.5275590551181102,0.5454545454545454,0.5669291338582677,0.555984555984556,0.5745783991567984
2,RR,RF,20,0.562992125984252,0.5275590551181102,0.5984251968503937,0.5677966101694916,0.5275590551181102,0.5469387755102041,0.5949764399528799
2,RR,RF,21,0.5295275590551181,0.5196850393700787,0.5393700787401575,0.5301204819277109,0.5196850393700787,0.5248508946322068,0.5605353710707421
2,RR,RF,22,0.5275590551181102,0.49606299212598426,0.5590551181102362,0.5294117647058824,0.49606299212598426,0.5121951219512195,0.5501503503007007
2,RR,RF,23,0.5728346456692913,0.5551181102362205,0.5905511811023622,0.5755102040816327,0.5551181102362205,0.5651302605210421,0.577779155558311
2,RR,RF,24,0.5295275590551181,0.4921259842519685,0.5669291338582677,0.5319148936170213,0.4921259842519685,0.5112474437627812,0.5630928761857523
2,RR,RF,25,0.5354330708661418,0.531496062992126,0.5393700787401575,0.5357142857142857,0.531496062992126,0.5335968379446641,0.5499798499597
2,RR,RF,26,0.547244094488189,0.5511811023622047,0.5433070866141733,0.546875,0.5511811023622047,0.5490196078431373,0.5814294128588258
2,RR,RF,27,0.5413385826771654,0.5039370078740157,0.5787401574803149,0.5446808510638298,0.5039370078740157,0.523517382413088,0.5423848347696696
2,RR,RF,28,0.5511811023622047,0.5393700787401575,0.562992125984252,0.5524193548387096,0.5393700787401575,0.545816733067729,0.5448493396986794
2,RR,RF,29,0.5393700787401575,0.531496062992126,0.547244094488189,0.54,0.531496062992126,0.5357142857142857,0.5530798561597123
2,RR,RF,30,0.5433070866141733,0.5236220472440944,0.562992125984252,0.5450819672131147,0.5236220472440944,0.5341365461847389,0.5538238576477152
2,RR,RF,31,0.5295275590551181,0.5433070866141733,0.515748031496063,0.5287356321839081,0.5433070866141733,0.5359223300970873,0.5744001488002975
2,RR,RF,32,0.5590551181102362,0.5551181102362205,0.562992125984252,0.5595238095238095,0.5551181102362205,0.5573122529644269,0.56499162998326
2,RR,AdaBoost,1,0.5511811023622047,0.5354330708661418,0.5669291338582677,0.5528455284552846,0.5354330708661418,0.544,0.5536688573377146
2,RR,AdaBoost,2,0.5334645669291339,0.5354330708661418,0.531496062992126,0.5333333333333333,0.5354330708661418,0.5343811394891945,0.548259346518693
2,RR,AdaBoost,3,0.5098425196850394,0.5078740157480315,0.5118110236220472,0.5098814229249012,0.5078740157480315,0.5088757396449705,0.5183210366420733
2,RR,AdaBoost,4,0.5334645669291339,0.562992125984252,0.5039370078740157,0.5315985130111525,0.562992125984252,0.5468451242829828,0.5538393576787153
2,RR,AdaBoost,5,0.5354330708661418,0.5433070866141733,0.5275590551181102,0.5348837209302325,0.5433070866141733,0.5390625,0.5467170934341868
2,RR,AdaBoost,6,0.5551181102362205,0.531496062992126,0.5787401574803149,0.5578512396694215,0.531496062992126,0.5443548387096774,0.5629378758757518
2,RR,AdaBoost,7,0.5118110236220472,0.5551181102362205,0.468503937007874,0.5108695652173914,0.5551181102362205,0.5320754716981132,0.5541571083142166
2,RR,AdaBoost,8,0.5531496062992126,0.5748031496062992,0.531496062992126,0.5509433962264151,0.5748031496062992,0.5626204238921002,0.5646893793787587
2,RR,AdaBoost,9,0.5433070866141733,0.5236220472440944,0.562992125984252,0.5450819672131147,0.5236220472440944,0.5341365461847389,0.5687426374852751
2,RR,AdaBoost,10,0.5059055118110236,0.5196850393700787,0.4921259842519685,0.5057471264367817,0.5196850393700787,0.512621359223301,0.5149110298220596
2,RR,AdaBoost,11,0.5492125984251969,0.5748031496062992,0.5236220472440944,0.5468164794007491,0.5748031496062992,0.5604606525911708,0.5604501209002418
2,RR,AdaBoost,12,0.5137795275590551,0.5196850393700787,0.5078740157480315,0.5136186770428015,0.5196850393700787,0.5166340508806262,0.5341000682001363
2,RR,AdaBoost,13,0.5137795275590551,0.4881889763779528,0.5393700787401575,0.5145228215767634,0.4881889763779528,0.501010101010101,0.5205762911525823
2,RR,AdaBoost,14,0.5669291338582677,0.610236220472441,0.5236220472440944,0.5615942028985508,0.610236220472441,0.5849056603773585,0.5694866389732779
2,RR,AdaBoost,15,0.5255905511811023,0.5236220472440944,0.5275590551181102,0.525691699604743,0.5236220472440944,0.52465483234714,0.5306280612561225
2,RR,AdaBoost,16,0.5196850393700787,0.547244094488189,0.4921259842519685,0.5186567164179104,0.547244094488189,0.5325670498084292,0.5446090892181784
2,RR,AdaBoost,17,0.5334645669291339,0.5078740157480315,0.5590551181102362,0.5352697095435685,0.5078740157480315,0.5212121212121212,0.5368513237026474
2,RR,AdaBoost,18,0.562992125984252,0.5433070866141733,0.5826771653543307,0.5655737704918032,0.5433070866141733,0.5542168674698795,0.5838706677413356
2,RR,AdaBoost,19,0.547244094488189,0.5590551181102362,0.5354330708661418,0.5461538461538461,0.5590551181102362,0.5525291828793775,0.5555831111662224
2,RR,AdaBoost,20,0.5196850393700787,0.5,0.5393700787401575,0.5204918032786885,0.5,0.5100401606425703,0.5278225556451113
2,RR,AdaBoost,21,0.5688976377952756,0.5669291338582677,0.5708661417322834,0.5691699604743083,0.5669291338582677,0.5680473372781065,0.5594193688387377
2,RR,AdaBoost,22,0.5452755905511811,0.5433070866141733,0.547244094488189,0.5454545454545454,0.5433070866141733,0.5443786982248521,0.5396413292826586
2,RR,AdaBoost,23,0.5570866141732284,0.5669291338582677,0.547244094488189,0.555984555984556,0.5669291338582677,0.5614035087719298,0.5703081406162813
2,RR,AdaBoost,24,0.5511811023622047,0.5511811023622047,0.5511811023622047,0.5511811023622047,0.5511811023622047,0.5511811023622047,0.5599463698927398
2,RR,AdaBoost,25,0.5649606299212598,0.6023622047244095,0.5275590551181102,0.5604395604395604,0.6023622047244095,0.5806451612903226,0.5813906627813257
2,RR,AdaBoost,26,0.5374015748031497,0.5866141732283464,0.4881889763779528,0.5340501792114696,0.5866141732283464,0.5590994371482176,0.5441208382416765
2,RR,AdaBoost,27,0.5334645669291339,0.5275590551181102,0.5393700787401575,0.5338645418326693,0.5275590551181102,0.5306930693069307,0.5439813379626759
2,RR,AdaBoost,28,0.5295275590551181,0.5236220472440944,0.5354330708661418,0.5298804780876494,0.5236220472440944,0.5267326732673268,0.5454460908921818
2,RR,AdaBoost,29,0.49606299212598426,0.5039370078740157,0.4881889763779528,0.49612403100775193,0.5039370078740157,0.5,0.5141515283030567
2,RR,AdaBoost,30,0.5334645669291339,0.5078740157480315,0.5590551181102362,0.5352697095435685,0.5078740157480315,0.5212121212121212,0.5423460846921694
2,RR,AdaBoost,31,0.5019685039370079,0.5078740157480315,0.49606299212598426,0.5019455252918288,0.5078740157480315,0.5048923679060665,0.5275823051646104
2,RR,AdaBoost,32,0.5452755905511811,0.562992125984252,0.5275590551181102,0.5437262357414449,0.562992125984252,0.5531914893617021,0.5542346084692169
3,RR,LR,1,0.5374015748031497,0.5236220472440944,0.5511811023622047,0.5384615384615384,0.5236220472440944,0.530938123752495,0.5554126108252215
3,RR,LR,2,0.5433070866141733,0.5236220472440944,0.562992125984252,0.5450819672131147,0.5236220472440944,0.5341365461847389,0.5510726021452044
3,RR,LR,3,0.5492125984251969,0.5354330708661418,0.562992125984252,0.5506072874493927,0.5354330708661418,0.5429141716566867,0.5615196230392461
3,RR,LR,4,0.5393700787401575,0.562992125984252,0.515748031496063,0.5375939849624061,0.562992125984252,0.55,0.5721991443982888
3,RR,LR,5,0.562992125984252,0.562992125984252,0.562992125984252,0.562992125984252,0.562992125984252,0.562992125984252,0.5944571889143778
3,RR,LR,6,0.5610236220472441,0.5433070866141733,0.5787401574803149,0.563265306122449,0.5433070866141733,0.5531062124248497,0.6045787091574183
3,RR,LR,7,0.5866141732283464,0.5866141732283464,0.5866141732283464,0.5866141732283464,0.5866141732283464,0.5866141732283464,0.6211172422344845
3,RR,LR,8,0.5610236220472441,0.5826771653543307,0.5393700787401575,0.5584905660377358,0.5826771653543307,0.5703275529865125,0.5888771777543556
3,RR,LR,9,0.5610236220472441,0.5354330708661418,0.5866141732283464,0.5643153526970954,0.5354330708661418,0.5494949494949495,0.5935116870233741
3,RR,LR,10,0.5964566929133859,0.5826771653543307,0.610236220472441,0.5991902834008097,0.5826771653543307,0.590818363273453,0.6351602703205406
3,RR,LR,11,0.5905511811023622,0.6023622047244095,0.5787401574803149,0.5884615384615385,0.6023622047244095,0.5953307392996109,0.6241397482794965
3,RR,LR,12,0.6023622047244095,0.6299212598425197,0.5748031496062992,0.5970149253731343,0.6299212598425197,0.6130268199233716,0.6171492342984687
3,RR,LR,13,0.5846456692913385,0.5905511811023622,0.5787401574803149,0.5836575875486382,0.5905511811023622,0.5870841487279843,0.6056017112034224
3,RR,LR,14,0.5807086614173228,0.5905511811023622,0.5708661417322834,0.5791505791505791,0.5905511811023622,0.5847953216374269,0.617009734019468
3,RR,LR,15,0.5885826771653543,0.6181102362204725,0.5590551181102362,0.5836431226765799,0.6181102362204725,0.6003824091778203,0.6120807241614483
3,RR,LR,16,0.5905511811023622,0.5748031496062992,0.6062992125984252,0.5934959349593496,0.5748031496062992,0.584,0.6305877611755224
3,RR,LR,17,0.5787401574803149,0.6259842519685039,0.531496062992126,0.5719424460431655,0.6259842519685039,0.5977443609022557,0.6120652241304483
3,RR,LR,18,0.6003937007874016,0.610236220472441,0.5905511811023622,0.5984555984555985,0.610236220472441,0.6042884990253411,0.6278597557195114
3,RR,LR,19,0.5885826771653543,0.5748031496062992,0.6023622047244095,0.5910931174089069,0.5748031496062992,0.5828343313373253,0.6236282472564946
3,RR,LR,20,0.5984251968503937,0.5826771653543307,0.6141732283464567,0.6016260162601627,0.5826771653543307,0.592,0.6162812325624651
3,RR,LR,21,0.594488188976378,0.5905511811023622,0.5984251968503937,0.5952380952380952,0.5905511811023622,0.5928853754940712,0.611755223510447
3,RR,LR,22,0.5964566929133859,0.5866141732283464,0.6062992125984252,0.5983935742971888,0.5866141732283464,0.5924453280318092,0.6267747535495072
3,RR,LR,23,0.59251968503937,0.5826771653543307,0.6023622047244095,0.5943775100401606,0.5826771653543307,0.588469184890656,0.6160797321594643
3,RR,LR,24,0.5688976377952756,0.5551181102362205,0.5826771653543307,0.5708502024291497,0.5551181102362205,0.562874251497006,0.6157077314154628
3,RR,LR,25,0.6062992125984252,0.6023622047244095,0.610236220472441,0.6071428571428571,0.6023622047244095,0.6047430830039525,0.630758261516523
3,RR,LR,26,0.5787401574803149,0.5787401574803149,0.5787401574803149,0.5787401574803149,0.5787401574803149,0.5787401574803149,0.613026226052452
3,RR,LR,27,0.5570866141732284,0.5590551181102362,0.5551181102362205,0.5568627450980392,0.5590551181102362,0.5579567779960707,0.6131967263934528
3,RR,LR,28,0.5649606299212598,0.5787401574803149,0.5511811023622047,0.5632183908045977,0.5787401574803149,0.570873786407767,0.6044702089404178
3,RR,LR,29,0.5748031496062992,0.5393700787401575,0.610236220472441,0.5805084745762712,0.5393700787401575,0.5591836734693878,0.6105772211544422
3,RR,LR,30,0.594488188976378,0.610236220472441,0.5787401574803149,0.5916030534351145,0.610236220472441,0.6007751937984496,0.6172732345464691
3,RR,LR,31,0.6003937007874016,0.5826771653543307,0.6181102362204725,0.6040816326530613,0.5826771653543307,0.593186372745491,0.6041447082894165
3,RR,LR,32,0.5728346456692913,0.5866141732283464,0.5590551181102362,0.5708812260536399,0.5866141732283464,0.5786407766990291,0.5857771715543432
3,RR,RF,1,0.5728346456692913,0.5511811023622047,0.594488188976378,0.5761316872427984,0.5511811023622047,0.5633802816901409,0.6086397172794346
3,RR,RF,2,0.5610236220472441,0.515748031496063,0.6062992125984252,0.5670995670995671,0.515748031496063,0.5402061855670103,0.5983786967573935
3,RR,RF,3,0.5807086614173228,0.5669291338582677,0.594488188976378,0.582995951417004,0.5669291338582677,0.5748502994011976,0.6247829995659991
3,RR,RF,4,0.5590551181102362,0.48031496062992124,0.6377952755905512,0.5700934579439252,0.48031496062992124,0.5213675213675214,0.598254696509393
3,RR,RF,5,0.5531496062992126,0.5236220472440944,0.5826771653543307,0.5564853556485355,0.5236220472440944,0.539553752535497,0.5855136710273421
3,RR,RF,6,0.5570866141732284,0.5236220472440944,0.5905511811023622,0.5611814345991561,0.5236220472440944,0.5417515274949084,0.5854439208878418
3,RR,RF,7,0.5511811023622047,0.5433070866141733,0.5590551181102362,0.552,0.5433070866141733,0.5476190476190477,0.5965496930993863
3,RR,RF,8,0.5787401574803149,0.5511811023622047,0.6062992125984252,0.5833333333333334,0.5511811023622047,0.5668016194331984,0.5935814371628744
3,RR,RF,9,0.5728346456692913,0.5354330708661418,0.610236220472441,0.5787234042553191,0.5354330708661418,0.556237218813906,0.5928916857833716
3,RR,RF,10,0.5649606299212598,0.5590551181102362,0.5708661417322834,0.5657370517928287,0.5590551181102362,0.5623762376237624,0.5825841651683303
3,RR,RF,11,0.5787401574803149,0.5551181102362205,0.6023622047244095,0.5826446280991735,0.5551181102362205,0.5685483870967742,0.5935736871473745
3,RR,RF,12,0.5374015748031497,0.5354330708661418,0.5393700787401575,0.5375494071146245,0.5354330708661418,0.5364891518737672,0.5352238204476409
3,RR,RF,13,0.5374015748031497,0.5039370078740157,0.5708661417322834,0.540084388185654,0.5039370078740157,0.5213849287169042,0.5574741149482298
3,RR,RF,14,0.5275590551181102,0.5236220472440944,0.531496062992126,0.5277777777777778,0.5236220472440944,0.525691699604743,0.5398350796701594
3,RR,RF,15,0.5708661417322834,0.5669291338582677,0.5748031496062992,0.5714285714285714,0.5669291338582677,0.5691699604743083,0.5628603757207514
3,RR,RF,16,0.5374015748031497,0.5433070866141733,0.531496062992126,0.5369649805447471,0.5433070866141733,0.5401174168297456,0.5491660983321968
3,RR,RF,17,0.531496062992126,0.5354330708661418,0.5275590551181102,0.53125,0.5354330708661418,0.5333333333333333,0.5545291090582181
3,RR,RF,18,0.5433070866141733,0.515748031496063,0.5708661417322834,0.5458333333333333,0.515748031496063,0.5303643724696356,0.5919694339388679
3,RR,RF,19,0.5511811023622047,0.547244094488189,0.5551181102362205,0.5515873015873016,0.547244094488189,0.549407114624506,0.5617443734887471
3,RR,RF,20,0.5334645669291339,0.5196850393700787,0.547244094488189,0.5344129554655871,0.5196850393700787,0.5269461077844312,0.550235600471201
3,RR,RF,21,0.5610236220472441,0.5393700787401575,0.5826771653543307,0.5637860082304527,0.5393700787401575,0.5513078470824949,0.5753689007378014
3,RR,RF,22,0.5688976377952756,0.5511811023622047,0.5866141732283464,0.5714285714285714,0.5511811023622047,0.561122244488978,0.5921089342178685
3,RR,RF,23,0.5610236220472441,0.562992125984252,0.5590551181102362,0.5607843137254902,0.562992125984252,0.5618860510805501,0.5735321470642942
3,RR,RF,24,0.5334645669291339,0.5236220472440944,0.5433070866141733,0.5341365461847389,0.5236220472440944,0.5288270377733598,0.5451825903651806
3,RR,RF,25,0.5433070866141733,0.515748031496063,0.5708661417322834,0.5458333333333333,0.515748031496063,0.5303643724696356,0.560984871969744
3,RR,RF,26,0.547244094488189,0.5118110236220472,0.5826771653543307,0.5508474576271186,0.5118110236220472,0.5306122448979592,0.5657511315022631
3,RR,RF,27,0.531496062992126,0.515748031496063,0.547244094488189,0.532520325203252,0.515748031496063,0.524,0.5348285696571394
3,RR,RF,28,0.515748031496063,0.5,0.531496062992126,0.516260162601626,0.5,0.508,0.5371535743071486
3,RR,RF,29,0.5196850393700787,0.5039370078740157,0.5354330708661418,0.5203252032520326,0.5039370078740157,0.512,0.544004588009176
3,RR,RF,30,0.5374015748031497,0.515748031496063,0.5590551181102362,0.5390946502057613,0.515748031496063,0.5271629778672032,0.5499565999131999
3,RR,RF,31,0.5275590551181102,0.531496062992126,0.5236220472440944,0.52734375,0.531496062992126,0.5294117647058824,0.5636276272552545
3,RR,RF,32,0.5295275590551181,0.4921259842519685,0.5669291338582677,0.5319148936170213,0.4921259842519685,0.5112474437627812,0.536487072974146
3,RR,AdaBoost,1,0.5551181102362205,0.5590551181102362,0.5511811023622047,0.5546875,0.5590551181102362,0.5568627450980392,0.5532038564077129
3,RR,AdaBoost,2,0.562992125984252,0.5393700787401575,0.5866141732283464,0.5661157024793388,0.5393700787401575,0.5524193548387096,0.5711218922437845
3,RR,AdaBoost,3,0.515748031496063,0.5354330708661418,0.49606299212598426,0.5151515151515151,0.5354330708661418,0.525096525096525,0.5388740777481555
3,RR,AdaBoost,4,0.5334645669291339,0.5118110236220472,0.5551181102362205,0.5349794238683128,0.5118110236220472,0.5231388329979879,0.5564123628247256
3,RR,AdaBoost,5,0.5295275590551181,0.5354330708661418,0.5236220472440944,0.5291828793774319,0.5354330708661418,0.5322896281800391,0.5394010788021576
3,RR,AdaBoost,6,0.5885826771653543,0.5393700787401575,0.6377952755905512,0.5982532751091703,0.5393700787401575,0.567287784679089,0.5935039370078741
3,RR,AdaBoost,7,0.5492125984251969,0.5433070866141733,0.5551181102362205,0.549800796812749,0.5433070866141733,0.5465346534653466,0.5426560853121707
3,RR,AdaBoost,8,0.5374015748031497,0.5078740157480315,0.5669291338582677,0.5397489539748954,0.5078740157480315,0.5233265720081136,0.5533511067022134
3,RR,AdaBoost,9,0.5059055118110236,0.5,0.5118110236220472,0.5059760956175299,0.5,0.502970297029703,0.5316588133176267
3,RR,AdaBoost,10,0.5295275590551181,0.5511811023622047,0.5078740157480315,0.5283018867924528,0.5511811023622047,0.5394990366088632,0.5344333188666377
3,RR,AdaBoost,11,0.5590551181102362,0.5551181102362205,0.562992125984252,0.5595238095238095,0.5551181102362205,0.5573122529644269,0.5648598797197595
3,RR,AdaBoost,12,0.5334645669291339,0.531496062992126,0.5354330708661418,0.5335968379446641,0.531496062992126,0.5325443786982249,0.5403078306156612
3,RR,AdaBoost,13,0.49015748031496065,0.5196850393700787,0.46062992125984253,0.49070631970260226,0.5196850393700787,0.5047801147227533,0.5211962923925848
3,RR,AdaBoost,14,0.5177165354330708,0.5236220472440944,0.5118110236220472,0.5175097276264592,0.5236220472440944,0.5205479452054794,0.5421213342426685
3,RR,AdaBoost,15,0.5177165354330708,0.484251968503937,0.5511811023622047,0.5189873417721519,0.484251968503937,0.5010183299389002,0.5238545477090955
3,RR,AdaBoost,16,0.5413385826771654,0.5196850393700787,0.562992125984252,0.5432098765432098,0.5196850393700787,0.5311871227364185,0.5500728501457003
3,RR,AdaBoost,17,0.5137795275590551,0.484251968503937,0.5433070866141733,0.5146443514644351,0.484251968503937,0.49898580121703856,0.5300158100316201
3,RR,AdaBoost,18,0.5374015748031497,0.562992125984252,0.5118110236220472,0.5355805243445693,0.562992125984252,0.5489443378119002,0.5536068572137144
3,RR,AdaBoost,19,0.484251968503937,0.4645669291338583,0.5039370078740157,0.48360655737704916,0.4645669291338583,0.4738955823293173,0.5136942773885548
3,RR,AdaBoost,20,0.5275590551181102,0.5393700787401575,0.515748031496063,0.5269230769230769,0.5393700787401575,0.5330739299610895,0.539246078492157
3,RR,AdaBoost,21,0.5492125984251969,0.562992125984252,0.5354330708661418,0.5478927203065134,0.562992125984252,0.5553398058252427,0.5403233306466613
3,RR,AdaBoost,22,0.5275590551181102,0.5551181102362205,0.5,0.5261194029850746,0.5551181102362205,0.5402298850574713,0.5279543059086118
3,RR,AdaBoost,23,0.5334645669291339,0.547244094488189,0.5196850393700787,0.5325670498084292,0.547244094488189,0.5398058252427185,0.533728067456135
3,RR,AdaBoost,24,0.5295275590551181,0.46062992125984253,0.5984251968503937,0.5342465753424658,0.46062992125984253,0.49471458773784355,0.538238576477153
3,RR,AdaBoost,25,0.49803149606299213,0.5,0.49606299212598426,0.4980392156862745,0.5,0.49901768172888017,0.49506324012648023
3,RR,AdaBoost,26,0.5216535433070866,0.5196850393700787,0.5236220472440944,0.5217391304347826,0.5196850393700787,0.5207100591715976,0.5411060822121644
3,RR,AdaBoost,27,0.5059055118110236,0.48031496062992124,0.531496062992126,0.5062240663900415,0.48031496062992124,0.49292929292929294,0.5120822741645483
3,RR,AdaBoost,28,0.5688976377952756,0.5748031496062992,0.562992125984252,0.5680933852140078,0.5748031496062992,0.5714285714285714,0.5699903899807799
3,RR,AdaBoost,29,0.5551181102362205,0.5118110236220472,0.5984251968503937,0.5603448275862069,0.5118110236220472,0.5349794238683128,0.5509331018662037
3,RR,AdaBoost,30,0.5137795275590551,0.47244094488188976,0.5551181102362205,0.5150214592274678,0.47244094488188976,0.4928131416837782,0.5091372682745365
3,RR,AdaBoost,31,0.5236220472440944,0.5354330708661418,0.5118110236220472,0.5230769230769231,0.5354330708661418,0.5291828793774319,0.5232190464380929
3,RR,AdaBoost,32,0.5275590551181102,0.515748031496063,0.5393700787401575,0.5282258064516129,0.515748031496063,0.5219123505976095,0.5473370946741893
4,RR,LR,1,0.5374015748031497,0.5039370078740157,0.5708661417322834,0.540084388185654,0.5039370078740157,0.5213849287169042,0.5406875813751628
4,RR,LR,2,0.5393700787401575,0.5039370078740157,0.5748031496062992,0.5423728813559322,0.5039370078740157,0.5224489795918368,0.5630386260772522
4,RR,LR,3,0.5393700787401575,0.5236220472440944,0.5551181102362205,0.540650406504065,0.5236220472440944,0.532,0.567750635501271
4,RR,LR,4,0.5433070866141733,0.547244094488189,0.5393700787401575,0.54296875,0.547244094488189,0.5450980392156862,0.5568231136462273
4,RR,LR,5,0.5570866141732284,0.5393700787401575,0.5748031496062992,0.5591836734693878,0.5393700787401575,0.5490981963927856,0.5673786347572695
4,RR,LR,6,0.5511811023622047,0.5590551181102362,0.5433070866141733,0.5503875968992248,0.5590551181102362,0.5546875,0.5849091698183397
4,RR,LR,7,0.5748031496062992,0.5787401574803149,0.5708661417322834,0.57421875,0.5787401574803149,0.5764705882352941,0.5981771963543927
4,RR,LR,8,0.6003937007874016,0.610236220472441,0.5905511811023622,0.5984555984555985,0.610236220472441,0.6042884990253411,0.612003224006448
4,RR,LR,9,0.5748031496062992,0.5669291338582677,0.5826771653543307,0.576,0.5669291338582677,0.5714285714285714,0.6079112158224317
4,RR,LR,10,0.59251968503937,0.5826771653543307,0.6023622047244095,0.5943775100401606,0.5826771653543307,0.588469184890656,0.623767747535495
4,RR,LR,11,0.6023622047244095,0.5748031496062992,0.6299212598425197,0.6083333333333333,0.5748031496062992,0.5910931174089069,0.622248744497489
4,RR,LR,12,0.6082677165354331,0.6181102362204725,0.5984251968503937,0.6061776061776062,0.6181102362204725,0.6120857699805068,0.6219697439394878
4,RR,LR,13,0.5964566929133859,0.6023622047244095,0.5905511811023622,0.5953307392996109,0.6023622047244095,0.598825831702544,0.6194432388864778
4,RR,LR,14,0.5905511811023622,0.594488188976378,0.5866141732283464,0.58984375,0.594488188976378,0.592156862745098,0.6251007502015005
4,RR,LR,15,0.562992125984252,0.5748031496062992,0.5511811023622047,0.5615384615384615,0.5748031496062992,0.5680933852140078,0.6138477276954554
4,RR,LR,16,0.5964566929133859,0.6181102362204725,0.5748031496062992,0.5924528301886792,0.6181102362204725,0.605009633911368,0.6276272552545106
4,RR,LR,17,0.5748031496062992,0.6181102362204725,0.531496062992126,0.5688405797101449,0.6181102362204725,0.5924528301886792,0.6034627069254137
4,RR,LR,18,0.5708661417322834,0.5787401574803149,0.562992125984252,0.5697674418604651,0.5787401574803149,0.57421875,0.6130107260214521
4,RR,LR,19,0.5551181102362205,0.5590551181102362,0.5511811023622047,0.5546875,0.5590551181102362,0.5568627450980392,0.590272180544361
4,RR,LR,20,0.562992125984252,0.5590551181102362,0.5669291338582677,0.5634920634920635,0.5590551181102362,0.5612648221343873,0.5971696943393886
4,RR,LR,21,0.5807086614173228,0.5551181102362205,0.6062992125984252,0.5850622406639004,0.5551181102362205,0.5696969696969697,0.5989056978113956
4,RR,LR,22,0.5787401574803149,0.5984251968503937,0.5590551181102362,0.5757575757575758,0.5984251968503937,0.5868725868725869,0.6031062062124124
4,RR,LR,23,0.5866141732283464,0.6181102362204725,0.5551181102362205,0.5814814814814815,0.6181102362204725,0.5992366412213741,0.6066247132494265
4,RR,LR,24,0.5748031496062992,0.6062992125984252,0.5433070866141733,0.5703703703703704,0.6062992125984252,0.5877862595419847,0.5877766755533511
4,RR,LR,25,0.5649606299212598,0.6259842519685039,0.5039370078740157,0.5578947368421052,0.6259842519685039,0.5899814471243042,0.5896676793353587
4,RR,LR,26,0.5669291338582677,0.5748031496062992,0.5590551181102362,0.5658914728682171,0.5748031496062992,0.5703125,0.592225184450369
4,RR,LR,27,0.5846456692913385,0.6299212598425197,0.5393700787401575,0.5776173285198556,0.6299212598425197,0.6026365348399246,0.6047802095604191
4,RR,LR,28,0.5748031496062992,0.6141732283464567,0.5354330708661418,0.5693430656934306,0.6141732283464567,0.5909090909090909,0.5923956847913696
4,RR,LR,29,0.5649606299212598,0.610236220472441,0.5196850393700787,0.5595667870036101,0.610236220472441,0.583804143126177,0.5931861863723727
4,RR,LR,30,0.5649606299212598,0.6062992125984252,0.5236220472440944,0.56,0.6062992125984252,0.5822306238185255,0.5900861801723604
4,RR,LR,31,0.5866141732283464,0.6338582677165354,0.5393700787401575,0.579136690647482,0.6338582677165354,0.6052631578947368,0.5952166904333809
4,RR,LR,32,0.5885826771653543,0.594488188976378,0.5826771653543307,0.5875486381322957,0.594488188976378,0.5909980430528375,0.5913881827763656
4,RR,RF,1,0.5807086614173228,0.5826771653543307,0.5787401574803149,0.5803921568627451,0.5826771653543307,0.581532416502947,0.6154287308574616
4,RR,RF,2,0.5570866141732284,0.5826771653543307,0.531496062992126,0.5543071161048689,0.5826771653543307,0.5681381957773513,0.5976346952693906
4,RR,RF,3,0.5216535433070866,0.5393700787401575,0.5039370078740157,0.5209125475285171,0.5393700787401575,0.5299806576402321,0.5519638539277079
4,RR,RF,4,0.531496062992126,0.5196850393700787,0.5433070866141733,0.532258064516129,0.5196850393700787,0.5258964143426295,0.5779961559923118
4,RR,RF,5,0.6062992125984252,0.5866141732283464,0.6259842519685039,0.610655737704918,0.5866141732283464,0.5983935742971888,0.6148939797879596
4,RR,RF,6,0.5767716535433071,0.5708661417322834,0.5826771653543307,0.5776892430278885,0.5708661417322834,0.5742574257425742,0.596270692541385
4,RR,RF,7,0.5551181102362205,0.5787401574803149,0.531496062992126,0.5526315789473685,0.5787401574803149,0.5653846153846154,0.5735786471572943
4,RR,RF,8,0.5551181102362205,0.5511811023622047,0.5590551181102362,0.5555555555555556,0.5511811023622047,0.5533596837944664,0.5932249364498728
4,RR,RF,9,0.5590551181102362,0.5826771653543307,0.5354330708661418,0.556390977443609,0.5826771653543307,0.5692307692307692,0.5764849029698058
4,RR,RF,10,0.5590551181102362,0.5590551181102362,0.5590551181102362,0.5590551181102362,0.5590551181102362,0.5590551181102362,0.5751054002108005
4,RR,RF,11,0.5452755905511811,0.5433070866141733,0.547244094488189,0.5454545454545454,0.5433070866141733,0.5443786982248521,0.5760121520243041
4,RR,RF,12,0.5275590551181102,0.5118110236220472,0.5433070866141733,0.5284552845528455,0.5118110236220472,0.52,0.5243660487320975
4,RR,RF,13,0.5196850393700787,0.547244094488189,0.4921259842519685,0.5186567164179104,0.547244094488189,0.5325670498084292,0.5346193192386385
4,RR,RF,14,0.5177165354330708,0.5236220472440944,0.5118110236220472,0.5175097276264592,0.5236220472440944,0.5205479452054794,0.5360608221216442
4,RR,RF,15,0.5354330708661418,0.5393700787401575,0.531496062992126,0.53515625,0.5393700787401575,0.5372549019607843,0.5660766321532644
4,RR,RF,16,0.5570866141732284,0.5669291338582677,0.547244094488189,0.555984555984556,0.5669291338582677,0.5614035087719298,0.5796934093868187
4,RR,RF,17,0.5452755905511811,0.5275590551181102,0.562992125984252,0.5469387755102041,0.5275590551181102,0.5370741482965932,0.578244156488313
4,RR,RF,18,0.5275590551181102,0.5354330708661418,0.5196850393700787,0.5271317829457365,0.5354330708661418,0.53125,0.552235104470209
4,RR,RF,19,0.5511811023622047,0.5551181102362205,0.547244094488189,0.55078125,0.5551181102362205,0.5529411764705883,0.573749147498295
4,RR,RF,20,0.5531496062992126,0.562992125984252,0.5433070866141733,0.5521235521235521,0.562992125984252,0.557504873294347,0.5724316448632898
4,RR,RF,21,0.5374015748031497,0.5511811023622047,0.5236220472440944,0.5363984674329502,0.5511811023622047,0.5436893203883495,0.5545291090582183
4,RR,RF,22,0.5590551181102362,0.5511811023622047,0.5669291338582677,0.56,0.5511811023622047,0.5555555555555556,0.5657201314402629
4,RR,RF,23,0.5649606299212598,0.5433070866141733,0.5866141732283464,0.5679012345679012,0.5433070866141733,0.5553319919517102,0.5823516647033294
4,RR,RF,24,0.5334645669291339,0.562992125984252,0.5039370078740157,0.5315985130111525,0.562992125984252,0.5468451242829828,0.5444075888151777
4,RR,RF,25,0.5551181102362205,0.547244094488189,0.562992125984252,0.556,0.547244094488189,0.5515873015873016,0.560752371504743
4,RR,RF,26,0.5295275590551181,0.5078740157480315,0.5511811023622047,0.5308641975308642,0.5078740157480315,0.5191146881287726,0.5453995907991817
4,RR,RF,27,0.5669291338582677,0.5669291338582677,0.5669291338582677,0.5669291338582677,0.5669291338582677,0.5669291338582677,0.5730516461032922
4,RR,RF,28,0.531496062992126,0.5039370078740157,0.5590551181102362,0.5333333333333333,0.5039370078740157,0.5182186234817814,0.5430280860561721
4,RR,RF,29,0.531496062992126,0.515748031496063,0.547244094488189,0.532520325203252,0.515748031496063,0.524,0.5618141236282473
4,RR,RF,30,0.562992125984252,0.5748031496062992,0.5511811023622047,0.5615384615384615,0.5748031496062992,0.5680933852140078,0.5908689317378634
4,RR,RF,31,0.5177165354330708,0.5354330708661418,0.5,0.5171102661596958,0.5354330708661418,0.5261121856866537,0.5279775559551121
4,RR,RF,32,0.5393700787401575,0.5275590551181102,0.5511811023622047,0.5403225806451613,0.5275590551181102,0.5338645418326693,0.5523746047492095
4,RR,AdaBoost,1,0.5393700787401575,0.5433070866141733,0.5354330708661418,0.5390625,0.5433070866141733,0.5411764705882353,0.5451438402876806
4,RR,AdaBoost,2,0.5334645669291339,0.5590551181102362,0.5078740157480315,0.5318352059925093,0.5590551181102362,0.54510556621881,0.552754355508711
4,RR,AdaBoost,3,0.5354330708661418,0.5748031496062992,0.49606299212598426,0.5328467153284672,0.5748031496062992,0.553030303030303,0.5414005828011655
4,RR,AdaBoost,4,0.5570866141732284,0.562992125984252,0.5511811023622047,0.556420233463035,0.562992125984252,0.5596868884540117,0.5604501209002418
4,RR,AdaBoost,5,0.5748031496062992,0.5826771653543307,0.5669291338582677,0.5736434108527132,0.5826771653543307,0.578125,0.6006417012834024
4,RR,AdaBoost,6,0.5885826771653543,0.6220472440944882,0.5551181102362205,0.5830258302583026,0.6220472440944882,0.6019047619047619,0.6054079608159217
4,RR,AdaBoost,7,0.5275590551181102,0.5984251968503937,0.4566929133858268,0.5241379310344828,0.5984251968503937,0.5588235294117647,0.5661076322152644
4,RR,AdaBoost,8,0.5216535433070866,0.562992125984252,0.48031496062992124,0.52,0.562992125984252,0.5406427221172023,0.5496543493086985
4,RR,AdaBoost,9,0.5610236220472441,0.6023622047244095,0.5196850393700787,0.5563636363636364,0.6023622047244095,0.5784499054820416,0.5744233988467977
4,RR,AdaBoost,10,0.5767716535433071,0.5866141732283464,0.5669291338582677,0.5752895752895753,0.5866141732283464,0.580896686159844,0.577252154504309
4,RR,AdaBoost,11,0.5216535433070866,0.5551181102362205,0.4881889763779528,0.5202952029520295,0.5551181102362205,0.5371428571428571,0.5283030566061132
4,RR,AdaBoost,12,0.5196850393700787,0.5118110236220472,0.5275590551181102,0.52,0.5118110236220472,0.5158730158730159,0.5339760679521359
4,RR,AdaBoost,13,0.5452755905511811,0.5196850393700787,0.5708661417322834,0.5477178423236515,0.5196850393700787,0.5333333333333333,0.5575748651497302
4,RR,AdaBoost,14,0.5118110236220472,0.5118110236220472,0.5118110236220472,0.5118110236220472,0.5118110236220472,0.5118110236220472,0.547747845495691
4,RR,AdaBoost,15,0.5255905511811023,0.5511811023622047,0.5,0.5243445692883895,0.5511811023622047,0.5374280230326296,0.5435550871101742
4,RR,AdaBoost,16,0.49606299212598426,0.5118110236220472,0.48031496062992124,0.4961832061068702,0.5118110236220472,0.5038759689922481,0.5101680203360406
4,RR,AdaBoost,17,0.5275590551181102,0.5669291338582677,0.4881889763779528,0.5255474452554745,0.5669291338582677,0.5454545454545454,0.529504309008618
4,RR,AdaBoost,18,0.5413385826771654,0.5511811023622047,0.531496062992126,0.5405405405405406,0.5511811023622047,0.5458089668615984,0.56003162006324
4,RR,AdaBoost,19,0.5354330708661418,0.5354330708661418,0.5354330708661418,0.5354330708661418,0.5354330708661418,0.5354330708661418,0.546252092504185
4,RR,AdaBoost,20,0.531496062992126,0.5275590551181102,0.5354330708661418,0.5317460317460317,0.5275590551181102,0.5296442687747036,0.5425165850331701
4,RR,AdaBoost,21,0.5413385826771654,0.562992125984252,0.5196850393700787,0.539622641509434,0.562992125984252,0.5510597302504817,0.5719356438712878
4,RR,AdaBoost,22,0.5393700787401575,0.5787401574803149,0.5,0.5364963503649635,0.5787401574803149,0.5568181818181818,0.5616668733337467
4,RR,AdaBoost,23,0.5196850393700787,0.547244094488189,0.4921259842519685,0.5186567164179104,0.547244094488189,0.5325670498084292,0.5496930993861987
4,RR,AdaBoost,24,0.5295275590551181,0.4921259842519685,0.5669291338582677,0.5319148936170213,0.4921259842519685,0.5112474437627812,0.5469805939611879
4,RR,AdaBoost,25,0.5255905511811023,0.5236220472440944,0.5275590551181102,0.525691699604743,0.5236220472440944,0.52465483234714,0.5420670841341683
4,RR,AdaBoost,26,0.5452755905511811,0.5866141732283464,0.5039370078740157,0.5418181818181819,0.5866141732283464,0.5633270321361059,0.5464148428296857
4,RR,AdaBoost,27,0.5078740157480315,0.515748031496063,0.5,0.5077519379844961,0.515748031496063,0.51171875,0.5249705499410998
4,RR,AdaBoost,28,0.5137795275590551,0.5196850393700787,0.5078740157480315,0.5136186770428015,0.5196850393700787,0.5166340508806262,0.5282255564511129
4,RR,AdaBoost,29,0.5295275590551181,0.49606299212598426,0.562992125984252,0.5316455696202531,0.49606299212598426,0.5132382892057027,0.5329143158286317
4,RR,AdaBoost,30,0.531496062992126,0.5196850393700787,0.5433070866141733,0.532258064516129,0.5196850393700787,0.5258964143426295,0.5191192882385764
4,RR,AdaBoost,31,0.5295275590551181,0.5787401574803149,0.48031496062992124,0.5268817204301075,0.5787401574803149,0.551594746716698,0.5426250852501704
4,RR,AdaBoost,32,0.5551181102362205,0.5787401574803149,0.531496062992126,0.5526315789473685,0.5787401574803149,0.5653846153846154,0.5686341372682745
0,TAR,LR,1,0.5767716535433071,0.6259842519685039,0.5275590551181102,0.5698924731182796,0.6259842519685039,0.5966228893058161,0.5885516771033542
0,TAR,LR,2,0.562992125984252,0.6141732283464567,0.5118110236220472,0.5571428571428572,0.6141732283464567,0.5842696629213483,0.5887996775993551
0,TAR,LR,3,0.562992125984252,0.6141732283464567,0.5118110236220472,0.5571428571428572,0.6141732283464567,0.5842696629213483,0.5884509269018539
0,TAR,LR,4,0.5767716535433071,0.6181102362204725,0.5354330708661418,0.5709090909090909,0.6181102362204725,0.5935727788279773,0.5886446772893545
0,TAR,LR,5,0.5708661417322834,0.6023622047244095,0.5393700787401575,0.5666666666666667,0.6023622047244095,0.583969465648855,0.5883036766073532
0,TAR,LR,6,0.547244094488189,0.5669291338582677,0.5275590551181102,0.5454545454545454,0.5669291338582677,0.555984555984556,0.5912486824973651
0,TAR,LR,7,0.5374015748031497,0.5196850393700787,0.5551181102362205,0.5387755102040817,0.5196850393700787,0.5290581162324649,0.5803211606423213
0,TAR,LR,8,0.5807086614173228,0.5748031496062992,0.5866141732283464,0.5816733067729084,0.5748031496062992,0.5782178217821782,0.6037959575919152
0,TAR,LR,9,0.5728346456692913,0.5748031496062992,0.5708661417322834,0.5725490196078431,0.5748031496062992,0.5736738703339882,0.593015686031372
0,TAR,LR,10,0.5649606299212598,0.547244094488189,0.5826771653543307,0.5673469387755102,0.547244094488189,0.5571142284569138,0.6021297042594086
0,TAR,LR,11,0.5767716535433071,0.5551181102362205,0.5984251968503937,0.5802469135802469,0.5551181102362205,0.5674044265593562,0.5963016926033852
0,TAR,LR,12,0.5748031496062992,0.547244094488189,0.6023622047244095,0.5791666666666667,0.547244094488189,0.562753036437247,0.5898536797073595
0,TAR,LR,13,0.5688976377952756,0.5433070866141733,0.594488188976378,0.5726141078838174,0.5433070866141733,0.5575757575757576,0.6066247132494265
0,TAR,LR,14,0.5807086614173228,0.6023622047244095,0.5590551181102362,0.5773584905660377,0.6023622047244095,0.5895953757225434,0.6190402380804761
0,TAR,LR,15,0.5807086614173228,0.531496062992126,0.6299212598425197,0.5895196506550219,0.531496062992126,0.5590062111801242,0.61497922995846
0,TAR,LR,16,0.5807086614173228,0.6062992125984252,0.5551181102362205,0.5767790262172284,0.6062992125984252,0.5911708253358925,0.5988436976873953
0,TAR,LR,17,0.5866141732283464,0.610236220472441,0.562992125984252,0.5827067669172933,0.610236220472441,0.5961538461538461,0.6106702213404427
0,TAR,LR,18,0.6003937007874016,0.610236220472441,0.5905511811023622,0.5984555984555985,0.610236220472441,0.6042884990253411,0.623736747473495
0,TAR,LR,19,0.5905511811023622,0.6299212598425197,0.5511811023622047,0.583941605839416,0.6299212598425197,0.6060606060606061,0.6235972471944944
0,TAR,LR,20,0.5728346456692913,0.6299212598425197,0.515748031496063,0.5653710247349824,0.6299212598425197,0.595903165735568,0.6157387314774629
0,TAR,LR,21,0.5708661417322834,0.6062992125984252,0.5354330708661418,0.5661764705882353,0.6062992125984252,0.5855513307984791,0.60749271498543
0,TAR,LR,22,0.5767716535433071,0.6062992125984252,0.547244094488189,0.5724907063197026,0.6062992125984252,0.5889101338432122,0.605741211482423
0,TAR,LR,23,0.5787401574803149,0.5905511811023622,0.5669291338582677,0.5769230769230769,0.5905511811023622,0.5836575875486382,0.6070122140244281
0,TAR,LR,24,0.5669291338582677,0.6023622047244095,0.531496062992126,0.5625,0.6023622047244095,0.5817490494296578,0.6083219666439333
0,TAR,LR,25,0.562992125984252,0.6220472440944882,0.5039370078740157,0.5563380281690141,0.6220472440944882,0.587360594795539,0.5975261950523901
0,TAR,LR,26,0.5531496062992126,0.5787401574803149,0.5275590551181102,0.550561797752809,0.5787401574803149,0.564299424184261,0.5934806869613738
0,TAR,LR,27,0.5669291338582677,0.5748031496062992,0.5590551181102362,0.5658914728682171,0.5748031496062992,0.5703125,0.6018197036394073
0,TAR,LR,28,0.5649606299212598,0.5787401574803149,0.5511811023622047,0.5632183908045977,0.5787401574803149,0.570873786407767,0.5979446958893917
0,TAR,LR,29,0.5688976377952756,0.5866141732283464,0.5511811023622047,0.5665399239543726,0.5866141732283464,0.5764023210831721,0.5976889453778907
0,TAR,LR,30,0.5748031496062992,0.5866141732283464,0.562992125984252,0.573076923076923,0.5866141732283464,0.5797665369649806,0.5959374418748837
0,TAR,LR,31,0.5826771653543307,0.6023622047244095,0.562992125984252,0.5795454545454546,0.6023622047244095,0.5907335907335908,0.610499720999442
0,TAR,LR,32,0.5787401574803149,0.6181102362204725,0.5393700787401575,0.572992700729927,0.6181102362204725,0.5946969696969697,0.60750821501643
0,TAR,RF,1,0.5590551181102362,0.5433070866141733,0.5748031496062992,0.5609756097560976,0.5433070866141733,0.552,0.5663788827577656
0,TAR,RF,2,0.5649606299212598,0.5039370078740157,0.6259842519685039,0.5739910313901345,0.5039370078740157,0.5366876310272537,0.5961544423088846
0,TAR,RF,3,0.5728346456692913,0.547244094488189,0.5984251968503937,0.5767634854771784,0.547244094488189,0.5616161616161616,0.5808016616033232
0,TAR,RF,4,0.5669291338582677,0.5196850393700787,0.6141732283464567,0.5739130434782609,0.5196850393700787,0.5454545454545454,0.5819486638973278
0,TAR,RF,5,0.5708661417322834,0.5551181102362205,0.5866141732283464,0.573170731707317,0.5551181102362205,0.564,0.6022769545539092
0,TAR,RF,6,0.594488188976378,0.547244094488189,0.6417322834645669,0.6043478260869565,0.547244094488189,0.5743801652892562,0.5945734391468783
0,TAR,RF,7,0.5728346456692913,0.5748031496062992,0.5708661417322834,0.5725490196078431,0.5748031496062992,0.5736738703339882,0.5936434372868747
0,TAR,RF,8,0.5433070866141733,0.5196850393700787,0.5669291338582677,0.5454545454545454,0.5196850393700787,0.532258064516129,0.5872574245148491
0,TAR,RF,9,0.5708661417322834,0.5590551181102362,0.5826771653543307,0.5725806451612904,0.5590551181102362,0.5657370517928287,0.5878929257858516
0,TAR,RF,10,0.562992125984252,0.531496062992126,0.594488188976378,0.5672268907563025,0.531496062992126,0.5487804878048781,0.5826384152768305
0,TAR,RF,11,0.562992125984252,0.5275590551181102,0.5984251968503937,0.5677966101694916,0.5275590551181102,0.5469387755102041,0.5671383842767685
0,TAR,RF,12,0.562992125984252,0.5236220472440944,0.6023622047244095,0.5683760683760684,0.5236220472440944,0.5450819672131147,0.5709048918097837
0,TAR,RF,13,0.5433070866141733,0.5275590551181102,0.5590551181102362,0.5447154471544715,0.5275590551181102,0.536,0.5735786471572943
0,TAR,RF,14,0.5511811023622047,0.515748031496063,0.5866141732283464,0.5550847457627118,0.515748031496063,0.5346938775510204,0.5816076632153264
0,TAR,RF,15,0.5787401574803149,0.5708661417322834,0.5866141732283464,0.58,0.5708661417322834,0.5753968253968254,0.6014012028024055
0,TAR,RF,16,0.5688976377952756,0.547244094488189,0.5905511811023622,0.5720164609053497,0.547244094488189,0.5593561368209256,0.5730826461652923
0,TAR,RF,17,0.5590551181102362,0.5196850393700787,0.5984251968503937,0.5641025641025641,0.5196850393700787,0.5409836065573771,0.5799414098828197
0,TAR,RF,18,0.5748031496062992,0.5826771653543307,0.5669291338582677,0.5736434108527132,0.5826771653543307,0.578125,0.5864746729493457
0,TAR,RF,19,0.5413385826771654,0.49606299212598426,0.5866141732283464,0.5454545454545454,0.49606299212598426,0.5195876288659794,0.5810574121148242
0,TAR,RF,20,0.5196850393700787,0.5354330708661418,0.5039370078740157,0.5190839694656488,0.5354330708661418,0.5271317829457365,0.5552963605927211
0,TAR,RF,21,0.5452755905511811,0.5433070866141733,0.547244094488189,0.5454545454545454,0.5433070866141733,0.5443786982248521,0.5738033976067952
0,TAR,RF,22,0.5511811023622047,0.5433070866141733,0.5590551181102362,0.552,0.5433070866141733,0.5476190476190477,0.5847076694153387
0,TAR,RF,23,0.5354330708661418,0.5196850393700787,0.5511811023622047,0.5365853658536586,0.5196850393700787,0.528,0.580731911463823
0,TAR,RF,24,0.5728346456692913,0.562992125984252,0.5826771653543307,0.5742971887550201,0.562992125984252,0.5685884691848907,0.5941006882013766
0,TAR,RF,25,0.5452755905511811,0.5511811023622047,0.5393700787401575,0.5447470817120622,0.5511811023622047,0.547945205479452,0.5611476222952446
0,TAR,RF,26,0.547244094488189,0.5590551181102362,0.5354330708661418,0.5461538461538461,0.5590551181102362,0.5525291828793775,0.5625581251162501
0,TAR,RF,27,0.5393700787401575,0.5393700787401575,0.5393700787401575,0.5393700787401575,0.5393700787401575,0.5393700787401575,0.5785929071858144
0,TAR,RF,28,0.547244094488189,0.5118110236220472,0.5826771653543307,0.5508474576271186,0.5118110236220472,0.5306122448979592,0.5710676421352843
0,TAR,RF,29,0.5767716535433071,0.5787401574803149,0.5748031496062992,0.5764705882352941,0.5787401574803149,0.5776031434184676,0.5858236716473434
0,TAR,RF,30,0.5551181102362205,0.5393700787401575,0.5708661417322834,0.556910569105691,0.5393700787401575,0.548,0.5670453840907682
0,TAR,RF,31,0.5059055118110236,0.5118110236220472,0.5,0.5058365758754864,0.5118110236220472,0.5088062622309197,0.543004836009672
0,TAR,RF,32,0.5846456692913385,0.5905511811023622,0.5787401574803149,0.5836575875486382,0.5905511811023622,0.5870841487279843,0.5986809473618947
0,TAR,AdaBoost,1,0.5275590551181102,0.5354330708661418,0.5196850393700787,0.5271317829457365,0.5354330708661418,0.53125,0.5598301196602393
0,TAR,AdaBoost,2,0.5236220472440944,0.4921259842519685,0.5551181102362205,0.5252100840336135,0.4921259842519685,0.508130081300813,0.5576911153822308
0,TAR,AdaBoost,3,0.5688976377952756,0.6141732283464567,0.5236220472440944,0.5631768953068592,0.6141732283464567,0.5875706214689266,0.5929846859693719
0,TAR,AdaBoost,4,0.5413385826771654,0.5236220472440944,0.5590551181102362,0.5428571428571428,0.5236220472440944,0.533066132264529,0.554265608531217
0,TAR,AdaBoost,5,0.5885826771653543,0.5826771653543307,0.594488188976378,0.5896414342629482,0.5826771653543307,0.5861386138613861,0.6196137392274785
0,TAR,AdaBoost,6,0.547244094488189,0.5590551181102362,0.5354330708661418,0.5461538461538461,0.5590551181102362,0.5525291828793775,0.5556373612747225
0,TAR,AdaBoost,7,0.5236220472440944,0.531496062992126,0.515748031496063,0.5232558139534884,0.531496062992126,0.52734375,0.5562031124062249
0,TAR,AdaBoost,8,0.5334645669291339,0.5708661417322834,0.49606299212598426,0.5311355311355311,0.5708661417322834,0.5502846299810247,0.5487243474486949
0,TAR,AdaBoost,9,0.531496062992126,0.5708661417322834,0.4921259842519685,0.5291970802919708,0.5708661417322834,0.5492424242424242,0.5565751131502263
0,TAR,AdaBoost,10,0.547244094488189,0.5708661417322834,0.5236220472440944,0.5451127819548872,0.5708661417322834,0.5576923076923077,0.5586133672267345
0,TAR,AdaBoost,11,0.5295275590551181,0.5669291338582677,0.4921259842519685,0.5274725274725275,0.5669291338582677,0.5464895635673624,0.552002604005208
0,TAR,AdaBoost,12,0.547244094488189,0.5551181102362205,0.5393700787401575,0.5465116279069767,0.5551181102362205,0.55078125,0.5629301258602517
0,TAR,AdaBoost,13,0.515748031496063,0.515748031496063,0.515748031496063,0.515748031496063,0.515748031496063,0.515748031496063,0.5164377828755657
0,TAR,AdaBoost,14,0.5137795275590551,0.5393700787401575,0.4881889763779528,0.5131086142322098,0.5393700787401575,0.525911708253359,0.5474610949221899
0,TAR,AdaBoost,15,0.5590551181102362,0.5866141732283464,0.531496062992126,0.5559701492537313,0.5866141732283464,0.5708812260536399,0.5776009052018104
0,TAR,AdaBoost,16,0.5511811023622047,0.5,0.6023622047244095,0.5570175438596491,0.5,0.5269709543568465,0.5636663773327547
0,TAR,AdaBoost,17,0.5846456692913385,0.6181102362204725,0.5511811023622047,0.5793357933579336,0.6181102362204725,0.5980952380952381,0.582227664455329
0,TAR,AdaBoost,18,0.5807086614173228,0.5708661417322834,0.5905511811023622,0.5823293172690763,0.5708661417322834,0.5765407554671969,0.5915741831483663
0,TAR,AdaBoost,19,0.5275590551181102,0.5748031496062992,0.48031496062992124,0.5251798561151079,0.5748031496062992,0.5488721804511278,0.5426948353896708
0,TAR,AdaBoost,20,0.5374015748031497,0.5236220472440944,0.5511811023622047,0.5384615384615384,0.5236220472440944,0.530938123752495,0.5627286254572509
0,TAR,AdaBoost,21,0.5492125984251969,0.5708661417322834,0.5275590551181102,0.5471698113207547,0.5708661417322834,0.558766859344894,0.5523513547027095
0,TAR,AdaBoost,22,0.5511811023622047,0.5433070866141733,0.5590551181102362,0.552,0.5433070866141733,0.5476190476190477,0.5864591729183458
0,TAR,AdaBoost,23,0.5393700787401575,0.5393700787401575,0.5393700787401575,0.5393700787401575,0.5393700787401575,0.5393700787401575,0.5679753859507719
0,TAR,AdaBoost,24,0.5708661417322834,0.531496062992126,0.610236220472441,0.5769230769230769,0.531496062992126,0.5532786885245902,0.5785309070618141
0,TAR,AdaBoost,25,0.5531496062992126,0.547244094488189,0.5590551181102362,0.5537848605577689,0.547244094488189,0.5504950495049505,0.5723928947857897
0,TAR,AdaBoost,26,0.562992125984252,0.5708661417322834,0.5551181102362205,0.562015503875969,0.5708661417322834,0.56640625,0.5631936263872528
0,TAR,AdaBoost,27,0.5137795275590551,0.5118110236220472,0.515748031496063,0.5138339920948617,0.5118110236220472,0.5128205128205128,0.5244512989025978
0,TAR,AdaBoost,28,0.5492125984251969,0.5669291338582677,0.531496062992126,0.5475285171102662,0.5669291338582677,0.5570599613152805,0.5682698865397731
0,TAR,AdaBoost,29,0.5551181102362205,0.562992125984252,0.547244094488189,0.5542635658914729,0.562992125984252,0.55859375,0.5698896397792795
0,TAR,AdaBoost,30,0.5669291338582677,0.5669291338582677,0.5669291338582677,0.5669291338582677,0.5669291338582677,0.5669291338582677,0.5749271498542997
0,TAR,AdaBoost,31,0.5354330708661418,0.5236220472440944,0.547244094488189,0.5362903225806451,0.5236220472440944,0.5298804780876494,0.533720317440635
0,TAR,AdaBoost,32,0.5551181102362205,0.5708661417322834,0.5393700787401575,0.5534351145038168,0.5708661417322834,0.562015503875969,0.5606981213962428
1,TAR,LR,1,0.5511811023622047,0.5275590551181102,0.5748031496062992,0.5537190082644629,0.5275590551181102,0.5403225806451613,0.5686341372682745
1,TAR,LR,2,0.5570866141732284,0.5196850393700787,0.594488188976378,0.5617021276595745,0.5196850393700787,0.5398773006134969,0.5921941843883688
1,TAR,LR,3,0.562992125984252,0.5236220472440944,0.6023622047244095,0.5683760683760684,0.5236220472440944,0.5450819672131147,0.6042377084754169
1,TAR,LR,4,0.5826771653543307,0.5748031496062992,0.5905511811023622,0.584,0.5748031496062992,0.5793650793650794,0.5976191952383905
1,TAR,LR,5,0.5807086614173228,0.610236220472441,0.5511811023622047,0.5762081784386617,0.610236220472441,0.5927342256214149,0.5967201934403868
1,TAR,LR,6,0.59251968503937,0.594488188976378,0.5905511811023622,0.592156862745098,0.594488188976378,0.593320235756385,0.6039587079174159
1,TAR,LR,7,0.5708661417322834,0.5748031496062992,0.5669291338582677,0.5703125,0.5748031496062992,0.5725490196078431,0.5984251968503936
1,TAR,LR,8,0.5905511811023622,0.6181102362204725,0.562992125984252,0.585820895522388,0.6181102362204725,0.6015325670498084,0.6127162254324509
1,TAR,LR,9,0.5767716535433071,0.6496062992125984,0.5039370078740157,0.5670103092783505,0.6496062992125984,0.6055045871559633,0.6252867505735011
1,TAR,LR,10,0.6141732283464567,0.6417322834645669,0.5866141732283464,0.6082089552238806,0.6417322834645669,0.6245210727969349,0.6325872651745303
1,TAR,LR,11,0.5905511811023622,0.6299212598425197,0.5511811023622047,0.583941605839416,0.6299212598425197,0.6060606060606061,0.6324167648335297
1,TAR,LR,12,0.6003937007874016,0.6653543307086615,0.5354330708661418,0.5888501742160279,0.6653543307086615,0.6247689463955638,0.6235197470394941
1,TAR,LR,13,0.5610236220472441,0.6181102362204725,0.5039370078740157,0.5547703180212014,0.6181102362204725,0.5847299813780261,0.5960149420298841
1,TAR,LR,14,0.5826771653543307,0.6023622047244095,0.562992125984252,0.5795454545454546,0.6023622047244095,0.5907335907335908,0.6045322090644181
1,TAR,LR,15,0.5885826771653543,0.5984251968503937,0.5787401574803149,0.5868725868725869,0.5984251968503937,0.5925925925925926,0.5971696943393886
1,TAR,LR,16,0.5964566929133859,0.6259842519685039,0.5669291338582677,0.5910780669144982,0.6259842519685039,0.6080305927342257,0.6113367226734454
1,TAR,LR,17,0.5807086614173228,0.5984251968503937,0.562992125984252,0.5779467680608364,0.5984251968503937,0.5880077369439072,0.6071052142104284
1,TAR,LR,18,0.6023622047244095,0.6141732283464567,0.5905511811023622,0.6,0.6141732283464567,0.6070038910505836,0.6155604811209623
1,TAR,LR,19,0.5866141732283464,0.6023622047244095,0.5708661417322834,0.583969465648855,0.6023622047244095,0.5930232558139535,0.620481740963482
1,TAR,LR,20,0.5984251968503937,0.6220472440944882,0.5748031496062992,0.5939849624060151,0.6220472440944882,0.6076923076923076,0.6215822431644863
1,TAR,LR,21,0.6062992125984252,0.6181102362204725,0.594488188976378,0.6038461538461538,0.6181102362204725,0.6108949416342413,0.6232407464814931
1,TAR,LR,22,0.59251968503937,0.5826771653543307,0.6023622047244095,0.5943775100401606,0.5826771653543307,0.588469184890656,0.6232097464194929
1,TAR,LR,23,0.5866141732283464,0.5866141732283464,0.5866141732283464,0.5866141732283464,0.5866141732283464,0.5866141732283464,0.6275032550065099
1,TAR,LR,24,0.59251968503937,0.5748031496062992,0.610236220472441,0.5959183673469388,0.5748031496062992,0.5851703406813628,0.6310837621675244
1,TAR,LR,25,0.6003937007874016,0.6141732283464567,0.5866141732283464,0.5977011494252874,0.6141732283464567,0.6058252427184466,0.6229152458304916
1,TAR,LR,26,0.5885826771653543,0.6062992125984252,0.5708661417322834,0.5855513307984791,0.6062992125984252,0.5957446808510638,0.6211947423894848
1,TAR,LR,27,0.5866141732283464,0.5787401574803149,0.594488188976378,0.588,0.5787401574803149,0.5833333333333334,0.6221557443114886
1,TAR,LR,28,0.6023622047244095,0.6062992125984252,0.5984251968503937,0.6015625,0.6062992125984252,0.6039215686274509,0.6228377456754914
1,TAR,LR,29,0.6023622047244095,0.5787401574803149,0.6259842519685039,0.6074380165289256,0.5787401574803149,0.592741935483871,0.6294562589125178
1,TAR,LR,30,0.5964566929133859,0.5669291338582677,0.6259842519685039,0.602510460251046,0.5669291338582677,0.5841784989858012,0.6262865025730052
1,TAR,LR,31,0.6003937007874016,0.6023622047244095,0.5984251968503937,0.6,0.6023622047244095,0.6011787819253438,0.6227834955669911
1,TAR,LR,32,0.5807086614173228,0.562992125984252,0.5984251968503937,0.5836734693877551,0.562992125984252,0.5731462925851704,0.6109027218054437
1,TAR,RF,1,0.5787401574803149,0.562992125984252,0.594488188976378,0.5813008130081301,0.562992125984252,0.572,0.6068649637299275
1,TAR,RF,2,0.5610236220472441,0.5551181102362205,0.5669291338582677,0.5617529880478087,0.5551181102362205,0.5584158415841585,0.6040904581809164
1,TAR,RF,3,0.5590551181102362,0.515748031496063,0.6023622047244095,0.5646551724137931,0.515748031496063,0.5390946502057613,0.5905124310248621
1,TAR,RF,4,0.5531496062992126,0.484251968503937,0.6220472440944882,0.5616438356164384,0.484251968503937,0.5200845665961945,0.5606593713187427
1,TAR,RF,5,0.5551181102362205,0.5551181102362205,0.5551181102362205,0.5551181102362205,0.5551181102362205,0.5551181102362205,0.5950229400458802
1,TAR,RF,6,0.5590551181102362,0.531496062992126,0.5866141732283464,0.5625,0.531496062992126,0.5465587044534413,0.5751131502263005
1,TAR,RF,7,0.5905511811023622,0.5669291338582677,0.6141732283464567,0.5950413223140496,0.5669291338582677,0.5806451612903226,0.6154287308574617
1,TAR,RF,8,0.5826771653543307,0.5511811023622047,0.6141732283464567,0.5882352941176471,0.5511811023622047,0.5691056910569106,0.6127859755719511
1,TAR,RF,9,0.6003937007874016,0.547244094488189,0.6535433070866141,0.6123348017621145,0.547244094488189,0.577962577962578,0.6195439890879781
1,TAR,RF,10,0.5374015748031497,0.4330708661417323,0.6417322834645669,0.5472636815920398,0.4330708661417323,0.4835164835164835,0.5627828755657511
1,TAR,RF,11,0.5767716535433071,0.5393700787401575,0.6141732283464567,0.5829787234042553,0.5393700787401575,0.5603271983640081,0.6029357058714117
1,TAR,RF,12,0.5688976377952756,0.5433070866141733,0.594488188976378,0.5726141078838174,0.5433070866141733,0.5575757575757576,0.5857694215388433
1,TAR,RF,13,0.5649606299212598,0.515748031496063,0.6141732283464567,0.5720524017467249,0.515748031496063,0.5424430641821946,0.5872496744993491
1,TAR,RF,14,0.5610236220472441,0.5433070866141733,0.5787401574803149,0.563265306122449,0.5433070866141733,0.5531062124248497,0.5905511811023623
1,TAR,RF,15,0.562992125984252,0.547244094488189,0.5787401574803149,0.5650406504065041,0.547244094488189,0.556,0.5746868993737988
1,TAR,RF,16,0.5708661417322834,0.5433070866141733,0.5984251968503937,0.575,0.5433070866141733,0.5587044534412956,0.5894274288548577
1,TAR,RF,17,0.5767716535433071,0.5551181102362205,0.5984251968503937,0.5802469135802469,0.5551181102362205,0.5674044265593562,0.6078259656519314
1,TAR,RF,18,0.547244094488189,0.5275590551181102,0.5669291338582677,0.5491803278688525,0.5275590551181102,0.5381526104417671,0.5705948911897825
1,TAR,RF,19,0.5610236220472441,0.5196850393700787,0.6023622047244095,0.5665236051502146,0.5196850393700787,0.5420944558521561,0.5878386756773514
1,TAR,RF,20,0.5767716535433071,0.5511811023622047,0.6023622047244095,0.5809128630705395,0.5511811023622047,0.5656565656565656,0.6010369520739042
1,TAR,RF,21,0.547244094488189,0.5118110236220472,0.5826771653543307,0.5508474576271186,0.5118110236220472,0.5306122448979592,0.5791044082088165
1,TAR,RF,22,0.5610236220472441,0.5118110236220472,0.610236220472441,0.5676855895196506,0.5118110236220472,0.5383022774327122,0.5944261888523776
1,TAR,RF,23,0.5885826771653543,0.5748031496062992,0.6023622047244095,0.5910931174089069,0.5748031496062992,0.5828343313373253,0.6016879533759067
1,TAR,RF,24,0.5846456692913385,0.5236220472440944,0.6456692913385826,0.5964125560538116,0.5236220472440944,0.5576519916142557,0.607756215512431
1,TAR,RF,25,0.5236220472440944,0.49606299212598426,0.5511811023622047,0.525,0.49606299212598426,0.5101214574898786,0.5627131254262508
1,TAR,RF,26,0.5649606299212598,0.5,0.6299212598425197,0.5746606334841629,0.5,0.5347368421052632,0.5763996527993056
1,TAR,RF,27,0.5728346456692913,0.5511811023622047,0.594488188976378,0.5761316872427984,0.5511811023622047,0.5633802816901409,0.588985677971356
1,TAR,RF,28,0.5275590551181102,0.5039370078740157,0.5511811023622047,0.5289256198347108,0.5039370078740157,0.5161290322580645,0.5747333994667989
1,TAR,RF,29,0.5826771653543307,0.5984251968503937,0.5669291338582677,0.5801526717557252,0.5984251968503937,0.5891472868217055,0.5943021886043773
1,TAR,RF,30,0.5708661417322834,0.5236220472440944,0.6181102362204725,0.5782608695652174,0.5236220472440944,0.5495867768595041,0.5824756649513299
1,TAR,RF,31,0.5511811023622047,0.5078740157480315,0.594488188976378,0.5560344827586207,0.5078740157480315,0.5308641975308642,0.5803289106578213
1,TAR,RF,32,0.562992125984252,0.547244094488189,0.5787401574803149,0.5650406504065041,0.547244094488189,0.556,0.5711916423832847
1,TAR,AdaBoost,1,0.5590551181102362,0.5433070866141733,0.5748031496062992,0.5609756097560976,0.5433070866141733,0.552,0.5618451236902474
1,TAR,AdaBoost,2,0.5275590551181102,0.5787401574803149,0.4763779527559055,0.525,0.5787401574803149,0.550561797752809,0.5545368590737182
1,TAR,AdaBoost,3,0.5511811023622047,0.5590551181102362,0.5433070866141733,0.5503875968992248,0.5590551181102362,0.5546875,0.5834444168888338
1,TAR,AdaBoost,4,0.5610236220472441,0.5511811023622047,0.5708661417322834,0.5622489959839357,0.5511811023622047,0.5566600397614314,0.572222394444789
1,TAR,AdaBoost,5,0.5570866141732284,0.5748031496062992,0.5393700787401575,0.5551330798479087,0.5748031496062992,0.5647969052224371,0.5762989025978051
1,TAR,AdaBoost,6,0.5255905511811023,0.5590551181102362,0.4921259842519685,0.5239852398523985,0.5590551181102362,0.540952380952381,0.5384788269576539
1,TAR,AdaBoost,7,0.5492125984251969,0.515748031496063,0.5826771653543307,0.5527426160337553,0.515748031496063,0.5336048879837068,0.56249612499225
1,TAR,AdaBoost,8,0.5610236220472441,0.5669291338582677,0.5551181102362205,0.5603112840466926,0.5669291338582677,0.5636007827788649,0.581235662471325
1,TAR,AdaBoost,9,0.562992125984252,0.547244094488189,0.5787401574803149,0.5650406504065041,0.547244094488189,0.556,0.578282906565813
1,TAR,AdaBoost,10,0.5098425196850394,0.5393700787401575,0.48031496062992124,0.5092936802973977,0.5393700787401575,0.5239005736137667,0.5246062992125984
1,TAR,AdaBoost,11,0.5413385826771654,0.5551181102362205,0.5275590551181102,0.5402298850574713,0.5551181102362205,0.5475728155339806,0.5478020956041912
1,TAR,AdaBoost,12,0.5531496062992126,0.547244094488189,0.5590551181102362,0.5537848605577689,0.547244094488189,0.5504950495049505,0.5410518321036643
1,TAR,AdaBoost,13,0.5078740157480315,0.531496062992126,0.484251968503937,0.5075187969924813,0.531496062992126,0.5192307692307693,0.5287060574121148
1,TAR,AdaBoost,14,0.5610236220472441,0.562992125984252,0.5590551181102362,0.5607843137254902,0.562992125984252,0.5618860510805501,0.5898226796453592
1,TAR,AdaBoost,15,0.5905511811023622,0.5708661417322834,0.610236220472441,0.5942622950819673,0.5708661417322834,0.5823293172690763,0.5965806931613864
1,TAR,AdaBoost,16,0.5255905511811023,0.5669291338582677,0.484251968503937,0.5236363636363637,0.5669291338582677,0.5444234404536862,0.5602176204352408
1,TAR,AdaBoost,17,0.5531496062992126,0.5196850393700787,0.5866141732283464,0.5569620253164557,0.5196850393700787,0.5376782077393075,0.5553661107322214
1,TAR,AdaBoost,18,0.5807086614173228,0.5590551181102362,0.6023622047244095,0.5843621399176955,0.5590551181102362,0.5714285714285714,0.6195517391034782
1,TAR,AdaBoost,19,0.562992125984252,0.5354330708661418,0.5905511811023622,0.5666666666666667,0.5354330708661418,0.5506072874493927,0.5682233864467728
1,TAR,AdaBoost,20,0.5393700787401575,0.5708661417322834,0.5078740157480315,0.5370370370370371,0.5708661417322834,0.5534351145038168,0.5643793787587574
1,TAR,AdaBoost,21,0.5433070866141733,0.562992125984252,0.5236220472440944,0.5416666666666666,0.562992125984252,0.5521235521235521,0.5681768863537726
1,TAR,AdaBoost,22,0.5295275590551181,0.5236220472440944,0.5354330708661418,0.5298804780876494,0.5236220472440944,0.5267326732673268,0.5504293508587017
1,TAR,AdaBoost,23,0.5767716535433071,0.562992125984252,0.5905511811023622,0.5789473684210527,0.562992125984252,0.5708582834331337,0.5776939053878107
1,TAR,AdaBoost,24,0.5748031496062992,0.5669291338582677,0.5826771653543307,0.576,0.5669291338582677,0.5714285714285714,0.5777946555893112
1,TAR,AdaBoost,25,0.531496062992126,0.5433070866141733,0.5196850393700787,0.5307692307692308,0.5433070866141733,0.5369649805447471,0.568734887469775
1,TAR,AdaBoost,26,0.5137795275590551,0.515748031496063,0.5118110236220472,0.5137254901960784,0.515748031496063,0.5147347740667977,0.5256215512431025
1,TAR,AdaBoost,27,0.5452755905511811,0.5393700787401575,0.5511811023622047,0.545816733067729,0.5393700787401575,0.5425742574257426,0.5508788517577035
1,TAR,AdaBoost,28,0.5236220472440944,0.515748031496063,0.531496062992126,0.524,0.515748031496063,0.5198412698412699,0.5503518507037015
1,TAR,AdaBoost,29,0.5452755905511811,0.5393700787401575,0.5511811023622047,0.545816733067729,0.5393700787401575,0.5425742574257426,0.5331468162936326
1,TAR,AdaBoost,30,0.5354330708661418,0.515748031496063,0.5551181102362205,0.5368852459016393,0.515748031496063,0.5261044176706827,0.5433923367846736
1,TAR,AdaBoost,31,0.5255905511811023,0.4921259842519685,0.5590551181102362,0.5274261603375527,0.4921259842519685,0.5091649694501018,0.5559008618017236
1,TAR,AdaBoost,32,0.5531496062992126,0.5275590551181102,0.5787401574803149,0.5560165975103735,0.5275590551181102,0.5414141414141415,0.5493598487196975
2,TAR,LR,1,0.5295275590551181,0.5236220472440944,0.5354330708661418,0.5298804780876494,0.5236220472440944,0.5267326732673268,0.5719201438402877
2,TAR,LR,2,0.5452755905511811,0.5433070866141733,0.547244094488189,0.5454545454545454,0.5433070866141733,0.5443786982248521,0.5796236592473185
2,TAR,LR,3,0.5708661417322834,0.5866141732283464,0.5551181102362205,0.5687022900763359,0.5866141732283464,0.5775193798449613,0.5837776675553351
2,TAR,LR,4,0.5610236220472441,0.6062992125984252,0.515748031496063,0.555956678700361,0.6062992125984252,0.5800376647834274,0.587017174034348
2,TAR,LR,5,0.5748031496062992,0.594488188976378,0.5551181102362205,0.571969696969697,0.594488188976378,0.583011583011583,0.5856996713993428
2,TAR,LR,6,0.5295275590551181,0.5787401574803149,0.48031496062992124,0.5268817204301075,0.5787401574803149,0.551594746716698,0.5697811395622792
2,TAR,LR,7,0.5334645669291339,0.5708661417322834,0.49606299212598426,0.5311355311355311,0.5708661417322834,0.5502846299810247,0.5603726207452415
2,TAR,LR,8,0.5551181102362205,0.5984251968503937,0.5118110236220472,0.5507246376811594,0.5984251968503937,0.5735849056603773,0.5848936697873396
2,TAR,LR,9,0.5551181102362205,0.6062992125984252,0.5039370078740157,0.55,0.6062992125984252,0.5767790262172284,0.593263686527373
2,TAR,LR,10,0.5787401574803149,0.5984251968503937,0.5590551181102362,0.5757575757575758,0.5984251968503937,0.5868725868725869,0.6065627131254263
2,TAR,LR,11,0.5492125984251969,0.5433070866141733,0.5551181102362205,0.549800796812749,0.5433070866141733,0.5465346534653466,0.5722766445532892
2,TAR,LR,12,0.5433070866141733,0.5236220472440944,0.562992125984252,0.5450819672131147,0.5236220472440944,0.5341365461847389,0.5625426250852501
2,TAR,LR,13,0.5669291338582677,0.5511811023622047,0.5826771653543307,0.5691056910569106,0.5511811023622047,0.56,0.5816231632463265
2,TAR,LR,14,0.5354330708661418,0.5196850393700787,0.5511811023622047,0.5365853658536586,0.5196850393700787,0.528,0.5702616405232811
2,TAR,LR,15,0.5551181102362205,0.5905511811023622,0.5196850393700787,0.5514705882352942,0.5905511811023622,0.5703422053231939,0.5834521669043338
2,TAR,LR,16,0.5649606299212598,0.594488188976378,0.5354330708661418,0.5613382899628253,0.594488188976378,0.5774378585086042,0.5856686713373427
2,TAR,LR,17,0.5728346456692913,0.6220472440944882,0.5236220472440944,0.5663082437275986,0.6220472440944882,0.5928705440900562,0.5969681939363878
2,TAR,LR,18,0.5984251968503937,0.610236220472441,0.5866141732283464,0.5961538461538461,0.610236220472441,0.603112840466926,0.6196912393824787
2,TAR,LR,19,0.6062992125984252,0.6377952755905512,0.5748031496062992,0.6,0.6377952755905512,0.6183206106870229,0.6153667307334614
2,TAR,LR,20,0.5826771653543307,0.5905511811023622,0.5748031496062992,0.5813953488372093,0.5905511811023622,0.5859375,0.6082599665199331
2,TAR,LR,21,0.5767716535433071,0.5669291338582677,0.5866141732283464,0.5783132530120482,0.5669291338582677,0.5725646123260437,0.6096317192634385
2,TAR,LR,22,0.5669291338582677,0.5826771653543307,0.5511811023622047,0.5648854961832062,0.5826771653543307,0.5736434108527132,0.6074617149234298
2,TAR,LR,23,0.5728346456692913,0.5787401574803149,0.5669291338582677,0.5719844357976653,0.5787401574803149,0.5753424657534246,0.5965651931303863
2,TAR,LR,24,0.5413385826771654,0.547244094488189,0.5354330708661418,0.5408560311284046,0.547244094488189,0.5440313111545988,0.5894196788393576
2,TAR,LR,25,0.5669291338582677,0.562992125984252,0.5708661417322834,0.5674603174603174,0.562992125984252,0.5652173913043478,0.590985181970364
2,TAR,LR,26,0.5551181102362205,0.531496062992126,0.5787401574803149,0.5578512396694215,0.531496062992126,0.5443548387096774,0.5843511687023374
2,TAR,LR,27,0.5492125984251969,0.531496062992126,0.5669291338582677,0.5510204081632653,0.531496062992126,0.5410821643286573,0.5939611879223758
2,TAR,LR,28,0.562992125984252,0.5354330708661418,0.5905511811023622,0.5666666666666667,0.5354330708661418,0.5506072874493927,0.5933566867133735
2,TAR,LR,29,0.5531496062992126,0.5354330708661418,0.5708661417322834,0.5551020408163265,0.5354330708661418,0.5450901803607214,0.6066247132494265
2,TAR,LR,30,0.562992125984252,0.6023622047244095,0.5236220472440944,0.5583941605839416,0.6023622047244095,0.5795454545454546,0.591512183024366
2,TAR,LR,31,0.5413385826771654,0.5433070866141733,0.5393700787401575,0.5411764705882353,0.5433070866141733,0.5422396856581533,0.5882106764213528
2,TAR,LR,32,0.5748031496062992,0.562992125984252,0.5866141732283464,0.5766129032258065,0.562992125984252,0.5697211155378487,0.5886911773823547
2,TAR,RF,1,0.5767716535433071,0.5669291338582677,0.5866141732283464,0.5783132530120482,0.5669291338582677,0.5725646123260437,0.609740219480439
2,TAR,RF,2,0.5728346456692913,0.5590551181102362,0.5866141732283464,0.5748987854251012,0.5590551181102362,0.5668662674650699,0.6015639531279062
2,TAR,RF,3,0.5669291338582677,0.5511811023622047,0.5826771653543307,0.5691056910569106,0.5511811023622047,0.56,0.5832739165478331
2,TAR,RF,4,0.515748031496063,0.5196850393700787,0.5118110236220472,0.515625,0.5196850393700787,0.5176470588235295,0.5652163804327608
2,TAR,RF,5,0.5511811023622047,0.5236220472440944,0.5787401574803149,0.5541666666666667,0.5236220472440944,0.5384615384615384,0.5690991381982765
2,TAR,RF,6,0.5236220472440944,0.5,0.547244094488189,0.5247933884297521,0.5,0.5120967741935484,0.5624496248992499
2,TAR,RF,7,0.5354330708661418,0.4645669291338583,0.6062992125984252,0.5412844036697247,0.4645669291338583,0.5,0.5676731353462707
2,TAR,RF,8,0.5393700787401575,0.531496062992126,0.547244094488189,0.54,0.531496062992126,0.5357142857142857,0.5534208568417137
2,TAR,RF,9,0.5511811023622047,0.5393700787401575,0.562992125984252,0.5524193548387096,0.5393700787401575,0.545816733067729,0.5640771281542564
2,TAR,RF,10,0.5787401574803149,0.5787401574803149,0.5787401574803149,0.5787401574803149,0.5787401574803149,0.5787401574803149,0.5926901853803707
2,TAR,RF,11,0.5255905511811023,0.5,0.5511811023622047,0.5269709543568465,0.5,0.5131313131313131,0.5623643747287496
2,TAR,RF,12,0.5216535433070866,0.5118110236220472,0.531496062992126,0.5220883534136547,0.5118110236220472,0.5168986083499006,0.5399125798251596
2,TAR,RF,13,0.547244094488189,0.5275590551181102,0.5669291338582677,0.5491803278688525,0.5275590551181102,0.5381526104417671,0.573237646475293
2,TAR,RF,14,0.5433070866141733,0.5354330708661418,0.5511811023622047,0.544,0.5354330708661418,0.5396825396825397,0.5681768863537727
2,TAR,RF,15,0.5413385826771654,0.5236220472440944,0.5590551181102362,0.5428571428571428,0.5236220472440944,0.533066132264529,0.5597216194432388
2,TAR,RF,16,0.5452755905511811,0.5236220472440944,0.5669291338582677,0.5473251028806584,0.5236220472440944,0.5352112676056338,0.5673321346642693
2,TAR,RF,17,0.5295275590551181,0.515748031496063,0.5433070866141733,0.5303643724696356,0.515748031496063,0.5229540918163673,0.5644568789137578
2,TAR,RF,18,0.5708661417322834,0.5826771653543307,0.5590551181102362,0.5692307692307692,0.5826771653543307,0.5758754863813229,0.572764895529791
2,TAR,RF,19,0.5098425196850394,0.515748031496063,0.5039370078740157,0.5097276264591439,0.515748031496063,0.512720156555773,0.5426560853121706
2,TAR,RF,20,0.5216535433070866,0.5275590551181102,0.515748031496063,0.5214007782101168,0.5275590551181102,0.5244618395303327,0.5465775931551864
2,TAR,RF,21,0.5354330708661418,0.47244094488188976,0.5984251968503937,0.5405405405405406,0.47244094488188976,0.5042016806722689,0.5678591357182715
2,TAR,RF,22,0.5531496062992126,0.5590551181102362,0.547244094488189,0.5525291828793775,0.5590551181102362,0.5557729941291585,0.570990141980284
2,TAR,RF,23,0.5492125984251969,0.5393700787401575,0.5590551181102362,0.5502008032128514,0.5393700787401575,0.5447316103379721,0.5577298654597309
2,TAR,RF,24,0.5393700787401575,0.5590551181102362,0.5196850393700787,0.5378787878787878,0.5590551181102362,0.5482625482625483,0.5811039122078244
2,TAR,RF,25,0.5433070866141733,0.531496062992126,0.5551181102362205,0.5443548387096774,0.531496062992126,0.5378486055776892,0.5560093620187241
2,TAR,RF,26,0.5295275590551181,0.531496062992126,0.5275590551181102,0.5294117647058824,0.531496062992126,0.5304518664047151,0.5532813565627132
2,TAR,RF,27,0.5433070866141733,0.5511811023622047,0.5354330708661418,0.5426356589147286,0.5511811023622047,0.546875,0.5379053258106516
2,TAR,RF,28,0.5570866141732284,0.5748031496062992,0.5393700787401575,0.5551330798479087,0.5748031496062992,0.5647969052224371,0.5572261144522289
2,TAR,RF,29,0.5354330708661418,0.5275590551181102,0.5433070866141733,0.536,0.5275590551181102,0.5317460317460317,0.5568541137082275
2,TAR,RF,30,0.5059055118110236,0.5039370078740157,0.5078740157480315,0.5059288537549407,0.5039370078740157,0.504930966469428,0.5259470518941037
2,TAR,RF,31,0.515748031496063,0.4763779527559055,0.5551181102362205,0.5170940170940171,0.4763779527559055,0.4959016393442623,0.5241800483600967
2,TAR,RF,32,0.5334645669291339,0.531496062992126,0.5354330708661418,0.5335968379446641,0.531496062992126,0.5325443786982249,0.5388120776241553
2,TAR,AdaBoost,1,0.5511811023622047,0.5275590551181102,0.5748031496062992,0.5537190082644629,0.5275590551181102,0.5403225806451613,0.5673786347572696
2,TAR,AdaBoost,2,0.5531496062992126,0.5905511811023622,0.515748031496063,0.5494505494505495,0.5905511811023622,0.5692599620493358,0.5787169074338149
2,TAR,AdaBoost,3,0.5393700787401575,0.5551181102362205,0.5236220472440944,0.5381679389312977,0.5551181102362205,0.5465116279069767,0.5490498480996961
2,TAR,AdaBoost,4,0.5570866141732284,0.6062992125984252,0.5078740157480315,0.5519713261648745,0.6062992125984252,0.5778611632270169,0.5822276644553289
2,TAR,AdaBoost,5,0.5334645669291339,0.5196850393700787,0.547244094488189,0.5344129554655871,0.5196850393700787,0.5269461077844312,0.5493830987661975
2,TAR,AdaBoost,6,0.5354330708661418,0.531496062992126,0.5393700787401575,0.5357142857142857,0.531496062992126,0.5335968379446641,0.5286905573811148
2,TAR,AdaBoost,7,0.5196850393700787,0.5433070866141733,0.49606299212598426,0.518796992481203,0.5433070866141733,0.5307692307692308,0.5307675615351231
2,TAR,AdaBoost,8,0.5177165354330708,0.5118110236220472,0.5236220472440944,0.5179282868525896,0.5118110236220472,0.5148514851485149,0.5383315766631533
2,TAR,AdaBoost,9,0.531496062992126,0.5551181102362205,0.5078740157480315,0.5300751879699248,0.5551181102362205,0.5423076923076923,0.5515221030442061
2,TAR,AdaBoost,10,0.5452755905511811,0.5393700787401575,0.5511811023622047,0.545816733067729,0.5393700787401575,0.5425742574257426,0.5621783743567488
2,TAR,AdaBoost,11,0.5570866141732284,0.5393700787401575,0.5748031496062992,0.5591836734693878,0.5393700787401575,0.5490981963927856,0.5463605927211854
2,TAR,AdaBoost,12,0.5255905511811023,0.5354330708661418,0.515748031496063,0.525096525096525,0.5354330708661418,0.530214424951267,0.5421523343046686
2,TAR,AdaBoost,13,0.5295275590551181,0.5078740157480315,0.5511811023622047,0.5308641975308642,0.5078740157480315,0.5191146881287726,0.5524598549197098
2,TAR,AdaBoost,14,0.5354330708661418,0.5511811023622047,0.5196850393700787,0.5343511450381679,0.5511811023622047,0.5426356589147286,0.5537463574927151
2,TAR,AdaBoost,15,0.5393700787401575,0.5590551181102362,0.5196850393700787,0.5378787878787878,0.5590551181102362,0.5482625482625483,0.5559706119412238
2,TAR,AdaBoost,16,0.5452755905511811,0.5393700787401575,0.5511811023622047,0.545816733067729,0.5393700787401575,0.5425742574257426,0.5632168764337528
2,TAR,AdaBoost,17,0.5374015748031497,0.5511811023622047,0.5236220472440944,0.5363984674329502,0.5511811023622047,0.5436893203883495,0.5646661293322587
2,TAR,AdaBoost,18,0.5433070866141733,0.5433070866141733,0.5433070866141733,0.5433070866141733,0.5433070866141733,0.5433070866141733,0.561736623473247
2,TAR,AdaBoost,19,0.5551181102362205,0.5826771653543307,0.5275590551181102,0.5522388059701493,0.5826771653543307,0.5670498084291188,0.5549476098952199
2,TAR,AdaBoost,20,0.5531496062992126,0.5511811023622047,0.5551181102362205,0.5533596837944664,0.5511811023622047,0.5522682445759369,0.5583421166842333
2,TAR,AdaBoost,21,0.5098425196850394,0.531496062992126,0.4881889763779528,0.5094339622641509,0.531496062992126,0.5202312138728323,0.5314960629921259
2,TAR,AdaBoost,22,0.5334645669291339,0.562992125984252,0.5039370078740157,0.5315985130111525,0.562992125984252,0.5468451242829828,0.5449965899931799
2,TAR,AdaBoost,23,0.5433070866141733,0.5433070866141733,0.5433070866141733,0.5433070866141733,0.5433070866141733,0.5433070866141733,0.5550871101742203
2,TAR,AdaBoost,24,0.5393700787401575,0.5826771653543307,0.49606299212598426,0.5362318840579711,0.5826771653543307,0.5584905660377358,0.548507347014694
2,TAR,AdaBoost,25,0.5433070866141733,0.610236220472441,0.4763779527559055,0.5381944444444444,0.610236220472441,0.5719557195571956,0.540253580507161
2,TAR,AdaBoost,26,0.5767716535433071,0.6023622047244095,0.5511811023622047,0.5730337078651685,0.6023622047244095,0.5873320537428023,0.5839326678653357
2,TAR,AdaBoost,27,0.5236220472440944,0.547244094488189,0.5,0.5225563909774437,0.547244094488189,0.5346153846153846,0.5370760741521483
2,TAR,AdaBoost,28,0.5137795275590551,0.5275590551181102,0.5,0.5134099616858238,0.5275590551181102,0.5203883495145631,0.5250790501581003
2,TAR,AdaBoost,29,0.5492125984251969,0.5236220472440944,0.5748031496062992,0.5518672199170125,0.5236220472440944,0.5373737373737374,0.5416563333126666
2,TAR,AdaBoost,30,0.5255905511811023,0.531496062992126,0.5196850393700787,0.5252918287937743,0.531496062992126,0.5283757338551859,0.5227230454460909
2,TAR,AdaBoost,31,0.5511811023622047,0.6023622047244095,0.5,0.5464285714285714,0.6023622047244095,0.5730337078651685,0.5713001426002852
2,TAR,AdaBoost,32,0.5511811023622047,0.5433070866141733,0.5590551181102362,0.552,0.5433070866141733,0.5476190476190477,0.5526381052762106
3,TAR,LR,1,0.5216535433070866,0.468503937007874,0.5748031496062992,0.5242290748898678,0.468503937007874,0.49480249480249483,0.5377270754541509
3,TAR,LR,2,0.5374015748031497,0.4763779527559055,0.5984251968503937,0.5426008968609866,0.4763779527559055,0.5073375262054507,0.5560946121892244
3,TAR,LR,3,0.5492125984251969,0.5275590551181102,0.5708661417322834,0.551440329218107,0.5275590551181102,0.5392354124748491,0.5758571517143034
3,TAR,LR,4,0.5649606299212598,0.5590551181102362,0.5708661417322834,0.5657370517928287,0.5590551181102362,0.5623762376237624,0.5853896707793416
3,TAR,LR,5,0.547244094488189,0.5708661417322834,0.5236220472440944,0.5451127819548872,0.5708661417322834,0.5576923076923077,0.5906131812263624
3,TAR,LR,6,0.5649606299212598,0.562992125984252,0.5669291338582677,0.5652173913043478,0.562992125984252,0.5641025641025641,0.5903806807613615
3,TAR,LR,7,0.5767716535433071,0.5196850393700787,0.6338582677165354,0.5866666666666667,0.5196850393700787,0.5511482254697286,0.6073842147684296
3,TAR,LR,8,0.5669291338582677,0.5511811023622047,0.5826771653543307,0.5691056910569106,0.5511811023622047,0.56,0.5974176948353898
3,TAR,LR,9,0.594488188976378,0.5590551181102362,0.6299212598425197,0.6016949152542372,0.5590551181102362,0.5795918367346938,0.6157542315084631
3,TAR,LR,10,0.5826771653543307,0.5275590551181102,0.6377952755905512,0.5929203539823009,0.5275590551181102,0.5583333333333333,0.6062992125984252
3,TAR,LR,11,0.5826771653543307,0.5511811023622047,0.6141732283464567,0.5882352941176471,0.5511811023622047,0.5691056910569106,0.6153512307024613
3,TAR,LR,12,0.5807086614173228,0.562992125984252,0.5984251968503937,0.5836734693877551,0.562992125984252,0.5731462925851704,0.6020987041974084
3,TAR,LR,13,0.5905511811023622,0.5393700787401575,0.6417322834645669,0.6008771929824561,0.5393700787401575,0.5684647302904564,0.6099262198524397
3,TAR,LR,14,0.5984251968503937,0.5866141732283464,0.610236220472441,0.6008064516129032,0.5866141732283464,0.5936254980079682,0.6105307210614421
3,TAR,LR,15,0.5905511811023622,0.5905511811023622,0.5905511811023622,0.5905511811023622,0.5905511811023622,0.5905511811023622,0.6124527249054499
3,TAR,LR,16,0.5669291338582677,0.5787401574803149,0.5551181102362205,0.5653846153846154,0.5787401574803149,0.5719844357976653,0.6068882137764275
3,TAR,LR,17,0.5807086614173228,0.5905511811023622,0.5708661417322834,0.5791505791505791,0.5905511811023622,0.5847953216374269,0.6042842085684171
3,TAR,LR,18,0.6062992125984252,0.6259842519685039,0.5866141732283464,0.6022727272727273,0.6259842519685039,0.6138996138996139,0.615971231942464
3,TAR,LR,19,0.59251968503937,0.6220472440944882,0.562992125984252,0.587360594795539,0.6220472440944882,0.6042065009560229,0.6109647219294438
3,TAR,LR,20,0.5728346456692913,0.5708661417322834,0.5748031496062992,0.5731225296442688,0.5708661417322834,0.571992110453649,0.6108872217744437
3,TAR,LR,21,0.562992125984252,0.547244094488189,0.5787401574803149,0.5650406504065041,0.547244094488189,0.556,0.6036797073594147
3,TAR,LR,22,0.5669291338582677,0.562992125984252,0.5708661417322834,0.5674603174603174,0.562992125984252,0.5652173913043478,0.6058497116994234
3,TAR,LR,23,0.5787401574803149,0.5748031496062992,0.5826771653543307,0.5793650793650794,0.5748031496062992,0.5770750988142292,0.607771715543431
3,TAR,LR,24,0.5669291338582677,0.547244094488189,0.5866141732283464,0.569672131147541,0.547244094488189,0.5582329317269076,0.5936666873333747
3,TAR,LR,25,0.5846456692913385,0.5748031496062992,0.594488188976378,0.5863453815261044,0.5748031496062992,0.5805168986083499,0.6086862173724348
3,TAR,LR,26,0.5590551181102362,0.531496062992126,0.5866141732283464,0.5625,0.531496062992126,0.5465587044534413,0.6082057164114328
3,TAR,LR,27,0.5728346456692913,0.5433070866141733,0.6023622047244095,0.5774058577405857,0.5433070866141733,0.5598377281947262,0.6080507161014322
3,TAR,LR,28,0.5688976377952756,0.547244094488189,0.5905511811023622,0.5720164609053497,0.547244094488189,0.5593561368209256,0.6062062124124248
3,TAR,LR,29,0.562992125984252,0.5433070866141733,0.5826771653543307,0.5655737704918032,0.5433070866141733,0.5542168674698795,0.6088877177754356
3,TAR,LR,30,0.5728346456692913,0.5433070866141733,0.6023622047244095,0.5774058577405857,0.5433070866141733,0.5598377281947262,0.6154442308884618
3,TAR,LR,31,0.5728346456692913,0.5433070866141733,0.6023622047244095,0.5774058577405857,0.5433070866141733,0.5598377281947262,0.6006417012834027
3,TAR,LR,32,0.5748031496062992,0.5511811023622047,0.5984251968503937,0.5785123966942148,0.5511811023622047,0.5645161290322581,0.6087947175894352
3,TAR,RF,1,0.5511811023622047,0.5196850393700787,0.5826771653543307,0.5546218487394958,0.5196850393700787,0.5365853658536586,0.5655651311302623
3,TAR,RF,2,0.5551181102362205,0.5078740157480315,0.6023622047244095,0.5608695652173913,0.5078740157480315,0.5330578512396694,0.5915276830553662
3,TAR,RF,3,0.5688976377952756,0.5236220472440944,0.6141732283464567,0.5757575757575758,0.5236220472440944,0.5484536082474227,0.6057567115134231
3,TAR,RF,4,0.5531496062992126,0.4881889763779528,0.6181102362204725,0.5610859728506787,0.4881889763779528,0.5221052631578947,0.581468162936326
3,TAR,RF,5,0.5748031496062992,0.5236220472440944,0.6259842519685039,0.5833333333333334,0.5236220472440944,0.5518672199170125,0.6021917043834087
3,TAR,RF,6,0.547244094488189,0.4921259842519685,0.6023622047244095,0.5530973451327433,0.4921259842519685,0.5208333333333334,0.5652008804017608
3,TAR,RF,7,0.5531496062992126,0.5078740157480315,0.5984251968503937,0.5584415584415584,0.5078740157480315,0.5319587628865979,0.5805304110608221
3,TAR,RF,8,0.5393700787401575,0.4645669291338583,0.6141732283464567,0.5462962962962963,0.4645669291338583,0.502127659574468,0.557993365986732
3,TAR,RF,9,0.547244094488189,0.5196850393700787,0.5748031496062992,0.55,0.5196850393700787,0.5344129554655871,0.5777946555893112
3,TAR,RF,10,0.5433070866141733,0.4448818897637795,0.6417322834645669,0.553921568627451,0.4448818897637795,0.49344978165938863,0.5533201066402132
3,TAR,RF,11,0.5492125984251969,0.468503937007874,0.6299212598425197,0.5586854460093896,0.468503937007874,0.5096359743040685,0.5743148986297972
3,TAR,RF,12,0.5807086614173228,0.5039370078740157,0.65748031496063,0.5953488372093023,0.5039370078740157,0.5458422174840085,0.6063689627379254
3,TAR,RF,13,0.5354330708661418,0.4645669291338583,0.6062992125984252,0.5412844036697247,0.4645669291338583,0.5,0.5553893607787216
3,TAR,RF,14,0.5531496062992126,0.49606299212598426,0.610236220472441,0.56,0.49606299212598426,0.5260960334029228,0.5854826709653419
3,TAR,RF,15,0.5177165354330708,0.4763779527559055,0.5590551181102362,0.51931330472103,0.4763779527559055,0.49691991786447637,0.5383470766941533
3,TAR,RF,16,0.5748031496062992,0.547244094488189,0.6023622047244095,0.5791666666666667,0.547244094488189,0.562753036437247,0.5927831855663712
3,TAR,RF,17,0.5669291338582677,0.515748031496063,0.6181102362204725,0.5745614035087719,0.515748031496063,0.5435684647302904,0.5907061814123629
3,TAR,RF,18,0.5374015748031497,0.4763779527559055,0.5984251968503937,0.5426008968609866,0.4763779527559055,0.5073375262054507,0.5631936263872528
3,TAR,RF,19,0.5610236220472441,0.531496062992126,0.5905511811023622,0.5648535564853556,0.531496062992126,0.5476673427991886,0.5807009114018228
3,TAR,RF,20,0.5492125984251969,0.5236220472440944,0.5748031496062992,0.5518672199170125,0.5236220472440944,0.5373737373737374,0.5685566371132742
3,TAR,RF,21,0.5492125984251969,0.5196850393700787,0.5787401574803149,0.5523012552301255,0.5196850393700787,0.5354969574036511,0.5897761795523593
3,TAR,RF,22,0.5590551181102362,0.49606299212598426,0.6220472440944882,0.5675675675675675,0.49606299212598426,0.5294117647058824,0.5763686527373054
3,TAR,RF,23,0.547244094488189,0.4921259842519685,0.6023622047244095,0.5530973451327433,0.4921259842519685,0.5208333333333334,0.5583731167462337
3,TAR,RF,24,0.5118110236220472,0.4763779527559055,0.547244094488189,0.5127118644067796,0.4763779527559055,0.49387755102040815,0.5653248806497613
3,TAR,RF,25,0.5649606299212598,0.515748031496063,0.6141732283464567,0.5720524017467249,0.515748031496063,0.5424430641821946,0.5719433938867878
3,TAR,RF,26,0.5196850393700787,0.48031496062992124,0.5590551181102362,0.5213675213675214,0.48031496062992124,0.5,0.5538393576787154
3,TAR,RF,27,0.5433070866141733,0.547244094488189,0.5393700787401575,0.54296875,0.547244094488189,0.5450980392156862,0.5692308884617769
3,TAR,RF,28,0.5649606299212598,0.5551181102362205,0.5748031496062992,0.5662650602409639,0.5551181102362205,0.5606361829025845,0.6058497116994235
3,TAR,RF,29,0.5433070866141733,0.5118110236220472,0.5748031496062992,0.5462184873949579,0.5118110236220472,0.5284552845528455,0.5595278690557383
3,TAR,RF,30,0.547244094488189,0.4921259842519685,0.6023622047244095,0.5530973451327433,0.4921259842519685,0.5208333333333334,0.5633098766197533
3,TAR,RF,31,0.5433070866141733,0.5078740157480315,0.5787401574803149,0.5466101694915254,0.5078740157480315,0.5265306122448979,0.556513113026226
3,TAR,RF,32,0.5236220472440944,0.49606299212598426,0.5511811023622047,0.525,0.49606299212598426,0.5101214574898786,0.5447175894351789
3,TAR,AdaBoost,1,0.5669291338582677,0.5905511811023622,0.5433070866141733,0.5639097744360902,0.5905511811023622,0.5769230769230769,0.576244652489305
3,TAR,AdaBoost,2,0.5669291338582677,0.531496062992126,0.6023622047244095,0.5720338983050848,0.531496062992126,0.5510204081632653,0.5672391344782689
3,TAR,AdaBoost,3,0.5511811023622047,0.531496062992126,0.5708661417322834,0.5532786885245902,0.531496062992126,0.5421686746987951,0.5768724037448074
3,TAR,AdaBoost,4,0.5354330708661418,0.5039370078740157,0.5669291338582677,0.5378151260504201,0.5039370078740157,0.5203252032520326,0.5768879037758076
3,TAR,AdaBoost,5,0.5728346456692913,0.5275590551181102,0.6181102362204725,0.5800865800865801,0.5275590551181102,0.5525773195876289,0.5725246450492902
3,TAR,AdaBoost,6,0.562992125984252,0.5275590551181102,0.5984251968503937,0.5677966101694916,0.5275590551181102,0.5469387755102041,0.5846534193068387
3,TAR,AdaBoost,7,0.5236220472440944,0.48031496062992124,0.5669291338582677,0.5258620689655172,0.48031496062992124,0.5020576131687243,0.5509486018972037
3,TAR,AdaBoost,8,0.5295275590551181,0.5118110236220472,0.547244094488189,0.5306122448979592,0.5118110236220472,0.5210420841683366,0.5415323330646662
3,TAR,AdaBoost,9,0.5688976377952756,0.5354330708661418,0.6023622047244095,0.5738396624472574,0.5354330708661418,0.5539714867617108,0.5901094302188605
3,TAR,AdaBoost,10,0.5275590551181102,0.547244094488189,0.5078740157480315,0.5265151515151515,0.547244094488189,0.5366795366795367,0.5421523343046686
3,TAR,AdaBoost,11,0.5492125984251969,0.5196850393700787,0.5787401574803149,0.5523012552301255,0.5196850393700787,0.5354969574036511,0.5620466240932482
3,TAR,AdaBoost,12,0.5393700787401575,0.562992125984252,0.515748031496063,0.5375939849624061,0.562992125984252,0.55,0.5593418686837374
3,TAR,AdaBoost,13,0.5177165354330708,0.4881889763779528,0.547244094488189,0.5188284518828452,0.4881889763779528,0.5030425963488844,0.5462210924421849
3,TAR,AdaBoost,14,0.5492125984251969,0.5354330708661418,0.562992125984252,0.5506072874493927,0.5354330708661418,0.5429141716566867,0.5531961063922127
3,TAR,AdaBoost,15,0.5452755905511811,0.5511811023622047,0.5393700787401575,0.5447470817120622,0.5511811023622047,0.547945205479452,0.5461513423026846
3,TAR,AdaBoost,16,0.5433070866141733,0.5708661417322834,0.515748031496063,0.5410447761194029,0.5708661417322834,0.5555555555555556,0.5718581437162875
3,TAR,AdaBoost,17,0.5551181102362205,0.5354330708661418,0.5748031496062992,0.5573770491803278,0.5354330708661418,0.5461847389558233,0.5722843945687892
3,TAR,AdaBoost,18,0.5570866141732284,0.5236220472440944,0.5905511811023622,0.5611814345991561,0.5236220472440944,0.5417515274949084,0.56998263996528
3,TAR,AdaBoost,19,0.5236220472440944,0.46062992125984253,0.5866141732283464,0.527027027027027,0.46062992125984253,0.49159663865546216,0.5485770971541943
3,TAR,AdaBoost,20,0.562992125984252,0.547244094488189,0.5787401574803149,0.5650406504065041,0.547244094488189,0.556,0.5639453778907557
3,TAR,AdaBoost,21,0.5570866141732284,0.5236220472440944,0.5905511811023622,0.5611814345991561,0.5236220472440944,0.5417515274949084,0.5659371318742638
3,TAR,AdaBoost,22,0.5354330708661418,0.5748031496062992,0.49606299212598426,0.5328467153284672,0.5748031496062992,0.553030303030303,0.5661696323392647
3,TAR,AdaBoost,23,0.5196850393700787,0.5,0.5393700787401575,0.5204918032786885,0.5,0.5100401606425703,0.5587063674127348
3,TAR,AdaBoost,24,0.547244094488189,0.5118110236220472,0.5826771653543307,0.5508474576271186,0.5118110236220472,0.5306122448979592,0.5534286068572136
3,TAR,AdaBoost,25,0.5433070866141733,0.5078740157480315,0.5787401574803149,0.5466101694915254,0.5078740157480315,0.5265306122448979,0.5618451236902474
3,TAR,AdaBoost,26,0.5433070866141733,0.515748031496063,0.5708661417322834,0.5458333333333333,0.515748031496063,0.5303643724696356,0.5465775931551863
3,TAR,AdaBoost,27,0.5196850393700787,0.5433070866141733,0.49606299212598426,0.518796992481203,0.5433070866141733,0.5307692307692308,0.5199795399590799
3,TAR,AdaBoost,28,0.5137795275590551,0.5236220472440944,0.5039370078740157,0.5135135135135135,0.5236220472440944,0.5185185185185185,0.5207002914005827
3,TAR,AdaBoost,29,0.531496062992126,0.5511811023622047,0.5118110236220472,0.5303030303030303,0.5511811023622047,0.5405405405405406,0.5506076012152025
3,TAR,AdaBoost,30,0.5236220472440944,0.5551181102362205,0.4921259842519685,0.5222222222222223,0.5551181102362205,0.5381679389312977,0.5172050344100687
3,TAR,AdaBoost,31,0.531496062992126,0.562992125984252,0.5,0.5296296296296297,0.562992125984252,0.5458015267175572,0.5523746047492095
3,TAR,AdaBoost,32,0.5551181102362205,0.5511811023622047,0.5590551181102362,0.5555555555555556,0.5511811023622047,0.5533596837944664,0.5708583917167835
4,TAR,LR,1,0.5236220472440944,0.5118110236220472,0.5354330708661418,0.5241935483870968,0.5118110236220472,0.5179282868525896,0.5532271064542129
4,TAR,LR,2,0.5511811023622047,0.5748031496062992,0.5275590551181102,0.5488721804511278,0.5748031496062992,0.5615384615384615,0.5724161448322896
4,TAR,LR,3,0.5551181102362205,0.5393700787401575,0.5708661417322834,0.556910569105691,0.5393700787401575,0.548,0.5747256494512989
4,TAR,LR,4,0.5255905511811023,0.5196850393700787,0.531496062992126,0.5258964143426295,0.5196850393700787,0.5227722772277228,0.5591946183892368
4,TAR,LR,5,0.5511811023622047,0.5433070866141733,0.5590551181102362,0.552,0.5433070866141733,0.5476190476190477,0.5736561473122945
4,TAR,LR,6,0.5492125984251969,0.5393700787401575,0.5590551181102362,0.5502008032128514,0.5393700787401575,0.5447316103379721,0.5583266166532332
4,TAR,LR,7,0.531496062992126,0.5236220472440944,0.5393700787401575,0.532,0.5236220472440944,0.5277777777777778,0.566014632029264
4,TAR,LR,8,0.5767716535433071,0.5748031496062992,0.5787401574803149,0.5770750988142292,0.5748031496062992,0.5759368836291914,0.5928761857523716
4,TAR,LR,9,0.5669291338582677,0.5433070866141733,0.5905511811023622,0.5702479338842975,0.5433070866141733,0.5564516129032258,0.592240684481369
4,TAR,LR,10,0.5649606299212598,0.547244094488189,0.5826771653543307,0.5673469387755102,0.547244094488189,0.5571142284569138,0.5949531899063798
4,TAR,LR,11,0.5551181102362205,0.547244094488189,0.562992125984252,0.556,0.547244094488189,0.5515873015873016,0.5810186620373241
4,TAR,LR,12,0.5669291338582677,0.547244094488189,0.5866141732283464,0.569672131147541,0.547244094488189,0.5582329317269076,0.5847541695083389
4,TAR,LR,13,0.5728346456692913,0.610236220472441,0.5354330708661418,0.5677655677655677,0.610236220472441,0.5882352941176471,0.604485708971418
4,TAR,LR,14,0.5767716535433071,0.6259842519685039,0.5275590551181102,0.5698924731182796,0.6259842519685039,0.5966228893058161,0.6120962241924484
4,TAR,LR,15,0.5748031496062992,0.594488188976378,0.5551181102362205,0.571969696969697,0.594488188976378,0.583011583011583,0.6067177134354269
4,TAR,LR,16,0.5610236220472441,0.5826771653543307,0.5393700787401575,0.5584905660377358,0.5826771653543307,0.5703275529865125,0.5998356996713994
4,TAR,LR,17,0.5669291338582677,0.562992125984252,0.5708661417322834,0.5674603174603174,0.562992125984252,0.5652173913043478,0.5949841899683799
4,TAR,LR,18,0.5570866141732284,0.531496062992126,0.5826771653543307,0.5601659751037344,0.531496062992126,0.5454545454545454,0.6005332010664022
4,TAR,LR,19,0.5590551181102362,0.5511811023622047,0.5669291338582677,0.56,0.5511811023622047,0.5555555555555556,0.5939146878293756
4,TAR,LR,20,0.5688976377952756,0.5669291338582677,0.5708661417322834,0.5691699604743083,0.5669291338582677,0.5680473372781065,0.587001674003348
4,TAR,LR,21,0.5669291338582677,0.5590551181102362,0.5748031496062992,0.568,0.5590551181102362,0.5634920634920635,0.5927676855353711
4,TAR,LR,22,0.5649606299212598,0.5708661417322834,0.5590551181102362,0.5642023346303502,0.5708661417322834,0.5675146771037182,0.6020367040734083
4,TAR,LR,23,0.5649606299212598,0.562992125984252,0.5669291338582677,0.5652173913043478,0.562992125984252,0.5641025641025641,0.611739723479447
4,TAR,LR,24,0.5885826771653543,0.5866141732283464,0.5905511811023622,0.5889328063241107,0.5866141732283464,0.5877712031558185,0.611259222518445
4,TAR,LR,25,0.5708661417322834,0.5826771653543307,0.5590551181102362,0.5692307692307692,0.5826771653543307,0.5758754863813229,0.6026257052514106
4,TAR,LR,26,0.5885826771653543,0.610236220472441,0.5669291338582677,0.5849056603773585,0.610236220472441,0.5973025048169557,0.6042067084134167
4,TAR,LR,27,0.5826771653543307,0.5826771653543307,0.5826771653543307,0.5826771653543307,0.5826771653543307,0.5826771653543307,0.6100657201314402
4,TAR,LR,28,0.5767716535433071,0.594488188976378,0.5590551181102362,0.5741444866920152,0.594488188976378,0.5841392649903289,0.6076167152334304
4,TAR,LR,29,0.5688976377952756,0.610236220472441,0.5275590551181102,0.5636363636363636,0.610236220472441,0.5860113421550095,0.6029202058404117
4,TAR,LR,30,0.5846456692913385,0.610236220472441,0.5590551181102362,0.5805243445692884,0.610236220472441,0.5950095969289827,0.603261206522413
4,TAR,LR,31,0.5649606299212598,0.5433070866141733,0.5866141732283464,0.5679012345679012,0.5433070866141733,0.5553319919517102,0.5994481988963978
4,TAR,LR,32,0.5255905511811023,0.5236220472440944,0.5275590551181102,0.525691699604743,0.5236220472440944,0.52465483234714,0.5664486328972658
4,TAR,RF,1,0.5669291338582677,0.5551181102362205,0.5787401574803149,0.5685483870967742,0.5551181102362205,0.5617529880478087,0.5994249488498977
4,TAR,RF,2,0.562992125984252,0.5196850393700787,0.6062992125984252,0.5689655172413793,0.5196850393700787,0.5432098765432098,0.5919229338458677
4,TAR,RF,3,0.5708661417322834,0.5590551181102362,0.5826771653543307,0.5725806451612904,0.5590551181102362,0.5657370517928287,0.5903961807923617
4,TAR,RF,4,0.5177165354330708,0.4921259842519685,0.5433070866141733,0.5186721991701245,0.4921259842519685,0.5050505050505051,0.5650303800607601
4,TAR,RF,5,0.5688976377952756,0.547244094488189,0.5905511811023622,0.5720164609053497,0.547244094488189,0.5593561368209256,0.5631703763407527
4,TAR,RF,6,0.5295275590551181,0.4921259842519685,0.5669291338582677,0.5319148936170213,0.4921259842519685,0.5112474437627812,0.5637128774257549
4,TAR,RF,7,0.5531496062992126,0.5,0.6062992125984252,0.5594713656387665,0.5,0.5280665280665281,0.5767794035588071
4,TAR,RF,8,0.5551181102362205,0.5511811023622047,0.5590551181102362,0.5555555555555556,0.5511811023622047,0.5533596837944664,0.5785386570773142
4,TAR,RF,9,0.5511811023622047,0.5,0.6023622047244095,0.5570175438596491,0.5,0.5269709543568465,0.5691611383222768
4,TAR,RF,10,0.5531496062992126,0.5,0.6062992125984252,0.5594713656387665,0.5,0.5280665280665281,0.5629068758137517
4,TAR,RF,11,0.5688976377952756,0.5393700787401575,0.5984251968503937,0.5732217573221757,0.5393700787401575,0.5557809330628803,0.5941239382478765
4,TAR,RF,12,0.5846456692913385,0.547244094488189,0.6220472440944882,0.5914893617021276,0.547244094488189,0.5685071574642127,0.5866141732283464
4,TAR,RF,13,0.562992125984252,0.594488188976378,0.531496062992126,0.5592592592592592,0.594488188976378,0.5763358778625954,0.5730206460412921
4,TAR,RF,14,0.594488188976378,0.5669291338582677,0.6220472440944882,0.6,0.5669291338582677,0.582995951417004,0.5877224254448509
4,TAR,RF,15,0.5748031496062992,0.5196850393700787,0.6299212598425197,0.584070796460177,0.5196850393700787,0.55,0.5970301940603883
4,TAR,RF,16,0.5570866141732284,0.5039370078740157,0.610236220472441,0.5638766519823789,0.5039370078740157,0.5322245322245323,0.5924654349308698
4,TAR,RF,17,0.5905511811023622,0.5393700787401575,0.6417322834645669,0.6008771929824561,0.5393700787401575,0.5684647302904564,0.6289060078120157
4,TAR,RF,18,0.5669291338582677,0.5236220472440944,0.610236220472441,0.5732758620689655,0.5236220472440944,0.5473251028806584,0.5803444106888214
4,TAR,RF,19,0.5866141732283464,0.5551181102362205,0.6181102362204725,0.592436974789916,0.5551181102362205,0.573170731707317,0.5946741893483787
4,TAR,RF,20,0.5846456692913385,0.5393700787401575,0.6299212598425197,0.5930735930735931,0.5393700787401575,0.5649484536082474,0.6106237212474425
4,TAR,RF,21,0.5767716535433071,0.5196850393700787,0.6338582677165354,0.5866666666666667,0.5196850393700787,0.5511482254697286,0.5995411990823982
4,TAR,RF,22,0.5748031496062992,0.5039370078740157,0.6456692913385826,0.5871559633027523,0.5039370078740157,0.5423728813559322,0.5833514167028333
4,TAR,RF,23,0.5511811023622047,0.5078740157480315,0.594488188976378,0.5560344827586207,0.5078740157480315,0.5308641975308642,0.5706646413292827
4,TAR,RF,24,0.5255905511811023,0.47244094488188976,0.5787401574803149,0.5286343612334802,0.47244094488188976,0.498960498960499,0.5620931241862485
4,TAR,RF,25,0.5295275590551181,0.5078740157480315,0.5511811023622047,0.5308641975308642,0.5078740157480315,0.5191146881287726,0.5461125922251845
4,TAR,RF,26,0.5196850393700787,0.5196850393700787,0.5196850393700787,0.5196850393700787,0.5196850393700787,0.5196850393700787,0.5476625953251906
4,TAR,RF,27,0.547244094488189,0.49606299212598426,0.5984251968503937,0.5526315789473685,0.49606299212598426,0.5228215767634855,0.5698896397792795
4,TAR,RF,28,0.5531496062992126,0.5354330708661418,0.5708661417322834,0.5551020408163265,0.5354330708661418,0.5450901803607214,0.5928839357678715
4,TAR,RF,29,0.5610236220472441,0.5275590551181102,0.594488188976378,0.5654008438818565,0.5275590551181102,0.5458248472505092,0.5666888833777669
4,TAR,RF,30,0.5807086614173228,0.5590551181102362,0.6023622047244095,0.5843621399176955,0.5590551181102362,0.5714285714285714,0.610491970983942
4,TAR,RF,31,0.5492125984251969,0.5078740157480315,0.5905511811023622,0.5536480686695279,0.5078740157480315,0.5297741273100616,0.5675491350982702
4,TAR,RF,32,0.5334645669291339,0.4763779527559055,0.5905511811023622,0.5377777777777778,0.4763779527559055,0.5052192066805845,0.5667043834087669
4,TAR,AdaBoost,1,0.5649606299212598,0.5590551181102362,0.5708661417322834,0.5657370517928287,0.5590551181102362,0.5623762376237624,0.5657123814247629
4,TAR,AdaBoost,2,0.5413385826771654,0.5590551181102362,0.5236220472440944,0.5399239543726235,0.5590551181102362,0.5493230174081238,0.565224130448261
4,TAR,AdaBoost,3,0.5590551181102362,0.5275590551181102,0.5905511811023622,0.5630252100840336,0.5275590551181102,0.5447154471544715,0.571013392026784
4,TAR,AdaBoost,4,0.5531496062992126,0.531496062992126,0.5748031496062992,0.5555555555555556,0.531496062992126,0.5432595573440644,0.5478408456816913
4,TAR,AdaBoost,5,0.5078740157480315,0.5354330708661418,0.48031496062992124,0.5074626865671642,0.5354330708661418,0.5210727969348659,0.5346813193626387
4,TAR,AdaBoost,6,0.5531496062992126,0.5551181102362205,0.5511811023622047,0.5529411764705883,0.5551181102362205,0.5540275049115914,0.569486638973278
4,TAR,AdaBoost,7,0.5354330708661418,0.5669291338582677,0.5039370078740157,0.5333333333333333,0.5669291338582677,0.549618320610687,0.5539013578027157
4,TAR,AdaBoost,8,0.5196850393700787,0.5433070866141733,0.49606299212598426,0.518796992481203,0.5433070866141733,0.5307692307692308,0.5421600843201687
4,TAR,AdaBoost,9,0.5708661417322834,0.5669291338582677,0.5748031496062992,0.5714285714285714,0.5669291338582677,0.5691699604743083,0.5767716535433071
4,TAR,AdaBoost,10,0.5452755905511811,0.5433070866141733,0.547244094488189,0.5454545454545454,0.5433070866141733,0.5443786982248521,0.5656426312852626
4,TAR,AdaBoost,11,0.5374015748031497,0.5078740157480315,0.5669291338582677,0.5397489539748954,0.5078740157480315,0.5233265720081136,0.5283108066216132
4,TAR,AdaBoost,12,0.594488188976378,0.5787401574803149,0.610236220472441,0.5975609756097561,0.5787401574803149,0.588,0.6103989707979416
4,TAR,AdaBoost,13,0.5413385826771654,0.5590551181102362,0.5236220472440944,0.5399239543726235,0.5590551181102362,0.5493230174081238,0.5447253394506789
4,TAR,AdaBoost,14,0.5492125984251969,0.562992125984252,0.5354330708661418,0.5478927203065134,0.562992125984252,0.5553398058252427,0.56250387500775
4,TAR,AdaBoost,15,0.5570866141732284,0.6141732283464567,0.5,0.5512367491166078,0.6141732283464567,0.5810055865921788,0.5815224130448261
4,TAR,AdaBoost,16,0.5885826771653543,0.6299212598425197,0.547244094488189,0.5818181818181818,0.6299212598425197,0.6049149338374291,0.6062062124124249
4,TAR,AdaBoost,17,0.5511811023622047,0.5275590551181102,0.5748031496062992,0.5537190082644629,0.5275590551181102,0.5403225806451613,0.5871799243598487
4,TAR,AdaBoost,18,0.5492125984251969,0.5354330708661418,0.562992125984252,0.5506072874493927,0.5354330708661418,0.5429141716566867,0.5844906689813378
4,TAR,AdaBoost,19,0.5531496062992126,0.5275590551181102,0.5787401574803149,0.5560165975103735,0.5275590551181102,0.5414141414141415,0.5795616591233183
4,TAR,AdaBoost,20,0.5393700787401575,0.5511811023622047,0.5275590551181102,0.5384615384615384,0.5511811023622047,0.5447470817120622,0.5703933907867815
4,TAR,AdaBoost,21,0.5669291338582677,0.5551181102362205,0.5787401574803149,0.5685483870967742,0.5551181102362205,0.5617529880478087,0.5833281666563334
4,TAR,AdaBoost,22,0.5728346456692913,0.594488188976378,0.5511811023622047,0.569811320754717,0.594488188976378,0.581888246628131,0.594488188976378
4,TAR,AdaBoost,23,0.5177165354330708,0.562992125984252,0.47244094488188976,0.516245487364621,0.562992125984252,0.5386064030131826,0.5147250294500589
4,TAR,AdaBoost,24,0.5433070866141733,0.5393700787401575,0.547244094488189,0.5436507936507936,0.5393700787401575,0.541501976284585,0.5450508401016801
4,TAR,AdaBoost,25,0.5098425196850394,0.49606299212598426,0.5236220472440944,0.5101214574898786,0.49606299212598426,0.5029940119760479,0.528256556513113
4,TAR,AdaBoost,26,0.5137795275590551,0.5393700787401575,0.4881889763779528,0.5131086142322098,0.5393700787401575,0.525911708253359,0.5290238080476161
4,TAR,AdaBoost,27,0.5078740157480315,0.4921259842519685,0.5236220472440944,0.508130081300813,0.4921259842519685,0.5,0.5277993055986112
4,TAR,AdaBoost,28,0.5767716535433071,0.562992125984252,0.5905511811023622,0.5789473684210527,0.562992125984252,0.5708582834331337,0.6128324756649514
4,TAR,AdaBoost,29,0.5295275590551181,0.531496062992126,0.5275590551181102,0.5294117647058824,0.531496062992126,0.5304518664047151,0.5616281232562466
4,TAR,AdaBoost,30,0.5354330708661418,0.5433070866141733,0.5275590551181102,0.5348837209302325,0.5433070866141733,0.5390625,0.5551491102982206
4,TAR,AdaBoost,31,0.5236220472440944,0.5078740157480315,0.5393700787401575,0.524390243902439,0.5078740157480315,0.516,0.5406720813441627
4,TAR,AdaBoost,32,0.5570866141732284,0.5393700787401575,0.5748031496062992,0.5591836734693878,0.5393700787401575,0.5490981963927856,0.5818866637733275
0,PB&J,LR,1,0.5748031496062992,0.610236220472441,0.5393700787401575,0.5698529411764706,0.610236220472441,0.5893536121673004,0.5859631719263438
0,PB&J,LR,2,0.5610236220472441,0.5393700787401575,0.5826771653543307,0.5637860082304527,0.5393700787401575,0.5513078470824949,0.5910626821253643
0,PB&J,LR,3,0.562992125984252,0.5551181102362205,0.5708661417322834,0.564,0.5551181102362205,0.5595238095238095,0.5967666935333871
0,PB&J,LR,4,0.5846456692913385,0.6299212598425197,0.5393700787401575,0.5776173285198556,0.6299212598425197,0.6026365348399246,0.6014477028954057
0,PB&J,LR,5,0.5669291338582677,0.6062992125984252,0.5275590551181102,0.5620437956204379,0.6062992125984252,0.5833333333333334,0.5862111724223449
0,PB&J,LR,6,0.5787401574803149,0.5787401574803149,0.5787401574803149,0.5787401574803149,0.5787401574803149,0.5787401574803149,0.6212722425444851
0,PB&J,LR,7,0.59251968503937,0.5984251968503937,0.5866141732283464,0.5914396887159533,0.5984251968503937,0.5949119373776908,0.6145917291834584
0,PB&J,LR,8,0.5866141732283464,0.5826771653543307,0.5905511811023622,0.5873015873015873,0.5826771653543307,0.5849802371541502,0.5996031992063984
0,PB&J,LR,9,0.5748031496062992,0.531496062992126,0.6181102362204725,0.5818965517241379,0.531496062992126,0.5555555555555556,0.5979291958583918
0,PB&J,LR,10,0.5885826771653543,0.5433070866141733,0.6338582677165354,0.5974025974025974,0.5433070866141733,0.5690721649484536,0.6160952321904642
0,PB&J,LR,11,0.6043307086614174,0.6181102362204725,0.5905511811023622,0.6015325670498084,0.6181102362204725,0.6097087378640776,0.6043307086614174
0,PB&J,LR,12,0.5885826771653543,0.594488188976378,0.5826771653543307,0.5875486381322957,0.594488188976378,0.5909980430528375,0.6129642259284519
0,PB&J,LR,13,0.6062992125984252,0.6299212598425197,0.5826771653543307,0.6015037593984962,0.6299212598425197,0.6153846153846154,0.6182342364684729
0,PB&J,LR,14,0.5688976377952756,0.5669291338582677,0.5708661417322834,0.5691699604743083,0.5669291338582677,0.5680473372781065,0.5952011904023808
0,PB&J,LR,15,0.5866141732283464,0.5826771653543307,0.5905511811023622,0.5873015873015873,0.5826771653543307,0.5849802371541502,0.5998976997953995
0,PB&J,LR,16,0.5688976377952756,0.5354330708661418,0.6023622047244095,0.5738396624472574,0.5354330708661418,0.5539714867617108,0.599510199020398
0,PB&J,LR,17,0.5787401574803149,0.547244094488189,0.610236220472441,0.5840336134453782,0.547244094488189,0.5650406504065041,0.5956816913633828
0,PB&J,LR,18,0.5708661417322834,0.562992125984252,0.5787401574803149,0.572,0.562992125984252,0.5674603174603174,0.5859786719573439
0,PB&J,LR,19,0.5492125984251969,0.5118110236220472,0.5866141732283464,0.5531914893617021,0.5118110236220472,0.5316973415132924,0.5774226548453097
0,PB&J,LR,20,0.562992125984252,0.5393700787401575,0.5866141732283464,0.5661157024793388,0.5393700787401575,0.5524193548387096,0.5819021638043276
0,PB&J,LR,21,0.5413385826771654,0.562992125984252,0.5196850393700787,0.539622641509434,0.562992125984252,0.5510597302504817,0.5630851261702524
0,PB&J,LR,22,0.5531496062992126,0.5748031496062992,0.531496062992126,0.5509433962264151,0.5748031496062992,0.5626204238921002,0.5646816293632587
0,PB&J,LR,23,0.5570866141732284,0.594488188976378,0.5196850393700787,0.5531135531135531,0.594488188976378,0.573055028462998,0.5656581313162626
0,PB&J,LR,24,0.5452755905511811,0.562992125984252,0.5275590551181102,0.5437262357414449,0.562992125984252,0.5531914893617021,0.5506231012462024
0,PB&J,LR,25,0.5570866141732284,0.5708661417322834,0.5433070866141733,0.5555555555555556,0.5708661417322834,0.5631067961165048,0.5613026226052452
0,PB&J,LR,26,0.5393700787401575,0.5393700787401575,0.5393700787401575,0.5393700787401575,0.5393700787401575,0.5393700787401575,0.5460350920701842
0,PB&J,LR,27,0.5216535433070866,0.515748031496063,0.5275590551181102,0.5219123505976095,0.515748031496063,0.5188118811881188,0.5441595883191767
0,PB&J,LR,28,0.5413385826771654,0.5669291338582677,0.515748031496063,0.5393258426966292,0.5669291338582677,0.5527831094049904,0.5525761051522102
0,PB&J,LR,29,0.5374015748031497,0.5433070866141733,0.531496062992126,0.5369649805447471,0.5433070866141733,0.5401174168297456,0.55499410998822
0,PB&J,LR,30,0.5413385826771654,0.5354330708661418,0.547244094488189,0.5418326693227091,0.5354330708661418,0.5386138613861386,0.5510571021142042
0,PB&J,LR,31,0.5492125984251969,0.547244094488189,0.5511811023622047,0.549407114624506,0.547244094488189,0.5483234714003945,0.5639531279062558
0,PB&J,LR,32,0.5452755905511811,0.5748031496062992,0.515748031496063,0.5427509293680297,0.5748031496062992,0.5583173996175909,0.5521266042532085
0,PB&J,RF,1,0.5748031496062992,0.5787401574803149,0.5708661417322834,0.57421875,0.5787401574803149,0.5764705882352941,0.6106159712319424
0,PB&J,RF,2,0.5905511811023622,0.547244094488189,0.6338582677165354,0.5991379310344828,0.547244094488189,0.5720164609053497,0.6047027094054188
0,PB&J,RF,3,0.5433070866141733,0.49606299212598426,0.5905511811023622,0.5478260869565217,0.49606299212598426,0.5206611570247934,0.5726021452042904
0,PB&J,RF,4,0.5452755905511811,0.547244094488189,0.5433070866141733,0.5450980392156862,0.547244094488189,0.5461689587426326,0.6108639717279435
0,PB&J,RF,5,0.5846456692913385,0.5826771653543307,0.5866141732283464,0.5849802371541502,0.5826771653543307,0.5838264299802761,0.6033697067394135
0,PB&J,RF,6,0.531496062992126,0.5118110236220472,0.5511811023622047,0.5327868852459017,0.5118110236220472,0.5220883534136547,0.5411758323516647
0,PB&J,RF,7,0.5275590551181102,0.5118110236220472,0.5433070866141733,0.5284552845528455,0.5118110236220472,0.52,0.542718085436171
0,PB&J,RF,8,0.5275590551181102,0.484251968503937,0.5708661417322834,0.5301724137931034,0.484251968503937,0.5061728395061729,0.5260245520491041
0,PB&J,RF,9,0.5078740157480315,0.4409448818897638,0.5748031496062992,0.509090909090909,0.4409448818897638,0.47257383966244726,0.5271483042966087
0,PB&J,RF,10,0.5452755905511811,0.5078740157480315,0.5826771653543307,0.548936170212766,0.5078740157480315,0.5276073619631901,0.5538626077252155
0,PB&J,RF,11,0.5590551181102362,0.5039370078740157,0.6141732283464567,0.5663716814159292,0.5039370078740157,0.5333333333333333,0.5578151156302311
0,PB&J,RF,12,0.5216535433070866,0.5,0.5433070866141733,0.522633744855967,0.5,0.5110663983903421,0.5360065720131441
0,PB&J,RF,13,0.547244094488189,0.5433070866141733,0.5511811023622047,0.5476190476190477,0.5433070866141733,0.5454545454545454,0.5592178684357368
0,PB&J,RF,14,0.5551181102362205,0.5,0.610236220472441,0.5619469026548672,0.5,0.5291666666666667,0.5796391592783185
0,PB&J,RF,15,0.5255905511811023,0.468503937007874,0.5826771653543307,0.5288888888888889,0.468503937007874,0.4968684759916493,0.5470193440386881
0,PB&J,RF,16,0.547244094488189,0.5039370078740157,0.5905511811023622,0.5517241379310345,0.5039370078740157,0.5267489711934157,0.5487940975881953
0,PB&J,RF,17,0.5413385826771654,0.49606299212598426,0.5866141732283464,0.5454545454545454,0.49606299212598426,0.5195876288659794,0.5599386198772398
0,PB&J,RF,18,0.531496062992126,0.5196850393700787,0.5433070866141733,0.532258064516129,0.5196850393700787,0.5258964143426295,0.5581716163432326
0,PB&J,RF,19,0.5334645669291339,0.5118110236220472,0.5551181102362205,0.5349794238683128,0.5118110236220472,0.5231388329979879,0.5443765887531774
0,PB&J,RF,20,0.547244094488189,0.5118110236220472,0.5826771653543307,0.5508474576271186,0.5118110236220472,0.5306122448979592,0.546957343914688
0,PB&J,RF,21,0.5334645669291339,0.515748031496063,0.5511811023622047,0.5346938775510204,0.515748031496063,0.5250501002004008,0.571501643003286
0,PB&J,RF,22,0.5393700787401575,0.5196850393700787,0.5590551181102362,0.5409836065573771,0.5196850393700787,0.5301204819277109,0.5478408456816913
0,PB&J,RF,23,0.5551181102362205,0.531496062992126,0.5787401574803149,0.5578512396694215,0.531496062992126,0.5443548387096774,0.5579313658627316
0,PB&J,RF,24,0.5216535433070866,0.4881889763779528,0.5551181102362205,0.5232067510548524,0.4881889763779528,0.505091649694501,0.5443843387686775
0,PB&J,RF,25,0.531496062992126,0.531496062992126,0.531496062992126,0.531496062992126,0.531496062992126,0.531496062992126,0.5579701159402319
0,PB&J,RF,26,0.531496062992126,0.4921259842519685,0.5708661417322834,0.5341880341880342,0.4921259842519685,0.5122950819672131,0.5340923181846363
0,PB&J,RF,27,0.5354330708661418,0.4921259842519685,0.5787401574803149,0.5387931034482759,0.4921259842519685,0.51440329218107,0.5535681071362142
0,PB&J,RF,28,0.5059055118110236,0.46062992125984253,0.5511811023622047,0.5064935064935064,0.46062992125984253,0.4824742268041237,0.5352858205716412
0,PB&J,RF,29,0.5236220472440944,0.4881889763779528,0.5590551181102362,0.5254237288135594,0.4881889763779528,0.5061224489795918,0.545732841465683
0,PB&J,RF,30,0.5236220472440944,0.468503937007874,0.5787401574803149,0.5265486725663717,0.468503937007874,0.49583333333333335,0.5468488436976875
0,PB&J,RF,31,0.5275590551181102,0.484251968503937,0.5708661417322834,0.5301724137931034,0.484251968503937,0.5061728395061729,0.5564278628557258
0,PB&J,RF,32,0.515748031496063,0.484251968503937,0.547244094488189,0.5168067226890757,0.484251968503937,0.5,0.5217387934775869
0,PB&J,AdaBoost,1,0.5649606299212598,0.5354330708661418,0.594488188976378,0.5690376569037657,0.5354330708661418,0.5517241379310345,0.5688356376712753
0,PB&J,AdaBoost,2,0.5334645669291339,0.484251968503937,0.5826771653543307,0.537117903930131,0.484251968503937,0.5093167701863354,0.5567998635997272
0,PB&J,AdaBoost,3,0.5177165354330708,0.5196850393700787,0.515748031496063,0.5176470588235295,0.5196850393700787,0.518664047151277,0.5531961063922128
0,PB&J,AdaBoost,4,0.5393700787401575,0.515748031496063,0.562992125984252,0.5413223140495868,0.515748031496063,0.5282258064516129,0.5651776303552607
0,PB&J,AdaBoost,5,0.562992125984252,0.610236220472441,0.515748031496063,0.5575539568345323,0.610236220472441,0.5827067669172933,0.5846146692293385
0,PB&J,AdaBoost,6,0.5393700787401575,0.5078740157480315,0.5708661417322834,0.542016806722689,0.5078740157480315,0.524390243902439,0.5301553103106206
0,PB&J,AdaBoost,7,0.5177165354330708,0.5354330708661418,0.5,0.5171102661596958,0.5354330708661418,0.5261121856866537,0.5172980345960692
0,PB&J,AdaBoost,8,0.5078740157480315,0.5039370078740157,0.5118110236220472,0.5079365079365079,0.5039370078740157,0.5059288537549407,0.5376728253456506
0,PB&J,AdaBoost,9,0.5236220472440944,0.515748031496063,0.531496062992126,0.524,0.515748031496063,0.5198412698412699,0.5329375658751317
0,PB&J,AdaBoost,10,0.5610236220472441,0.5275590551181102,0.594488188976378,0.5654008438818565,0.5275590551181102,0.5458248472505092,0.565983631967264
0,PB&J,AdaBoost,11,0.5334645669291339,0.5511811023622047,0.515748031496063,0.532319391634981,0.5511811023622047,0.5415860735009671,0.5423615847231695
0,PB&J,AdaBoost,12,0.531496062992126,0.5708661417322834,0.4921259842519685,0.5291970802919708,0.5708661417322834,0.5492424242424242,0.5125317750635501
0,PB&J,AdaBoost,13,0.5059055118110236,0.468503937007874,0.5433070866141733,0.5063829787234042,0.468503937007874,0.4867075664621677,0.5161432822865646
0,PB&J,AdaBoost,14,0.4940944881889764,0.5236220472440944,0.4645669291338583,0.4944237918215613,0.5236220472440944,0.5086042065009561,0.49837249674499345
0,PB&J,AdaBoost,15,0.5078740157480315,0.5039370078740157,0.5118110236220472,0.5079365079365079,0.5039370078740157,0.5059288537549407,0.52249829499659
0,PB&J,AdaBoost,16,0.547244094488189,0.547244094488189,0.547244094488189,0.547244094488189,0.547244094488189,0.547244094488189,0.5533201066402132
0,PB&J,AdaBoost,17,0.5255905511811023,0.5196850393700787,0.531496062992126,0.5258964143426295,0.5196850393700787,0.5227722772277228,0.5166625333250666
0,PB&J,AdaBoost,18,0.5196850393700787,0.5275590551181102,0.5118110236220472,0.5193798449612403,0.5275590551181102,0.5234375,0.5239087978175957
0,PB&J,AdaBoost,19,0.5216535433070866,0.5275590551181102,0.515748031496063,0.5214007782101168,0.5275590551181102,0.5244618395303327,0.5331623163246326
0,PB&J,AdaBoost,20,0.5334645669291339,0.562992125984252,0.5039370078740157,0.5315985130111525,0.562992125984252,0.5468451242829828,0.5336040672081345
0,PB&J,AdaBoost,21,0.5688976377952756,0.6220472440944882,0.515748031496063,0.5622775800711743,0.6220472440944882,0.5906542056074766,0.6141654783309567
0,PB&J,AdaBoost,22,0.5492125984251969,0.515748031496063,0.5826771653543307,0.5527426160337553,0.515748031496063,0.5336048879837068,0.5531728563457127
0,PB&J,AdaBoost,23,0.5610236220472441,0.5669291338582677,0.5551181102362205,0.5603112840466926,0.5669291338582677,0.5636007827788649,0.5675723851447703
0,PB&J,AdaBoost,24,0.5334645669291339,0.5275590551181102,0.5393700787401575,0.5338645418326693,0.5275590551181102,0.5306930693069307,0.541005332010664
0,PB&J,AdaBoost,25,0.5255905511811023,0.547244094488189,0.5039370078740157,0.5245283018867924,0.547244094488189,0.535645472061657,0.5457405914811829
0,PB&J,AdaBoost,26,0.484251968503937,0.49606299212598426,0.47244094488188976,0.4846153846153846,0.49606299212598426,0.490272373540856,0.5076647653295306
0,PB&J,AdaBoost,27,0.5531496062992126,0.5787401574803149,0.5275590551181102,0.550561797752809,0.5787401574803149,0.564299424184261,0.5703468906937814
0,PB&J,AdaBoost,28,0.5078740157480315,0.5078740157480315,0.5078740157480315,0.5078740157480315,0.5078740157480315,0.5078740157480315,0.5341078182156364
0,PB&J,AdaBoost,29,0.5039370078740157,0.4921259842519685,0.515748031496063,0.5040322580645161,0.4921259842519685,0.49800796812749004,0.5232965465930932
0,PB&J,AdaBoost,30,0.5275590551181102,0.5354330708661418,0.5196850393700787,0.5271317829457365,0.5354330708661418,0.53125,0.5210335420670842
0,PB&J,AdaBoost,31,0.5255905511811023,0.5196850393700787,0.531496062992126,0.5258964143426295,0.5196850393700787,0.5227722772277228,0.5131517763035526
0,PB&J,AdaBoost,32,0.5433070866141733,0.5826771653543307,0.5039370078740157,0.5401459854014599,0.5826771653543307,0.5606060606060606,0.5343635687271374
1,PB&J,LR,1,0.547244094488189,0.531496062992126,0.562992125984252,0.5487804878048781,0.531496062992126,0.54,0.5614111228222456
1,PB&J,LR,2,0.562992125984252,0.5590551181102362,0.5669291338582677,0.5634920634920635,0.5590551181102362,0.5612648221343873,0.58250666501333
1,PB&J,LR,3,0.5688976377952756,0.5708661417322834,0.5669291338582677,0.5686274509803921,0.5708661417322834,0.5697445972495089,0.5821346642693285
1,PB&J,LR,4,0.5669291338582677,0.5866141732283464,0.547244094488189,0.5643939393939394,0.5866141732283464,0.5752895752895753,0.5802591605183209
1,PB&J,LR,5,0.5826771653543307,0.5787401574803149,0.5866141732283464,0.5833333333333334,0.5787401574803149,0.5810276679841897,0.610251720503441
1,PB&J,LR,6,0.5570866141732284,0.5354330708661418,0.5787401574803149,0.5596707818930041,0.5354330708661418,0.5472837022132797,0.6095542191084382
1,PB&J,LR,7,0.594488188976378,0.610236220472441,0.5787401574803149,0.5916030534351145,0.610236220472441,0.6007751937984496,0.6147932295864591
1,PB&J,LR,8,0.5767716535433071,0.5984251968503937,0.5551181102362205,0.5735849056603773,0.5984251968503937,0.5857418111753372,0.610468720937442
1,PB&J,LR,9,0.5590551181102362,0.5708661417322834,0.547244094488189,0.5576923076923077,0.5708661417322834,0.5642023346303502,0.6062992125984252
1,PB&J,LR,10,0.5767716535433071,0.5708661417322834,0.5826771653543307,0.5776892430278885,0.5708661417322834,0.5742574257425742,0.6087482174964349
1,PB&J,LR,11,0.5531496062992126,0.5,0.6062992125984252,0.5594713656387665,0.5,0.5280665280665281,0.5964721929443859
1,PB&J,LR,12,0.5708661417322834,0.562992125984252,0.5787401574803149,0.572,0.562992125984252,0.5674603174603174,0.6154907309814619
1,PB&J,LR,13,0.5767716535433071,0.5669291338582677,0.5866141732283464,0.5783132530120482,0.5669291338582677,0.5725646123260437,0.5963171926343853
1,PB&J,LR,14,0.5708661417322834,0.5433070866141733,0.5984251968503937,0.575,0.5433070866141733,0.5587044534412956,0.5949066898133797
1,PB&J,LR,15,0.5866141732283464,0.5551181102362205,0.6181102362204725,0.592436974789916,0.5551181102362205,0.573170731707317,0.585250170500341
1,PB&J,LR,16,0.5413385826771654,0.5,0.5826771653543307,0.5450643776824035,0.5,0.5215605749486653,0.5794531589063178
1,PB&J,LR,17,0.5374015748031497,0.515748031496063,0.5590551181102362,0.5390946502057613,0.515748031496063,0.5271629778672032,0.5540641081282163
1,PB&J,LR,18,0.5610236220472441,0.562992125984252,0.5590551181102362,0.5607843137254902,0.562992125984252,0.5618860510805501,0.5651001302002604
1,PB&J,LR,19,0.562992125984252,0.5,0.6259842519685039,0.5720720720720721,0.5,0.5336134453781513,0.5671771343542688
1,PB&J,LR,20,0.547244094488189,0.5354330708661418,0.5590551181102362,0.5483870967741935,0.5354330708661418,0.5418326693227091,0.5609151218302436
1,PB&J,LR,21,0.5807086614173228,0.5708661417322834,0.5905511811023622,0.5823293172690763,0.5708661417322834,0.5765407554671969,0.5817936635873272
1,PB&J,LR,22,0.547244094488189,0.547244094488189,0.547244094488189,0.547244094488189,0.547244094488189,0.547244094488189,0.57250914501829
1,PB&J,LR,23,0.5413385826771654,0.5511811023622047,0.531496062992126,0.5405405405405406,0.5511811023622047,0.5458089668615984,0.5720286440572881
1,PB&J,LR,24,0.5413385826771654,0.547244094488189,0.5354330708661418,0.5408560311284046,0.547244094488189,0.5440313111545988,0.5797011594023188
1,PB&J,LR,25,0.5531496062992126,0.5669291338582677,0.5393700787401575,0.5517241379310345,0.5669291338582677,0.5592233009708738,0.5873581747163494
1,PB&J,LR,26,0.5669291338582677,0.5826771653543307,0.5511811023622047,0.5648854961832062,0.5826771653543307,0.5736434108527132,0.5827391654783309
1,PB&J,LR,27,0.5570866141732284,0.547244094488189,0.5669291338582677,0.5582329317269076,0.547244094488189,0.5526838966202783,0.5843821687643376
1,PB&J,LR,28,0.5275590551181102,0.5354330708661418,0.5196850393700787,0.5271317829457365,0.5354330708661418,0.53125,0.5652086304172608
1,PB&J,LR,29,0.5452755905511811,0.5669291338582677,0.5236220472440944,0.5433962264150943,0.5669291338582677,0.5549132947976878,0.5710986421972845
1,PB&J,LR,30,0.5511811023622047,0.5708661417322834,0.531496062992126,0.5492424242424242,0.5708661417322834,0.5598455598455598,0.5711606423212846
1,PB&J,LR,31,0.5393700787401575,0.5590551181102362,0.5196850393700787,0.5378787878787878,0.5590551181102362,0.5482625482625483,0.5732221464442928
1,PB&J,LR,32,0.5433070866141733,0.5708661417322834,0.515748031496063,0.5410447761194029,0.5708661417322834,0.5555555555555556,0.5732066464132928
1,PB&J,RF,1,0.5826771653543307,0.547244094488189,0.6181102362204725,0.5889830508474576,0.547244094488189,0.5673469387755102,0.6278752557505115
1,PB&J,RF,2,0.5885826771653543,0.5708661417322834,0.6062992125984252,0.5918367346938775,0.5708661417322834,0.5811623246492986,0.6160332320664642
1,PB&J,RF,3,0.5885826771653543,0.562992125984252,0.6141732283464567,0.5933609958506224,0.562992125984252,0.5777777777777777,0.6054312108624218
1,PB&J,RF,4,0.5708661417322834,0.562992125984252,0.5787401574803149,0.572,0.562992125984252,0.5674603174603174,0.6042377084754169
1,PB&J,RF,5,0.5807086614173228,0.5433070866141733,0.6181102362204725,0.5872340425531914,0.5433070866141733,0.5644171779141104,0.6188929877859757
1,PB&J,RF,6,0.5590551181102362,0.48031496062992124,0.6377952755905512,0.5700934579439252,0.48031496062992124,0.5213675213675214,0.5790424080848162
1,PB&J,RF,7,0.5708661417322834,0.5393700787401575,0.6023622047244095,0.5756302521008403,0.5393700787401575,0.556910569105691,0.5966116932233865
1,PB&J,RF,8,0.5531496062992126,0.49606299212598426,0.610236220472441,0.56,0.49606299212598426,0.5260960334029228,0.568727137454275
1,PB&J,RF,9,0.547244094488189,0.4881889763779528,0.6062992125984252,0.5535714285714286,0.4881889763779528,0.5188284518828452,0.5798019096038192
1,PB&J,RF,10,0.5452755905511811,0.515748031496063,0.5748031496062992,0.5481171548117155,0.515748031496063,0.5314401622718052,0.5729818959637919
1,PB&J,RF,11,0.5551181102362205,0.484251968503937,0.6259842519685039,0.5642201834862385,0.484251968503937,0.5211864406779662,0.5762989025978053
1,PB&J,RF,12,0.5511811023622047,0.515748031496063,0.5866141732283464,0.5550847457627118,0.515748031496063,0.5346938775510204,0.5674948849897701
1,PB&J,RF,13,0.547244094488189,0.515748031496063,0.5787401574803149,0.5504201680672269,0.515748031496063,0.532520325203252,0.5683241366482732
1,PB&J,RF,14,0.5649606299212598,0.5275590551181102,0.6023622047244095,0.5702127659574469,0.5275590551181102,0.5480572597137015,0.5762214024428047
1,PB&J,RF,15,0.5708661417322834,0.49606299212598426,0.6456692913385826,0.5833333333333334,0.49606299212598426,0.5361702127659574,0.5936821873643748
1,PB&J,RF,16,0.5531496062992126,0.5039370078740157,0.6023622047244095,0.5589519650655022,0.5039370078740157,0.5300207039337475,0.5793291586583174
1,PB&J,RF,17,0.5669291338582677,0.49606299212598426,0.6377952755905512,0.5779816513761468,0.49606299212598426,0.5338983050847458,0.609251968503937
1,PB&J,RF,18,0.562992125984252,0.5196850393700787,0.6062992125984252,0.5689655172413793,0.5196850393700787,0.5432098765432098,0.5836226672453344
1,PB&J,RF,19,0.5511811023622047,0.47244094488188976,0.6299212598425197,0.5607476635514018,0.47244094488188976,0.5128205128205128,0.5712458924917849
1,PB&J,RF,20,0.5807086614173228,0.484251968503937,0.6771653543307087,0.6,0.484251968503937,0.5359477124183006,0.6126619753239506
1,PB&J,RF,21,0.5531496062992126,0.43700787401574803,0.6692913385826772,0.5692307692307692,0.43700787401574803,0.49443207126948774,0.5936356872713746
1,PB&J,RF,22,0.5590551181102362,0.4881889763779528,0.6299212598425197,0.5688073394495413,0.4881889763779528,0.5254237288135594,0.5784611569223139
1,PB&J,RF,23,0.5275590551181102,0.4566929133858268,0.5984251968503937,0.5321100917431193,0.4566929133858268,0.4915254237288136,0.5631703763407526
1,PB&J,RF,24,0.5669291338582677,0.5275590551181102,0.6062992125984252,0.5726495726495726,0.5275590551181102,0.5491803278688525,0.5960536921073842
1,PB&J,RF,25,0.547244094488189,0.4881889763779528,0.6062992125984252,0.5535714285714286,0.4881889763779528,0.5188284518828452,0.5774536549073099
1,PB&J,RF,26,0.5708661417322834,0.515748031496063,0.6259842519685039,0.5796460176991151,0.515748031496063,0.5458333333333333,0.5796004092008185
1,PB&J,RF,27,0.5570866141732284,0.5039370078740157,0.610236220472441,0.5638766519823789,0.5039370078740157,0.5322245322245323,0.5825841651683303
1,PB&J,RF,28,0.5787401574803149,0.5039370078740157,0.6535433070866141,0.5925925925925926,0.5039370078740157,0.5446808510638298,0.5861491722983447
1,PB&J,RF,29,0.5669291338582677,0.4645669291338583,0.6692913385826772,0.5841584158415841,0.4645669291338583,0.5175438596491229,0.5681768863537727
1,PB&J,RF,30,0.5374015748031497,0.452755905511811,0.6220472440944882,0.5450236966824644,0.452755905511811,0.4946236559139785,0.5555676111352222
1,PB&J,RF,31,0.5374015748031497,0.5039370078740157,0.5708661417322834,0.540084388185654,0.5039370078740157,0.5213849287169042,0.5769576539153078
1,PB&J,RF,32,0.5511811023622047,0.46062992125984253,0.6417322834645669,0.5625,0.46062992125984253,0.5064935064935064,0.5711993923987849
1,PB&J,AdaBoost,1,0.5413385826771654,0.5669291338582677,0.515748031496063,0.5393258426966292,0.5669291338582677,0.5527831094049904,0.5626278752557505
1,PB&J,AdaBoost,2,0.5610236220472441,0.547244094488189,0.5748031496062992,0.562753036437247,0.547244094488189,0.5548902195608783,0.5790501581003162
1,PB&J,AdaBoost,3,0.5492125984251969,0.5590551181102362,0.5393700787401575,0.5482625482625483,0.5590551181102362,0.5536062378167641,0.5775466550933102
1,PB&J,AdaBoost,4,0.6043307086614174,0.6181102362204725,0.5905511811023622,0.6015325670498084,0.6181102362204725,0.6097087378640776,0.6046019592039185
1,PB&J,AdaBoost,5,0.562992125984252,0.5866141732283464,0.5393700787401575,0.5601503759398496,0.5866141732283464,0.573076923076923,0.5745706491412983
1,PB&J,AdaBoost,6,0.5649606299212598,0.5984251968503937,0.531496062992126,0.5608856088560885,0.5984251968503937,0.579047619047619,0.5601246202492405
1,PB&J,AdaBoost,7,0.5295275590551181,0.531496062992126,0.5275590551181102,0.5294117647058824,0.531496062992126,0.5304518664047151,0.5454305908611818
1,PB&J,AdaBoost,8,0.5688976377952756,0.5039370078740157,0.6338582677165354,0.579185520361991,0.5039370078740157,0.5389473684210526,0.5810186620373241
1,PB&J,AdaBoost,9,0.5078740157480315,0.4921259842519685,0.5236220472440944,0.508130081300813,0.4921259842519685,0.5,0.5243582987165974
1,PB&J,AdaBoost,10,0.5039370078740157,0.49606299212598426,0.5118110236220472,0.504,0.49606299212598426,0.5,0.5030922561845124
1,PB&J,AdaBoost,11,0.531496062992126,0.5354330708661418,0.5275590551181102,0.53125,0.5354330708661418,0.5333333333333333,0.5539556079112158
1,PB&J,AdaBoost,12,0.5177165354330708,0.5669291338582677,0.468503937007874,0.5161290322580645,0.5669291338582677,0.5403377110694184,0.5405170810341622
1,PB&J,AdaBoost,13,0.5590551181102362,0.5236220472440944,0.594488188976378,0.5635593220338984,0.5236220472440944,0.5428571428571428,0.5699361398722798
1,PB&J,AdaBoost,14,0.5433070866141733,0.5354330708661418,0.5511811023622047,0.544,0.5354330708661418,0.5396825396825397,0.559744869489739
1,PB&J,AdaBoost,15,0.5255905511811023,0.5551181102362205,0.49606299212598426,0.5241635687732342,0.5551181102362205,0.5391969407265774,0.5466860933721868
1,PB&J,AdaBoost,16,0.5275590551181102,0.5196850393700787,0.5354330708661418,0.528,0.5196850393700787,0.5238095238095238,0.5323408146816293
1,PB&J,AdaBoost,17,0.5433070866141733,0.5511811023622047,0.5354330708661418,0.5426356589147286,0.5511811023622047,0.546875,0.5683396366792735
1,PB&J,AdaBoost,18,0.5452755905511811,0.547244094488189,0.5433070866141733,0.5450980392156862,0.547244094488189,0.5461689587426326,0.5811736623473247
1,PB&J,AdaBoost,19,0.5728346456692913,0.6023622047244095,0.5433070866141733,0.5687732342007435,0.6023622047244095,0.5850860420650096,0.5698353896707793
1,PB&J,AdaBoost,20,0.5039370078740157,0.421259842519685,0.5866141732283464,0.5047169811320755,0.421259842519685,0.4592274678111588,0.5285820571641143
1,PB&J,AdaBoost,21,0.5433070866141733,0.531496062992126,0.5551181102362205,0.5443548387096774,0.531496062992126,0.5378486055776892,0.5488250976501954
1,PB&J,AdaBoost,22,0.5334645669291339,0.5590551181102362,0.5078740157480315,0.5318352059925093,0.5590551181102362,0.54510556621881,0.5309535619071238
1,PB&J,AdaBoost,23,0.5570866141732284,0.5433070866141733,0.5708661417322834,0.5587044534412956,0.5433070866141733,0.5508982035928144,0.5598766197532394
1,PB&J,AdaBoost,24,0.5570866141732284,0.562992125984252,0.5511811023622047,0.556420233463035,0.562992125984252,0.5596868884540117,0.5914114328228657
1,PB&J,AdaBoost,25,0.5433070866141733,0.5551181102362205,0.531496062992126,0.5423076923076923,0.5551181102362205,0.5486381322957199,0.5685876371752744
1,PB&J,AdaBoost,26,0.5255905511811023,0.5118110236220472,0.5393700787401575,0.5263157894736842,0.5118110236220472,0.5189620758483033,0.5609383718767438
1,PB&J,AdaBoost,27,0.5767716535433071,0.5787401574803149,0.5748031496062992,0.5764705882352941,0.5787401574803149,0.5776031434184676,0.5820106640213281
1,PB&J,AdaBoost,28,0.562992125984252,0.5275590551181102,0.5984251968503937,0.5677966101694916,0.5275590551181102,0.5469387755102041,0.558001116002232
1,PB&J,AdaBoost,29,0.5590551181102362,0.5433070866141733,0.5748031496062992,0.5609756097560976,0.5433070866141733,0.552,0.5695641391282782
1,PB&J,AdaBoost,30,0.5354330708661418,0.5118110236220472,0.5590551181102362,0.5371900826446281,0.5118110236220472,0.5241935483870968,0.5514756029512059
1,PB&J,AdaBoost,31,0.531496062992126,0.5118110236220472,0.5511811023622047,0.5327868852459017,0.5118110236220472,0.5220883534136547,0.5388740777481555
1,PB&J,AdaBoost,32,0.5669291338582677,0.5866141732283464,0.547244094488189,0.5643939393939394,0.5866141732283464,0.5752895752895753,0.5938759377518755
2,PB&J,LR,1,0.5590551181102362,0.5236220472440944,0.594488188976378,0.5635593220338984,0.5236220472440944,0.5428571428571428,0.5757951515903031
2,PB&J,LR,2,0.5551181102362205,0.5433070866141733,0.5669291338582677,0.5564516129032258,0.5433070866141733,0.549800796812749,0.5748806497612995
2,PB&J,LR,3,0.5433070866141733,0.547244094488189,0.5393700787401575,0.54296875,0.547244094488189,0.5450980392156862,0.560992621985244
2,PB&J,LR,4,0.5413385826771654,0.5984251968503937,0.484251968503937,0.5371024734982333,0.5984251968503937,0.5661080074487895,0.55750511501023
2,PB&J,LR,5,0.5708661417322834,0.594488188976378,0.547244094488189,0.5676691729323309,0.594488188976378,0.5807692307692308,0.5947206894413788
2,PB&J,LR,6,0.5492125984251969,0.5708661417322834,0.5275590551181102,0.5471698113207547,0.5708661417322834,0.558766859344894,0.5957901915803832
2,PB&J,LR,7,0.5669291338582677,0.5826771653543307,0.5511811023622047,0.5648854961832062,0.5826771653543307,0.5736434108527132,0.5916981833963668
2,PB&J,LR,8,0.5511811023622047,0.5708661417322834,0.531496062992126,0.5492424242424242,0.5708661417322834,0.5598455598455598,0.5858701717403435
2,PB&J,LR,9,0.5354330708661418,0.547244094488189,0.5236220472440944,0.5346153846153846,0.547244094488189,0.5408560311284046,0.5856221712443426
2,PB&J,LR,10,0.5531496062992126,0.562992125984252,0.5433070866141733,0.5521235521235521,0.562992125984252,0.557504873294347,0.5695951391902784
2,PB&J,LR,11,0.5590551181102362,0.5669291338582677,0.5511811023622047,0.5581395348837209,0.5669291338582677,0.5625,0.580724161448323
2,PB&J,LR,12,0.5531496062992126,0.5787401574803149,0.5275590551181102,0.550561797752809,0.5787401574803149,0.564299424184261,0.5751441502883006
2,PB&J,LR,13,0.5669291338582677,0.5905511811023622,0.5433070866141733,0.5639097744360902,0.5905511811023622,0.5769230769230769,0.5811116622233246
2,PB&J,LR,14,0.531496062992126,0.5354330708661418,0.5275590551181102,0.53125,0.5354330708661418,0.5333333333333333,0.5696416392832786
2,PB&J,LR,15,0.5433070866141733,0.5393700787401575,0.547244094488189,0.5436507936507936,0.5393700787401575,0.541501976284585,0.5622946245892492
2,PB&J,LR,16,0.5610236220472441,0.6141732283464567,0.5078740157480315,0.5551601423487544,0.6141732283464567,0.5831775700934579,0.5701686403372807
2,PB&J,LR,17,0.5826771653543307,0.610236220472441,0.5551181102362205,0.5783582089552238,0.610236220472441,0.5938697318007663,0.5774381548763098
2,PB&J,LR,18,0.562992125984252,0.5551181102362205,0.5708661417322834,0.564,0.5551181102362205,0.5595238095238095,0.5854671709343419
2,PB&J,LR,19,0.562992125984252,0.5551181102362205,0.5708661417322834,0.564,0.5551181102362205,0.5595238095238095,0.5718581437162875
2,PB&J,LR,20,0.5551181102362205,0.531496062992126,0.5787401574803149,0.5578512396694215,0.531496062992126,0.5443548387096774,0.5702151404302809
2,PB&J,LR,21,0.547244094488189,0.5236220472440944,0.5708661417322834,0.5495867768595041,0.5236220472440944,0.5362903225806451,0.5618451236902474
2,PB&J,LR,22,0.562992125984252,0.5354330708661418,0.5905511811023622,0.5666666666666667,0.5354330708661418,0.5506072874493927,0.5714706429412859
2,PB&J,LR,23,0.5570866141732284,0.49606299212598426,0.6181102362204725,0.5650224215246636,0.49606299212598426,0.5283018867924528,0.592240684481369
2,PB&J,LR,24,0.5590551181102362,0.5,0.6181102362204725,0.5669642857142857,0.5,0.5313807531380753,0.5918996837993675
2,PB&J,LR,25,0.5649606299212598,0.5078740157480315,0.6220472440944882,0.5733333333333334,0.5078740157480315,0.5386221294363257,0.588722177444355
2,PB&J,LR,26,0.5531496062992126,0.4921259842519685,0.6141732283464567,0.5605381165919282,0.4921259842519685,0.5241090146750524,0.5772831545663092
2,PB&J,LR,27,0.5413385826771654,0.5118110236220472,0.5708661417322834,0.5439330543933054,0.5118110236220472,0.5273833671399595,0.5676886353772708
2,PB&J,LR,28,0.5433070866141733,0.48031496062992124,0.6062992125984252,0.5495495495495496,0.48031496062992124,0.5126050420168067,0.5671151342302685
2,PB&J,LR,29,0.5688976377952756,0.5078740157480315,0.6299212598425197,0.57847533632287,0.5078740157480315,0.5408805031446541,0.5780116560233121
2,PB&J,LR,30,0.5452755905511811,0.49606299212598426,0.594488188976378,0.5502183406113537,0.49606299212598426,0.5217391304347826,0.5727881455762912
2,PB&J,LR,31,0.5748031496062992,0.531496062992126,0.6181102362204725,0.5818965517241379,0.531496062992126,0.5555555555555556,0.5817781635563272
2,PB&J,LR,32,0.5767716535433071,0.531496062992126,0.6220472440944882,0.5844155844155844,0.531496062992126,0.5567010309278351,0.5773916547833097
2,PB&J,RF,1,0.5393700787401575,0.5196850393700787,0.5590551181102362,0.5409836065573771,0.5196850393700787,0.5301204819277109,0.570749891499783
2,PB&J,RF,2,0.5452755905511811,0.5433070866141733,0.547244094488189,0.5454545454545454,0.5433070866141733,0.5443786982248521,0.5863816727633455
2,PB&J,RF,3,0.5511811023622047,0.5236220472440944,0.5787401574803149,0.5541666666666667,0.5236220472440944,0.5384615384615384,0.5811349122698246
2,PB&J,RF,4,0.5846456692913385,0.5669291338582677,0.6023622047244095,0.5877551020408164,0.5669291338582677,0.5771543086172345,0.5929536859073719
2,PB&J,RF,5,0.5610236220472441,0.5354330708661418,0.5866141732283464,0.5643153526970954,0.5354330708661418,0.5494949494949495,0.5736096472192945
2,PB&J,RF,6,0.5492125984251969,0.4645669291338583,0.6338582677165354,0.5592417061611374,0.4645669291338583,0.5075268817204301,0.5763609027218055
2,PB&J,RF,7,0.484251968503937,0.48031496062992124,0.4881889763779528,0.48412698412698413,0.48031496062992124,0.48221343873517786,0.5202042904085807
2,PB&J,RF,8,0.5393700787401575,0.5039370078740157,0.5748031496062992,0.5423728813559322,0.5039370078740157,0.5224489795918368,0.5531883563767127
2,PB&J,RF,9,0.5255905511811023,0.5039370078740157,0.547244094488189,0.5267489711934157,0.5039370078740157,0.5150905432595574,0.5303723107446217
2,PB&J,RF,10,0.5255905511811023,0.515748031496063,0.5354330708661418,0.5261044176706827,0.515748031496063,0.5208747514910537,0.539501829003658
2,PB&J,RF,11,0.5255905511811023,0.5118110236220472,0.5393700787401575,0.5263157894736842,0.5118110236220472,0.5189620758483033,0.535479570959142
2,PB&J,RF,12,0.5216535433070866,0.5118110236220472,0.531496062992126,0.5220883534136547,0.5118110236220472,0.5168986083499006,0.5217077934155869
2,PB&J,RF,13,0.5098425196850394,0.49606299212598426,0.5236220472440944,0.5101214574898786,0.49606299212598426,0.5029940119760479,0.5198245396490795
2,PB&J,RF,14,0.5374015748031497,0.5236220472440944,0.5511811023622047,0.5384615384615384,0.5236220472440944,0.530938123752495,0.5439193378386756
2,PB&J,RF,15,0.5078740157480315,0.4763779527559055,0.5393700787401575,0.5084033613445378,0.4763779527559055,0.491869918699187,0.5136167772335546
2,PB&J,RF,16,0.5570866141732284,0.5275590551181102,0.5866141732283464,0.5606694560669456,0.5275590551181102,0.5436105476673428,0.565975881951764
2,PB&J,RF,17,0.5137795275590551,0.43700787401574803,0.5905511811023622,0.5162790697674419,0.43700787401574803,0.47334754797441364,0.5351695703391407
2,PB&J,RF,18,0.531496062992126,0.4645669291338583,0.5984251968503937,0.5363636363636364,0.4645669291338583,0.4978902953586498,0.5536611073222146
2,PB&J,RF,19,0.5374015748031497,0.5039370078740157,0.5708661417322834,0.540084388185654,0.5039370078740157,0.5213849287169042,0.5523358546717093
2,PB&J,RF,20,0.5295275590551181,0.4921259842519685,0.5669291338582677,0.5319148936170213,0.4921259842519685,0.5112474437627812,0.5458723417446836
2,PB&J,RF,21,0.5275590551181102,0.46062992125984253,0.594488188976378,0.5318181818181819,0.46062992125984253,0.4936708860759494,0.5536068572137144
2,PB&J,RF,22,0.5255905511811023,0.4645669291338583,0.5866141732283464,0.5291479820627802,0.4645669291338583,0.4947589098532495,0.5597913695827392
2,PB&J,RF,23,0.5570866141732284,0.5433070866141733,0.5708661417322834,0.5587044534412956,0.5433070866141733,0.5508982035928144,0.5653403806807612
2,PB&J,RF,24,0.5452755905511811,0.5236220472440944,0.5669291338582677,0.5473251028806584,0.5236220472440944,0.5352112676056338,0.558016616033232
2,PB&J,RF,25,0.5413385826771654,0.5196850393700787,0.562992125984252,0.5432098765432098,0.5196850393700787,0.5311871227364185,0.5615816231632463
2,PB&J,RF,26,0.5019685039370079,0.46062992125984253,0.5433070866141733,0.5021459227467812,0.46062992125984253,0.4804928131416838,0.5525528551057102
2,PB&J,RF,27,0.5590551181102362,0.5039370078740157,0.6141732283464567,0.5663716814159292,0.5039370078740157,0.5333333333333333,0.5734623969247938
2,PB&J,RF,28,0.5275590551181102,0.468503937007874,0.5866141732283464,0.53125,0.468503937007874,0.497907949790795,0.5497318494636989
2,PB&J,RF,29,0.5413385826771654,0.49606299212598426,0.5866141732283464,0.5454545454545454,0.49606299212598426,0.5195876288659794,0.5471820943641887
2,PB&J,RF,30,0.5177165354330708,0.41338582677165353,0.6220472440944882,0.5223880597014925,0.41338582677165353,0.46153846153846156,0.5513981027962057
2,PB&J,RF,31,0.4744094488188976,0.4330708661417323,0.515748031496063,0.4721030042918455,0.4330708661417323,0.4517453798767967,0.5189487878975758
2,PB&J,RF,32,0.5433070866141733,0.5,0.5866141732283464,0.5474137931034483,0.5,0.522633744855967,0.5647823795647592
2,PB&J,AdaBoost,1,0.5531496062992126,0.5511811023622047,0.5551181102362205,0.5533596837944664,0.5511811023622047,0.5522682445759369,0.5797786595573191
2,PB&J,AdaBoost,2,0.5393700787401575,0.484251968503937,0.594488188976378,0.5442477876106194,0.484251968503937,0.5125,0.5708893917787835
2,PB&J,AdaBoost,3,0.5551181102362205,0.5590551181102362,0.5511811023622047,0.5546875,0.5590551181102362,0.5568627450980392,0.5673011346022693
2,PB&J,AdaBoost,4,0.5433070866141733,0.547244094488189,0.5393700787401575,0.54296875,0.547244094488189,0.5450980392156862,0.5608996217992436
2,PB&J,AdaBoost,5,0.562992125984252,0.5905511811023622,0.5354330708661418,0.5597014925373134,0.5905511811023622,0.5747126436781609,0.5844906689813378
2,PB&J,AdaBoost,6,0.5295275590551181,0.5511811023622047,0.5078740157480315,0.5283018867924528,0.5511811023622047,0.5394990366088632,0.5535526071052141
2,PB&J,AdaBoost,7,0.5374015748031497,0.5551181102362205,0.5196850393700787,0.5361216730038023,0.5551181102362205,0.5454545454545454,0.5422065844131688
2,PB&J,AdaBoost,8,0.547244094488189,0.5196850393700787,0.5748031496062992,0.55,0.5196850393700787,0.5344129554655871,0.5520568541137083
2,PB&J,AdaBoost,9,0.5019685039370079,0.4881889763779528,0.515748031496063,0.5020242914979757,0.4881889763779528,0.49500998003992014,0.4998294996589993
2,PB&J,AdaBoost,10,0.5295275590551181,0.515748031496063,0.5433070866141733,0.5303643724696356,0.515748031496063,0.5229540918163673,0.547019344038688
2,PB&J,AdaBoost,11,0.4940944881889764,0.4881889763779528,0.5,0.4940239043824701,0.4881889763779528,0.4910891089108911,0.5069052638105277
2,PB&J,AdaBoost,12,0.49015748031496065,0.5039370078740157,0.4763779527559055,0.4904214559386973,0.5039370078740157,0.4970873786407767,0.49212598425196846
2,PB&J,AdaBoost,13,0.5393700787401575,0.515748031496063,0.562992125984252,0.5413223140495868,0.515748031496063,0.5282258064516129,0.5461668423336847
2,PB&J,AdaBoost,14,0.5354330708661418,0.5551181102362205,0.515748031496063,0.5340909090909091,0.5551181102362205,0.5444015444015444,0.5630851261702523
2,PB&J,AdaBoost,15,0.5059055118110236,0.5433070866141733,0.468503937007874,0.5054945054945055,0.5433070866141733,0.523719165085389,0.500992001984004
2,PB&J,AdaBoost,16,0.5452755905511811,0.49606299212598426,0.594488188976378,0.5502183406113537,0.49606299212598426,0.5217391304347826,0.5520336040672081
2,PB&J,AdaBoost,17,0.49606299212598426,0.4763779527559055,0.515748031496063,0.4959016393442623,0.4763779527559055,0.4859437751004016,0.49838024676049353
2,PB&J,AdaBoost,18,0.49803149606299213,0.48031496062992124,0.515748031496063,0.49795918367346936,0.48031496062992124,0.48897795591182364,0.5245520491040983
2,PB&J,AdaBoost,19,0.5551181102362205,0.5433070866141733,0.5669291338582677,0.5564516129032258,0.5433070866141733,0.549800796812749,0.5662936325872652
2,PB&J,AdaBoost,20,0.5334645669291339,0.5393700787401575,0.5275590551181102,0.5330739299610895,0.5393700787401575,0.5362035225048923,0.5315270630541261
2,PB&J,AdaBoost,21,0.5196850393700787,0.5275590551181102,0.5118110236220472,0.5193798449612403,0.5275590551181102,0.5234375,0.5325500651001301
2,PB&J,AdaBoost,22,0.5078740157480315,0.49606299212598426,0.5196850393700787,0.5080645161290323,0.49606299212598426,0.50199203187251,0.5208165416330832
2,PB&J,AdaBoost,23,0.547244094488189,0.547244094488189,0.547244094488189,0.547244094488189,0.547244094488189,0.547244094488189,0.5880711761423523
2,PB&J,AdaBoost,24,0.5216535433070866,0.5,0.5433070866141733,0.522633744855967,0.5,0.5110663983903421,0.5415478330956662
2,PB&J,AdaBoost,25,0.5236220472440944,0.4409448818897638,0.6062992125984252,0.5283018867924528,0.4409448818897638,0.48068669527896996,0.5511036022072044
2,PB&J,AdaBoost,26,0.5236220472440944,0.5039370078740157,0.5433070866141733,0.5245901639344263,0.5039370078740157,0.5140562248995983,0.5312015624031248
2,PB&J,AdaBoost,27,0.5275590551181102,0.5511811023622047,0.5039370078740157,0.5263157894736842,0.5511811023622047,0.5384615384615384,0.5334025668051335
2,PB&J,AdaBoost,28,0.5255905511811023,0.5275590551181102,0.5236220472440944,0.5254901960784314,0.5275590551181102,0.5265225933202358,0.5628526257052514
2,PB&J,AdaBoost,29,0.5374015748031497,0.515748031496063,0.5590551181102362,0.5390946502057613,0.515748031496063,0.5271629778672032,0.52749705499411
2,PB&J,AdaBoost,30,0.5098425196850394,0.5196850393700787,0.5,0.5096525096525096,0.5196850393700787,0.5146198830409356,0.516507533015066
2,PB&J,AdaBoost,31,0.5374015748031497,0.5708661417322834,0.5039370078740157,0.5350553505535055,0.5708661417322834,0.5523809523809524,0.5535991071982145
2,PB&J,AdaBoost,32,0.5492125984251969,0.5354330708661418,0.562992125984252,0.5506072874493927,0.5354330708661418,0.5429141716566867,0.5599851199702398
3,PB&J,LR,1,0.5531496062992126,0.547244094488189,0.5590551181102362,0.5537848605577689,0.547244094488189,0.5504950495049505,0.5690216380432762
3,PB&J,LR,2,0.5393700787401575,0.5511811023622047,0.5275590551181102,0.5384615384615384,0.5511811023622047,0.5447470817120622,0.5560481120962242
3,PB&J,LR,3,0.562992125984252,0.5551181102362205,0.5708661417322834,0.564,0.5551181102362205,0.5595238095238095,0.5685411370822742
3,PB&J,LR,4,0.5492125984251969,0.5708661417322834,0.5275590551181102,0.5471698113207547,0.5708661417322834,0.558766859344894,0.5728036456072912
3,PB&J,LR,5,0.5728346456692913,0.562992125984252,0.5826771653543307,0.5742971887550201,0.562992125984252,0.5685884691848907,0.5958366916733833
3,PB&J,LR,6,0.5767716535433071,0.5669291338582677,0.5866141732283464,0.5783132530120482,0.5669291338582677,0.5725646123260437,0.5960536921073842
3,PB&J,LR,7,0.5433070866141733,0.562992125984252,0.5236220472440944,0.5416666666666666,0.562992125984252,0.5521235521235521,0.5854671709343419
3,PB&J,LR,8,0.5807086614173228,0.5354330708661418,0.6259842519685039,0.5887445887445888,0.5354330708661418,0.5608247422680412,0.5944571889143778
3,PB&J,LR,9,0.5610236220472441,0.49606299212598426,0.6259842519685039,0.5701357466063348,0.49606299212598426,0.5305263157894737,0.596999193998388
3,PB&J,LR,10,0.5767716535433071,0.5590551181102362,0.594488188976378,0.5795918367346938,0.5590551181102362,0.5691382765531062,0.5928916857833716
3,PB&J,LR,11,0.5590551181102362,0.5669291338582677,0.5511811023622047,0.5581395348837209,0.5669291338582677,0.5625,0.5773761547523094
3,PB&J,LR,12,0.5669291338582677,0.5354330708661418,0.5984251968503937,0.5714285714285714,0.5354330708661418,0.5528455284552846,0.592240684481369
3,PB&J,LR,13,0.5590551181102362,0.5551181102362205,0.562992125984252,0.5595238095238095,0.5551181102362205,0.5573122529644269,0.578275156550313
3,PB&J,LR,14,0.547244094488189,0.5039370078740157,0.5905511811023622,0.5517241379310345,0.5039370078740157,0.5267489711934157,0.5823361646723293
3,PB&J,LR,15,0.5570866141732284,0.5393700787401575,0.5748031496062992,0.5591836734693878,0.5393700787401575,0.5490981963927856,0.5628991257982516
3,PB&J,LR,16,0.5433070866141733,0.5511811023622047,0.5354330708661418,0.5426356589147286,0.5511811023622047,0.546875,0.5681071362142724
3,PB&J,LR,17,0.484251968503937,0.4881889763779528,0.48031496062992124,0.484375,0.4881889763779528,0.48627450980392156,0.531015562031124
3,PB&J,LR,18,0.5354330708661418,0.5196850393700787,0.5511811023622047,0.5365853658536586,0.5196850393700787,0.528,0.5528241056482113
3,PB&J,LR,19,0.5374015748031497,0.5236220472440944,0.5511811023622047,0.5384615384615384,0.5236220472440944,0.530938123752495,0.559241118482237
3,PB&J,LR,20,0.5334645669291339,0.515748031496063,0.5511811023622047,0.5346938775510204,0.515748031496063,0.5250501002004008,0.5506696013392026
3,PB&J,LR,21,0.5551181102362205,0.547244094488189,0.562992125984252,0.556,0.547244094488189,0.5515873015873016,0.5658751317502635
3,PB&J,LR,22,0.5275590551181102,0.5039370078740157,0.5511811023622047,0.5289256198347108,0.5039370078740157,0.5161290322580645,0.5544361088722177
3,PB&J,LR,23,0.5177165354330708,0.4921259842519685,0.5433070866141733,0.5186721991701245,0.4921259842519685,0.5050505050505051,0.5522971045942092
3,PB&J,LR,24,0.5196850393700787,0.5118110236220472,0.5275590551181102,0.52,0.5118110236220472,0.5158730158730159,0.544500589001178
3,PB&J,LR,25,0.5354330708661418,0.47244094488188976,0.5984251968503937,0.5405405405405406,0.47244094488188976,0.5042016806722689,0.551475602951206
3,PB&J,LR,26,0.5492125984251969,0.5196850393700787,0.5787401574803149,0.5523012552301255,0.5196850393700787,0.5354969574036511,0.5509641019282039
3,PB&J,LR,27,0.531496062992126,0.4881889763779528,0.5748031496062992,0.5344827586206896,0.4881889763779528,0.5102880658436214,0.5589001178002356
3,PB&J,LR,28,0.5531496062992126,0.4921259842519685,0.6141732283464567,0.5605381165919282,0.4921259842519685,0.5241090146750524,0.5669136338272677
3,PB&J,LR,29,0.5216535433070866,0.48031496062992124,0.562992125984252,0.5236051502145923,0.48031496062992124,0.5010266940451745,0.5629456258912519
3,PB&J,LR,30,0.5492125984251969,0.5236220472440944,0.5748031496062992,0.5518672199170125,0.5236220472440944,0.5373737373737374,0.5703701407402815
3,PB&J,LR,31,0.531496062992126,0.515748031496063,0.547244094488189,0.532520325203252,0.515748031496063,0.524,0.5618451236902473
3,PB&J,LR,32,0.5531496062992126,0.547244094488189,0.5590551181102362,0.5537848605577689,0.547244094488189,0.5504950495049505,0.56003162006324
3,PB&J,RF,1,0.5649606299212598,0.5393700787401575,0.5905511811023622,0.5684647302904564,0.5393700787401575,0.5535353535353535,0.6081979663959328
3,PB&J,RF,2,0.5688976377952756,0.547244094488189,0.5905511811023622,0.5720164609053497,0.547244094488189,0.5593561368209256,0.605260710521421
3,PB&J,RF,3,0.547244094488189,0.4881889763779528,0.6062992125984252,0.5535714285714286,0.4881889763779528,0.5188284518828452,0.5741133982267965
3,PB&J,RF,4,0.531496062992126,0.49606299212598426,0.5669291338582677,0.5338983050847458,0.49606299212598426,0.5142857142857142,0.5597138694277389
3,PB&J,RF,5,0.5905511811023622,0.531496062992126,0.6496062992125984,0.6026785714285714,0.531496062992126,0.5648535564853556,0.6007192014384029
3,PB&J,RF,6,0.5649606299212598,0.5196850393700787,0.610236220472441,0.5714285714285714,0.5196850393700787,0.5443298969072164,0.5636508773017546
3,PB&J,RF,7,0.5177165354330708,0.484251968503937,0.5511811023622047,0.5189873417721519,0.484251968503937,0.5010183299389002,0.5435783371566744
3,PB&J,RF,8,0.5433070866141733,0.5393700787401575,0.547244094488189,0.5436507936507936,0.5393700787401575,0.541501976284585,0.5531806063612127
3,PB&J,RF,9,0.5433070866141733,0.49606299212598426,0.5905511811023622,0.5478260869565217,0.49606299212598426,0.5206611570247934,0.5427878355756712
3,PB&J,RF,10,0.547244094488189,0.484251968503937,0.610236220472441,0.5540540540540541,0.484251968503937,0.5168067226890757,0.5602331204662409
3,PB&J,RF,11,0.5708661417322834,0.48031496062992124,0.6614173228346457,0.5865384615384616,0.48031496062992124,0.5281385281385281,0.5899234298468596
3,PB&J,RF,12,0.5098425196850394,0.452755905511811,0.5669291338582677,0.5111111111111111,0.452755905511811,0.4801670146137787,0.5281868063736128
3,PB&J,RF,13,0.5216535433070866,0.4921259842519685,0.5511811023622047,0.5230125523012552,0.4921259842519685,0.5070993914807302,0.5571253642507286
3,PB&J,RF,14,0.5196850393700787,0.4881889763779528,0.5511811023622047,0.5210084033613446,0.4881889763779528,0.5040650406504065,0.5444230888461777
3,PB&J,RF,15,0.515748031496063,0.46062992125984253,0.5708661417322834,0.5176991150442478,0.46062992125984253,0.4875,0.5428343356686713
3,PB&J,RF,16,0.5511811023622047,0.4881889763779528,0.6141732283464567,0.5585585585585585,0.4881889763779528,0.5210084033613446,0.5701298902597807
3,PB&J,RF,17,0.5570866141732284,0.515748031496063,0.5984251968503937,0.5622317596566524,0.515748031496063,0.5379876796714579,0.5797011594023188
3,PB&J,RF,18,0.5196850393700787,0.44881889763779526,0.5905511811023622,0.5229357798165137,0.44881889763779526,0.4830508474576271,0.5539943579887159
3,PB&J,RF,19,0.5492125984251969,0.49606299212598426,0.6023622047244095,0.5550660792951542,0.49606299212598426,0.5239085239085239,0.5621938743877488
3,PB&J,RF,20,0.5511811023622047,0.5196850393700787,0.5826771653543307,0.5546218487394958,0.5196850393700787,0.5365853658536586,0.5736793973587948
3,PB&J,RF,21,0.5610236220472441,0.5196850393700787,0.6023622047244095,0.5665236051502146,0.5196850393700787,0.5420944558521561,0.5703003906007812
3,PB&J,RF,22,0.5374015748031497,0.49606299212598426,0.5787401574803149,0.5407725321888412,0.49606299212598426,0.5174537987679672,0.5728036456072911
3,PB&J,RF,23,0.5787401574803149,0.5275590551181102,0.6299212598425197,0.5877192982456141,0.5275590551181102,0.5560165975103735,0.5928684357368714
3,PB&J,RF,24,0.5196850393700787,0.4645669291338583,0.5748031496062992,0.5221238938053098,0.4645669291338583,0.49166666666666664,0.5553428606857215
3,PB&J,RF,25,0.5393700787401575,0.484251968503937,0.594488188976378,0.5442477876106194,0.484251968503937,0.5125,0.5616668733337467
3,PB&J,RF,26,0.5433070866141733,0.5039370078740157,0.5826771653543307,0.5470085470085471,0.5039370078740157,0.5245901639344263,0.5653326306652615
3,PB&J,RF,27,0.5413385826771654,0.47244094488188976,0.610236220472441,0.547945205479452,0.47244094488188976,0.507399577167019,0.5486080972161945
3,PB&J,RF,28,0.5275590551181102,0.47244094488188976,0.5826771653543307,0.5309734513274337,0.47244094488188976,0.5,0.5570323640647281
3,PB&J,RF,29,0.5728346456692913,0.5393700787401575,0.6062992125984252,0.5780590717299579,0.5393700787401575,0.5580448065173116,0.5878929257858516
3,PB&J,RF,30,0.5255905511811023,0.4921259842519685,0.5590551181102362,0.5274261603375527,0.4921259842519685,0.5091649694501018,0.5587141174282348
3,PB&J,RF,31,0.5413385826771654,0.5196850393700787,0.562992125984252,0.5432098765432098,0.5196850393700787,0.5311871227364185,0.5827701655403312
3,PB&J,RF,32,0.5492125984251969,0.5,0.5984251968503937,0.5545851528384279,0.5,0.525879917184265,0.5636818773637547
3,PB&J,AdaBoost,1,0.547244094488189,0.5748031496062992,0.5196850393700787,0.5447761194029851,0.5748031496062992,0.5593869731800766,0.5711063922127845
3,PB&J,AdaBoost,2,0.5413385826771654,0.5433070866141733,0.5393700787401575,0.5411764705882353,0.5433070866141733,0.5422396856581533,0.5617598735197471
3,PB&J,AdaBoost,3,0.5590551181102362,0.5118110236220472,0.6062992125984252,0.5652173913043478,0.5118110236220472,0.5371900826446281,0.5749503999007999
3,PB&J,AdaBoost,4,0.531496062992126,0.49606299212598426,0.5669291338582677,0.5338983050847458,0.49606299212598426,0.5142857142857142,0.5602796205592411
3,PB&J,AdaBoost,5,0.5295275590551181,0.5511811023622047,0.5078740157480315,0.5283018867924528,0.5511811023622047,0.5394990366088632,0.5341775683551366
3,PB&J,AdaBoost,6,0.5531496062992126,0.5511811023622047,0.5551181102362205,0.5533596837944664,0.5511811023622047,0.5522682445759369,0.549003348006696
3,PB&J,AdaBoost,7,0.5354330708661418,0.5118110236220472,0.5590551181102362,0.5371900826446281,0.5118110236220472,0.5241935483870968,0.5476470952941905
3,PB&J,AdaBoost,8,0.5137795275590551,0.49606299212598426,0.531496062992126,0.5142857142857142,0.49606299212598426,0.5050100200400801,0.5247767995535991
3,PB&J,AdaBoost,9,0.5452755905511811,0.5275590551181102,0.562992125984252,0.5469387755102041,0.5275590551181102,0.5370741482965932,0.5396645793291587
3,PB&J,AdaBoost,10,0.531496062992126,0.4881889763779528,0.5748031496062992,0.5344827586206896,0.4881889763779528,0.5102880658436214,0.5415323330646661
3,PB&J,AdaBoost,11,0.5059055118110236,0.47244094488188976,0.5393700787401575,0.5063291139240507,0.47244094488188976,0.48879837067209775,0.5139190278380557
3,PB&J,AdaBoost,12,0.5295275590551181,0.484251968503937,0.5748031496062992,0.5324675324675324,0.484251968503937,0.5072164948453608,0.5240792981585963
3,PB&J,AdaBoost,13,0.5275590551181102,0.5511811023622047,0.5039370078740157,0.5263157894736842,0.5511811023622047,0.5384615384615384,0.5335653171306343
3,PB&J,AdaBoost,14,0.5413385826771654,0.5551181102362205,0.5275590551181102,0.5402298850574713,0.5551181102362205,0.5475728155339806,0.5600006200012401
3,PB&J,AdaBoost,15,0.5570866141732284,0.515748031496063,0.5984251968503937,0.5622317596566524,0.515748031496063,0.5379876796714579,0.5618606237212475
3,PB&J,AdaBoost,16,0.5295275590551181,0.5433070866141733,0.515748031496063,0.5287356321839081,0.5433070866141733,0.5359223300970873,0.5462753425506851
3,PB&J,AdaBoost,17,0.5118110236220472,0.5275590551181102,0.49606299212598426,0.5114503816793893,0.5275590551181102,0.5193798449612403,0.5465388430776861
3,PB&J,AdaBoost,18,0.5078740157480315,0.5433070866141733,0.47244094488188976,0.5073529411764706,0.5433070866141733,0.5247148288973384,0.5066727633455267
3,PB&J,AdaBoost,19,0.5098425196850394,0.484251968503937,0.5354330708661418,0.5103734439834025,0.484251968503937,0.49696969696969695,0.5192742885485772
3,PB&J,AdaBoost,20,0.5196850393700787,0.49606299212598426,0.5433070866141733,0.5206611570247934,0.49606299212598426,0.5080645161290323,0.5209017918035836
3,PB&J,AdaBoost,21,0.515748031496063,0.5236220472440944,0.5078740157480315,0.5155038759689923,0.5236220472440944,0.51953125,0.5198865397730795
3,PB&J,AdaBoost,22,0.5413385826771654,0.547244094488189,0.5354330708661418,0.5408560311284046,0.547244094488189,0.5440313111545988,0.5510648521297044
3,PB&J,AdaBoost,23,0.515748031496063,0.4921259842519685,0.5393700787401575,0.5165289256198347,0.4921259842519685,0.5040322580645161,0.5184450368900737
3,PB&J,AdaBoost,24,0.5433070866141733,0.5236220472440944,0.562992125984252,0.5450819672131147,0.5236220472440944,0.5341365461847389,0.5675336350672702
3,PB&J,AdaBoost,25,0.5334645669291339,0.5393700787401575,0.5275590551181102,0.5330739299610895,0.5393700787401575,0.5362035225048923,0.5355260710521421
3,PB&J,AdaBoost,26,0.5078740157480315,0.47244094488188976,0.5433070866141733,0.5084745762711864,0.47244094488188976,0.4897959183673469,0.5207622915245831
3,PB&J,AdaBoost,27,0.5236220472440944,0.5236220472440944,0.5236220472440944,0.5236220472440944,0.5236220472440944,0.5236220472440944,0.5320618141236282
3,PB&J,AdaBoost,28,0.5216535433070866,0.5196850393700787,0.5236220472440944,0.5217391304347826,0.5196850393700787,0.5207100591715976,0.5406410812821626
3,PB&J,AdaBoost,29,0.5216535433070866,0.5118110236220472,0.531496062992126,0.5220883534136547,0.5118110236220472,0.5168986083499006,0.5425785851571703
3,PB&J,AdaBoost,30,0.5,0.5433070866141733,0.4566929133858268,0.5,0.5433070866141733,0.5207547169811321,0.5213280426560853
3,PB&J,AdaBoost,31,0.5492125984251969,0.5039370078740157,0.594488188976378,0.5541125541125541,0.5039370078740157,0.5278350515463918,0.5679133858267716
3,PB&J,AdaBoost,32,0.5275590551181102,0.5275590551181102,0.5275590551181102,0.5275590551181102,0.5275590551181102,0.5275590551181102,0.5556218612437225
4,PB&J,LR,1,0.5236220472440944,0.49606299212598426,0.5511811023622047,0.525,0.49606299212598426,0.5101214574898786,0.5431675863351727
4,PB&J,LR,2,0.5393700787401575,0.5393700787401575,0.5393700787401575,0.5393700787401575,0.5393700787401575,0.5393700787401575,0.5638911277822556
4,PB&J,LR,3,0.5570866141732284,0.5511811023622047,0.562992125984252,0.5577689243027888,0.5511811023622047,0.5544554455445545,0.5868311736623474
4,PB&J,LR,4,0.5531496062992126,0.5669291338582677,0.5393700787401575,0.5517241379310345,0.5669291338582677,0.5592233009708738,0.5722766445532891
4,PB&J,LR,5,0.5767716535433071,0.5433070866141733,0.610236220472441,0.5822784810126582,0.5433070866141733,0.5621181262729125,0.597727695455391
4,PB&J,LR,6,0.5748031496062992,0.610236220472441,0.5393700787401575,0.5698529411764706,0.610236220472441,0.5893536121673004,0.6109182218364436
4,PB&J,LR,7,0.5846456692913385,0.5669291338582677,0.6023622047244095,0.5877551020408164,0.5669291338582677,0.5771543086172345,0.6107012214024429
4,PB&J,LR,8,0.5826771653543307,0.5708661417322834,0.594488188976378,0.5846774193548387,0.5708661417322834,0.5776892430278885,0.6047957095914192
4,PB&J,LR,9,0.5728346456692913,0.5433070866141733,0.6023622047244095,0.5774058577405857,0.5433070866141733,0.5598377281947262,0.5961466922933846
4,PB&J,LR,10,0.6003937007874016,0.5826771653543307,0.6181102362204725,0.6040816326530613,0.5826771653543307,0.593186372745491,0.6080817161634324
4,PB&J,LR,11,0.594488188976378,0.6181102362204725,0.5708661417322834,0.5902255639097744,0.6181102362204725,0.6038461538461538,0.618730237460475
4,PB&J,LR,12,0.5767716535433071,0.547244094488189,0.6062992125984252,0.5815899581589958,0.547244094488189,0.563894523326572,0.625224750449501
4,PB&J,LR,13,0.5669291338582677,0.5393700787401575,0.594488188976378,0.5708333333333333,0.5393700787401575,0.5546558704453441,0.6041602083204166
4,PB&J,LR,14,0.5688976377952756,0.5866141732283464,0.5511811023622047,0.5665399239543726,0.5866141732283464,0.5764023210831721,0.5963791927583855
4,PB&J,LR,15,0.5551181102362205,0.5433070866141733,0.5669291338582677,0.5564516129032258,0.5433070866141733,0.549800796812749,0.5782751565503131
4,PB&J,LR,16,0.5688976377952756,0.594488188976378,0.5433070866141733,0.5655430711610487,0.594488188976378,0.5796545105566219,0.5946431892863785
4,PB&J,LR,17,0.5826771653543307,0.6062992125984252,0.5590551181102362,0.5789473684210527,0.6062992125984252,0.5923076923076923,0.5984096968193937
4,PB&J,LR,18,0.5748031496062992,0.5866141732283464,0.562992125984252,0.573076923076923,0.5866141732283464,0.5797665369649806,0.5846766693533387
4,PB&J,LR,19,0.562992125984252,0.5826771653543307,0.5433070866141733,0.5606060606060606,0.5826771653543307,0.5714285714285714,0.5770351540703081
4,PB&J,LR,20,0.5767716535433071,0.6062992125984252,0.547244094488189,0.5724907063197026,0.6062992125984252,0.5889101338432122,0.5877146754293509
4,PB&J,LR,21,0.5728346456692913,0.5787401574803149,0.5669291338582677,0.5719844357976653,0.5787401574803149,0.5753424657534246,0.5851571703143406
4,PB&J,LR,22,0.5669291338582677,0.5866141732283464,0.547244094488189,0.5643939393939394,0.5866141732283464,0.5752895752895753,0.5879936759873519
4,PB&J,LR,23,0.5767716535433071,0.594488188976378,0.5590551181102362,0.5741444866920152,0.594488188976378,0.5841392649903289,0.5991071982143964
4,PB&J,LR,24,0.5787401574803149,0.610236220472441,0.547244094488189,0.5740740740740741,0.610236220472441,0.5916030534351145,0.596270692541385
4,PB&J,LR,25,0.5748031496062992,0.6259842519685039,0.5236220472440944,0.5678571428571428,0.6259842519685039,0.5955056179775281,0.6058807117614234
4,PB&J,LR,26,0.5807086614173228,0.6299212598425197,0.531496062992126,0.5734767025089605,0.6299212598425197,0.600375234521576,0.6008432016864034
4,PB&J,LR,27,0.5688976377952756,0.6220472440944882,0.515748031496063,0.5622775800711743,0.6220472440944882,0.5906542056074766,0.5882881765763531
4,PB&J,LR,28,0.5688976377952756,0.610236220472441,0.5275590551181102,0.5636363636363636,0.610236220472441,0.5860113421550095,0.590225680451361
4,PB&J,LR,29,0.5590551181102362,0.6062992125984252,0.5118110236220472,0.5539568345323741,0.6062992125984252,0.5789473684210527,0.5956196912393825
4,PB&J,LR,30,0.5708661417322834,0.6141732283464567,0.5275590551181102,0.5652173913043478,0.6141732283464567,0.5886792452830188,0.5980686961373923
4,PB&J,LR,31,0.5688976377952756,0.6023622047244095,0.5354330708661418,0.5645756457564576,0.6023622047244095,0.5828571428571429,0.5890321780643561
4,PB&J,LR,32,0.5649606299212598,0.6259842519685039,0.5039370078740157,0.5578947368421052,0.6259842519685039,0.5899814471243042,0.5953561907123814
4,PB&J,RF,1,0.5688976377952756,0.5905511811023622,0.547244094488189,0.5660377358490566,0.5905511811023622,0.5780346820809249,0.592054684109368
4,PB&J,RF,2,0.5748031496062992,0.594488188976378,0.5551181102362205,0.571969696969697,0.594488188976378,0.583011583011583,0.5960459420918842
4,PB&J,RF,3,0.5610236220472441,0.5196850393700787,0.6023622047244095,0.5665236051502146,0.5196850393700787,0.5420944558521561,0.596975943951888
4,PB&J,RF,4,0.5275590551181102,0.5039370078740157,0.5511811023622047,0.5289256198347108,0.5039370078740157,0.5161290322580645,0.5727416454832911
4,PB&J,RF,5,0.5807086614173228,0.5590551181102362,0.6023622047244095,0.5843621399176955,0.5590551181102362,0.5714285714285714,0.6075624651249303
4,PB&J,RF,6,0.5551181102362205,0.5590551181102362,0.5511811023622047,0.5546875,0.5590551181102362,0.5568627450980392,0.5819719139438277
4,PB&J,RF,7,0.5413385826771654,0.515748031496063,0.5669291338582677,0.5435684647302904,0.515748031496063,0.5292929292929293,0.5578228656457312
4,PB&J,RF,8,0.5393700787401575,0.5511811023622047,0.5275590551181102,0.5384615384615384,0.5511811023622047,0.5447470817120622,0.5651621303242607
4,PB&J,RF,9,0.5118110236220472,0.484251968503937,0.5393700787401575,0.5125,0.484251968503937,0.4979757085020243,0.5468565937131875
4,PB&J,RF,10,0.5511811023622047,0.5511811023622047,0.5511811023622047,0.5511811023622047,0.5511811023622047,0.5511811023622047,0.5669678839357678
4,PB&J,RF,11,0.5374015748031497,0.531496062992126,0.5433070866141733,0.5378486055776892,0.531496062992126,0.5346534653465347,0.5583576167152334
4,PB&J,RF,12,0.5275590551181102,0.49606299212598426,0.5590551181102362,0.5294117647058824,0.49606299212598426,0.5121951219512195,0.5506231012462024
4,PB&J,RF,13,0.562992125984252,0.5590551181102362,0.5669291338582677,0.5634920634920635,0.5590551181102362,0.5612648221343873,0.5746713993427986
4,PB&J,RF,14,0.5275590551181102,0.5,0.5551181102362205,0.5291666666666667,0.5,0.5141700404858299,0.5330228160456322
4,PB&J,RF,15,0.5570866141732284,0.5393700787401575,0.5748031496062992,0.5591836734693878,0.5393700787401575,0.5490981963927856,0.5612328724657448
4,PB&J,RF,16,0.5610236220472441,0.5433070866141733,0.5787401574803149,0.563265306122449,0.5433070866141733,0.5531062124248497,0.5629766259532519
4,PB&J,RF,17,0.5374015748031497,0.5196850393700787,0.5551181102362205,0.5387755102040817,0.5196850393700787,0.5290581162324649,0.5595046190092381
4,PB&J,RF,18,0.5452755905511811,0.5039370078740157,0.5866141732283464,0.5493562231759657,0.5039370078740157,0.5256673511293635,0.5650303800607601
4,PB&J,RF,19,0.5511811023622047,0.547244094488189,0.5551181102362205,0.5515873015873016,0.547244094488189,0.549407114624506,0.5552421104842209
4,PB&J,RF,20,0.5708661417322834,0.5433070866141733,0.5984251968503937,0.575,0.5433070866141733,0.5587044534412956,0.5910704321408642
4,PB&J,RF,21,0.5413385826771654,0.5118110236220472,0.5708661417322834,0.5439330543933054,0.5118110236220472,0.5273833671399595,0.5674793849587699
4,PB&J,RF,22,0.5354330708661418,0.5393700787401575,0.531496062992126,0.53515625,0.5393700787401575,0.5372549019607843,0.5601633703267406
4,PB&J,RF,23,0.5551181102362205,0.5354330708661418,0.5748031496062992,0.5573770491803278,0.5354330708661418,0.5461847389558233,0.577965155930312
4,PB&J,RF,24,0.5728346456692913,0.5866141732283464,0.5590551181102362,0.5708812260536399,0.5866141732283464,0.5786407766990291,0.5934109368218737
4,PB&J,RF,25,0.5511811023622047,0.5236220472440944,0.5787401574803149,0.5541666666666667,0.5236220472440944,0.5384615384615384,0.5685876371752743
4,PB&J,RF,26,0.5413385826771654,0.5275590551181102,0.5551181102362205,0.5425101214574899,0.5275590551181102,0.5349301397205589,0.5749116498232997
4,PB&J,RF,27,0.5610236220472441,0.547244094488189,0.5748031496062992,0.562753036437247,0.547244094488189,0.5548902195608783,0.5875286750573503
4,PB&J,RF,28,0.5787401574803149,0.6023622047244095,0.5551181102362205,0.575187969924812,0.6023622047244095,0.5884615384615385,0.5801816603633208
4,PB&J,RF,29,0.5649606299212598,0.5669291338582677,0.562992125984252,0.5647058823529412,0.5669291338582677,0.5658153241650294,0.5806466612933225
4,PB&J,RF,30,0.5511811023622047,0.547244094488189,0.5551181102362205,0.5515873015873016,0.547244094488189,0.549407114624506,0.5801894103788208
4,PB&J,RF,31,0.5688976377952756,0.5905511811023622,0.547244094488189,0.5660377358490566,0.5905511811023622,0.5780346820809249,0.5843821687643376
4,PB&J,RF,32,0.531496062992126,0.49606299212598426,0.5669291338582677,0.5338983050847458,0.49606299212598426,0.5142857142857142,0.5661308822617646
4,PB&J,AdaBoost,1,0.5,0.4921259842519685,0.5078740157480315,0.5,0.4921259842519685,0.49603174603174605,0.5230717961435922
4,PB&J,AdaBoost,2,0.5216535433070866,0.49606299212598426,0.547244094488189,0.5228215767634855,0.49606299212598426,0.509090909090909,0.5282875565751132
4,PB&J,AdaBoost,3,0.5098425196850394,0.5039370078740157,0.515748031496063,0.5099601593625498,0.5039370078740157,0.5069306930693069,0.5248232996465994
4,PB&J,AdaBoost,4,0.5413385826771654,0.5433070866141733,0.5393700787401575,0.5411764705882353,0.5433070866141733,0.5422396856581533,0.5366420732841466
4,PB&J,AdaBoost,5,0.547244094488189,0.5551181102362205,0.5393700787401575,0.5465116279069767,0.5551181102362205,0.55078125,0.5561256122512244
4,PB&J,AdaBoost,6,0.5433070866141733,0.5708661417322834,0.515748031496063,0.5410447761194029,0.5708661417322834,0.5555555555555556,0.5619768739537478
4,PB&J,AdaBoost,7,0.5255905511811023,0.47244094488188976,0.5787401574803149,0.5286343612334802,0.47244094488188976,0.498960498960499,0.5574663649327298
4,PB&J,AdaBoost,8,0.5098425196850394,0.5354330708661418,0.484251968503937,0.5093632958801498,0.5354330708661418,0.5220729366602687,0.5224440448880898
4,PB&J,AdaBoost,9,0.5216535433070866,0.5511811023622047,0.4921259842519685,0.5204460966542751,0.5511811023622047,0.5353728489483748,0.5283108066216132
4,PB&J,AdaBoost,10,0.5511811023622047,0.6338582677165354,0.468503937007874,0.543918918918919,0.6338582677165354,0.5854545454545454,0.5642941285882572
4,PB&J,AdaBoost,11,0.5433070866141733,0.5275590551181102,0.5590551181102362,0.5447154471544715,0.5275590551181102,0.536,0.5337203174406349
4,PB&J,AdaBoost,12,0.5177165354330708,0.5236220472440944,0.5118110236220472,0.5175097276264592,0.5236220472440944,0.5205479452054794,0.5219790439580878
4,PB&J,AdaBoost,13,0.5,0.4645669291338583,0.5354330708661418,0.5,0.4645669291338583,0.4816326530612245,0.5271328042656085
4,PB&J,AdaBoost,14,0.5807086614173228,0.6220472440944882,0.5393700787401575,0.5745454545454546,0.6220472440944882,0.5973534971644613,0.5861646723293448
4,PB&J,AdaBoost,15,0.5039370078740157,0.562992125984252,0.4448818897637795,0.5035211267605634,0.562992125984252,0.5315985130111525,0.5266988033976068
4,PB&J,AdaBoost,16,0.5433070866141733,0.515748031496063,0.5708661417322834,0.5458333333333333,0.515748031496063,0.5303643724696356,0.559248868497737
4,PB&J,AdaBoost,17,0.5748031496062992,0.5866141732283464,0.562992125984252,0.573076923076923,0.5866141732283464,0.5797665369649806,0.5886369272738545
4,PB&J,AdaBoost,18,0.5236220472440944,0.5748031496062992,0.47244094488188976,0.5214285714285715,0.5748031496062992,0.5468164794007491,0.5403155806311613
4,PB&J,AdaBoost,19,0.5452755905511811,0.5787401574803149,0.5118110236220472,0.5424354243542435,0.5787401574803149,0.56,0.5576601153202306
4,PB&J,AdaBoost,20,0.5688976377952756,0.5787401574803149,0.5590551181102362,0.5675675675675675,0.5787401574803149,0.5730994152046783,0.5690836381672764
4,PB&J,AdaBoost,21,0.5452755905511811,0.5118110236220472,0.5787401574803149,0.5485232067510548,0.5118110236220472,0.5295315682281059,0.560465620931242
4,PB&J,AdaBoost,22,0.5196850393700787,0.5354330708661418,0.5039370078740157,0.5190839694656488,0.5354330708661418,0.5271317829457365,0.5457018414036828
4,PB&J,AdaBoost,23,0.5,0.515748031496063,0.484251968503937,0.5,0.515748031496063,0.5077519379844961,0.5261098022196045
4,PB&J,AdaBoost,24,0.5531496062992126,0.531496062992126,0.5748031496062992,0.5555555555555556,0.531496062992126,0.5432595573440644,0.5584351168702337
4,PB&J,AdaBoost,25,0.5275590551181102,0.5511811023622047,0.5039370078740157,0.5263157894736842,0.5511811023622047,0.5384615384615384,0.5507626015252031
4,PB&J,AdaBoost,26,0.5236220472440944,0.5236220472440944,0.5236220472440944,0.5236220472440944,0.5236220472440944,0.5236220472440944,0.5416098332196664
4,PB&J,AdaBoost,27,0.5236220472440944,0.6141732283464567,0.4330708661417323,0.52,0.6141732283464567,0.5631768953068592,0.5414703329406659
4,PB&J,AdaBoost,28,0.531496062992126,0.515748031496063,0.547244094488189,0.532520325203252,0.515748031496063,0.524,0.5429273358546718
4,PB&J,AdaBoost,29,0.5216535433070866,0.531496062992126,0.5118110236220472,0.5212355212355212,0.531496062992126,0.5263157894736842,0.5442060884121769
4,PB&J,AdaBoost,30,0.5118110236220472,0.547244094488189,0.4763779527559055,0.5110294117647058,0.547244094488189,0.5285171102661597,0.5127177754355509
4,PB&J,AdaBoost,31,0.5590551181102362,0.5984251968503937,0.5196850393700787,0.5547445255474452,0.5984251968503937,0.5757575757575758,0.5728501457002915
4,PB&J,AdaBoost,32,0.5433070866141733,0.5826771653543307,0.5039370078740157,0.5401459854014599,0.5826771653543307,0.5606060606060606,0.5642398784797569
