fold,model,probe_type,clf,n_train,n_val,n_test,best_layer,accuracy,true_accuracy,false_accuracy,precision,recall,f1,auc,tp,fn,tn,fp,n_total
0,base,per_layer,LR,1524,508,508,28,0.6594488188976378,0.6771653543307087,0.6417322834645669,0.6539923954372624,0.6771653543307087,0.6653771760154739,0.723246946493893,172,82,163,91,508
0,base,per_layer,RF,1524,508,508,14,0.6259842519685039,0.6377952755905512,0.6141732283464567,0.6230769230769231,0.6377952755905512,0.6303501945525292,0.6800716101432203,162,92,156,98,508
0,base,per_layer,AdaBoost,1524,508,508,16,0.6318897637795275,0.6417322834645669,0.6220472440944882,0.6293436293436293,0.6417322834645669,0.6354775828460039,0.6903403806807613,163,91,158,96,508
0,base,mid_band,LR,1524,508,508,,0.6948818897637795,0.7440944881889764,0.6456692913385826,0.6774193548387096,0.7440944881889764,0.7091932457786116,0.7684295368590737,189,65,164,90,508
0,base,mid_band,RF,1524,508,508,,0.6299212598425197,0.6062992125984252,0.6535433070866141,0.6363636363636364,0.6062992125984252,0.6209677419354839,0.6792191084382169,154,100,166,88,508
0,base,mid_band,AdaBoost,1524,508,508,,0.6338582677165354,0.6181102362204725,0.6496062992125984,0.6382113821138211,0.6181102362204725,0.628,0.6860158720317441,157,97,165,89,508
0,base,full_layer,LR,1524,508,508,,0.6948818897637795,0.7165354330708661,0.6732283464566929,0.6867924528301886,0.7165354330708661,0.7013487475915221,0.757269514539029,182,72,171,83,508
0,base,full_layer,RF,1524,508,508,,0.6200787401574803,0.5275590551181102,0.7125984251968503,0.6473429951690821,0.5275590551181102,0.5813449023861171,0.6674933349866701,134,120,181,73,508
0,base,full_layer,AdaBoost,1524,508,508,,0.6594488188976378,0.6614173228346457,0.65748031496063,0.6588235294117647,0.6614173228346457,0.6601178781925344,0.7176204352408706,168,86,167,87,508
0,base,init_band,LR,1524,508,508,,0.6240157480314961,0.5866141732283464,0.6614173228346457,0.6340425531914894,0.5866141732283464,0.6094069529652352,0.6430807861615724,149,105,168,86,508
0,base,init_band,RF,1524,508,508,,0.5669291338582677,0.515748031496063,0.6181102362204725,0.5745614035087719,0.515748031496063,0.5435684647302904,0.5775699051398102,131,123,157,97,508
0,base,init_band,AdaBoost,1524,508,508,,0.5255905511811023,0.5196850393700787,0.531496062992126,0.5258964143426295,0.5196850393700787,0.5227722772277228,0.5581716163432326,132,122,135,119,508
0,base,init_band_emb,LR,1524,508,508,,0.6240157480314961,0.5866141732283464,0.6614173228346457,0.6340425531914894,0.5866141732283464,0.6094069529652352,0.6430962861925724,149,105,168,86,508
0,base,init_band_emb,RF,1524,508,508,,0.5649606299212598,0.5236220472440944,0.6062992125984252,0.5708154506437768,0.5236220472440944,0.5462012320328542,0.5729198958397917,133,121,154,100,508
0,base,init_band_emb,AdaBoost,1524,508,508,,0.5255905511811023,0.5196850393700787,0.531496062992126,0.5258964143426295,0.5196850393700787,0.5227722772277228,0.5583576167152333,132,122,135,119,508
0,base,end_band,LR,1524,508,508,,0.6732283464566929,0.7125984251968503,0.6338582677165354,0.6605839416058394,0.7125984251968503,0.6856060606060606,0.7471479942959887,181,73,161,93,508
0,base,end_band,RF,1524,508,508,,0.6417322834645669,0.6023622047244095,0.6811023622047244,0.6538461538461539,0.6023622047244095,0.6270491803278688,0.6840086180172361,153,101,173,81,508
0,base,end_band,AdaBoost,1524,508,508,,0.6240157480314961,0.6299212598425197,0.6181102362204725,0.622568093385214,0.6299212598425197,0.6262230919765166,0.6709653419306838,160,94,157,97,508
0,base,ib_no_pca,LR,1524,508,508,,0.5767716535433071,0.5905511811023622,0.562992125984252,0.5747126436781609,0.5905511811023622,0.5825242718446602,0.6079577159154318,150,104,143,111,508
0,base,ib_no_pca,RF,1524,508,508,,0.5846456692913385,0.5196850393700787,0.6496062992125984,0.5972850678733032,0.5196850393700787,0.5557894736842105,0.5991381982763966,132,122,165,89,508
0,base,ib_no_pca,AdaBoost,1524,508,508,,0.5216535433070866,0.47244094488188976,0.5708661417322834,0.5240174672489083,0.47244094488188976,0.4968944099378882,0.5558621117242235,120,134,145,109,508
0,base,vote_ensemble,LR,1524,508,508,,0.6614173228346457,0.6889763779527559,0.6338582677165354,0.6529850746268657,0.6889763779527559,0.6704980842911877,,175,79,161,93,508
0,base,vote_ensemble,RF,1524,508,508,,0.65748031496063,0.6535433070866141,0.6614173228346457,0.6587301587301587,0.6535433070866141,0.6561264822134387,,166,88,168,86,508
0,base,vote_ensemble,AdaBoost,1524,508,508,,0.6751968503937008,0.6889763779527559,0.6614173228346457,0.6704980842911877,0.6889763779527559,0.6796116504854369,,175,79,168,86,508
0,base,avg_ensemble,LR,1524,508,508,,0.655511811023622,0.6929133858267716,0.6181102362204725,0.6446886446886447,0.6929133858267716,0.6679316888045541,0.7352749705499412,176,78,157,97,508
0,base,avg_ensemble,RF,1524,508,508,,0.6614173228346457,0.6653543307086615,0.65748031496063,0.66015625,0.6653543307086615,0.6627450980392157,0.733492466984934,169,85,167,87,508
0,base,avg_ensemble,AdaBoost,1524,508,508,,0.6692913385826772,0.7165354330708661,0.6220472440944882,0.6546762589928058,0.7165354330708661,0.6842105263157895,0.7531000062000124,182,72,158,96,508
1,base,per_layer,LR,1524,508,508,24,0.6535433070866141,0.6299212598425197,0.6771653543307087,0.6611570247933884,0.6299212598425197,0.6451612903225806,0.7012059024118049,160,94,172,82,508
1,base,per_layer,RF,1524,508,508,16,0.639763779527559,0.65748031496063,0.6220472440944882,0.6349809885931559,0.65748031496063,0.6460348162475822,0.705530411060822,167,87,158,96,508
1,base,per_layer,AdaBoost,1524,508,508,17,0.6456692913385826,0.6653543307086615,0.6259842519685039,0.6401515151515151,0.6653543307086615,0.6525096525096525,0.694269638539277,169,85,159,95,508
1,base,mid_band,LR,1524,508,508,,0.718503937007874,0.7047244094488189,0.7322834645669292,0.7246963562753036,0.7047244094488189,0.7145708582834331,0.7693750387500775,179,75,186,68,508
1,base,mid_band,RF,1524,508,508,,0.6377952755905512,0.6141732283464567,0.6614173228346457,0.6446280991735537,0.6141732283464567,0.6290322580645161,0.6881858763717528,156,98,168,86,508
1,base,mid_band,AdaBoost,1524,508,508,,0.6299212598425197,0.6417322834645669,0.6181102362204725,0.6269230769230769,0.6417322834645669,0.6342412451361867,0.6875271250542501,163,91,157,97,508
1,base,full_layer,LR,1524,508,508,,0.6771653543307087,0.6968503937007874,0.65748031496063,0.6704545454545454,0.6968503937007874,0.6833976833976834,0.7528675057350114,177,77,167,87,508
1,base,full_layer,RF,1524,508,508,,0.6161417322834646,0.6259842519685039,0.6062992125984252,0.6138996138996139,0.6259842519685039,0.6198830409356725,0.6800716101432203,159,95,154,100,508
1,base,full_layer,AdaBoost,1524,508,508,,0.639763779527559,0.6692913385826772,0.610236220472441,0.6319702602230484,0.6692913385826772,0.6500956022944551,0.6791726083452168,170,84,155,99,508
1,base,init_band,LR,1524,508,508,,0.6003937007874016,0.5905511811023622,0.610236220472441,0.6024096385542169,0.5905511811023622,0.5964214711729622,0.649513299026598,150,104,155,99,508
1,base,init_band,RF,1524,508,508,,0.5649606299212598,0.4921259842519685,0.6377952755905512,0.576036866359447,0.4921259842519685,0.5307855626326964,0.5847774195548392,125,129,162,92,508
1,base,init_band,AdaBoost,1524,508,508,,0.5649606299212598,0.5551181102362205,0.5748031496062992,0.5662650602409639,0.5551181102362205,0.5606361829025845,0.5757409014818029,141,113,146,108,508
1,base,init_band_emb,LR,1524,508,508,,0.6003937007874016,0.5905511811023622,0.610236220472441,0.6024096385542169,0.5905511811023622,0.5964214711729622,0.649497798995598,150,104,155,99,508
1,base,init_band_emb,RF,1524,508,508,,0.5669291338582677,0.5,0.6338582677165354,0.5772727272727273,0.5,0.5358649789029536,0.5638213776427553,127,127,161,93,508
1,base,init_band_emb,AdaBoost,1524,508,508,,0.5787401574803149,0.5590551181102362,0.5984251968503937,0.5819672131147541,0.5590551181102362,0.570281124497992,0.6032844565689132,142,112,152,102,508
1,base,end_band,LR,1524,508,508,,0.6889763779527559,0.6850393700787402,0.6929133858267716,0.6904761904761905,0.6850393700787402,0.6877470355731226,0.7630510261020522,174,80,176,78,508
1,base,end_band,RF,1524,508,508,,0.6240157480314961,0.5905511811023622,0.65748031496063,0.6329113924050633,0.5905511811023622,0.6109979633401222,0.6831018662037324,150,104,167,87,508
1,base,end_band,AdaBoost,1524,508,508,,0.610236220472441,0.6496062992125984,0.5708661417322834,0.6021897810218978,0.6496062992125984,0.625,0.6558063116126231,165,89,145,109,508
1,base,ib_no_pca,LR,1524,508,508,,0.5669291338582677,0.562992125984252,0.5708661417322834,0.5674603174603174,0.562992125984252,0.5652173913043478,0.6076322152644306,143,111,145,109,508
1,base,ib_no_pca,RF,1524,508,508,,0.5728346456692913,0.5039370078740157,0.6417322834645669,0.5844748858447488,0.5039370078740157,0.5412262156448203,0.5799801599603199,128,126,163,91,508
1,base,ib_no_pca,AdaBoost,1524,508,508,,0.6141732283464567,0.6299212598425197,0.5984251968503937,0.6106870229007634,0.6299212598425197,0.6201550387596899,0.6131967263934528,160,94,152,102,508
1,base,vote_ensemble,LR,1524,508,508,,0.6673228346456693,0.6614173228346457,0.6732283464566929,0.6693227091633466,0.6614173228346457,0.6653465346534654,,168,86,171,83,508
1,base,vote_ensemble,RF,1524,508,508,,0.6751968503937008,0.6338582677165354,0.7165354330708661,0.6909871244635193,0.6338582677165354,0.6611909650924025,,161,93,182,72,508
1,base,vote_ensemble,AdaBoost,1524,508,508,,0.6968503937007874,0.7007874015748031,0.6929133858267716,0.6953125,0.7007874015748031,0.6980392156862745,,178,76,176,78,508
1,base,avg_ensemble,LR,1524,508,508,,0.6633858267716536,0.65748031496063,0.6692913385826772,0.6653386454183267,0.65748031496063,0.6613861386138614,0.7378634757269515,167,87,170,84,508
1,base,avg_ensemble,RF,1524,508,508,,0.6594488188976378,0.6653543307086615,0.6535433070866141,0.6575875486381323,0.6653543307086615,0.6614481409001957,0.7247581995163992,169,85,166,88,508
1,base,avg_ensemble,AdaBoost,1524,508,508,,0.6751968503937008,0.6496062992125984,0.7007874015748031,0.6846473029045643,0.6496062992125984,0.6666666666666666,0.7453034906069813,165,89,178,76,508
2,base,per_layer,LR,1524,508,508,18,0.6456692913385826,0.6811023622047244,0.610236220472441,0.6360294117647058,0.6811023622047244,0.6577946768060836,0.7003689007378013,173,81,155,99,508
2,base,per_layer,RF,1524,508,508,16,0.6673228346456693,0.6614173228346457,0.6732283464566929,0.6693227091633466,0.6614173228346457,0.6653465346534654,0.7123271746543494,168,86,171,83,508
2,base,per_layer,AdaBoost,1524,508,508,16,0.6751968503937008,0.6968503937007874,0.6535433070866141,0.6679245283018868,0.6968503937007874,0.6820809248554913,0.7163261826523653,177,77,166,88,508
2,base,mid_band,LR,1524,508,508,,0.6968503937007874,0.7125984251968503,0.6811023622047244,0.6908396946564885,0.7125984251968503,0.7015503875968992,0.7722890445780892,181,73,173,81,508
2,base,mid_band,RF,1524,508,508,,0.6496062992125984,0.6850393700787402,0.6141732283464567,0.6397058823529411,0.6850393700787402,0.6615969581749049,0.7072431644863291,174,80,156,98,508
2,base,mid_band,AdaBoost,1524,508,508,,0.6358267716535433,0.6417322834645669,0.6299212598425197,0.6342412451361867,0.6417322834645669,0.6379647749510763,0.6869613739227478,163,91,160,94,508
2,base,full_layer,LR,1524,508,508,,0.6692913385826772,0.6929133858267716,0.6456692913385826,0.6616541353383458,0.6929133858267716,0.676923076923077,0.7597185194370389,176,78,164,90,508
2,base,full_layer,RF,1524,508,508,,0.6181102362204725,0.5748031496062992,0.6614173228346457,0.6293103448275862,0.5748031496062992,0.6008230452674898,0.6751348502697007,146,108,168,86,508
2,base,full_layer,AdaBoost,1524,508,508,,0.6181102362204725,0.6062992125984252,0.6299212598425197,0.6209677419354839,0.6062992125984252,0.6135458167330677,0.673739847479695,154,100,160,94,508
2,base,init_band,LR,1524,508,508,,0.6141732283464567,0.6259842519685039,0.6023622047244095,0.6115384615384616,0.6259842519685039,0.6186770428015564,0.6316262632525265,159,95,153,101,508
2,base,init_band,RF,1524,508,508,,0.5354330708661418,0.5275590551181102,0.5433070866141733,0.536,0.5275590551181102,0.5317460317460317,0.5618373736747473,134,120,138,116,508
2,base,init_band,AdaBoost,1524,508,508,,0.5295275590551181,0.5511811023622047,0.5078740157480315,0.5283018867924528,0.5511811023622047,0.5394990366088632,0.541989583979168,140,114,129,125,508
2,base,init_band_emb,LR,1524,508,508,,0.6141732283464567,0.6259842519685039,0.6023622047244095,0.6115384615384616,0.6259842519685039,0.6186770428015564,0.6316417632835265,159,95,153,101,508
2,base,init_band_emb,RF,1524,508,508,,0.5295275590551181,0.5039370078740157,0.5551181102362205,0.5311203319502075,0.5039370078740157,0.5171717171717172,0.5642941285882571,128,126,141,113,508
2,base,init_band_emb,AdaBoost,1524,508,508,,0.531496062992126,0.5511811023622047,0.5118110236220472,0.5303030303030303,0.5511811023622047,0.5405405405405406,0.5423460846921693,140,114,130,124,508
2,base,end_band,LR,1524,508,508,,0.6830708661417323,0.6968503937007874,0.6692913385826772,0.6781609195402298,0.6968503937007874,0.6873786407766991,0.7556885113770229,177,77,170,84,508
2,base,end_band,RF,1524,508,508,,0.6240157480314961,0.610236220472441,0.6377952755905512,0.6275303643724697,0.610236220472441,0.6187624750499002,0.6726393452786905,155,99,162,92,508
2,base,end_band,AdaBoost,1524,508,508,,0.6417322834645669,0.6614173228346457,0.6220472440944882,0.6363636363636364,0.6614173228346457,0.6486486486486487,0.6679893359786719,168,86,158,96,508
2,base,ib_no_pca,LR,1524,508,508,,0.5570866141732284,0.5866141732283464,0.5275590551181102,0.5539033457249071,0.5866141732283464,0.5697896749521989,0.5800886601773203,149,105,134,120,508
2,base,ib_no_pca,RF,1524,508,508,,0.5531496062992126,0.547244094488189,0.5590551181102362,0.5537848605577689,0.547244094488189,0.5504950495049505,0.5667973835947672,139,115,142,112,508
2,base,ib_no_pca,AdaBoost,1524,508,508,,0.5413385826771654,0.5393700787401575,0.5433070866141733,0.541501976284585,0.5393700787401575,0.5404339250493096,0.5582258664517329,137,117,138,116,508
2,base,vote_ensemble,LR,1524,508,508,,0.6732283464566929,0.6968503937007874,0.6496062992125984,0.6654135338345865,0.6968503937007874,0.6807692307692308,,177,77,165,89,508
2,base,vote_ensemble,RF,1524,508,508,,0.6456692913385826,0.6062992125984252,0.6850393700787402,0.6581196581196581,0.6062992125984252,0.6311475409836066,,154,100,174,80,508
2,base,vote_ensemble,AdaBoost,1524,508,508,,0.6594488188976378,0.6771653543307087,0.6417322834645669,0.6539923954372624,0.6771653543307087,0.6653771760154739,,172,82,163,91,508
2,base,avg_ensemble,LR,1524,508,508,,0.6751968503937008,0.6968503937007874,0.6535433070866141,0.6679245283018868,0.6968503937007874,0.6820809248554913,0.7204259408518816,177,77,166,88,508
2,base,avg_ensemble,RF,1524,508,508,,0.639763779527559,0.6299212598425197,0.6496062992125984,0.642570281124498,0.6299212598425197,0.6361829025844931,0.7116219232438465,160,94,165,89,508
2,base,avg_ensemble,AdaBoost,1524,508,508,,0.655511811023622,0.6496062992125984,0.6614173228346457,0.6573705179282868,0.6496062992125984,0.6534653465346535,0.7436759873519747,165,89,168,86,508
3,base,per_layer,LR,1524,508,508,21,0.6614173228346457,0.6299212598425197,0.6929133858267716,0.6722689075630253,0.6299212598425197,0.6504065040650406,0.712009424018848,160,94,176,78,508
3,base,per_layer,RF,1524,508,508,19,0.6299212598425197,0.6338582677165354,0.6259842519685039,0.62890625,0.6338582677165354,0.6313725490196078,0.7034224068448137,161,93,159,95,508
3,base,per_layer,AdaBoost,1524,508,508,19,0.6043307086614174,0.6496062992125984,0.5590551181102362,0.5956678700361011,0.6496062992125984,0.6214689265536724,0.6483895467790936,165,89,142,112,508
3,base,mid_band,LR,1524,508,508,,0.6673228346456693,0.6732283464566929,0.6614173228346457,0.6653696498054474,0.6732283464566929,0.6692759295499021,0.73498046996094,171,83,168,86,508
3,base,mid_band,RF,1524,508,508,,0.6141732283464567,0.6220472440944882,0.6062992125984252,0.6124031007751938,0.6220472440944882,0.6171875,0.669492838985678,158,96,154,100,508
3,base,mid_band,AdaBoost,1524,508,508,,0.6141732283464567,0.6259842519685039,0.6023622047244095,0.6115384615384616,0.6259842519685039,0.6186770428015564,0.6630913261826524,159,95,153,101,508
3,base,full_layer,LR,1524,508,508,,0.6515748031496063,0.6850393700787402,0.6181102362204725,0.6420664206642066,0.6850393700787402,0.6628571428571428,0.7236034472068944,174,80,157,97,508
3,base,full_layer,RF,1524,508,508,,0.6259842519685039,0.6535433070866141,0.5984251968503937,0.6194029850746269,0.6535433070866141,0.6360153256704981,0.6727090954181908,166,88,152,102,508
3,base,full_layer,AdaBoost,1524,508,508,,0.6200787401574803,0.6299212598425197,0.610236220472441,0.6177606177606177,0.6299212598425197,0.6237816764132553,0.6663308326616653,160,94,155,99,508
3,base,init_band,LR,1524,508,508,,0.5826771653543307,0.5866141732283464,0.5787401574803149,0.58203125,0.5866141732283464,0.5843137254901961,0.6166997333994668,149,105,147,107,508
3,base,init_band,RF,1524,508,508,,0.5098425196850394,0.47244094488188976,0.547244094488189,0.5106382978723404,0.47244094488188976,0.49079754601226994,0.5463528427056855,120,134,139,115,508
3,base,init_band,AdaBoost,1524,508,508,,0.5374015748031497,0.5433070866141733,0.531496062992126,0.5369649805447471,0.5433070866141733,0.5401174168297456,0.549011098022196,138,116,135,119,508
3,base,init_band_emb,LR,1524,508,508,,0.5826771653543307,0.5866141732283464,0.5787401574803149,0.58203125,0.5866141732283464,0.5843137254901961,0.6167152334304669,149,105,147,107,508
3,base,init_band_emb,RF,1524,508,508,,0.5295275590551181,0.48031496062992124,0.5787401574803149,0.5327510917030568,0.48031496062992124,0.505175983436853,0.5478098456196913,122,132,147,107,508
3,base,init_band_emb,AdaBoost,1524,508,508,,0.5433070866141733,0.531496062992126,0.5551181102362205,0.5443548387096774,0.531496062992126,0.5378486055776892,0.5663556327112653,135,119,141,113,508
3,base,end_band,LR,1524,508,508,,0.6594488188976378,0.6535433070866141,0.6653543307086615,0.6613545816733067,0.6535433070866141,0.6574257425742575,0.7257269514539029,166,88,169,85,508
3,base,end_band,RF,1524,508,508,,0.6023622047244095,0.5905511811023622,0.6141732283464567,0.6048387096774194,0.5905511811023622,0.5976095617529881,0.6657263314526629,150,104,156,98,508
3,base,end_band,AdaBoost,1524,508,508,,0.5984251968503937,0.6259842519685039,0.5708661417322834,0.5932835820895522,0.6259842519685039,0.6091954022988506,0.6396630293260586,159,95,145,109,508
3,base,ib_no_pca,LR,1524,508,508,,0.59251968503937,0.5866141732283464,0.5984251968503937,0.5936254980079682,0.5866141732283464,0.5900990099009901,0.5968131936263873,149,105,152,102,508
3,base,ib_no_pca,RF,1524,508,508,,0.5826771653543307,0.5590551181102362,0.6062992125984252,0.5867768595041323,0.5590551181102362,0.5725806451612904,0.6072369644739289,142,112,154,100,508
3,base,ib_no_pca,AdaBoost,1524,508,508,,0.5708661417322834,0.547244094488189,0.594488188976378,0.5743801652892562,0.547244094488189,0.5604838709677419,0.5689131378262756,139,115,151,103,508
3,base,vote_ensemble,LR,1524,508,508,,0.6791338582677166,0.6417322834645669,0.7165354330708661,0.6936170212765957,0.6417322834645669,0.6666666666666666,,163,91,182,72,508
3,base,vote_ensemble,RF,1524,508,508,,0.6456692913385826,0.6299212598425197,0.6614173228346457,0.6504065040650406,0.6299212598425197,0.64,,160,94,168,86,508
3,base,vote_ensemble,AdaBoost,1524,508,508,,0.6673228346456693,0.6771653543307087,0.65748031496063,0.6640926640926641,0.6771653543307087,0.6705653021442495,,172,82,167,87,508
3,base,avg_ensemble,LR,1524,508,508,,0.6909448818897638,0.6535433070866141,0.7283464566929134,0.7063829787234043,0.6535433070866141,0.6789366053169734,0.7286409572819146,166,88,185,69,508
3,base,avg_ensemble,RF,1524,508,508,,0.6417322834645669,0.6299212598425197,0.6535433070866141,0.6451612903225806,0.6299212598425197,0.6374501992031872,0.7280597061194123,160,94,166,88,508
3,base,avg_ensemble,AdaBoost,1524,508,508,,0.6614173228346457,0.6692913385826772,0.6535433070866141,0.6589147286821705,0.6692913385826772,0.6640625,0.7411029822059644,170,84,166,88,508
4,base,per_layer,LR,1524,508,508,16,0.6633858267716536,0.6653543307086615,0.6614173228346457,0.6627450980392157,0.6653543307086615,0.6640471512770137,0.7266414532829065,169,85,168,86,508
4,base,per_layer,RF,1524,508,508,16,0.6692913385826772,0.65748031496063,0.6811023622047244,0.6733870967741935,0.65748031496063,0.6653386454183267,0.7486747473494947,167,87,173,81,508
4,base,per_layer,AdaBoost,1524,508,508,22,0.6417322834645669,0.6377952755905512,0.6456692913385826,0.6428571428571429,0.6377952755905512,0.6403162055335968,0.6973773947547894,162,92,164,90,508
4,base,mid_band,LR,1524,508,508,,0.6830708661417323,0.6692913385826772,0.6968503937007874,0.6882591093117408,0.6692913385826772,0.6786427145708582,0.7733585467170935,170,84,177,77,508
4,base,mid_band,RF,1524,508,508,,0.6181102362204725,0.610236220472441,0.6259842519685039,0.62,0.610236220472441,0.6150793650793651,0.6684620869241739,155,99,159,95,508
4,base,mid_band,AdaBoost,1524,508,508,,0.6259842519685039,0.5826771653543307,0.6692913385826772,0.6379310344827587,0.5826771653543307,0.6090534979423868,0.686496372992746,148,106,170,84,508
4,base,full_layer,LR,1524,508,508,,0.6909448818897638,0.6653543307086615,0.7165354330708661,0.7012448132780082,0.6653543307086615,0.6828282828282828,0.7619815239630481,169,85,182,72,508
4,base,full_layer,RF,1524,508,508,,0.6181102362204725,0.5787401574803149,0.65748031496063,0.6282051282051282,0.5787401574803149,0.6024590163934426,0.6734220968441936,147,107,167,87,508
4,base,full_layer,AdaBoost,1524,508,508,,0.5748031496062992,0.5748031496062992,0.5748031496062992,0.5748031496062992,0.5748031496062992,0.5748031496062992,0.6416857833715668,146,108,146,108,508
4,base,init_band,LR,1524,508,508,,0.5905511811023622,0.562992125984252,0.6181102362204725,0.5958333333333333,0.562992125984252,0.5789473684210527,0.6332227664455329,143,111,157,97,508
4,base,init_band,RF,1524,508,508,,0.5492125984251969,0.4881889763779528,0.610236220472441,0.5560538116591929,0.4881889763779528,0.519916142557652,0.551739103478207,124,130,155,99,508
4,base,init_band,AdaBoost,1524,508,508,,0.562992125984252,0.5708661417322834,0.5551181102362205,0.562015503875969,0.5708661417322834,0.56640625,0.581979663959328,145,109,141,113,508
4,base,init_band_emb,LR,1524,508,508,,0.5905511811023622,0.562992125984252,0.6181102362204725,0.5958333333333333,0.562992125984252,0.5789473684210527,0.633253766507533,143,111,157,97,508
4,base,init_band_emb,RF,1524,508,508,,0.5551181102362205,0.49606299212598426,0.6141732283464567,0.5625,0.49606299212598426,0.5271966527196653,0.551467852935706,126,128,156,98,508
4,base,init_band_emb,AdaBoost,1524,508,508,,0.5570866141732284,0.5590551181102362,0.5551181102362205,0.5568627450980392,0.5590551181102362,0.5579567779960707,0.5756944013888028,142,112,141,113,508
4,base,end_band,LR,1524,508,508,,0.6614173228346457,0.6692913385826772,0.6535433070866141,0.6589147286821705,0.6692913385826772,0.6640625,0.7470239940479881,170,84,166,88,508
4,base,end_band,RF,1524,508,508,,0.6279527559055118,0.6220472440944882,0.6338582677165354,0.6294820717131474,0.6220472440944882,0.6257425742574257,0.6750418500837003,158,96,161,93,508
4,base,end_band,AdaBoost,1524,508,508,,0.6279527559055118,0.6692913385826772,0.5866141732283464,0.6181818181818182,0.6692913385826772,0.6427221172022685,0.6553103106206212,170,84,149,105,508
4,base,ib_no_pca,LR,1524,508,508,,0.5649606299212598,0.5511811023622047,0.5787401574803149,0.5668016194331984,0.5511811023622047,0.5588822355289421,0.592240684481369,140,114,147,107,508
4,base,ib_no_pca,RF,1524,508,508,,0.5787401574803149,0.5748031496062992,0.5826771653543307,0.5793650793650794,0.5748031496062992,0.5770750988142292,0.615754231508463,146,108,148,106,508
4,base,ib_no_pca,AdaBoost,1524,508,508,,0.5275590551181102,0.5511811023622047,0.5039370078740157,0.5263157894736842,0.5511811023622047,0.5384615384615384,0.5446323392646786,140,114,128,126,508
4,base,vote_ensemble,LR,1524,508,508,,0.6771653543307087,0.6968503937007874,0.65748031496063,0.6704545454545454,0.6968503937007874,0.6833976833976834,,177,77,167,87,508
4,base,vote_ensemble,RF,1524,508,508,,0.6692913385826772,0.6220472440944882,0.7165354330708661,0.6869565217391305,0.6220472440944882,0.6528925619834711,,158,96,182,72,508
4,base,vote_ensemble,AdaBoost,1524,508,508,,0.6732283464566929,0.7007874015748031,0.6456692913385826,0.664179104477612,0.7007874015748031,0.6819923371647509,,178,76,164,90,508
4,base,avg_ensemble,LR,1524,508,508,,0.6653543307086615,0.6811023622047244,0.6496062992125984,0.6603053435114504,0.6811023622047244,0.6705426356589147,0.745504991009982,173,81,165,89,508
4,base,avg_ensemble,RF,1524,508,508,,0.6712598425196851,0.6456692913385826,0.6968503937007874,0.6804979253112033,0.6456692913385826,0.6626262626262627,0.751480252960506,164,90,177,77,508
4,base,avg_ensemble,AdaBoost,1524,508,508,,0.6673228346456693,0.6850393700787402,0.6496062992125984,0.6615969581749049,0.6850393700787402,0.6731141199226306,0.7504805009610018,174,80,165,89,508
0,GradDiff,per_layer,LR,1524,508,508,25,0.6141732283464567,0.5866141732283464,0.6417322834645669,0.6208333333333333,0.5866141732283464,0.6032388663967612,0.6196292392584786,149,105,163,91,508
0,GradDiff,per_layer,RF,1524,508,508,1,0.5610236220472441,0.5787401574803149,0.5433070866141733,0.55893536121673,0.5787401574803149,0.5686653771760155,0.585490420980842,147,107,138,116,508
0,GradDiff,per_layer,AdaBoost,1524,508,508,15,0.5452755905511811,0.5748031496062992,0.515748031496063,0.5427509293680297,0.5748031496062992,0.5583173996175909,0.55498635997272,146,108,131,123,508
0,GradDiff,mid_band,LR,1524,508,508,,0.6259842519685039,0.5866141732283464,0.6653543307086615,0.6367521367521367,0.5866141732283464,0.610655737704918,0.6741738483476967,149,105,169,85,508
0,GradDiff,mid_band,RF,1524,508,508,,0.5570866141732284,0.515748031496063,0.5984251968503937,0.5622317596566524,0.515748031496063,0.5379876796714579,0.6006339512679026,131,123,152,102,508
0,GradDiff,mid_band,AdaBoost,1524,508,508,,0.562992125984252,0.547244094488189,0.5787401574803149,0.5650406504065041,0.547244094488189,0.556,0.5998976997953995,139,115,147,107,508
0,GradDiff,full_layer,LR,1524,508,508,,0.6141732283464567,0.610236220472441,0.6181102362204725,0.6150793650793651,0.610236220472441,0.6126482213438735,0.6624248248496496,155,99,157,97,508
0,GradDiff,full_layer,RF,1524,508,508,,0.5334645669291339,0.44881889763779526,0.6181102362204725,0.5402843601895735,0.44881889763779526,0.49032258064516127,0.548701097402195,114,140,157,97,508
0,GradDiff,full_layer,AdaBoost,1524,508,508,,0.5688976377952756,0.5393700787401575,0.5984251968503937,0.5732217573221757,0.5393700787401575,0.5557809330628803,0.5757564015128029,137,117,152,102,508
0,GradDiff,init_band,LR,1524,508,508,,0.5984251968503937,0.562992125984252,0.6338582677165354,0.6059322033898306,0.562992125984252,0.5836734693877551,0.6309132618265237,143,111,161,93,508
0,GradDiff,init_band,RF,1524,508,508,,0.5374015748031497,0.452755905511811,0.6220472440944882,0.5450236966824644,0.452755905511811,0.4946236559139785,0.5692618885237769,115,139,158,96,508
0,GradDiff,init_band,AdaBoost,1524,508,508,,0.5196850393700787,0.49606299212598426,0.5433070866141733,0.5206611570247934,0.49606299212598426,0.5080645161290323,0.5509486018972038,126,128,138,116,508
0,GradDiff,init_band_emb,LR,1524,508,508,,0.5984251968503937,0.562992125984252,0.6338582677165354,0.6059322033898306,0.562992125984252,0.5836734693877551,0.6309442618885238,143,111,161,93,508
0,GradDiff,init_band_emb,RF,1524,508,508,,0.5393700787401575,0.4448818897637795,0.6338582677165354,0.5485436893203883,0.4448818897637795,0.49130434782608695,0.5750899001798004,113,141,161,93,508
0,GradDiff,init_band_emb,AdaBoost,1524,508,508,,0.5295275590551181,0.5,0.5590551181102362,0.5313807531380753,0.5,0.5152129817444219,0.5408735817471635,127,127,142,112,508
0,GradDiff,end_band,LR,1524,508,508,,0.5905511811023622,0.5708661417322834,0.610236220472441,0.5942622950819673,0.5708661417322834,0.5823293172690763,0.6020367040734081,145,109,155,99,508
0,GradDiff,end_band,RF,1524,508,508,,0.562992125984252,0.5236220472440944,0.6023622047244095,0.5683760683760684,0.5236220472440944,0.5450819672131147,0.5957591915183831,133,121,153,101,508
0,GradDiff,end_band,AdaBoost,1524,508,508,,0.5295275590551181,0.4763779527559055,0.5826771653543307,0.5330396475770925,0.4763779527559055,0.5031185031185031,0.5208785417570835,121,133,148,106,508
0,GradDiff,ib_no_pca,LR,1524,508,508,,0.5826771653543307,0.6023622047244095,0.562992125984252,0.5795454545454546,0.6023622047244095,0.5907335907335908,0.6173972347944696,153,101,143,111,508
0,GradDiff,ib_no_pca,RF,1524,508,508,,0.59251968503937,0.5669291338582677,0.6181102362204725,0.5975103734439834,0.5669291338582677,0.5818181818181818,0.6140879781759563,144,110,157,97,508
0,GradDiff,ib_no_pca,AdaBoost,1524,508,508,,0.5590551181102362,0.5078740157480315,0.610236220472441,0.5657894736842105,0.5078740157480315,0.5352697095435685,0.5685256370512741,129,125,155,99,508
0,GradDiff,vote_ensemble,LR,1524,508,508,,0.6259842519685039,0.6220472440944882,0.6299212598425197,0.626984126984127,0.6220472440944882,0.6245059288537549,,158,96,160,94,508
0,GradDiff,vote_ensemble,RF,1524,508,508,,0.5807086614173228,0.5354330708661418,0.6259842519685039,0.5887445887445888,0.5354330708661418,0.5608247422680412,,136,118,159,95,508
0,GradDiff,vote_ensemble,AdaBoost,1524,508,508,,0.5964566929133859,0.594488188976378,0.5984251968503937,0.5968379446640316,0.594488188976378,0.5956607495069034,,151,103,152,102,508
0,GradDiff,avg_ensemble,LR,1524,508,508,,0.6279527559055118,0.6259842519685039,0.6299212598425197,0.6284584980237155,0.6259842519685039,0.6272189349112426,0.6748868497736997,159,95,160,94,508
0,GradDiff,avg_ensemble,RF,1524,508,508,,0.6082677165354331,0.6259842519685039,0.5905511811023622,0.6045627376425855,0.6259842519685039,0.6150870406189555,0.639732779465559,159,95,150,104,508
0,GradDiff,avg_ensemble,AdaBoost,1524,508,508,,0.6141732283464567,0.5866141732283464,0.6417322834645669,0.6208333333333333,0.5866141732283464,0.6032388663967612,0.6330832661665323,149,105,163,91,508
1,GradDiff,per_layer,LR,1524,508,508,8,0.5728346456692913,0.6023622047244095,0.5433070866141733,0.5687732342007435,0.6023622047244095,0.5850860420650096,0.5914191828383657,153,101,138,116,508
1,GradDiff,per_layer,RF,1524,508,508,5,0.5767716535433071,0.5196850393700787,0.6338582677165354,0.5866666666666667,0.5196850393700787,0.5511482254697286,0.6090504681009362,132,122,161,93,508
1,GradDiff,per_layer,AdaBoost,1524,508,508,9,0.5551181102362205,0.5984251968503937,0.5118110236220472,0.5507246376811594,0.5984251968503937,0.5735849056603773,0.5734081468162937,152,102,130,124,508
1,GradDiff,mid_band,LR,1524,508,508,,0.6377952755905512,0.6811023622047244,0.594488188976378,0.6268115942028986,0.6811023622047244,0.6528301886792452,0.6736003472006944,173,81,151,103,508
1,GradDiff,mid_band,RF,1524,508,508,,0.5885826771653543,0.6023622047244095,0.5748031496062992,0.5862068965517241,0.6023622047244095,0.5941747572815534,0.6388027776055553,153,101,146,108,508
1,GradDiff,mid_band,AdaBoost,1524,508,508,,0.5708661417322834,0.5551181102362205,0.5866141732283464,0.573170731707317,0.5551181102362205,0.564,0.5781976563953127,141,113,149,105,508
1,GradDiff,full_layer,LR,1524,508,508,,0.6476377952755905,0.6692913385826772,0.6259842519685039,0.6415094339622641,0.6692913385826772,0.6551059730250481,0.6898443796887594,170,84,159,95,508
1,GradDiff,full_layer,RF,1524,508,508,,0.5964566929133859,0.5393700787401575,0.6535433070866141,0.6088888888888889,0.5393700787401575,0.5720250521920668,0.619264988529977,137,117,166,88,508
1,GradDiff,full_layer,AdaBoost,1524,508,508,,0.562992125984252,0.5905511811023622,0.5354330708661418,0.5597014925373134,0.5905511811023622,0.5747126436781609,0.5980299460598921,150,104,136,118,508
1,GradDiff,init_band,LR,1524,508,508,,0.6181102362204725,0.6299212598425197,0.6062992125984252,0.6153846153846154,0.6299212598425197,0.622568093385214,0.6516833033666067,160,94,154,100,508
1,GradDiff,init_band,RF,1524,508,508,,0.5452755905511811,0.4921259842519685,0.5984251968503937,0.5506607929515418,0.4921259842519685,0.5197505197505198,0.5676343852687706,125,129,152,102,508
1,GradDiff,init_band,AdaBoost,1524,508,508,,0.5433070866141733,0.5393700787401575,0.547244094488189,0.5436507936507936,0.5393700787401575,0.541501976284585,0.5363863227726455,137,117,139,115,508
1,GradDiff,init_band_emb,LR,1524,508,508,,0.6181102362204725,0.6299212598425197,0.6062992125984252,0.6153846153846154,0.6299212598425197,0.622568093385214,0.6516678033356067,160,94,154,100,508
1,GradDiff,init_band_emb,RF,1524,508,508,,0.5511811023622047,0.4921259842519685,0.610236220472441,0.5580357142857143,0.4921259842519685,0.5230125523012552,0.5775699051398103,125,129,155,99,508
1,GradDiff,init_band_emb,AdaBoost,1524,508,508,,0.5570866141732284,0.531496062992126,0.5826771653543307,0.5601659751037344,0.531496062992126,0.5454545454545454,0.5688356376712753,135,119,148,106,508
1,GradDiff,end_band,LR,1524,508,508,,0.6200787401574803,0.6456692913385826,0.594488188976378,0.6142322097378277,0.6456692913385826,0.6295585412667947,0.6561783123566248,164,90,151,103,508
1,GradDiff,end_band,RF,1524,508,508,,0.5669291338582677,0.562992125984252,0.5708661417322834,0.5674603174603174,0.562992125984252,0.5652173913043478,0.6104377208754419,143,111,145,109,508
1,GradDiff,end_band,AdaBoost,1524,508,508,,0.5669291338582677,0.5826771653543307,0.5511811023622047,0.5648854961832062,0.5826771653543307,0.5736434108527132,0.5943176886353773,148,106,140,114,508
1,GradDiff,ib_no_pca,LR,1524,508,508,,0.59251968503937,0.5590551181102362,0.6259842519685039,0.5991561181434599,0.5590551181102362,0.5784114052953157,0.6151342302684605,142,112,159,95,508
1,GradDiff,ib_no_pca,RF,1524,508,508,,0.5826771653543307,0.547244094488189,0.6181102362204725,0.5889830508474576,0.547244094488189,0.5673469387755102,0.613514477028954,139,115,157,97,508
1,GradDiff,ib_no_pca,AdaBoost,1524,508,508,,0.5393700787401575,0.5748031496062992,0.5039370078740157,0.5367647058823529,0.5748031496062992,0.5551330798479087,0.5825299150598301,146,108,128,126,508
1,GradDiff,vote_ensemble,LR,1524,508,508,,0.6299212598425197,0.6338582677165354,0.6259842519685039,0.62890625,0.6338582677165354,0.6313725490196078,,161,93,159,95,508
1,GradDiff,vote_ensemble,RF,1524,508,508,,0.5767716535433071,0.468503937007874,0.6850393700787402,0.5979899497487438,0.468503937007874,0.5253863134657837,,119,135,174,80,508
1,GradDiff,vote_ensemble,AdaBoost,1524,508,508,,0.5984251968503937,0.5905511811023622,0.6062992125984252,0.6,0.5905511811023622,0.5952380952380952,,150,104,154,100,508
1,GradDiff,avg_ensemble,LR,1524,508,508,,0.6456692913385826,0.6456692913385826,0.6456692913385826,0.6456692913385826,0.6456692913385826,0.6456692913385826,0.6963853927707855,164,90,164,90,508
1,GradDiff,avg_ensemble,RF,1524,508,508,,0.5748031496062992,0.531496062992126,0.6181102362204725,0.5818965517241379,0.531496062992126,0.5555555555555556,0.6211637423274847,135,119,157,97,508
1,GradDiff,avg_ensemble,AdaBoost,1524,508,508,,0.5846456692913385,0.5826771653543307,0.5866141732283464,0.5849802371541502,0.5826771653543307,0.5838264299802761,0.6066247132494265,148,106,149,105,508
2,GradDiff,per_layer,LR,1524,508,508,19,0.5866141732283464,0.610236220472441,0.562992125984252,0.5827067669172933,0.610236220472441,0.5961538461538461,0.6304637609275219,155,99,143,111,508
2,GradDiff,per_layer,RF,1524,508,508,6,0.5610236220472441,0.5,0.6220472440944882,0.5695067264573991,0.5,0.5324947589098532,0.5790424080848161,127,127,158,96,508
2,GradDiff,per_layer,AdaBoost,1524,508,508,13,0.562992125984252,0.562992125984252,0.562992125984252,0.562992125984252,0.562992125984252,0.562992125984252,0.5947516895033791,143,111,143,111,508
2,GradDiff,mid_band,LR,1524,508,508,,0.6318897637795275,0.65748031496063,0.6062992125984252,0.6254681647940075,0.65748031496063,0.6410748560460653,0.6725153450306901,167,87,154,100,508
2,GradDiff,mid_band,RF,1524,508,508,,0.5374015748031497,0.5393700787401575,0.5354330708661418,0.5372549019607843,0.5393700787401575,0.5383104125736738,0.5718193936387873,137,117,136,118,508
2,GradDiff,mid_band,AdaBoost,1524,508,508,,0.5807086614173228,0.562992125984252,0.5984251968503937,0.5836734693877551,0.562992125984252,0.5731462925851704,0.5926669353338707,143,111,152,102,508
2,GradDiff,full_layer,LR,1524,508,508,,0.6318897637795275,0.6377952755905512,0.6259842519685039,0.6303501945525292,0.6377952755905512,0.6340508806262231,0.6659278318556637,162,92,159,95,508
2,GradDiff,full_layer,RF,1524,508,508,,0.5885826771653543,0.5551181102362205,0.6220472440944882,0.5949367088607594,0.5551181102362205,0.5743380855397149,0.5918376836753673,141,113,158,96,508
2,GradDiff,full_layer,AdaBoost,1524,508,508,,0.5590551181102362,0.562992125984252,0.5551181102362205,0.55859375,0.562992125984252,0.5607843137254902,0.5675956351912703,143,111,141,113,508
2,GradDiff,init_band,LR,1524,508,508,,0.6279527559055118,0.6535433070866141,0.6023622047244095,0.6217228464419475,0.6535433070866141,0.6372360844529751,0.6372837745675491,166,88,153,101,508
2,GradDiff,init_band,RF,1524,508,508,,0.5511811023622047,0.5393700787401575,0.562992125984252,0.5524193548387096,0.5393700787401575,0.545816733067729,0.5686961373922748,137,117,143,111,508
2,GradDiff,init_band,AdaBoost,1524,508,508,,0.5708661417322834,0.5551181102362205,0.5866141732283464,0.573170731707317,0.5551181102362205,0.564,0.5920546841093682,141,113,149,105,508
2,GradDiff,init_band_emb,LR,1524,508,508,,0.6279527559055118,0.6535433070866141,0.6023622047244095,0.6217228464419475,0.6535433070866141,0.6372360844529751,0.6372992745985493,166,88,153,101,508
2,GradDiff,init_band_emb,RF,1524,508,508,,0.5492125984251969,0.5196850393700787,0.5787401574803149,0.5523012552301255,0.5196850393700787,0.5354969574036511,0.5593883687767377,132,122,147,107,508
2,GradDiff,init_band_emb,AdaBoost,1524,508,508,,0.5570866141732284,0.5669291338582677,0.547244094488189,0.555984555984556,0.5669291338582677,0.5614035087719298,0.5907991815983633,144,110,139,115,508
2,GradDiff,end_band,LR,1524,508,508,,0.594488188976378,0.6220472440944882,0.5669291338582677,0.5895522388059702,0.6220472440944882,0.6053639846743295,0.6238607477214955,158,96,144,110,508
2,GradDiff,end_band,RF,1524,508,508,,0.5236220472440944,0.47244094488188976,0.5748031496062992,0.5263157894736842,0.47244094488188976,0.4979253112033195,0.5333018166036333,120,134,146,108,508
2,GradDiff,end_band,AdaBoost,1524,508,508,,0.5492125984251969,0.5354330708661418,0.562992125984252,0.5506072874493927,0.5354330708661418,0.5429141716566867,0.5477013454026908,136,118,143,111,508
2,GradDiff,ib_no_pca,LR,1524,508,508,,0.5688976377952756,0.6141732283464567,0.5236220472440944,0.5631768953068592,0.6141732283464567,0.5875706214689266,0.5938836877673754,156,98,133,121,508
2,GradDiff,ib_no_pca,RF,1524,508,508,,0.5452755905511811,0.49606299212598426,0.594488188976378,0.5502183406113537,0.49606299212598426,0.5217391304347826,0.5694323888647778,126,128,151,103,508
2,GradDiff,ib_no_pca,AdaBoost,1524,508,508,,0.5708661417322834,0.5433070866141733,0.5984251968503937,0.575,0.5433070866141733,0.5587044534412956,0.5776241552483105,138,116,152,102,508
2,GradDiff,vote_ensemble,LR,1524,508,508,,0.5964566929133859,0.6259842519685039,0.5669291338582677,0.5910780669144982,0.6259842519685039,0.6080305927342257,,159,95,144,110,508
2,GradDiff,vote_ensemble,RF,1524,508,508,,0.562992125984252,0.5236220472440944,0.6023622047244095,0.5683760683760684,0.5236220472440944,0.5450819672131147,,133,121,153,101,508
2,GradDiff,vote_ensemble,AdaBoost,1524,508,508,,0.5728346456692913,0.5669291338582677,0.5787401574803149,0.5737051792828686,0.5669291338582677,0.5702970297029702,,144,110,147,107,508
2,GradDiff,avg_ensemble,LR,1524,508,508,,0.6003937007874016,0.6141732283464567,0.5866141732283464,0.5977011494252874,0.6141732283464567,0.6058252427184466,0.6513578027156054,156,98,149,105,508
2,GradDiff,avg_ensemble,RF,1524,508,508,,0.5708661417322834,0.5590551181102362,0.5826771653543307,0.5725806451612904,0.5590551181102362,0.5657370517928287,0.5940076880153761,142,112,148,106,508
2,GradDiff,avg_ensemble,AdaBoost,1524,508,508,,0.5846456692913385,0.6141732283464567,0.5551181102362205,0.5799256505576208,0.6141732283464567,0.5965583173996176,0.6071207142414285,156,98,141,113,508
3,GradDiff,per_layer,LR,1524,508,508,14,0.6082677165354331,0.5905511811023622,0.6259842519685039,0.6122448979591837,0.5905511811023622,0.6012024048096193,0.6496992993985988,150,104,159,95,508
3,GradDiff,per_layer,RF,1524,508,508,11,0.5531496062992126,0.5039370078740157,0.6023622047244095,0.5589519650655022,0.5039370078740157,0.5300207039337475,0.5818479136958274,128,126,153,101,508
3,GradDiff,per_layer,AdaBoost,1524,508,508,9,0.5688976377952756,0.6062992125984252,0.531496062992126,0.5641025641025641,0.6062992125984252,0.5844402277039848,0.5861414222828447,154,100,135,119,508
3,GradDiff,mid_band,LR,1524,508,508,,0.610236220472441,0.5984251968503937,0.6220472440944882,0.6129032258064516,0.5984251968503937,0.6055776892430279,0.6588753177506355,152,102,158,96,508
3,GradDiff,mid_band,RF,1524,508,508,,0.5688976377952756,0.5590551181102362,0.5787401574803149,0.570281124497992,0.5590551181102362,0.5646123260437376,0.5868776737553475,142,112,147,107,508
3,GradDiff,mid_band,AdaBoost,1524,508,508,,0.5767716535433071,0.5984251968503937,0.5551181102362205,0.5735849056603773,0.5984251968503937,0.5857418111753372,0.6091977183954368,152,102,141,113,508
3,GradDiff,full_layer,LR,1524,508,508,,0.6122047244094488,0.6181102362204725,0.6062992125984252,0.6108949416342413,0.6181102362204725,0.6144814090019569,0.6488467976935954,157,97,154,100,508
3,GradDiff,full_layer,RF,1524,508,508,,0.5708661417322834,0.5511811023622047,0.5905511811023622,0.5737704918032787,0.5511811023622047,0.5622489959839357,0.5701221402442805,140,114,150,104,508
3,GradDiff,full_layer,AdaBoost,1524,508,508,,0.5433070866141733,0.5905511811023622,0.49606299212598426,0.539568345323741,0.5905511811023622,0.5639097744360902,0.5671771343542688,150,104,126,128,508
3,GradDiff,init_band,LR,1524,508,508,,0.6023622047244095,0.6062992125984252,0.5984251968503937,0.6015625,0.6062992125984252,0.6039215686274509,0.6249302498604997,154,100,152,102,508
3,GradDiff,init_band,RF,1524,508,508,,0.5374015748031497,0.4881889763779528,0.5866141732283464,0.5414847161572053,0.4881889763779528,0.5134575569358178,0.5531186062372124,124,130,149,105,508
3,GradDiff,init_band,AdaBoost,1524,508,508,,0.5866141732283464,0.5,0.6732283464566929,0.6047619047619047,0.5,0.5474137931034483,0.589249178498357,127,127,171,83,508
3,GradDiff,init_band_emb,LR,1524,508,508,,0.6023622047244095,0.6062992125984252,0.5984251968503937,0.6015625,0.6062992125984252,0.6039215686274509,0.6249457498914998,154,100,152,102,508
3,GradDiff,init_band_emb,RF,1524,508,508,,0.5295275590551181,0.4763779527559055,0.5826771653543307,0.5330396475770925,0.4763779527559055,0.5031185031185031,0.5646893793787588,121,133,148,106,508
3,GradDiff,init_band_emb,AdaBoost,1524,508,508,,0.5866141732283464,0.5,0.6732283464566929,0.6047619047619047,0.5,0.5474137931034483,0.5888461776923554,127,127,171,83,508
3,GradDiff,end_band,LR,1524,508,508,,0.6023622047244095,0.6141732283464567,0.5905511811023622,0.6,0.6141732283464567,0.6070038910505836,0.6331607663215326,156,98,150,104,508
3,GradDiff,end_band,RF,1524,508,508,,0.5196850393700787,0.5275590551181102,0.5118110236220472,0.5193798449612403,0.5275590551181102,0.5234375,0.5467325934651869,134,120,130,124,508
3,GradDiff,end_band,AdaBoost,1524,508,508,,0.5610236220472441,0.5590551181102362,0.562992125984252,0.5612648221343873,0.5590551181102362,0.5601577909270217,0.5557071114142228,142,112,143,111,508
3,GradDiff,ib_no_pca,LR,1524,508,508,,0.5728346456692913,0.594488188976378,0.5511811023622047,0.569811320754717,0.594488188976378,0.581888246628131,0.5985956971913944,151,103,140,114,508
3,GradDiff,ib_no_pca,RF,1524,508,508,,0.562992125984252,0.5590551181102362,0.5669291338582677,0.5634920634920635,0.5590551181102362,0.5612648221343873,0.5973634447268896,142,112,144,110,508
3,GradDiff,ib_no_pca,AdaBoost,1524,508,508,,0.5610236220472441,0.5708661417322834,0.5511811023622047,0.5598455598455598,0.5708661417322834,0.5653021442495126,0.5907294314588629,145,109,140,114,508
3,GradDiff,vote_ensemble,LR,1524,508,508,,0.6043307086614174,0.5984251968503937,0.610236220472441,0.6055776892430279,0.5984251968503937,0.601980198019802,,152,102,155,99,508
3,GradDiff,vote_ensemble,RF,1524,508,508,,0.5708661417322834,0.4921259842519685,0.6496062992125984,0.5841121495327103,0.4921259842519685,0.5341880341880342,,125,129,165,89,508
3,GradDiff,vote_ensemble,AdaBoost,1524,508,508,,0.6003937007874016,0.5708661417322834,0.6299212598425197,0.606694560669456,0.5708661417322834,0.5882352941176471,,145,109,160,94,508
3,GradDiff,avg_ensemble,LR,1524,508,508,,0.6122047244094488,0.6023622047244095,0.6220472440944882,0.6144578313253012,0.6023622047244095,0.6083499005964215,0.6745768491536983,153,101,158,96,508
3,GradDiff,avg_ensemble,RF,1524,508,508,,0.5688976377952756,0.5196850393700787,0.6181102362204725,0.5764192139737991,0.5196850393700787,0.546583850931677,0.6108794717589435,132,122,157,97,508
3,GradDiff,avg_ensemble,AdaBoost,1524,508,508,,0.5846456692913385,0.5669291338582677,0.6023622047244095,0.5877551020408164,0.5669291338582677,0.5771543086172345,0.6066867133734268,144,110,153,101,508
4,GradDiff,per_layer,LR,1524,508,508,14,0.5964566929133859,0.5787401574803149,0.6141732283464567,0.6,0.5787401574803149,0.5891783567134269,0.6387717775435551,147,107,156,98,508
4,GradDiff,per_layer,RF,1524,508,508,8,0.5531496062992126,0.5511811023622047,0.5551181102362205,0.5533596837944664,0.5511811023622047,0.5522682445759369,0.5916671833343666,140,114,141,113,508
4,GradDiff,per_layer,AdaBoost,1524,508,508,27,0.5590551181102362,0.5748031496062992,0.5433070866141733,0.5572519083969466,0.5748031496062992,0.5658914728682171,0.5598456196912395,146,108,138,116,508
4,GradDiff,mid_band,LR,1524,508,508,,0.59251968503937,0.5826771653543307,0.6023622047244095,0.5943775100401606,0.5826771653543307,0.588469184890656,0.6431582863165727,148,106,153,101,508
4,GradDiff,mid_band,RF,1524,508,508,,0.5354330708661418,0.5078740157480315,0.562992125984252,0.5375,0.5078740157480315,0.5222672064777328,0.5703003906007812,129,125,143,111,508
4,GradDiff,mid_band,AdaBoost,1524,508,508,,0.5688976377952756,0.5787401574803149,0.5590551181102362,0.5675675675675675,0.5787401574803149,0.5730994152046783,0.5973091946183893,147,107,142,112,508
4,GradDiff,full_layer,LR,1524,508,508,,0.6161417322834646,0.6259842519685039,0.6062992125984252,0.6138996138996139,0.6259842519685039,0.6198830409356725,0.6373767747535495,159,95,154,100,508
4,GradDiff,full_layer,RF,1524,508,508,,0.5570866141732284,0.5393700787401575,0.5748031496062992,0.5591836734693878,0.5393700787401575,0.5490981963927856,0.5920856841713684,137,117,146,108,508
4,GradDiff,full_layer,AdaBoost,1524,508,508,,0.5413385826771654,0.531496062992126,0.5511811023622047,0.5421686746987951,0.531496062992126,0.536779324055666,0.5706568913137826,135,119,140,114,508
4,GradDiff,init_band,LR,1524,508,508,,0.5846456692913385,0.5354330708661418,0.6338582677165354,0.5938864628820961,0.5354330708661418,0.5631469979296067,0.6309132618265236,136,118,161,93,508
4,GradDiff,init_band,RF,1524,508,508,,0.5393700787401575,0.452755905511811,0.6259842519685039,0.5476190476190477,0.452755905511811,0.4956896551724138,0.54495008990018,115,139,159,95,508
4,GradDiff,init_band,AdaBoost,1524,508,508,,0.5393700787401575,0.5275590551181102,0.5511811023622047,0.5403225806451613,0.5275590551181102,0.5338645418326693,0.5686341372682746,134,120,140,114,508
4,GradDiff,init_band_emb,LR,1524,508,508,,0.5846456692913385,0.5354330708661418,0.6338582677165354,0.5938864628820961,0.5354330708661418,0.5631469979296067,0.6309287618575237,136,118,161,93,508
4,GradDiff,init_band_emb,RF,1524,508,508,,0.5531496062992126,0.4645669291338583,0.6417322834645669,0.5645933014354066,0.4645669291338583,0.509719222462203,0.5528706057412115,118,136,163,91,508
4,GradDiff,init_band_emb,AdaBoost,1524,508,508,,0.5255905511811023,0.4763779527559055,0.5748031496062992,0.5283842794759825,0.4763779527559055,0.5010351966873706,0.5650071300142601,121,133,146,108,508
4,GradDiff,end_band,LR,1524,508,508,,0.6082677165354331,0.6299212598425197,0.5866141732283464,0.6037735849056604,0.6299212598425197,0.6165703275529865,0.6249147498294996,160,94,149,105,508
4,GradDiff,end_band,RF,1524,508,508,,0.5334645669291339,0.468503937007874,0.5984251968503937,0.5384615384615384,0.468503937007874,0.5010526315789474,0.5698663897327795,119,135,152,102,508
4,GradDiff,end_band,AdaBoost,1524,508,508,,0.5413385826771654,0.5354330708661418,0.547244094488189,0.5418326693227091,0.5354330708661418,0.5386138613861386,0.5600471200942402,136,118,139,115,508
4,GradDiff,ib_no_pca,LR,1524,508,508,,0.562992125984252,0.531496062992126,0.594488188976378,0.5672268907563025,0.531496062992126,0.5487804878048781,0.5910936821873645,135,119,151,103,508
4,GradDiff,ib_no_pca,RF,1524,508,508,,0.5688976377952756,0.562992125984252,0.5748031496062992,0.5697211155378487,0.562992125984252,0.5663366336633663,0.5945579391158782,143,111,146,108,508
4,GradDiff,ib_no_pca,AdaBoost,1524,508,508,,0.5688976377952756,0.5551181102362205,0.5826771653543307,0.5708502024291497,0.5551181102362205,0.562874251497006,0.5741908983817967,141,113,148,106,508
4,GradDiff,vote_ensemble,LR,1524,508,508,,0.5846456692913385,0.610236220472441,0.5590551181102362,0.5805243445692884,0.610236220472441,0.5950095969289827,,155,99,142,112,508
4,GradDiff,vote_ensemble,RF,1524,508,508,,0.5826771653543307,0.5511811023622047,0.6141732283464567,0.5882352941176471,0.5511811023622047,0.5691056910569106,,140,114,156,98,508
4,GradDiff,vote_ensemble,AdaBoost,1524,508,508,,0.5984251968503937,0.6023622047244095,0.594488188976378,0.59765625,0.6023622047244095,0.6,,153,101,151,103,508
4,GradDiff,avg_ensemble,LR,1524,508,508,,0.5767716535433071,0.5905511811023622,0.562992125984252,0.5747126436781609,0.5905511811023622,0.5825242718446602,0.6492187984375969,150,104,143,111,508
4,GradDiff,avg_ensemble,RF,1524,508,508,,0.5826771653543307,0.5866141732283464,0.5787401574803149,0.58203125,0.5866141732283464,0.5843137254901961,0.6221402442804885,149,105,147,107,508
4,GradDiff,avg_ensemble,AdaBoost,1524,508,508,,0.5826771653543307,0.562992125984252,0.6023622047244095,0.5860655737704918,0.562992125984252,0.5742971887550201,0.6133517267034535,143,111,153,101,508
0,RMU,per_layer,LR,1524,508,508,11,0.5846456692913385,0.5708661417322834,0.5984251968503937,0.5870445344129555,0.5708661417322834,0.5788423153692615,0.6087947175894352,145,109,152,102,508
0,RMU,per_layer,RF,1524,508,508,1,0.5866141732283464,0.5669291338582677,0.6062992125984252,0.5901639344262295,0.5669291338582677,0.5783132530120482,0.6195827391654783,144,110,154,100,508
0,RMU,per_layer,AdaBoost,1524,508,508,4,0.5413385826771654,0.5275590551181102,0.5551181102362205,0.5425101214574899,0.5275590551181102,0.5349301397205589,0.554265608531217,134,120,141,113,508
0,RMU,mid_band,LR,1524,508,508,,0.5688976377952756,0.5669291338582677,0.5708661417322834,0.5691699604743083,0.5669291338582677,0.5680473372781065,0.5896986793973589,144,110,145,109,508
0,RMU,mid_band,RF,1524,508,508,,0.547244094488189,0.4645669291338583,0.6299212598425197,0.5566037735849056,0.4645669291338583,0.5064377682403434,0.5735553971107942,118,136,160,94,508
0,RMU,mid_band,AdaBoost,1524,508,508,,0.5452755905511811,0.44881889763779526,0.6417322834645669,0.5560975609756098,0.44881889763779526,0.49673202614379086,0.5376883253766507,114,140,163,91,508
0,RMU,full_layer,LR,1524,508,508,,0.6082677165354331,0.594488188976378,0.6220472440944882,0.611336032388664,0.594488188976378,0.6027944111776448,0.630231260462521,151,103,158,96,508
0,RMU,full_layer,RF,1524,508,508,,0.5748031496062992,0.5433070866141733,0.6062992125984252,0.5798319327731093,0.5433070866141733,0.5609756097560976,0.5879084258168517,138,116,154,100,508
0,RMU,full_layer,AdaBoost,1524,508,508,,0.5236220472440944,0.531496062992126,0.515748031496063,0.5232558139534884,0.531496062992126,0.52734375,0.5471665943331887,135,119,131,123,508
0,RMU,init_band,LR,1524,508,508,,0.610236220472441,0.5748031496062992,0.6456692913385826,0.6186440677966102,0.5748031496062992,0.5959183673469388,0.6316727633455267,146,108,164,90,508
0,RMU,init_band,RF,1524,508,508,,0.5570866141732284,0.515748031496063,0.5984251968503937,0.5622317596566524,0.515748031496063,0.5379876796714579,0.5844519189038377,131,123,152,102,508
0,RMU,init_band,AdaBoost,1524,508,508,,0.5118110236220472,0.4645669291338583,0.5590551181102362,0.5130434782608696,0.4645669291338583,0.48760330578512395,0.525234050468101,118,136,142,112,508
0,RMU,init_band_emb,LR,1524,508,508,,0.610236220472441,0.5748031496062992,0.6456692913385826,0.6186440677966102,0.5748031496062992,0.5959183673469388,0.6316417632835265,146,108,164,90,508
0,RMU,init_band_emb,RF,1524,508,508,,0.5590551181102362,0.5078740157480315,0.610236220472441,0.5657894736842105,0.5078740157480315,0.5352697095435685,0.5764539029078057,129,125,155,99,508
0,RMU,init_band_emb,AdaBoost,1524,508,508,,0.5059055118110236,0.4645669291338583,0.547244094488189,0.5064377682403434,0.4645669291338583,0.48459958932238195,0.5196850393700787,118,136,139,115,508
0,RMU,end_band,LR,1524,508,508,,0.531496062992126,0.5354330708661418,0.5275590551181102,0.53125,0.5354330708661418,0.5333333333333333,0.5627131254262508,136,118,134,120,508
0,RMU,end_band,RF,1524,508,508,,0.5137795275590551,0.5196850393700787,0.5078740157480315,0.5136186770428015,0.5196850393700787,0.5166340508806262,0.5096100192200385,132,122,129,125,508
0,RMU,end_band,AdaBoost,1524,508,508,,0.5137795275590551,0.5275590551181102,0.5,0.5134099616858238,0.5275590551181102,0.5203883495145631,0.5280860561721124,134,120,127,127,508
0,RMU,ib_no_pca,LR,1524,508,508,,0.5708661417322834,0.5866141732283464,0.5551181102362205,0.5687022900763359,0.5866141732283464,0.5775193798449613,0.6055087110174221,149,105,141,113,508
0,RMU,ib_no_pca,RF,1524,508,508,,0.547244094488189,0.515748031496063,0.5787401574803149,0.5504201680672269,0.515748031496063,0.532520325203252,0.5896366792733585,131,123,147,107,508
0,RMU,ib_no_pca,AdaBoost,1524,508,508,,0.5708661417322834,0.5551181102362205,0.5866141732283464,0.573170731707317,0.5551181102362205,0.564,0.586505673011346,141,113,149,105,508
0,RMU,vote_ensemble,LR,1524,508,508,,0.5807086614173228,0.5866141732283464,0.5748031496062992,0.5797665369649806,0.5866141732283464,0.5831702544031311,,149,105,146,108,508
0,RMU,vote_ensemble,RF,1524,508,508,,0.5354330708661418,0.5118110236220472,0.5590551181102362,0.5371900826446281,0.5118110236220472,0.5241935483870968,,130,124,142,112,508
0,RMU,vote_ensemble,AdaBoost,1524,508,508,,0.5334645669291339,0.5393700787401575,0.5275590551181102,0.5330739299610895,0.5393700787401575,0.5362035225048923,,137,117,134,120,508
0,RMU,avg_ensemble,LR,1524,508,508,,0.5846456692913385,0.5866141732283464,0.5826771653543307,0.5843137254901961,0.5866141732283464,0.5854616895874263,0.6216132432264865,149,105,148,106,508
0,RMU,avg_ensemble,RF,1524,508,508,,0.531496062992126,0.5590551181102362,0.5039370078740157,0.5298507462686567,0.5590551181102362,0.5440613026819924,0.5576058652117304,142,112,128,126,508
0,RMU,avg_ensemble,AdaBoost,1524,508,508,,0.5216535433070866,0.5354330708661418,0.5078740157480315,0.5210727969348659,0.5354330708661418,0.5281553398058253,0.5302095604191208,136,118,129,125,508
1,RMU,per_layer,LR,1524,508,508,2,0.5708661417322834,0.562992125984252,0.5787401574803149,0.572,0.562992125984252,0.5674603174603174,0.5856531713063426,143,111,147,107,508
1,RMU,per_layer,RF,1524,508,508,2,0.5767716535433071,0.5708661417322834,0.5826771653543307,0.5776892430278885,0.5708661417322834,0.5742574257425742,0.6024009548019097,145,109,148,106,508
1,RMU,per_layer,AdaBoost,1524,508,508,28,0.5137795275590551,0.5236220472440944,0.5039370078740157,0.5135135135135135,0.5236220472440944,0.5185185185185185,0.5214520429040858,133,121,128,126,508
1,RMU,mid_band,LR,1524,508,508,,0.5787401574803149,0.5866141732283464,0.5708661417322834,0.5775193798449613,0.5866141732283464,0.58203125,0.6043462086924174,149,105,145,109,508
1,RMU,mid_band,RF,1524,508,508,,0.5570866141732284,0.531496062992126,0.5826771653543307,0.5601659751037344,0.531496062992126,0.5454545454545454,0.562000124000248,135,119,148,106,508
1,RMU,mid_band,AdaBoost,1524,508,508,,0.5433070866141733,0.5433070866141733,0.5433070866141733,0.5433070866141733,0.5433070866141733,0.5433070866141733,0.5434310868621737,138,116,138,116,508
1,RMU,full_layer,LR,1524,508,508,,0.6141732283464567,0.6456692913385826,0.5826771653543307,0.6074074074074074,0.6456692913385826,0.6259541984732825,0.6447082894165788,164,90,148,106,508
1,RMU,full_layer,RF,1524,508,508,,0.5728346456692913,0.5236220472440944,0.6220472440944882,0.5807860262008734,0.5236220472440944,0.5507246376811594,0.5986886973773948,133,121,158,96,508
1,RMU,full_layer,AdaBoost,1524,508,508,,0.5511811023622047,0.5669291338582677,0.5354330708661418,0.549618320610687,0.5669291338582677,0.5581395348837209,0.5748108996217992,144,110,136,118,508
1,RMU,init_band,LR,1524,508,508,,0.594488188976378,0.5826771653543307,0.6062992125984252,0.5967741935483871,0.5826771653543307,0.5896414342629482,0.6441347882695765,148,106,154,100,508
1,RMU,init_band,RF,1524,508,508,,0.5590551181102362,0.515748031496063,0.6023622047244095,0.5646551724137931,0.515748031496063,0.5390946502057613,0.5920391840783682,131,123,153,101,508
1,RMU,init_band,AdaBoost,1524,508,508,,0.5826771653543307,0.5826771653543307,0.5826771653543307,0.5826771653543307,0.5826771653543307,0.5826771653543307,0.5916129332258665,148,106,148,106,508
1,RMU,init_band_emb,LR,1524,508,508,,0.594488188976378,0.5826771653543307,0.6062992125984252,0.5967741935483871,0.5826771653543307,0.5896414342629482,0.6441657883315766,148,106,154,100,508
1,RMU,init_band_emb,RF,1524,508,508,,0.5846456692913385,0.5511811023622047,0.6181102362204725,0.5907172995780591,0.5511811023622047,0.570264765784114,0.5940696881393763,140,114,157,97,508
1,RMU,init_band_emb,AdaBoost,1524,508,508,,0.6023622047244095,0.5905511811023622,0.6141732283464567,0.6048387096774194,0.5905511811023622,0.5976095617529881,0.6059039618079236,150,104,156,98,508
1,RMU,end_band,LR,1524,508,508,,0.5374015748031497,0.5433070866141733,0.531496062992126,0.5369649805447471,0.5433070866141733,0.5401174168297456,0.5693316386632773,138,116,135,119,508
1,RMU,end_band,RF,1524,508,508,,0.5059055118110236,0.5,0.5118110236220472,0.5059760956175299,0.5,0.502970297029703,0.5164377828755657,127,127,130,124,508
1,RMU,end_band,AdaBoost,1524,508,508,,0.5511811023622047,0.5511811023622047,0.5511811023622047,0.5511811023622047,0.5511811023622047,0.5511811023622047,0.5676731353462707,140,114,140,114,508
1,RMU,ib_no_pca,LR,1524,508,508,,0.5649606299212598,0.5590551181102362,0.5708661417322834,0.5657370517928287,0.5590551181102362,0.5623762376237624,0.6070122140244281,142,112,145,109,508
1,RMU,ib_no_pca,RF,1524,508,508,,0.5984251968503937,0.5511811023622047,0.6456692913385826,0.6086956521739131,0.5511811023622047,0.5785123966942148,0.6128557257114514,140,114,164,90,508
1,RMU,ib_no_pca,AdaBoost,1524,508,508,,0.5807086614173228,0.5984251968503937,0.562992125984252,0.5779467680608364,0.5984251968503937,0.5880077369439072,0.6095542191084382,152,102,143,111,508
1,RMU,vote_ensemble,LR,1524,508,508,,0.594488188976378,0.5787401574803149,0.610236220472441,0.5975609756097561,0.5787401574803149,0.588,,147,107,155,99,508
1,RMU,vote_ensemble,RF,1524,508,508,,0.5413385826771654,0.49606299212598426,0.5866141732283464,0.5454545454545454,0.49606299212598426,0.5195876288659794,,126,128,149,105,508
1,RMU,vote_ensemble,AdaBoost,1524,508,508,,0.5354330708661418,0.5,0.5708661417322834,0.538135593220339,0.5,0.5183673469387755,,127,127,145,109,508
1,RMU,avg_ensemble,LR,1524,508,508,,0.6062992125984252,0.5984251968503937,0.6141732283464567,0.608,0.5984251968503937,0.6031746031746031,0.6388957777915556,152,102,156,98,508
1,RMU,avg_ensemble,RF,1524,508,508,,0.562992125984252,0.5511811023622047,0.5748031496062992,0.5645161290322581,0.5511811023622047,0.5577689243027888,0.5753146506293013,140,114,146,108,508
1,RMU,avg_ensemble,AdaBoost,1524,508,508,,0.5452755905511811,0.547244094488189,0.5433070866141733,0.5450980392156862,0.547244094488189,0.5461689587426326,0.548980097960196,139,115,138,116,508
2,RMU,per_layer,LR,1524,508,508,9,0.5590551181102362,0.5393700787401575,0.5787401574803149,0.5614754098360656,0.5393700787401575,0.5502008032128514,0.5824446648893298,137,117,147,107,508
2,RMU,per_layer,RF,1524,508,508,2,0.547244094488189,0.5196850393700787,0.5748031496062992,0.55,0.5196850393700787,0.5344129554655871,0.5726253952507906,132,122,146,108,508
2,RMU,per_layer,AdaBoost,1524,508,508,32,0.5039370078740157,0.5039370078740157,0.5039370078740157,0.5039370078740157,0.5039370078740157,0.5039370078740157,0.4958769917539835,128,126,128,126,508
2,RMU,mid_band,LR,1524,508,508,,0.5452755905511811,0.531496062992126,0.5590551181102362,0.5465587044534413,0.531496062992126,0.5389221556886228,0.5743226486452974,135,119,142,112,508
2,RMU,mid_band,RF,1524,508,508,,0.5511811023622047,0.468503937007874,0.6338582677165354,0.5613207547169812,0.468503937007874,0.5107296137339056,0.5440898381796763,119,135,161,93,508
2,RMU,mid_band,AdaBoost,1524,508,508,,0.515748031496063,0.5118110236220472,0.5196850393700787,0.5158730158730159,0.5118110236220472,0.5138339920948617,0.5571253642507284,130,124,132,122,508
2,RMU,full_layer,LR,1524,508,508,,0.5846456692913385,0.5787401574803149,0.5905511811023622,0.5856573705179283,0.5787401574803149,0.5821782178217821,0.6179552359104719,147,107,150,104,508
2,RMU,full_layer,RF,1524,508,508,,0.5275590551181102,0.484251968503937,0.5708661417322834,0.5301724137931034,0.484251968503937,0.5061728395061729,0.5500418500837001,123,131,145,109,508
2,RMU,full_layer,AdaBoost,1524,508,508,,0.5767716535433071,0.5393700787401575,0.6141732283464567,0.5829787234042553,0.5393700787401575,0.5603271983640081,0.5765081530163061,137,117,156,98,508
2,RMU,init_band,LR,1524,508,508,,0.6023622047244095,0.6181102362204725,0.5866141732283464,0.5992366412213741,0.6181102362204725,0.6085271317829457,0.6163897327794656,157,97,149,105,508
2,RMU,init_band,RF,1524,508,508,,0.5196850393700787,0.468503937007874,0.5708661417322834,0.5219298245614035,0.468503937007874,0.49377593360995853,0.5425785851571704,119,135,145,109,508
2,RMU,init_band,AdaBoost,1524,508,508,,0.5,0.4645669291338583,0.5354330708661418,0.5,0.4645669291338583,0.4816326530612245,0.5296670593341186,118,136,136,118,508
2,RMU,init_band_emb,LR,1524,508,508,,0.6023622047244095,0.6181102362204725,0.5866141732283464,0.5992366412213741,0.6181102362204725,0.6085271317829457,0.6164052328104657,157,97,149,105,508
2,RMU,init_band_emb,RF,1524,508,508,,0.5177165354330708,0.47244094488188976,0.562992125984252,0.5194805194805194,0.47244094488188976,0.4948453608247423,0.5360918221836444,120,134,143,111,508
2,RMU,init_band_emb,AdaBoost,1524,508,508,,0.5393700787401575,0.4645669291338583,0.6141732283464567,0.5462962962962963,0.4645669291338583,0.502127659574468,0.5369210738421477,118,136,156,98,508
2,RMU,end_band,LR,1524,508,508,,0.5708661417322834,0.5905511811023622,0.5511811023622047,0.5681818181818182,0.5905511811023622,0.5791505791505791,0.565751131502263,150,104,140,114,508
2,RMU,end_band,RF,1524,508,508,,0.5039370078740157,0.5039370078740157,0.5039370078740157,0.5039370078740157,0.5039370078740157,0.5039370078740157,0.4932884865769732,128,126,128,126,508
2,RMU,end_band,AdaBoost,1524,508,508,,0.4940944881889764,0.5078740157480315,0.48031496062992124,0.4942528735632184,0.5078740157480315,0.5009708737864078,0.5009300018600037,129,125,122,132,508
2,RMU,ib_no_pca,LR,1524,508,508,,0.5551181102362205,0.5826771653543307,0.5275590551181102,0.5522388059701493,0.5826771653543307,0.5670498084291188,0.5806931613863228,148,106,134,120,508
2,RMU,ib_no_pca,RF,1524,508,508,,0.5590551181102362,0.5511811023622047,0.5669291338582677,0.56,0.5511811023622047,0.5555555555555556,0.5648521297042595,140,114,144,110,508
2,RMU,ib_no_pca,AdaBoost,1524,508,508,,0.5826771653543307,0.6338582677165354,0.531496062992126,0.575,0.6338582677165354,0.602996254681648,0.5996031992063985,161,93,135,119,508
2,RMU,vote_ensemble,LR,1524,508,508,,0.5787401574803149,0.5905511811023622,0.5669291338582677,0.5769230769230769,0.5905511811023622,0.5836575875486382,,150,104,144,110,508
2,RMU,vote_ensemble,RF,1524,508,508,,0.5669291338582677,0.562992125984252,0.5708661417322834,0.5674603174603174,0.562992125984252,0.5652173913043478,,143,111,145,109,508
2,RMU,vote_ensemble,AdaBoost,1524,508,508,,0.5728346456692913,0.6023622047244095,0.5433070866141733,0.5687732342007435,0.6023622047244095,0.5850860420650096,,153,101,138,116,508
2,RMU,avg_ensemble,LR,1524,508,508,,0.5826771653543307,0.5905511811023622,0.5748031496062992,0.5813953488372093,0.5905511811023622,0.5859375,0.6109802219604439,150,104,146,108,508
2,RMU,avg_ensemble,RF,1524,508,508,,0.547244094488189,0.594488188976378,0.5,0.5431654676258992,0.594488188976378,0.5676691729323309,0.5578151156302312,151,103,127,127,508
2,RMU,avg_ensemble,AdaBoost,1524,508,508,,0.5452755905511811,0.6141732283464567,0.4763779527559055,0.5397923875432526,0.6141732283464567,0.574585635359116,0.5677041354082708,156,98,121,133,508
3,RMU,per_layer,LR,1524,508,508,9,0.5708661417322834,0.5590551181102362,0.5826771653543307,0.5725806451612904,0.5590551181102362,0.5657370517928287,0.6052297104594209,142,112,148,106,508
3,RMU,per_layer,RF,1524,508,508,7,0.5590551181102362,0.5236220472440944,0.594488188976378,0.5635593220338984,0.5236220472440944,0.5428571428571428,0.5799259098518197,133,121,151,103,508
3,RMU,per_layer,AdaBoost,1524,508,508,1,0.5748031496062992,0.5826771653543307,0.5669291338582677,0.5736434108527132,0.5826771653543307,0.578125,0.5842039184078368,148,106,144,110,508
3,RMU,mid_band,LR,1524,508,508,,0.5826771653543307,0.5905511811023622,0.5748031496062992,0.5813953488372093,0.5905511811023622,0.5859375,0.6009052018104036,150,104,146,108,508
3,RMU,mid_band,RF,1524,508,508,,0.5354330708661418,0.4763779527559055,0.594488188976378,0.5401785714285714,0.4763779527559055,0.5062761506276151,0.5603881207762416,121,133,151,103,508
3,RMU,mid_band,AdaBoost,1524,508,508,,0.515748031496063,0.468503937007874,0.562992125984252,0.5173913043478261,0.468503937007874,0.49173553719008267,0.516251782503565,119,135,143,111,508
3,RMU,full_layer,LR,1524,508,508,,0.594488188976378,0.6417322834645669,0.547244094488189,0.5863309352517986,0.6417322834645669,0.6127819548872181,0.6200787401574803,163,91,139,115,508
3,RMU,full_layer,RF,1524,508,508,,0.5433070866141733,0.5039370078740157,0.5826771653543307,0.5470085470085471,0.5039370078740157,0.5245901639344263,0.5726796453592907,128,126,148,106,508
3,RMU,full_layer,AdaBoost,1524,508,508,,0.5413385826771654,0.562992125984252,0.5196850393700787,0.539622641509434,0.562992125984252,0.5510597302504817,0.5445393390786781,143,111,132,122,508
3,RMU,init_band,LR,1524,508,508,,0.5669291338582677,0.562992125984252,0.5708661417322834,0.5674603174603174,0.562992125984252,0.5652173913043478,0.6096162192324385,143,111,145,109,508
3,RMU,init_band,RF,1524,508,508,,0.5275590551181102,0.44881889763779526,0.6062992125984252,0.5327102803738317,0.44881889763779526,0.48717948717948717,0.5406565813131626,114,140,154,100,508
3,RMU,init_band,AdaBoost,1524,508,508,,0.5275590551181102,0.4881889763779528,0.5669291338582677,0.5299145299145299,0.4881889763779528,0.5081967213114754,0.5525916051832104,124,130,144,110,508
3,RMU,init_band_emb,LR,1524,508,508,,0.5669291338582677,0.562992125984252,0.5708661417322834,0.5674603174603174,0.562992125984252,0.5652173913043478,0.6096472192944385,143,111,145,109,508
3,RMU,init_band_emb,RF,1524,508,508,,0.5374015748031497,0.468503937007874,0.6062992125984252,0.54337899543379,0.468503937007874,0.5031712473572939,0.5538471076942153,119,135,154,100,508
3,RMU,init_band_emb,AdaBoost,1524,508,508,,0.547244094488189,0.5275590551181102,0.5669291338582677,0.5491803278688525,0.5275590551181102,0.5381526104417671,0.5388895777791556,134,120,144,110,508
3,RMU,end_band,LR,1524,508,508,,0.5590551181102362,0.5551181102362205,0.562992125984252,0.5595238095238095,0.5551181102362205,0.5573122529644269,0.5719511439022879,141,113,143,111,508
3,RMU,end_band,RF,1524,508,508,,0.5137795275590551,0.4566929133858268,0.5708661417322834,0.5155555555555555,0.4566929133858268,0.48434237995824636,0.5219712939425879,116,138,145,109,508
3,RMU,end_band,AdaBoost,1524,508,508,,0.5551181102362205,0.5748031496062992,0.5354330708661418,0.553030303030303,0.5748031496062992,0.5637065637065637,0.5632013764027528,146,108,136,118,508
3,RMU,ib_no_pca,LR,1524,508,508,,0.59251968503937,0.5826771653543307,0.6023622047244095,0.5943775100401606,0.5826771653543307,0.588469184890656,0.5960846921693843,148,106,153,101,508
3,RMU,ib_no_pca,RF,1524,508,508,,0.5905511811023622,0.5590551181102362,0.6220472440944882,0.5966386554621849,0.5590551181102362,0.5772357723577236,0.6176374852749705,142,112,158,96,508
3,RMU,ib_no_pca,AdaBoost,1524,508,508,,0.5098425196850394,0.5078740157480315,0.5118110236220472,0.5098814229249012,0.5078740157480315,0.5088757396449705,0.525993551987104,129,125,130,124,508
3,RMU,vote_ensemble,LR,1524,508,508,,0.5787401574803149,0.6259842519685039,0.531496062992126,0.5719424460431655,0.6259842519685039,0.5977443609022557,,159,95,135,119,508
3,RMU,vote_ensemble,RF,1524,508,508,,0.5393700787401575,0.4566929133858268,0.6220472440944882,0.5471698113207547,0.4566929133858268,0.4978540772532189,,116,138,158,96,508
3,RMU,vote_ensemble,AdaBoost,1524,508,508,,0.5393700787401575,0.484251968503937,0.594488188976378,0.5442477876106194,0.484251968503937,0.5125,,123,131,151,103,508
3,RMU,avg_ensemble,LR,1524,508,508,,0.5767716535433071,0.6220472440944882,0.531496062992126,0.5703971119133574,0.6220472440944882,0.5951035781544256,0.6089497178994357,158,96,135,119,508
3,RMU,avg_ensemble,RF,1524,508,508,,0.5531496062992126,0.515748031496063,0.5905511811023622,0.5574468085106383,0.515748031496063,0.5357873210633947,0.5672391344782689,131,123,150,104,508
3,RMU,avg_ensemble,AdaBoost,1524,508,508,,0.5295275590551181,0.4881889763779528,0.5708661417322834,0.5321888412017167,0.4881889763779528,0.5092402464065708,0.5419430838861679,124,130,145,109,508
4,RMU,per_layer,LR,1524,508,508,11,0.59251968503937,0.6338582677165354,0.5511811023622047,0.5854545454545454,0.6338582677165354,0.6086956521739131,0.5985801971603943,161,93,140,114,508
4,RMU,per_layer,RF,1524,508,508,6,0.5807086614173228,0.5196850393700787,0.6417322834645669,0.5919282511210763,0.5196850393700787,0.5534591194968553,0.6175134850269701,132,122,163,91,508
4,RMU,per_layer,AdaBoost,1524,508,508,5,0.547244094488189,0.5590551181102362,0.5354330708661418,0.5461538461538461,0.5590551181102362,0.5525291828793775,0.5619071238142477,142,112,136,118,508
4,RMU,mid_band,LR,1524,508,508,,0.562992125984252,0.547244094488189,0.5787401574803149,0.5650406504065041,0.547244094488189,0.556,0.6005487010974021,139,115,147,107,508
4,RMU,mid_band,RF,1524,508,508,,0.5374015748031497,0.4763779527559055,0.5984251968503937,0.5426008968609866,0.4763779527559055,0.5073375262054507,0.5310155620311241,121,133,152,102,508
4,RMU,mid_band,AdaBoost,1524,508,508,,0.5098425196850394,0.5275590551181102,0.4921259842519685,0.5095057034220533,0.5275590551181102,0.5183752417794971,0.5196617893235786,134,120,125,129,508
4,RMU,full_layer,LR,1524,508,508,,0.5826771653543307,0.5866141732283464,0.5787401574803149,0.58203125,0.5866141732283464,0.5843137254901961,0.6143592287184574,149,105,147,107,508
4,RMU,full_layer,RF,1524,508,508,,0.5413385826771654,0.468503937007874,0.6141732283464567,0.5483870967741935,0.468503937007874,0.505307855626327,0.5498403496806993,119,135,156,98,508
4,RMU,full_layer,AdaBoost,1524,508,508,,0.5688976377952756,0.610236220472441,0.5275590551181102,0.5636363636363636,0.610236220472441,0.5860113421550095,0.5789416578833158,155,99,134,120,508
4,RMU,init_band,LR,1524,508,508,,0.5885826771653543,0.5708661417322834,0.6062992125984252,0.5918367346938775,0.5708661417322834,0.5811623246492986,0.6330522661045324,145,109,154,100,508
4,RMU,init_band,RF,1524,508,508,,0.5708661417322834,0.484251968503937,0.65748031496063,0.5857142857142857,0.484251968503937,0.5301724137931034,0.606244962489925,123,131,167,87,508
4,RMU,init_band,AdaBoost,1524,508,508,,0.547244094488189,0.5393700787401575,0.5551181102362205,0.548,0.5393700787401575,0.5436507936507936,0.5650691301382603,137,117,141,113,508
4,RMU,init_band_emb,LR,1524,508,508,,0.5885826771653543,0.5708661417322834,0.6062992125984252,0.5918367346938775,0.5708661417322834,0.5811623246492986,0.6330677661355324,145,109,154,100,508
4,RMU,init_band_emb,RF,1524,508,508,,0.5688976377952756,0.49606299212598426,0.6417322834645669,0.5806451612903226,0.49606299212598426,0.535031847133758,0.6087714675429351,126,128,163,91,508
4,RMU,init_band_emb,AdaBoost,1524,508,508,,0.5492125984251969,0.5590551181102362,0.5393700787401575,0.5482625482625483,0.5590551181102362,0.5536062378167641,0.5726331452662905,142,112,137,117,508
4,RMU,end_band,LR,1524,508,508,,0.5334645669291339,0.5511811023622047,0.515748031496063,0.532319391634981,0.5511811023622047,0.5415860735009671,0.5660766321532642,140,114,131,123,508
4,RMU,end_band,RF,1524,508,508,,0.49015748031496065,0.48031496062992124,0.5,0.4899598393574297,0.48031496062992124,0.4850894632206759,0.5139345278690557,122,132,127,127,508
4,RMU,end_band,AdaBoost,1524,508,508,,0.5078740157480315,0.515748031496063,0.5,0.5077519379844961,0.515748031496063,0.51171875,0.5138725277450554,131,123,127,127,508
4,RMU,ib_no_pca,LR,1524,508,508,,0.562992125984252,0.547244094488189,0.5787401574803149,0.5650406504065041,0.547244094488189,0.556,0.5920314340628681,139,115,147,107,508
4,RMU,ib_no_pca,RF,1524,508,508,,0.5826771653543307,0.594488188976378,0.5708661417322834,0.5807692307692308,0.594488188976378,0.5875486381322957,0.6091047182094365,151,103,145,109,508
4,RMU,ib_no_pca,AdaBoost,1524,508,508,,0.5196850393700787,0.531496062992126,0.5078740157480315,0.5192307692307693,0.531496062992126,0.5252918287937743,0.547740095480191,135,119,129,125,508
4,RMU,vote_ensemble,LR,1524,508,508,,0.5846456692913385,0.594488188976378,0.5748031496062992,0.583011583011583,0.594488188976378,0.5886939571150097,,151,103,146,108,508
4,RMU,vote_ensemble,RF,1524,508,508,,0.5590551181102362,0.5393700787401575,0.5787401574803149,0.5614754098360656,0.5393700787401575,0.5502008032128514,,137,117,147,107,508
4,RMU,vote_ensemble,AdaBoost,1524,508,508,,0.5433070866141733,0.5433070866141733,0.5433070866141733,0.5433070866141733,0.5433070866141733,0.5433070866141733,,138,116,138,116,508
4,RMU,avg_ensemble,LR,1524,508,508,,0.5787401574803149,0.5984251968503937,0.5590551181102362,0.5757575757575758,0.5984251968503937,0.5868725868725869,0.6238762477524955,152,102,142,112,508
4,RMU,avg_ensemble,RF,1524,508,508,,0.5413385826771654,0.5669291338582677,0.515748031496063,0.5393258426966292,0.5669291338582677,0.5527831094049904,0.569261888523777,144,110,131,123,508
4,RMU,avg_ensemble,AdaBoost,1524,508,508,,0.5433070866141733,0.5590551181102362,0.5275590551181102,0.5419847328244275,0.5590551181102362,0.5503875968992248,0.5795616591233183,142,112,134,120,508
0,RMU-LAT,per_layer,LR,1524,508,508,10,0.5767716535433071,0.5590551181102362,0.594488188976378,0.5795918367346938,0.5590551181102362,0.5691382765531062,0.6023312046624093,142,112,151,103,508
0,RMU-LAT,per_layer,RF,1524,508,508,1,0.5866141732283464,0.5669291338582677,0.6062992125984252,0.5901639344262295,0.5669291338582677,0.5783132530120482,0.6195827391654783,144,110,154,100,508
0,RMU-LAT,per_layer,AdaBoost,1524,508,508,4,0.5413385826771654,0.5275590551181102,0.5551181102362205,0.5425101214574899,0.5275590551181102,0.5349301397205589,0.554265608531217,134,120,141,113,508
0,RMU-LAT,mid_band,LR,1524,508,508,,0.6003937007874016,0.594488188976378,0.6062992125984252,0.601593625498008,0.594488188976378,0.598019801980198,0.6260617521235042,151,103,154,100,508
0,RMU-LAT,mid_band,RF,1524,508,508,,0.5295275590551181,0.4409448818897638,0.6181102362204725,0.5358851674641149,0.4409448818897638,0.4838012958963283,0.5344333188666378,112,142,157,97,508
0,RMU-LAT,mid_band,AdaBoost,1524,508,508,,0.5295275590551181,0.5354330708661418,0.5236220472440944,0.5291828793774319,0.5354330708661418,0.5322896281800391,0.5252185504371009,136,118,133,121,508
0,RMU-LAT,full_layer,LR,1524,508,508,,0.6062992125984252,0.5984251968503937,0.6141732283464567,0.608,0.5984251968503937,0.6031746031746031,0.6408952817905637,152,102,156,98,508
0,RMU-LAT,full_layer,RF,1524,508,508,,0.5669291338582677,0.48031496062992124,0.6535433070866141,0.580952380952381,0.48031496062992124,0.5258620689655172,0.6043152086304173,122,132,166,88,508
0,RMU-LAT,full_layer,AdaBoost,1524,508,508,,0.5669291338582677,0.5039370078740157,0.6299212598425197,0.5765765765765766,0.5039370078740157,0.5378151260504201,0.5721371442742886,128,126,160,94,508
0,RMU-LAT,init_band,LR,1524,508,508,,0.6082677165354331,0.5708661417322834,0.6456692913385826,0.6170212765957447,0.5708661417322834,0.5930470347648262,0.6311922623845249,145,109,164,90,508
0,RMU-LAT,init_band,RF,1524,508,508,,0.5570866141732284,0.4921259842519685,0.6220472440944882,0.5656108597285068,0.4921259842519685,0.5263157894736842,0.5870404240808481,125,129,158,96,508
0,RMU-LAT,init_band,AdaBoost,1524,508,508,,0.5374015748031497,0.5354330708661418,0.5393700787401575,0.5375494071146245,0.5354330708661418,0.5364891518737672,0.5663013826027652,136,118,137,117,508
0,RMU-LAT,init_band_emb,LR,1524,508,508,,0.6082677165354331,0.5708661417322834,0.6456692913385826,0.6170212765957447,0.5708661417322834,0.5930470347648262,0.6312077624155248,145,109,164,90,508
0,RMU-LAT,init_band_emb,RF,1524,508,508,,0.5610236220472441,0.515748031496063,0.6062992125984252,0.5670995670995671,0.515748031496063,0.5402061855670103,0.5819331638663278,131,123,154,100,508
0,RMU-LAT,init_band_emb,AdaBoost,1524,508,508,,0.5531496062992126,0.5354330708661418,0.5708661417322834,0.5551020408163265,0.5354330708661418,0.5450901803607214,0.5650536301072603,136,118,145,109,508
0,RMU-LAT,end_band,LR,1524,508,508,,0.5905511811023622,0.5866141732283464,0.594488188976378,0.5912698412698413,0.5866141732283464,0.5889328063241107,0.6107167214334429,149,105,151,103,508
0,RMU-LAT,end_band,RF,1524,508,508,,0.5236220472440944,0.4881889763779528,0.5590551181102362,0.5254237288135594,0.4881889763779528,0.5061224489795918,0.5563503627007254,124,130,142,112,508
0,RMU-LAT,end_band,AdaBoost,1524,508,508,,0.5216535433070866,0.515748031496063,0.5275590551181102,0.5219123505976095,0.515748031496063,0.5188118811881188,0.5281480562961126,131,123,134,120,508
0,RMU-LAT,ib_no_pca,LR,1524,508,508,,0.5807086614173228,0.5984251968503937,0.562992125984252,0.5779467680608364,0.5984251968503937,0.5880077369439072,0.6062682125364252,152,102,143,111,508
0,RMU-LAT,ib_no_pca,RF,1524,508,508,,0.531496062992126,0.484251968503937,0.5787401574803149,0.5347826086956522,0.484251968503937,0.5082644628099173,0.5746403992807986,123,131,147,107,508
0,RMU-LAT,ib_no_pca,AdaBoost,1524,508,508,,0.5374015748031497,0.5236220472440944,0.5511811023622047,0.5384615384615384,0.5236220472440944,0.530938123752495,0.5547771095542191,133,121,140,114,508
0,RMU-LAT,vote_ensemble,LR,1524,508,508,,0.5866141732283464,0.5905511811023622,0.5826771653543307,0.5859375,0.5905511811023622,0.5882352941176471,,150,104,148,106,508
0,RMU-LAT,vote_ensemble,RF,1524,508,508,,0.5531496062992126,0.5669291338582677,0.5393700787401575,0.5517241379310345,0.5669291338582677,0.5592233009708738,,144,110,137,117,508
0,RMU-LAT,vote_ensemble,AdaBoost,1524,508,508,,0.5688976377952756,0.5905511811023622,0.547244094488189,0.5660377358490566,0.5905511811023622,0.5780346820809249,,150,104,139,115,508
0,RMU-LAT,avg_ensemble,LR,1524,508,508,,0.5964566929133859,0.5984251968503937,0.594488188976378,0.596078431372549,0.5984251968503937,0.5972495088408645,0.6310372620745242,152,102,151,103,508
0,RMU-LAT,avg_ensemble,RF,1524,508,508,,0.5551181102362205,0.6062992125984252,0.5039370078740157,0.55,0.6062992125984252,0.5767790262172284,0.5786471572943146,154,100,128,126,508
0,RMU-LAT,avg_ensemble,AdaBoost,1524,508,508,,0.5826771653543307,0.5708661417322834,0.594488188976378,0.5846774193548387,0.5708661417322834,0.5776892430278885,0.6020057040114081,145,109,151,103,508
1,RMU-LAT,per_layer,LR,1524,508,508,11,0.6062992125984252,0.6220472440944882,0.5905511811023622,0.6030534351145038,0.6220472440944882,0.6124031007751938,0.6393762787525574,158,96,150,104,508
1,RMU-LAT,per_layer,RF,1524,508,508,2,0.5767716535433071,0.5708661417322834,0.5826771653543307,0.5776892430278885,0.5708661417322834,0.5742574257425742,0.6024009548019097,145,109,148,106,508
1,RMU-LAT,per_layer,AdaBoost,1524,508,508,3,0.5610236220472441,0.547244094488189,0.5748031496062992,0.562753036437247,0.547244094488189,0.5548902195608783,0.5860561721123442,139,115,146,108,508
1,RMU-LAT,mid_band,LR,1524,508,508,,0.5984251968503937,0.5866141732283464,0.610236220472441,0.6008064516129032,0.5866141732283464,0.5936254980079682,0.6215512431024862,149,105,155,99,508
1,RMU-LAT,mid_band,RF,1524,508,508,,0.5374015748031497,0.4409448818897638,0.6338582677165354,0.5463414634146342,0.4409448818897638,0.4880174291938998,0.5561023622047243,112,142,161,93,508
1,RMU-LAT,mid_band,AdaBoost,1524,508,508,,0.5433070866141733,0.5551181102362205,0.531496062992126,0.5423076923076923,0.5551181102362205,0.5486381322957199,0.5520413540827082,141,113,135,119,508
1,RMU-LAT,full_layer,LR,1524,508,508,,0.6318897637795275,0.6377952755905512,0.6259842519685039,0.6303501945525292,0.6377952755905512,0.6340508806262231,0.6619753239506481,162,92,159,95,508
1,RMU-LAT,full_layer,RF,1524,508,508,,0.5787401574803149,0.47244094488188976,0.6850393700787402,0.6,0.47244094488188976,0.5286343612334802,0.5932946865893731,120,134,174,80,508
1,RMU-LAT,full_layer,AdaBoost,1524,508,508,,0.5748031496062992,0.547244094488189,0.6023622047244095,0.5791666666666667,0.547244094488189,0.562753036437247,0.5783759067518135,139,115,153,101,508
1,RMU-LAT,init_band,LR,1524,508,508,,0.5905511811023622,0.5866141732283464,0.594488188976378,0.5912698412698413,0.5866141732283464,0.5889328063241107,0.6458242916485833,149,105,151,103,508
1,RMU-LAT,init_band,RF,1524,508,508,,0.562992125984252,0.531496062992126,0.594488188976378,0.5672268907563025,0.531496062992126,0.5487804878048781,0.5763299026598053,135,119,151,103,508
1,RMU-LAT,init_band,AdaBoost,1524,508,508,,0.5354330708661418,0.5393700787401575,0.531496062992126,0.53515625,0.5393700787401575,0.5372549019607843,0.5543508587017174,137,117,135,119,508
1,RMU-LAT,init_band_emb,LR,1524,508,508,,0.5905511811023622,0.5866141732283464,0.594488188976378,0.5912698412698413,0.5866141732283464,0.5889328063241107,0.6458242916485833,149,105,151,103,508
1,RMU-LAT,init_band_emb,RF,1524,508,508,,0.5570866141732284,0.5275590551181102,0.5866141732283464,0.5606694560669456,0.5275590551181102,0.5436105476673428,0.5749116498232996,134,120,149,105,508
1,RMU-LAT,init_band_emb,AdaBoost,1524,508,508,,0.5354330708661418,0.5393700787401575,0.531496062992126,0.53515625,0.5393700787401575,0.5372549019607843,0.5541028582057164,137,117,135,119,508
1,RMU-LAT,end_band,LR,1524,508,508,,0.5649606299212598,0.5393700787401575,0.5905511811023622,0.5684647302904564,0.5393700787401575,0.5535353535353535,0.6026102052204104,137,117,150,104,508
1,RMU-LAT,end_band,RF,1524,508,508,,0.5374015748031497,0.5,0.5748031496062992,0.5404255319148936,0.5,0.5194274028629857,0.5420438340876681,127,127,146,108,508
1,RMU-LAT,end_band,AdaBoost,1524,508,508,,0.4921259842519685,0.46062992125984253,0.5236220472440944,0.49159663865546216,0.46062992125984253,0.47560975609756095,0.5138647777295555,117,137,133,121,508
1,RMU-LAT,ib_no_pca,LR,1524,508,508,,0.5688976377952756,0.5669291338582677,0.5708661417322834,0.5691699604743083,0.5669291338582677,0.5680473372781065,0.6071362142724286,144,110,145,109,508
1,RMU-LAT,ib_no_pca,RF,1524,508,508,,0.6082677165354331,0.5669291338582677,0.6496062992125984,0.6180257510729614,0.5669291338582677,0.5913757700205339,0.6340520181040362,144,110,165,89,508
1,RMU-LAT,ib_no_pca,AdaBoost,1524,508,508,,0.5492125984251969,0.6181102362204725,0.48031496062992124,0.5432525951557093,0.6181102362204725,0.578268876611418,0.579515159030318,157,97,122,132,508
1,RMU-LAT,vote_ensemble,LR,1524,508,508,,0.6043307086614174,0.6023622047244095,0.6062992125984252,0.6047430830039525,0.6023622047244095,0.6035502958579881,,153,101,154,100,508
1,RMU-LAT,vote_ensemble,RF,1524,508,508,,0.5570866141732284,0.4921259842519685,0.6220472440944882,0.5656108597285068,0.4921259842519685,0.5263157894736842,,125,129,158,96,508
1,RMU-LAT,vote_ensemble,AdaBoost,1524,508,508,,0.5964566929133859,0.594488188976378,0.5984251968503937,0.5968379446640316,0.594488188976378,0.5956607495069034,,151,103,152,102,508
1,RMU-LAT,avg_ensemble,LR,1524,508,508,,0.6043307086614174,0.5984251968503937,0.610236220472441,0.6055776892430279,0.5984251968503937,0.601980198019802,0.6663618327236653,152,102,155,99,508
1,RMU-LAT,avg_ensemble,RF,1524,508,508,,0.5708661417322834,0.5511811023622047,0.5905511811023622,0.5737704918032787,0.5511811023622047,0.5622489959839357,0.596518693037386,140,114,150,104,508
1,RMU-LAT,avg_ensemble,AdaBoost,1524,508,508,,0.5807086614173228,0.5748031496062992,0.5866141732283464,0.5816733067729084,0.5748031496062992,0.5782178217821782,0.597262694525389,146,108,149,105,508
2,RMU-LAT,per_layer,LR,1524,508,508,20,0.5708661417322834,0.6299212598425197,0.5118110236220472,0.5633802816901409,0.6299212598425197,0.5947955390334573,0.5774071548143096,160,94,130,124,508
2,RMU-LAT,per_layer,RF,1524,508,508,26,0.5393700787401575,0.5590551181102362,0.5196850393700787,0.5378787878787878,0.5590551181102362,0.5482625482625483,0.5571951143902288,142,112,132,122,508
2,RMU-LAT,per_layer,AdaBoost,1524,508,508,10,0.5255905511811023,0.5196850393700787,0.531496062992126,0.5258964143426295,0.5196850393700787,0.5227722772277228,0.5530798561597123,132,122,135,119,508
2,RMU-LAT,mid_band,LR,1524,508,508,,0.5708661417322834,0.5708661417322834,0.5708661417322834,0.5708661417322834,0.5708661417322834,0.5708661417322834,0.5989211978423957,145,109,145,109,508
2,RMU-LAT,mid_band,RF,1524,508,508,,0.5275590551181102,0.44881889763779526,0.6062992125984252,0.5327102803738317,0.44881889763779526,0.48717948717948717,0.5316743133486267,114,140,154,100,508
2,RMU-LAT,mid_band,AdaBoost,1524,508,508,,0.531496062992126,0.5118110236220472,0.5511811023622047,0.5327868852459017,0.5118110236220472,0.5220883534136547,0.527977555955112,130,124,140,114,508
2,RMU-LAT,full_layer,LR,1524,508,508,,0.5964566929133859,0.6023622047244095,0.5905511811023622,0.5953307392996109,0.6023622047244095,0.598825831702544,0.6277977555955111,153,101,150,104,508
2,RMU-LAT,full_layer,RF,1524,508,508,,0.5511811023622047,0.5,0.6023622047244095,0.5570175438596491,0.5,0.5269709543568465,0.5740203980407962,127,127,153,101,508
2,RMU-LAT,full_layer,AdaBoost,1524,508,508,,0.5295275590551181,0.4921259842519685,0.5669291338582677,0.5319148936170213,0.4921259842519685,0.5112474437627812,0.528489056978114,125,129,144,110,508
2,RMU-LAT,init_band,LR,1524,508,508,,0.6023622047244095,0.6377952755905512,0.5669291338582677,0.5955882352941176,0.6377952755905512,0.6159695817490495,0.6206367412734826,162,92,144,110,508
2,RMU-LAT,init_band,RF,1524,508,508,,0.5374015748031497,0.48031496062992124,0.594488188976378,0.5422222222222223,0.48031496062992124,0.5093945720250522,0.554498108996218,122,132,151,103,508
2,RMU-LAT,init_band,AdaBoost,1524,508,508,,0.515748031496063,0.4763779527559055,0.5551181102362205,0.5170940170940171,0.4763779527559055,0.4959016393442623,0.5227850455700912,121,133,141,113,508
2,RMU-LAT,init_band_emb,LR,1524,508,508,,0.6023622047244095,0.6377952755905512,0.5669291338582677,0.5955882352941176,0.6377952755905512,0.6159695817490495,0.6206367412734826,162,92,144,110,508
2,RMU-LAT,init_band_emb,RF,1524,508,508,,0.5354330708661418,0.484251968503937,0.5866141732283464,0.5394736842105263,0.484251968503937,0.5103734439834025,0.5583963667927335,123,131,149,105,508
2,RMU-LAT,init_band_emb,AdaBoost,1524,508,508,,0.5216535433070866,0.4921259842519685,0.5511811023622047,0.5230125523012552,0.4921259842519685,0.5070993914807302,0.5329608159216319,125,129,140,114,508
2,RMU-LAT,end_band,LR,1524,508,508,,0.5610236220472441,0.5590551181102362,0.562992125984252,0.5612648221343873,0.5590551181102362,0.5601577909270217,0.5749426498852998,142,112,143,111,508
2,RMU-LAT,end_band,RF,1524,508,508,,0.4940944881889764,0.47244094488188976,0.515748031496063,0.49382716049382713,0.47244094488188976,0.482897384305835,0.526505053010106,120,134,131,123,508
2,RMU-LAT,end_band,AdaBoost,1524,508,508,,0.515748031496063,0.49606299212598426,0.5354330708661418,0.5163934426229508,0.49606299212598426,0.5060240963855421,0.5341543183086366,126,128,136,118,508
2,RMU-LAT,ib_no_pca,LR,1524,508,508,,0.5610236220472441,0.5905511811023622,0.531496062992126,0.5576208178438662,0.5905511811023622,0.5736137667304015,0.5816076632153264,150,104,135,119,508
2,RMU-LAT,ib_no_pca,RF,1524,508,508,,0.5354330708661418,0.5118110236220472,0.5590551181102362,0.5371900826446281,0.5118110236220472,0.5241935483870968,0.5750434000868002,130,124,142,112,508
2,RMU-LAT,ib_no_pca,AdaBoost,1524,508,508,,0.5590551181102362,0.5787401574803149,0.5393700787401575,0.5568181818181818,0.5787401574803149,0.5675675675675675,0.5820881641763285,147,107,137,117,508
2,RMU-LAT,vote_ensemble,LR,1524,508,508,,0.5885826771653543,0.6338582677165354,0.5433070866141733,0.5812274368231047,0.6338582677165354,0.6064030131826742,,161,93,138,116,508
2,RMU-LAT,vote_ensemble,RF,1524,508,508,,0.5669291338582677,0.5669291338582677,0.5669291338582677,0.5669291338582677,0.5669291338582677,0.5669291338582677,,144,110,144,110,508
2,RMU-LAT,vote_ensemble,AdaBoost,1524,508,508,,0.5393700787401575,0.547244094488189,0.531496062992126,0.5387596899224806,0.547244094488189,0.54296875,,139,115,135,119,508
2,RMU-LAT,avg_ensemble,LR,1524,508,508,,0.5984251968503937,0.6377952755905512,0.5590551181102362,0.5912408759124088,0.6377952755905512,0.6136363636363636,0.6221247442494885,162,92,142,112,508
2,RMU-LAT,avg_ensemble,RF,1524,508,508,,0.5452755905511811,0.5826771653543307,0.5078740157480315,0.5421245421245421,0.5826771653543307,0.5616698292220114,0.5747256494512989,148,106,129,125,508
2,RMU-LAT,avg_ensemble,AdaBoost,1524,508,508,,0.5275590551181102,0.5511811023622047,0.5039370078740157,0.5263157894736842,0.5511811023622047,0.5384615384615384,0.5640461280922562,140,114,128,126,508
3,RMU-LAT,per_layer,LR,1524,508,508,10,0.5984251968503937,0.6023622047244095,0.594488188976378,0.59765625,0.6023622047244095,0.6,0.6206987413974828,153,101,151,103,508
3,RMU-LAT,per_layer,RF,1524,508,508,11,0.547244094488189,0.47244094488188976,0.6220472440944882,0.5555555555555556,0.47244094488188976,0.5106382978723404,0.5695563891127783,120,134,158,96,508
3,RMU-LAT,per_layer,AdaBoost,1524,508,508,1,0.5748031496062992,0.5826771653543307,0.5669291338582677,0.5736434108527132,0.5826771653543307,0.578125,0.5842039184078368,148,106,144,110,508
3,RMU-LAT,mid_band,LR,1524,508,508,,0.5531496062992126,0.5551181102362205,0.5511811023622047,0.5529411764705883,0.5551181102362205,0.5540275049115914,0.6000527001054001,141,113,140,114,508
3,RMU-LAT,mid_band,RF,1524,508,508,,0.5669291338582677,0.484251968503937,0.6496062992125984,0.5801886792452831,0.484251968503937,0.5278969957081545,0.5746713993427986,123,131,165,89,508
3,RMU-LAT,mid_band,AdaBoost,1524,508,508,,0.5551181102362205,0.5669291338582677,0.5433070866141733,0.5538461538461539,0.5669291338582677,0.5603112840466926,0.5646351292702585,144,110,138,116,508
3,RMU-LAT,full_layer,LR,1524,508,508,,0.5748031496062992,0.5866141732283464,0.562992125984252,0.573076923076923,0.5866141732283464,0.5797665369649806,0.6123132246264493,149,105,143,111,508
3,RMU-LAT,full_layer,RF,1524,508,508,,0.547244094488189,0.44881889763779526,0.6456692913385826,0.5588235294117647,0.44881889763779526,0.4978165938864629,0.5549011098022196,114,140,164,90,508
3,RMU-LAT,full_layer,AdaBoost,1524,508,508,,0.5236220472440944,0.4921259842519685,0.5551181102362205,0.5252100840336135,0.4921259842519685,0.508130081300813,0.5545601091202182,125,129,141,113,508
3,RMU-LAT,init_band,LR,1524,508,508,,0.5807086614173228,0.5748031496062992,0.5866141732283464,0.5816733067729084,0.5748031496062992,0.5782178217821782,0.6110422220844443,146,108,149,105,508
3,RMU-LAT,init_band,RF,1524,508,508,,0.5492125984251969,0.4763779527559055,0.6220472440944882,0.5576036866359447,0.4763779527559055,0.5138004246284501,0.5653093806187612,121,133,158,96,508
3,RMU-LAT,init_band,AdaBoost,1524,508,508,,0.5413385826771654,0.5118110236220472,0.5708661417322834,0.5439330543933054,0.5118110236220472,0.5273833671399595,0.5660843821687643,130,124,145,109,508
3,RMU-LAT,init_band_emb,LR,1524,508,508,,0.5807086614173228,0.5748031496062992,0.5866141732283464,0.5816733067729084,0.5748031496062992,0.5782178217821782,0.6110422220844443,146,108,149,105,508
3,RMU-LAT,init_band_emb,RF,1524,508,508,,0.5531496062992126,0.46062992125984253,0.6456692913385826,0.5652173913043478,0.46062992125984253,0.5075921908893709,0.570765391530783,117,137,164,90,508
3,RMU-LAT,init_band_emb,AdaBoost,1524,508,508,,0.5413385826771654,0.5118110236220472,0.5708661417322834,0.5439330543933054,0.5118110236220472,0.5273833671399595,0.5660843821687643,130,124,145,109,508
3,RMU-LAT,end_band,LR,1524,508,508,,0.5688976377952756,0.5748031496062992,0.562992125984252,0.5680933852140078,0.5748031496062992,0.5714285714285714,0.5927831855663711,146,108,143,111,508
3,RMU-LAT,end_band,RF,1524,508,508,,0.5275590551181102,0.4921259842519685,0.562992125984252,0.5296610169491526,0.4921259842519685,0.5102040816326531,0.5374713249426498,125,129,143,111,508
3,RMU-LAT,end_band,AdaBoost,1524,508,508,,0.5334645669291339,0.5787401574803149,0.4881889763779528,0.5306859205776173,0.5787401574803149,0.5536723163841808,0.5427413354826709,147,107,124,130,508
3,RMU-LAT,ib_no_pca,LR,1524,508,508,,0.59251968503937,0.5866141732283464,0.5984251968503937,0.5936254980079682,0.5866141732283464,0.5900990099009901,0.5956816913633828,149,105,152,102,508
3,RMU-LAT,ib_no_pca,RF,1524,508,508,,0.5688976377952756,0.5393700787401575,0.5984251968503937,0.5732217573221757,0.5393700787401575,0.5557809330628803,0.6133827267654537,137,117,152,102,508
3,RMU-LAT,ib_no_pca,AdaBoost,1524,508,508,,0.5708661417322834,0.5590551181102362,0.5826771653543307,0.5725806451612904,0.5590551181102362,0.5657370517928287,0.5776861553723107,142,112,148,106,508
3,RMU-LAT,vote_ensemble,LR,1524,508,508,,0.5688976377952756,0.5787401574803149,0.5590551181102362,0.5675675675675675,0.5787401574803149,0.5730994152046783,,147,107,142,112,508
3,RMU-LAT,vote_ensemble,RF,1524,508,508,,0.5531496062992126,0.5,0.6062992125984252,0.5594713656387665,0.5,0.5280665280665281,,127,127,154,100,508
3,RMU-LAT,vote_ensemble,AdaBoost,1524,508,508,,0.59251968503937,0.562992125984252,0.6220472440944882,0.5983263598326359,0.562992125984252,0.5801217038539553,,143,111,158,96,508
3,RMU-LAT,avg_ensemble,LR,1524,508,508,,0.5688976377952756,0.5748031496062992,0.562992125984252,0.5680933852140078,0.5748031496062992,0.5714285714285714,0.6184047368094736,146,108,143,111,508
3,RMU-LAT,avg_ensemble,RF,1524,508,508,,0.5433070866141733,0.5236220472440944,0.562992125984252,0.5450819672131147,0.5236220472440944,0.5341365461847389,0.5914191828383657,133,121,143,111,508
3,RMU-LAT,avg_ensemble,AdaBoost,1524,508,508,,0.5846456692913385,0.5393700787401575,0.6299212598425197,0.5930735930735931,0.5393700787401575,0.5649484536082474,0.5971696943393887,137,117,160,94,508
4,RMU-LAT,per_layer,LR,1524,508,508,11,0.6003937007874016,0.6220472440944882,0.5787401574803149,0.5962264150943396,0.6220472440944882,0.6088631984585742,0.6226827453654908,158,96,147,107,508
4,RMU-LAT,per_layer,RF,1524,508,508,4,0.5118110236220472,0.484251968503937,0.5393700787401575,0.5125,0.484251968503937,0.4979757085020243,0.5576136152272304,123,131,137,117,508
4,RMU-LAT,per_layer,AdaBoost,1524,508,508,5,0.547244094488189,0.5590551181102362,0.5354330708661418,0.5461538461538461,0.5590551181102362,0.5525291828793775,0.5619071238142477,142,112,136,118,508
4,RMU-LAT,mid_band,LR,1524,508,508,,0.5748031496062992,0.5748031496062992,0.5748031496062992,0.5748031496062992,0.5748031496062992,0.5748031496062992,0.6153047306094612,146,108,146,108,508
4,RMU-LAT,mid_band,RF,1524,508,508,,0.5649606299212598,0.5433070866141733,0.5866141732283464,0.5679012345679012,0.5433070866141733,0.5553319919517102,0.5941084382168764,138,116,149,105,508
4,RMU-LAT,mid_band,AdaBoost,1524,508,508,,0.5570866141732284,0.5866141732283464,0.5275590551181102,0.5539033457249071,0.5866141732283464,0.5697896749521989,0.5653093806187612,149,105,134,120,508
4,RMU-LAT,full_layer,LR,1524,508,508,,0.6141732283464567,0.6259842519685039,0.6023622047244095,0.6115384615384616,0.6259842519685039,0.6186770428015564,0.634245768491537,159,95,153,101,508
4,RMU-LAT,full_layer,RF,1524,508,508,,0.5433070866141733,0.5118110236220472,0.5748031496062992,0.5462184873949579,0.5118110236220472,0.5284552845528455,0.5640616281232563,130,124,146,108,508
4,RMU-LAT,full_layer,AdaBoost,1524,508,508,,0.5255905511811023,0.5236220472440944,0.5275590551181102,0.525691699604743,0.5236220472440944,0.52465483234714,0.5304498108996218,133,121,134,120,508
4,RMU-LAT,init_band,LR,1524,508,508,,0.594488188976378,0.5826771653543307,0.6062992125984252,0.5967741935483871,0.5826771653543307,0.5896414342629482,0.6372682745365491,148,106,154,100,508
4,RMU-LAT,init_band,RF,1524,508,508,,0.5354330708661418,0.515748031496063,0.5551181102362205,0.5368852459016393,0.515748031496063,0.5261044176706827,0.5531263562527124,131,123,141,113,508
4,RMU-LAT,init_band,AdaBoost,1524,508,508,,0.515748031496063,0.5511811023622047,0.48031496062992124,0.5147058823529411,0.5511811023622047,0.532319391634981,0.5465620931241862,140,114,122,132,508
4,RMU-LAT,init_band_emb,LR,1524,508,508,,0.594488188976378,0.5826771653543307,0.6062992125984252,0.5967741935483871,0.5826771653543307,0.5896414342629482,0.637283774567549,148,106,154,100,508
4,RMU-LAT,init_band_emb,RF,1524,508,508,,0.5393700787401575,0.5118110236220472,0.5669291338582677,0.5416666666666666,0.5118110236220472,0.5263157894736842,0.5551413602827207,130,124,144,110,508
4,RMU-LAT,init_band_emb,AdaBoost,1524,508,508,,0.5610236220472441,0.5787401574803149,0.5433070866141733,0.55893536121673,0.5787401574803149,0.5686653771760155,0.559504619009238,147,107,138,116,508
4,RMU-LAT,end_band,LR,1524,508,508,,0.5570866141732284,0.5708661417322834,0.5433070866141733,0.5555555555555556,0.5708661417322834,0.5631067961165048,0.5962396924793849,145,109,138,116,508
4,RMU-LAT,end_band,RF,1524,508,508,,0.5492125984251969,0.5196850393700787,0.5787401574803149,0.5523012552301255,0.5196850393700787,0.5354969574036511,0.5740823981647962,132,122,147,107,508
4,RMU-LAT,end_band,AdaBoost,1524,508,508,,0.5078740157480315,0.5236220472440944,0.4921259842519685,0.5076335877862596,0.5236220472440944,0.5155038759689923,0.5195920391840784,133,121,125,129,508
4,RMU-LAT,ib_no_pca,LR,1524,508,508,,0.5669291338582677,0.5511811023622047,0.5826771653543307,0.5691056910569106,0.5511811023622047,0.56,0.5916671833343666,140,114,148,106,508
4,RMU-LAT,ib_no_pca,RF,1524,508,508,,0.562992125984252,0.5354330708661418,0.5905511811023622,0.5666666666666667,0.5354330708661418,0.5506072874493927,0.5961854423708848,136,118,150,104,508
4,RMU-LAT,ib_no_pca,AdaBoost,1524,508,508,,0.5216535433070866,0.5551181102362205,0.4881889763779528,0.5202952029520295,0.5551181102362205,0.5371428571428571,0.5365568231136462,141,113,124,130,508
4,RMU-LAT,vote_ensemble,LR,1524,508,508,,0.5748031496062992,0.5905511811023622,0.5590551181102362,0.5725190839694656,0.5905511811023622,0.5813953488372093,,150,104,142,112,508
4,RMU-LAT,vote_ensemble,RF,1524,508,508,,0.5866141732283464,0.547244094488189,0.6259842519685039,0.594017094017094,0.547244094488189,0.569672131147541,,139,115,159,95,508
4,RMU-LAT,vote_ensemble,AdaBoost,1524,508,508,,0.5728346456692913,0.5511811023622047,0.594488188976378,0.5761316872427984,0.5511811023622047,0.5633802816901409,,140,114,151,103,508
4,RMU-LAT,avg_ensemble,LR,1524,508,508,,0.5826771653543307,0.594488188976378,0.5708661417322834,0.5807692307692308,0.594488188976378,0.5875486381322957,0.6253642507285014,151,103,145,109,508
4,RMU-LAT,avg_ensemble,RF,1524,508,508,,0.5570866141732284,0.5708661417322834,0.5433070866141733,0.5555555555555556,0.5708661417322834,0.5631067961165048,0.5942866885733771,145,109,138,116,508
4,RMU-LAT,avg_ensemble,AdaBoost,1524,508,508,,0.5531496062992126,0.594488188976378,0.5118110236220472,0.5490909090909091,0.594488188976378,0.5708884688090737,0.5709436418872837,151,103,130,124,508
0,RepNoise,per_layer,LR,1524,508,508,11,0.5964566929133859,0.6023622047244095,0.5905511811023622,0.5953307392996109,0.6023622047244095,0.598825831702544,0.6132897265794532,153,101,150,104,508
0,RepNoise,per_layer,RF,1524,508,508,8,0.531496062992126,0.5196850393700787,0.5433070866141733,0.532258064516129,0.5196850393700787,0.5258964143426295,0.571749643499287,132,122,138,116,508
0,RepNoise,per_layer,AdaBoost,1524,508,508,1,0.5590551181102362,0.5590551181102362,0.5590551181102362,0.5590551181102362,0.5590551181102362,0.5590551181102362,0.5737258974517949,142,112,142,112,508
0,RepNoise,mid_band,LR,1524,508,508,,0.5728346456692913,0.562992125984252,0.5826771653543307,0.5742971887550201,0.562992125984252,0.5685884691848907,0.6219387438774877,143,111,148,106,508
0,RepNoise,mid_band,RF,1524,508,508,,0.5570866141732284,0.5196850393700787,0.594488188976378,0.5617021276595745,0.5196850393700787,0.5398773006134969,0.5667043834087668,132,122,151,103,508
0,RepNoise,mid_band,AdaBoost,1524,508,508,,0.547244094488189,0.5590551181102362,0.5354330708661418,0.5461538461538461,0.5590551181102362,0.5525291828793775,0.5457870915741831,142,112,136,118,508
0,RepNoise,full_layer,LR,1524,508,508,,0.6318897637795275,0.5905511811023622,0.6732283464566929,0.6437768240343348,0.5905511811023622,0.6160164271047228,0.6507688015376031,150,104,171,83,508
0,RepNoise,full_layer,RF,1524,508,508,,0.5374015748031497,0.46062992125984253,0.6141732283464567,0.5441860465116279,0.46062992125984253,0.4989339019189765,0.5515686031372062,117,137,156,98,508
0,RepNoise,full_layer,AdaBoost,1524,508,508,,0.5551181102362205,0.5196850393700787,0.5905511811023622,0.559322033898305,0.5196850393700787,0.5387755102040817,0.5732608965217931,132,122,150,104,508
0,RepNoise,init_band,LR,1524,508,508,,0.6259842519685039,0.5787401574803149,0.6732283464566929,0.6391304347826087,0.5787401574803149,0.6074380165289256,0.6406627813255628,147,107,171,83,508
0,RepNoise,init_band,RF,1524,508,508,,0.562992125984252,0.5,0.6259842519685039,0.5720720720720721,0.5,0.5336134453781513,0.5951701903403808,127,127,159,95,508
0,RepNoise,init_band,AdaBoost,1524,508,508,,0.5570866141732284,0.5433070866141733,0.5708661417322834,0.5587044534412956,0.5433070866141733,0.5508982035928144,0.5856996713993428,138,116,145,109,508
0,RepNoise,init_band_emb,LR,1524,508,508,,0.6259842519685039,0.5787401574803149,0.6732283464566929,0.6391304347826087,0.5787401574803149,0.6074380165289256,0.6406627813255628,147,107,171,83,508
0,RepNoise,init_band_emb,RF,1524,508,508,,0.5748031496062992,0.5196850393700787,0.6299212598425197,0.584070796460177,0.5196850393700787,0.55,0.5986964473928947,132,122,160,94,508
0,RepNoise,init_band_emb,AdaBoost,1524,508,508,,0.5649606299212598,0.5826771653543307,0.547244094488189,0.5627376425855514,0.5826771653543307,0.5725338491295938,0.6011222022444045,148,106,139,115,508
0,RepNoise,end_band,LR,1524,508,508,,0.5669291338582677,0.6141732283464567,0.5196850393700787,0.5611510791366906,0.6141732283464567,0.5864661654135338,0.5926126852253705,156,98,132,122,508
0,RepNoise,end_band,RF,1524,508,508,,0.515748031496063,0.4330708661417323,0.5984251968503937,0.5188679245283019,0.4330708661417323,0.4721030042918455,0.5242730485460971,110,144,152,102,508
0,RepNoise,end_band,AdaBoost,1524,508,508,,0.5039370078740157,0.515748031496063,0.4921259842519685,0.5038461538461538,0.515748031496063,0.5097276264591439,0.5207002914005828,131,123,125,129,508
0,RepNoise,ib_no_pca,LR,1524,508,508,,0.5846456692913385,0.594488188976378,0.5748031496062992,0.583011583011583,0.594488188976378,0.5886939571150097,0.611987723975448,151,103,146,108,508
0,RepNoise,ib_no_pca,RF,1524,508,508,,0.5590551181102362,0.5393700787401575,0.5787401574803149,0.5614754098360656,0.5393700787401575,0.5502008032128514,0.5951701903403805,137,117,147,107,508
0,RepNoise,ib_no_pca,AdaBoost,1524,508,508,,0.5039370078740157,0.4921259842519685,0.515748031496063,0.5040322580645161,0.4921259842519685,0.49800796812749004,0.5168562837125674,125,129,131,123,508
0,RepNoise,vote_ensemble,LR,1524,508,508,,0.5984251968503937,0.610236220472441,0.5866141732283464,0.5961538461538461,0.610236220472441,0.603112840466926,,155,99,149,105,508
0,RepNoise,vote_ensemble,RF,1524,508,508,,0.5846456692913385,0.5669291338582677,0.6023622047244095,0.5877551020408164,0.5669291338582677,0.5771543086172345,,144,110,153,101,508
0,RepNoise,vote_ensemble,AdaBoost,1524,508,508,,0.5511811023622047,0.5787401574803149,0.5236220472440944,0.5485074626865671,0.5787401574803149,0.5632183908045977,,147,107,133,121,508
0,RepNoise,avg_ensemble,LR,1524,508,508,,0.59251968503937,0.610236220472441,0.5748031496062992,0.5893536121673004,0.610236220472441,0.5996131528046421,0.6337652675305351,155,99,146,108,508
0,RepNoise,avg_ensemble,RF,1524,508,508,,0.5807086614173228,0.6062992125984252,0.5551181102362205,0.5767790262172284,0.6062992125984252,0.5911708253358925,0.5973479446958894,154,100,141,113,508
0,RepNoise,avg_ensemble,AdaBoost,1524,508,508,,0.5570866141732284,0.562992125984252,0.5511811023622047,0.556420233463035,0.562992125984252,0.5596868884540117,0.5720596441192882,143,111,140,114,508
1,RepNoise,per_layer,LR,1524,508,508,20,0.5748031496062992,0.594488188976378,0.5551181102362205,0.571969696969697,0.594488188976378,0.583011583011583,0.6065937131874264,151,103,141,113,508
1,RepNoise,per_layer,RF,1524,508,508,1,0.5748031496062992,0.5236220472440944,0.6259842519685039,0.5833333333333334,0.5236220472440944,0.5518672199170125,0.6157929815859632,133,121,159,95,508
1,RepNoise,per_layer,AdaBoost,1524,508,508,4,0.5295275590551181,0.515748031496063,0.5433070866141733,0.5303643724696356,0.515748031496063,0.5229540918163673,0.5200415400830801,131,123,138,116,508
1,RepNoise,mid_band,LR,1524,508,508,,0.562992125984252,0.5748031496062992,0.5511811023622047,0.5615384615384615,0.5748031496062992,0.5680933852140078,0.6205592411184823,146,108,140,114,508
1,RepNoise,mid_band,RF,1524,508,508,,0.5433070866141733,0.42913385826771655,0.65748031496063,0.5561224489795918,0.42913385826771655,0.48444444444444446,0.5610856221712444,109,145,167,87,508
1,RepNoise,mid_band,AdaBoost,1524,508,508,,0.5551181102362205,0.5708661417322834,0.5393700787401575,0.5534351145038168,0.5708661417322834,0.562015503875969,0.5720906441812884,145,109,137,117,508
1,RepNoise,full_layer,LR,1524,508,508,,0.6279527559055118,0.6259842519685039,0.6299212598425197,0.6284584980237155,0.6259842519685039,0.6272189349112426,0.6590613181226362,159,95,160,94,508
1,RepNoise,full_layer,RF,1524,508,508,,0.5511811023622047,0.43700787401574803,0.6653543307086615,0.5663265306122449,0.43700787401574803,0.49333333333333335,0.5606438712877426,111,143,169,85,508
1,RepNoise,full_layer,AdaBoost,1524,508,508,,0.5846456692913385,0.5511811023622047,0.6181102362204725,0.5907172995780591,0.5511811023622047,0.570264765784114,0.5769034038068076,140,114,157,97,508
1,RepNoise,init_band,LR,1524,508,508,,0.6122047244094488,0.5984251968503937,0.6259842519685039,0.6153846153846154,0.5984251968503937,0.6067864271457086,0.6528303056606113,152,102,159,95,508
1,RepNoise,init_band,RF,1524,508,508,,0.5492125984251969,0.4921259842519685,0.6062992125984252,0.5555555555555556,0.4921259842519685,0.5219206680584552,0.5694401388802777,125,129,154,100,508
1,RepNoise,init_band,AdaBoost,1524,508,508,,0.547244094488189,0.4881889763779528,0.6062992125984252,0.5535714285714286,0.4881889763779528,0.5188284518828452,0.5509563519127039,124,130,154,100,508
1,RepNoise,init_band_emb,LR,1524,508,508,,0.6122047244094488,0.5984251968503937,0.6259842519685039,0.6153846153846154,0.5984251968503937,0.6067864271457086,0.6528303056606113,152,102,159,95,508
1,RepNoise,init_band_emb,RF,1524,508,508,,0.5275590551181102,0.4645669291338583,0.5905511811023622,0.5315315315315315,0.4645669291338583,0.4957983193277311,0.5640461280922562,118,136,150,104,508
1,RepNoise,init_band_emb,AdaBoost,1524,508,508,,0.5492125984251969,0.5393700787401575,0.5590551181102362,0.5502008032128514,0.5393700787401575,0.5447316103379721,0.5726796453592907,137,117,142,112,508
1,RepNoise,end_band,LR,1524,508,508,,0.562992125984252,0.5551181102362205,0.5708661417322834,0.564,0.5551181102362205,0.5595238095238095,0.5842736685473371,141,113,145,109,508
1,RepNoise,end_band,RF,1524,508,508,,0.5118110236220472,0.38188976377952755,0.6417322834645669,0.5159574468085106,0.38188976377952755,0.43891402714932126,0.5224207948415898,97,157,163,91,508
1,RepNoise,end_band,AdaBoost,1524,508,508,,0.5196850393700787,0.5196850393700787,0.5196850393700787,0.5196850393700787,0.5196850393700787,0.5196850393700787,0.5276055552111104,132,122,132,122,508
1,RepNoise,ib_no_pca,LR,1524,508,508,,0.594488188976378,0.5748031496062992,0.6141732283464567,0.5983606557377049,0.5748031496062992,0.5863453815261044,0.6040517081034162,146,108,156,98,508
1,RepNoise,ib_no_pca,RF,1524,508,508,,0.5688976377952756,0.5511811023622047,0.5866141732283464,0.5714285714285714,0.5511811023622047,0.561122244488978,0.6039354578709157,140,114,149,105,508
1,RepNoise,ib_no_pca,AdaBoost,1524,508,508,,0.59251968503937,0.5826771653543307,0.6023622047244095,0.5943775100401606,0.5826771653543307,0.588469184890656,0.6117629735259471,148,106,153,101,508
1,RepNoise,vote_ensemble,LR,1524,508,508,,0.6062992125984252,0.6062992125984252,0.6062992125984252,0.6062992125984252,0.6062992125984252,0.6062992125984252,,154,100,154,100,508
1,RepNoise,vote_ensemble,RF,1524,508,508,,0.547244094488189,0.5236220472440944,0.5708661417322834,0.5495867768595041,0.5236220472440944,0.5362903225806451,,133,121,145,109,508
1,RepNoise,vote_ensemble,AdaBoost,1524,508,508,,0.5669291338582677,0.5748031496062992,0.5590551181102362,0.5658914728682171,0.5748031496062992,0.5703125,,146,108,142,112,508
1,RepNoise,avg_ensemble,LR,1524,508,508,,0.6003937007874016,0.6141732283464567,0.5866141732283464,0.5977011494252874,0.6141732283464567,0.6058252427184466,0.6316572633145265,156,98,149,105,508
1,RepNoise,avg_ensemble,RF,1524,508,508,,0.5551181102362205,0.5708661417322834,0.5393700787401575,0.5534351145038168,0.5708661417322834,0.562015503875969,0.595270940541881,145,109,137,117,508
1,RepNoise,avg_ensemble,AdaBoost,1524,508,508,,0.5767716535433071,0.5748031496062992,0.5787401574803149,0.5770750988142292,0.5748031496062992,0.5759368836291914,0.5850951701903403,146,108,147,107,508
2,RepNoise,per_layer,LR,1524,508,508,18,0.5688976377952756,0.5984251968503937,0.5393700787401575,0.5650557620817844,0.5984251968503937,0.5812619502868069,0.583266166532333,152,102,137,117,508
2,RepNoise,per_layer,RF,1524,508,508,7,0.5413385826771654,0.48031496062992124,0.6023622047244095,0.547085201793722,0.48031496062992124,0.5115303983228512,0.5630308760617522,122,132,153,101,508
2,RepNoise,per_layer,AdaBoost,1524,508,508,5,0.5216535433070866,0.562992125984252,0.48031496062992124,0.52,0.562992125984252,0.5406427221172023,0.5311163122326245,143,111,122,132,508
2,RepNoise,mid_band,LR,1524,508,508,,0.5492125984251969,0.531496062992126,0.5669291338582677,0.5510204081632653,0.531496062992126,0.5410821643286573,0.5927056854113708,135,119,144,110,508
2,RepNoise,mid_band,RF,1524,508,508,,0.5196850393700787,0.4448818897637795,0.594488188976378,0.5231481481481481,0.4448818897637795,0.4808510638297872,0.5276675553351107,113,141,151,103,508
2,RepNoise,mid_band,AdaBoost,1524,508,508,,0.5531496062992126,0.531496062992126,0.5748031496062992,0.5555555555555556,0.531496062992126,0.5432595573440644,0.5713311426622854,135,119,146,108,508
2,RepNoise,full_layer,LR,1524,508,508,,0.5748031496062992,0.5669291338582677,0.5826771653543307,0.576,0.5669291338582677,0.5714285714285714,0.6202337404674809,144,110,148,106,508
2,RepNoise,full_layer,RF,1524,508,508,,0.5216535433070866,0.4015748031496063,0.6417322834645669,0.5284974093264249,0.4015748031496063,0.4563758389261745,0.557985615971232,102,152,163,91,508
2,RepNoise,full_layer,AdaBoost,1524,508,508,,0.5433070866141733,0.5354330708661418,0.5511811023622047,0.544,0.5354330708661418,0.5396825396825397,0.5598766197532395,136,118,140,114,508
2,RepNoise,init_band,LR,1524,508,508,,0.5846456692913385,0.594488188976378,0.5748031496062992,0.583011583011583,0.594488188976378,0.5886939571150097,0.6169167338334677,151,103,146,108,508
2,RepNoise,init_band,RF,1524,508,508,,0.562992125984252,0.4763779527559055,0.6496062992125984,0.5761904761904761,0.4763779527559055,0.521551724137931,0.5724083948167895,121,133,165,89,508
2,RepNoise,init_band,AdaBoost,1524,508,508,,0.5551181102362205,0.5196850393700787,0.5905511811023622,0.559322033898305,0.5196850393700787,0.5387755102040817,0.5696726393452787,132,122,150,104,508
2,RepNoise,init_band_emb,LR,1524,508,508,,0.5846456692913385,0.594488188976378,0.5748031496062992,0.583011583011583,0.594488188976378,0.5886939571150097,0.6169322338644678,151,103,146,108,508
2,RepNoise,init_band_emb,RF,1524,508,508,,0.5748031496062992,0.4921259842519685,0.65748031496063,0.589622641509434,0.4921259842519685,0.5364806866952789,0.577004154008308,125,129,167,87,508
2,RepNoise,init_band_emb,AdaBoost,1524,508,508,,0.5551181102362205,0.5196850393700787,0.5905511811023622,0.559322033898305,0.5196850393700787,0.5387755102040817,0.5696726393452787,132,122,150,104,508
2,RepNoise,end_band,LR,1524,508,508,,0.547244094488189,0.5118110236220472,0.5826771653543307,0.5508474576271186,0.5118110236220472,0.5306122448979592,0.5627906255812511,130,124,148,106,508
2,RepNoise,end_band,RF,1524,508,508,,0.5354330708661418,0.452755905511811,0.6181102362204725,0.5424528301886793,0.452755905511811,0.49356223175965663,0.5463528427056854,115,139,157,97,508
2,RepNoise,end_band,AdaBoost,1524,508,508,,0.5433070866141733,0.48031496062992124,0.6062992125984252,0.5495495495495496,0.48031496062992124,0.5126050420168067,0.5381843263686528,122,132,154,100,508
2,RepNoise,ib_no_pca,LR,1524,508,508,,0.5688976377952756,0.6062992125984252,0.531496062992126,0.5641025641025641,0.6062992125984252,0.5844402277039848,0.5983476966953934,154,100,135,119,508
2,RepNoise,ib_no_pca,RF,1524,508,508,,0.5669291338582677,0.5708661417322834,0.562992125984252,0.56640625,0.5708661417322834,0.5686274509803921,0.6131347262694526,145,109,143,111,508
2,RepNoise,ib_no_pca,AdaBoost,1524,508,508,,0.5511811023622047,0.5393700787401575,0.562992125984252,0.5524193548387096,0.5393700787401575,0.545816733067729,0.5540796081592163,137,117,143,111,508
2,RepNoise,vote_ensemble,LR,1524,508,508,,0.5708661417322834,0.6259842519685039,0.515748031496063,0.5638297872340425,0.6259842519685039,0.5932835820895522,,159,95,131,123,508
2,RepNoise,vote_ensemble,RF,1524,508,508,,0.5531496062992126,0.5039370078740157,0.6023622047244095,0.5589519650655022,0.5039370078740157,0.5300207039337475,,128,126,153,101,508
2,RepNoise,vote_ensemble,AdaBoost,1524,508,508,,0.5275590551181102,0.5393700787401575,0.515748031496063,0.5269230769230769,0.5393700787401575,0.5330739299610895,,137,117,131,123,508
2,RepNoise,avg_ensemble,LR,1524,508,508,,0.5708661417322834,0.6220472440944882,0.5196850393700787,0.5642857142857143,0.6220472440944882,0.5917602996254682,0.6071982143964288,158,96,132,122,508
2,RepNoise,avg_ensemble,RF,1524,508,508,,0.5551181102362205,0.5354330708661418,0.5748031496062992,0.5573770491803278,0.5354330708661418,0.5461847389558233,0.569238638477277,136,118,146,108,508
2,RepNoise,avg_ensemble,AdaBoost,1524,508,508,,0.5531496062992126,0.5669291338582677,0.5393700787401575,0.5517241379310345,0.5669291338582677,0.5592233009708738,0.5833126666253332,144,110,137,117,508
3,RepNoise,per_layer,LR,1524,508,508,12,0.5708661417322834,0.5590551181102362,0.5826771653543307,0.5725806451612904,0.5590551181102362,0.5657370517928287,0.6024552049104098,142,112,148,106,508
3,RepNoise,per_layer,RF,1524,508,508,21,0.5393700787401575,0.4566929133858268,0.6220472440944882,0.5471698113207547,0.4566929133858268,0.4978540772532189,0.5415633331266663,116,138,158,96,508
3,RepNoise,per_layer,AdaBoost,1524,508,508,4,0.5275590551181102,0.515748031496063,0.5393700787401575,0.5282258064516129,0.515748031496063,0.5219123505976095,0.5506231012462025,131,123,137,117,508
3,RepNoise,mid_band,LR,1524,508,508,,0.5728346456692913,0.5236220472440944,0.6220472440944882,0.5807860262008734,0.5236220472440944,0.5507246376811594,0.6044237088474177,133,121,158,96,508
3,RepNoise,mid_band,RF,1524,508,508,,0.5236220472440944,0.452755905511811,0.594488188976378,0.5275229357798165,0.452755905511811,0.4872881355932203,0.5592333684667369,115,139,151,103,508
3,RepNoise,mid_band,AdaBoost,1524,508,508,,0.5413385826771654,0.452755905511811,0.6299212598425197,0.5502392344497608,0.452755905511811,0.49676025917926564,0.5544206088412177,115,139,160,94,508
3,RepNoise,full_layer,LR,1524,508,508,,0.5826771653543307,0.5708661417322834,0.594488188976378,0.5846774193548387,0.5708661417322834,0.5776892430278885,0.6243567487134973,145,109,151,103,508
3,RepNoise,full_layer,RF,1524,508,508,,0.5255905511811023,0.468503937007874,0.5826771653543307,0.5288888888888889,0.468503937007874,0.4968684759916493,0.5567301134602269,119,135,148,106,508
3,RepNoise,full_layer,AdaBoost,1524,508,508,,0.5275590551181102,0.5393700787401575,0.515748031496063,0.5269230769230769,0.5393700787401575,0.5330739299610895,0.5366498232996466,137,117,131,123,508
3,RepNoise,init_band,LR,1524,508,508,,0.5846456692913385,0.5669291338582677,0.6023622047244095,0.5877551020408164,0.5669291338582677,0.5771543086172345,0.623736747473495,144,110,153,101,508
3,RepNoise,init_band,RF,1524,508,508,,0.5433070866141733,0.44881889763779526,0.6377952755905512,0.5533980582524272,0.44881889763779526,0.4956521739130435,0.5761284022568045,114,140,162,92,508
3,RepNoise,init_band,AdaBoost,1524,508,508,,0.531496062992126,0.4763779527559055,0.5866141732283464,0.5353982300884956,0.4763779527559055,0.5041666666666667,0.5667121334242669,121,133,149,105,508
3,RepNoise,init_band_emb,LR,1524,508,508,,0.5846456692913385,0.5669291338582677,0.6023622047244095,0.5877551020408164,0.5669291338582677,0.5771543086172345,0.6237057474114949,144,110,153,101,508
3,RepNoise,init_band_emb,RF,1524,508,508,,0.5374015748031497,0.43700787401574803,0.6377952755905512,0.5467980295566502,0.43700787401574803,0.48577680525164113,0.5777559055118111,111,143,162,92,508
3,RepNoise,init_band_emb,AdaBoost,1524,508,508,,0.5413385826771654,0.5275590551181102,0.5551181102362205,0.5425101214574899,0.5275590551181102,0.5349301397205589,0.5651776303552607,134,120,141,113,508
3,RepNoise,end_band,LR,1524,508,508,,0.5688976377952756,0.4645669291338583,0.6732283464566929,0.5870646766169154,0.4645669291338583,0.5186813186813187,0.5903031806063612,118,136,171,83,508
3,RepNoise,end_band,RF,1524,508,508,,0.5216535433070866,0.43700787401574803,0.6062992125984252,0.5260663507109005,0.43700787401574803,0.4774193548387097,0.5202352904705809,111,143,154,100,508
3,RepNoise,end_band,AdaBoost,1524,508,508,,0.5334645669291339,0.49606299212598426,0.5708661417322834,0.5361702127659574,0.49606299212598426,0.5153374233128835,0.5475773451546903,126,128,145,109,508
3,RepNoise,ib_no_pca,LR,1524,508,508,,0.5531496062992126,0.5393700787401575,0.5669291338582677,0.5546558704453441,0.5393700787401575,0.5469061876247505,0.5821656643313287,137,117,144,110,508
3,RepNoise,ib_no_pca,RF,1524,508,508,,0.547244094488189,0.4921259842519685,0.6023622047244095,0.5530973451327433,0.4921259842519685,0.5208333333333334,0.5708351416702833,125,129,153,101,508
3,RepNoise,ib_no_pca,AdaBoost,1524,508,508,,0.5334645669291339,0.5078740157480315,0.5590551181102362,0.5352697095435685,0.5078740157480315,0.5212121212121212,0.5568851137702275,129,125,142,112,508
3,RepNoise,vote_ensemble,LR,1524,508,508,,0.5807086614173228,0.5393700787401575,0.6220472440944882,0.5879828326180258,0.5393700787401575,0.5626283367556468,,137,117,158,96,508
3,RepNoise,vote_ensemble,RF,1524,508,508,,0.5374015748031497,0.43700787401574803,0.6377952755905512,0.5467980295566502,0.43700787401574803,0.48577680525164113,,111,143,162,92,508
3,RepNoise,vote_ensemble,AdaBoost,1524,508,508,,0.5669291338582677,0.5118110236220472,0.6220472440944882,0.5752212389380531,0.5118110236220472,0.5416666666666666,,130,124,158,96,508
3,RepNoise,avg_ensemble,LR,1524,508,508,,0.5787401574803149,0.5275590551181102,0.6299212598425197,0.5877192982456141,0.5275590551181102,0.5560165975103735,0.6185287370574741,134,120,160,94,508
3,RepNoise,avg_ensemble,RF,1524,508,508,,0.5531496062992126,0.4921259842519685,0.6141732283464567,0.5605381165919282,0.4921259842519685,0.5241090146750524,0.5807086614173228,125,129,156,98,508
3,RepNoise,avg_ensemble,AdaBoost,1524,508,508,,0.5531496062992126,0.5196850393700787,0.5866141732283464,0.5569620253164557,0.5196850393700787,0.5376782077393075,0.5636741273482546,132,122,149,105,508
4,RepNoise,per_layer,LR,1524,508,508,16,0.5570866141732284,0.547244094488189,0.5669291338582677,0.5582329317269076,0.547244094488189,0.5526838966202783,0.5958366916733834,139,115,144,110,508
4,RepNoise,per_layer,RF,1524,508,508,6,0.5688976377952756,0.5433070866141733,0.594488188976378,0.5726141078838174,0.5433070866141733,0.5575757575757576,0.6110189720379441,138,116,151,103,508
4,RepNoise,per_layer,AdaBoost,1524,508,508,1,0.515748031496063,0.5354330708661418,0.49606299212598426,0.5151515151515151,0.5354330708661418,0.525096525096525,0.5585281170562341,136,118,126,128,508
4,RepNoise,mid_band,LR,1524,508,508,,0.6043307086614174,0.5787401574803149,0.6299212598425197,0.6099585062240664,0.5787401574803149,0.593939393939394,0.6149327298654598,147,107,160,94,508
4,RepNoise,mid_band,RF,1524,508,508,,0.531496062992126,0.43700787401574803,0.6259842519685039,0.5388349514563107,0.43700787401574803,0.4826086956521739,0.5527931055862112,111,143,159,95,508
4,RepNoise,mid_band,AdaBoost,1524,508,508,,0.5255905511811023,0.5118110236220472,0.5393700787401575,0.5263157894736842,0.5118110236220472,0.5189620758483033,0.5656426312852625,130,124,137,117,508
4,RepNoise,full_layer,LR,1524,508,508,,0.5905511811023622,0.5708661417322834,0.610236220472441,0.5942622950819673,0.5708661417322834,0.5823293172690763,0.6326647653295308,145,109,155,99,508
4,RepNoise,full_layer,RF,1524,508,508,,0.5807086614173228,0.49606299212598426,0.6653543307086615,0.5971563981042654,0.49606299212598426,0.5419354838709678,0.6056559613119227,126,128,169,85,508
4,RepNoise,full_layer,AdaBoost,1524,508,508,,0.5511811023622047,0.547244094488189,0.5551181102362205,0.5515873015873016,0.547244094488189,0.549407114624506,0.5873194246388493,139,115,141,113,508
4,RepNoise,init_band,LR,1524,508,508,,0.5807086614173228,0.5669291338582677,0.594488188976378,0.582995951417004,0.5669291338582677,0.5748502994011976,0.6216132432264865,144,110,151,103,508
4,RepNoise,init_band,RF,1524,508,508,,0.547244094488189,0.4330708661417323,0.6614173228346457,0.5612244897959183,0.4330708661417323,0.4888888888888889,0.579499658999318,110,144,168,86,508
4,RepNoise,init_band,AdaBoost,1524,508,508,,0.5236220472440944,0.5196850393700787,0.5275590551181102,0.5238095238095238,0.5196850393700787,0.5217391304347826,0.5331933163866327,132,122,134,120,508
4,RepNoise,init_band_emb,LR,1524,508,508,,0.5807086614173228,0.5669291338582677,0.594488188976378,0.582995951417004,0.5669291338582677,0.5748502994011976,0.6216132432264865,144,110,151,103,508
4,RepNoise,init_band_emb,RF,1524,508,508,,0.5669291338582677,0.468503937007874,0.6653543307086615,0.5833333333333334,0.468503937007874,0.519650655021834,0.5889469278938558,119,135,169,85,508
4,RepNoise,init_band_emb,AdaBoost,1524,508,508,,0.547244094488189,0.5,0.594488188976378,0.5521739130434783,0.5,0.5247933884297521,0.5453143406286811,127,127,151,103,508
4,RepNoise,end_band,LR,1524,508,508,,0.5610236220472441,0.5511811023622047,0.5708661417322834,0.5622489959839357,0.5511811023622047,0.5566600397614314,0.5848781697563394,140,114,145,109,508
4,RepNoise,end_band,RF,1524,508,508,,0.5216535433070866,0.4448818897637795,0.5984251968503937,0.5255813953488372,0.4448818897637795,0.48187633262260127,0.5407883315766631,113,141,152,102,508
4,RepNoise,end_band,AdaBoost,1524,508,508,,0.5354330708661418,0.5196850393700787,0.5511811023622047,0.5365853658536586,0.5196850393700787,0.528,0.5510726021452044,132,122,140,114,508
4,RepNoise,ib_no_pca,LR,1524,508,508,,0.5374015748031497,0.5039370078740157,0.5708661417322834,0.540084388185654,0.5039370078740157,0.5213849287169042,0.5718581437162875,128,126,145,109,508
4,RepNoise,ib_no_pca,RF,1524,508,508,,0.5610236220472441,0.547244094488189,0.5748031496062992,0.562753036437247,0.547244094488189,0.5548902195608783,0.5932791865583732,139,115,146,108,508
4,RepNoise,ib_no_pca,AdaBoost,1524,508,508,,0.5334645669291339,0.5590551181102362,0.5078740157480315,0.5318352059925093,0.5590551181102362,0.54510556621881,0.5604036208072416,142,112,129,125,508
4,RepNoise,vote_ensemble,LR,1524,508,508,,0.5826771653543307,0.5275590551181102,0.6377952755905512,0.5929203539823009,0.5275590551181102,0.5583333333333333,,134,120,162,92,508
4,RepNoise,vote_ensemble,RF,1524,508,508,,0.5688976377952756,0.5,0.6377952755905512,0.5799086757990868,0.5,0.5369978858350951,,127,127,162,92,508
4,RepNoise,vote_ensemble,AdaBoost,1524,508,508,,0.5511811023622047,0.531496062992126,0.5708661417322834,0.5532786885245902,0.531496062992126,0.5421686746987951,,135,119,145,109,508
4,RepNoise,avg_ensemble,LR,1524,508,508,,0.5807086614173228,0.5196850393700787,0.6417322834645669,0.5919282511210763,0.5196850393700787,0.5534591194968553,0.6221092442184885,132,122,163,91,508
4,RepNoise,avg_ensemble,RF,1524,508,508,,0.5708661417322834,0.5354330708661418,0.6062992125984252,0.576271186440678,0.5354330708661418,0.5551020408163265,0.5882959265918533,136,118,154,100,508
4,RepNoise,avg_ensemble,AdaBoost,1524,508,508,,0.5531496062992126,0.5708661417322834,0.5354330708661418,0.5513307984790875,0.5708661417322834,0.5609284332688588,0.5814061628123256,145,109,136,118,508
0,ELM,per_layer,LR,1524,508,508,7,0.5826771653543307,0.6299212598425197,0.5354330708661418,0.5755395683453237,0.6299212598425197,0.6015037593984962,0.6116157232314464,160,94,136,118,508
0,ELM,per_layer,RF,1524,508,508,14,0.5570866141732284,0.5196850393700787,0.594488188976378,0.5617021276595745,0.5196850393700787,0.5398773006134969,0.5745241490482981,132,122,151,103,508
0,ELM,per_layer,AdaBoost,1524,508,508,4,0.5413385826771654,0.5275590551181102,0.5551181102362205,0.5425101214574899,0.5275590551181102,0.5349301397205589,0.554265608531217,134,120,141,113,508
0,ELM,mid_band,LR,1524,508,508,,0.6023622047244095,0.5826771653543307,0.6220472440944882,0.6065573770491803,0.5826771653543307,0.5943775100401606,0.651001302002604,148,106,158,96,508
0,ELM,mid_band,RF,1524,508,508,,0.5905511811023622,0.5551181102362205,0.6259842519685039,0.597457627118644,0.5551181102362205,0.5755102040816327,0.6123054746109492,141,113,159,95,508
0,ELM,mid_band,AdaBoost,1524,508,508,,0.5393700787401575,0.5393700787401575,0.5393700787401575,0.5393700787401575,0.5393700787401575,0.5393700787401575,0.5607291214582429,137,117,137,117,508
0,ELM,full_layer,LR,1524,508,508,,0.6181102362204725,0.6023622047244095,0.6338582677165354,0.6219512195121951,0.6023622047244095,0.612,0.6485522971045943,153,101,161,93,508
0,ELM,full_layer,RF,1524,508,508,,0.5531496062992126,0.46062992125984253,0.6456692913385826,0.5652173913043478,0.46062992125984253,0.5075921908893709,0.5786704073408147,117,137,164,90,508
0,ELM,full_layer,AdaBoost,1524,508,508,,0.5354330708661418,0.5078740157480315,0.562992125984252,0.5375,0.5078740157480315,0.5222672064777328,0.5641856283712567,129,125,143,111,508
0,ELM,init_band,LR,1524,508,508,,0.5866141732283464,0.5669291338582677,0.6062992125984252,0.5901639344262295,0.5669291338582677,0.5783132530120482,0.6269297538595078,144,110,154,100,508
0,ELM,init_band,RF,1524,508,508,,0.5433070866141733,0.49606299212598426,0.5905511811023622,0.5478260869565217,0.49606299212598426,0.5206611570247934,0.5601943703887408,126,128,150,104,508
0,ELM,init_band,AdaBoost,1524,508,508,,0.5452755905511811,0.5078740157480315,0.5826771653543307,0.548936170212766,0.5078740157480315,0.5276073619631901,0.5569471138942278,129,125,148,106,508
0,ELM,init_band_emb,LR,1524,508,508,,0.5866141732283464,0.5669291338582677,0.6062992125984252,0.5901639344262295,0.5669291338582677,0.5783132530120482,0.6269297538595078,144,110,154,100,508
0,ELM,init_band_emb,RF,1524,508,508,,0.5393700787401575,0.4921259842519685,0.5866141732283464,0.5434782608695652,0.4921259842519685,0.5165289256198347,0.5607523715047431,125,129,149,105,508
0,ELM,init_band_emb,AdaBoost,1524,508,508,,0.5452755905511811,0.5078740157480315,0.5826771653543307,0.548936170212766,0.5078740157480315,0.5276073619631901,0.5569471138942278,129,125,148,106,508
0,ELM,end_band,LR,1524,508,508,,0.5885826771653543,0.5866141732283464,0.5905511811023622,0.5889328063241107,0.5866141732283464,0.5877712031558185,0.6405852811705623,149,105,150,104,508
0,ELM,end_band,RF,1524,508,508,,0.5767716535433071,0.5039370078740157,0.6496062992125984,0.5898617511520737,0.5039370078740157,0.5435244161358811,0.5698121396242793,128,126,165,89,508
0,ELM,end_band,AdaBoost,1524,508,508,,0.5334645669291339,0.5354330708661418,0.531496062992126,0.5333333333333333,0.5354330708661418,0.5343811394891945,0.5641701283402567,136,118,135,119,508
0,ELM,ib_no_pca,LR,1524,508,508,,0.5885826771653543,0.610236220472441,0.5669291338582677,0.5849056603773585,0.610236220472441,0.5973025048169557,0.6083297166594333,155,99,144,110,508
0,ELM,ib_no_pca,RF,1524,508,508,,0.594488188976378,0.5393700787401575,0.6496062992125984,0.6061946902654868,0.5393700787401575,0.5708333333333333,0.6210474920949841,137,117,165,89,508
0,ELM,ib_no_pca,AdaBoost,1524,508,508,,0.5610236220472441,0.5748031496062992,0.547244094488189,0.5593869731800766,0.5748031496062992,0.566990291262136,0.590272180544361,146,108,139,115,508
0,ELM,vote_ensemble,LR,1524,508,508,,0.5885826771653543,0.610236220472441,0.5669291338582677,0.5849056603773585,0.610236220472441,0.5973025048169557,,155,99,144,110,508
0,ELM,vote_ensemble,RF,1524,508,508,,0.5669291338582677,0.5039370078740157,0.6299212598425197,0.5765765765765766,0.5039370078740157,0.5378151260504201,,128,126,160,94,508
0,ELM,vote_ensemble,AdaBoost,1524,508,508,,0.5846456692913385,0.5669291338582677,0.6023622047244095,0.5877551020408164,0.5669291338582677,0.5771543086172345,,144,110,153,101,508
0,ELM,avg_ensemble,LR,1524,508,508,,0.5866141732283464,0.594488188976378,0.5787401574803149,0.5852713178294574,0.594488188976378,0.58984375,0.6277822555645112,151,103,147,107,508
0,ELM,avg_ensemble,RF,1524,508,508,,0.5649606299212598,0.5748031496062992,0.5551181102362205,0.5637065637065637,0.5748031496062992,0.5692007797270955,0.5969216938433877,146,108,141,113,508
0,ELM,avg_ensemble,AdaBoost,1524,508,508,,0.5767716535433071,0.5787401574803149,0.5748031496062992,0.5764705882352941,0.5787401574803149,0.5776031434184676,0.5911556823113646,147,107,146,108,508
1,ELM,per_layer,LR,1524,508,508,15,0.5846456692913385,0.5511811023622047,0.6181102362204725,0.5907172995780591,0.5511811023622047,0.570264765784114,0.6094457188914378,140,114,157,97,508
1,ELM,per_layer,RF,1524,508,508,11,0.547244094488189,0.5118110236220472,0.5826771653543307,0.5508474576271186,0.5118110236220472,0.5306122448979592,0.5926901853803708,130,124,148,106,508
1,ELM,per_layer,AdaBoost,1524,508,508,12,0.5570866141732284,0.6062992125984252,0.5078740157480315,0.5519713261648745,0.6062992125984252,0.5778611632270169,0.5849246698493397,154,100,129,125,508
1,ELM,mid_band,LR,1524,508,508,,0.6023622047244095,0.6299212598425197,0.5748031496062992,0.5970149253731343,0.6299212598425197,0.6130268199233716,0.6415927831855663,160,94,146,108,508
1,ELM,mid_band,RF,1524,508,508,,0.5452755905511811,0.5118110236220472,0.5787401574803149,0.5485232067510548,0.5118110236220472,0.5295315682281059,0.5707266414532829,130,124,147,107,508
1,ELM,mid_band,AdaBoost,1524,508,508,,0.5354330708661418,0.562992125984252,0.5078740157480315,0.5335820895522388,0.562992125984252,0.5478927203065134,0.5689208878417756,143,111,129,125,508
1,ELM,full_layer,LR,1524,508,508,,0.6181102362204725,0.6417322834645669,0.594488188976378,0.6127819548872181,0.6417322834645669,0.6269230769230769,0.6561938123876248,163,91,151,103,508
1,ELM,full_layer,RF,1524,508,508,,0.5413385826771654,0.44881889763779526,0.6338582677165354,0.5507246376811594,0.44881889763779526,0.4945770065075922,0.5613568727137455,114,140,161,93,508
1,ELM,full_layer,AdaBoost,1524,508,508,,0.59251968503937,0.5708661417322834,0.6141732283464567,0.5967078189300411,0.5708661417322834,0.5835010060362174,0.6215899931799864,145,109,156,98,508
1,ELM,init_band,LR,1524,508,508,,0.6043307086614174,0.594488188976378,0.6141732283464567,0.606425702811245,0.594488188976378,0.6003976143141153,0.6451732903465808,151,103,156,98,508
1,ELM,init_band,RF,1524,508,508,,0.5511811023622047,0.4645669291338583,0.6377952755905512,0.5619047619047619,0.4645669291338583,0.5086206896551724,0.5698896397792795,118,136,162,92,508
1,ELM,init_band,AdaBoost,1524,508,508,,0.5551181102362205,0.5708661417322834,0.5393700787401575,0.5534351145038168,0.5708661417322834,0.562015503875969,0.5760896521793044,145,109,137,117,508
1,ELM,init_band_emb,LR,1524,508,508,,0.6043307086614174,0.594488188976378,0.6141732283464567,0.606425702811245,0.594488188976378,0.6003976143141153,0.6451887903775808,151,103,156,98,508
1,ELM,init_band_emb,RF,1524,508,508,,0.5334645669291339,0.468503937007874,0.5984251968503937,0.5384615384615384,0.468503937007874,0.5010526315789474,0.5651156302312605,119,135,152,102,508
1,ELM,init_band_emb,AdaBoost,1524,508,508,,0.5748031496062992,0.562992125984252,0.5866141732283464,0.5766129032258065,0.562992125984252,0.5697211155378487,0.5804296608593218,143,111,149,105,508
1,ELM,end_band,LR,1524,508,508,,0.59251968503937,0.6023622047244095,0.5826771653543307,0.5907335907335908,0.6023622047244095,0.5964912280701754,0.5990141980283961,153,101,148,106,508
1,ELM,end_band,RF,1524,508,508,,0.5551181102362205,0.5669291338582677,0.5433070866141733,0.5538461538461539,0.5669291338582677,0.5603112840466926,0.5593418686837375,144,110,138,116,508
1,ELM,end_band,AdaBoost,1524,508,508,,0.5295275590551181,0.5669291338582677,0.4921259842519685,0.5274725274725275,0.5669291338582677,0.5464895635673624,0.5613491226982454,144,110,125,129,508
1,ELM,ib_no_pca,LR,1524,508,508,,0.5885826771653543,0.594488188976378,0.5826771653543307,0.5875486381322957,0.594488188976378,0.5909980430528375,0.6075702151404303,151,103,148,106,508
1,ELM,ib_no_pca,RF,1524,508,508,,0.5885826771653543,0.5787401574803149,0.5984251968503937,0.5903614457831325,0.5787401574803149,0.584493041749503,0.6261935023870048,147,107,152,102,508
1,ELM,ib_no_pca,AdaBoost,1524,508,508,,0.5452755905511811,0.5748031496062992,0.515748031496063,0.5427509293680297,0.5748031496062992,0.5583173996175909,0.5735553971107942,146,108,131,123,508
1,ELM,vote_ensemble,LR,1524,508,508,,0.6003937007874016,0.6062992125984252,0.594488188976378,0.5992217898832685,0.6062992125984252,0.6027397260273972,,154,100,151,103,508
1,ELM,vote_ensemble,RF,1524,508,508,,0.5846456692913385,0.5433070866141733,0.6259842519685039,0.592274678111588,0.5433070866141733,0.5667351129363449,,138,116,159,95,508
1,ELM,vote_ensemble,AdaBoost,1524,508,508,,0.59251968503937,0.6023622047244095,0.5826771653543307,0.5907335907335908,0.6023622047244095,0.5964912280701754,,153,101,148,106,508
1,ELM,avg_ensemble,LR,1524,508,508,,0.610236220472441,0.6181102362204725,0.6023622047244095,0.6085271317829457,0.6181102362204725,0.61328125,0.6360437720875441,157,97,153,101,508
1,ELM,avg_ensemble,RF,1524,508,508,,0.5846456692913385,0.5905511811023622,0.5787401574803149,0.5836575875486382,0.5905511811023622,0.5870841487279843,0.602261454522909,150,104,147,107,508
1,ELM,avg_ensemble,AdaBoost,1524,508,508,,0.5826771653543307,0.6181102362204725,0.547244094488189,0.5772058823529411,0.6181102362204725,0.596958174904943,0.5954181908363816,157,97,139,115,508
2,ELM,per_layer,LR,1524,508,508,9,0.5669291338582677,0.5866141732283464,0.547244094488189,0.5643939393939394,0.5866141732283464,0.5752895752895753,0.5725246450492901,149,105,139,115,508
2,ELM,per_layer,RF,1524,508,508,2,0.547244094488189,0.5196850393700787,0.5748031496062992,0.55,0.5196850393700787,0.5344129554655871,0.5726253952507906,132,122,146,108,508
2,ELM,per_layer,AdaBoost,1524,508,508,31,0.5275590551181102,0.515748031496063,0.5393700787401575,0.5282258064516129,0.515748031496063,0.5219123505976095,0.531744063488127,131,123,137,117,508
2,ELM,mid_band,LR,1524,508,508,,0.5905511811023622,0.6456692913385826,0.5354330708661418,0.5815602836879432,0.6456692913385826,0.6119402985074627,0.6401202802405604,164,90,136,118,508
2,ELM,mid_band,RF,1524,508,508,,0.5039370078740157,0.4763779527559055,0.531496062992126,0.5041666666666667,0.4763779527559055,0.4898785425101215,0.5252805505611011,121,133,135,119,508
2,ELM,mid_band,AdaBoost,1524,508,508,,0.531496062992126,0.5551181102362205,0.5078740157480315,0.5300751879699248,0.5551181102362205,0.5423076923076923,0.5624031248062497,141,113,129,125,508
2,ELM,full_layer,LR,1524,508,508,,0.5826771653543307,0.5866141732283464,0.5787401574803149,0.58203125,0.5866141732283464,0.5843137254901961,0.6279062558125117,149,105,147,107,508
2,ELM,full_layer,RF,1524,508,508,,0.5216535433070866,0.48031496062992124,0.562992125984252,0.5236051502145923,0.48031496062992124,0.5010266940451745,0.5492978485956972,122,132,143,111,508
2,ELM,full_layer,AdaBoost,1524,508,508,,0.5708661417322834,0.5236220472440944,0.6181102362204725,0.5782608695652174,0.5236220472440944,0.5495867768595041,0.569269638539277,133,121,157,97,508
2,ELM,init_band,LR,1524,508,508,,0.5905511811023622,0.610236220472441,0.5708661417322834,0.5871212121212122,0.610236220472441,0.5984555984555985,0.6179707359414719,155,99,145,109,508
2,ELM,init_band,RF,1524,508,508,,0.5531496062992126,0.484251968503937,0.6220472440944882,0.5616438356164384,0.484251968503937,0.5200845665961945,0.5789106578213157,123,131,158,96,508
2,ELM,init_band,AdaBoost,1524,508,508,,0.5531496062992126,0.5590551181102362,0.547244094488189,0.5525291828793775,0.5590551181102362,0.5557729941291585,0.5862111724223449,142,112,139,115,508
2,ELM,init_band_emb,LR,1524,508,508,,0.5905511811023622,0.610236220472441,0.5708661417322834,0.5871212121212122,0.610236220472441,0.5984555984555985,0.6179707359414719,155,99,145,109,508
2,ELM,init_band_emb,RF,1524,508,508,,0.5610236220472441,0.4881889763779528,0.6338582677165354,0.5714285714285714,0.4881889763779528,0.5265392781316348,0.5751596503193006,124,130,161,93,508
2,ELM,init_band_emb,AdaBoost,1524,508,508,,0.5531496062992126,0.562992125984252,0.5433070866141733,0.5521235521235521,0.562992125984252,0.557504873294347,0.5781356562713125,143,111,138,116,508
2,ELM,end_band,LR,1524,508,508,,0.5570866141732284,0.5433070866141733,0.5708661417322834,0.5587044534412956,0.5433070866141733,0.5508982035928144,0.5921166842333685,138,116,145,109,508
2,ELM,end_band,RF,1524,508,508,,0.5098425196850394,0.4645669291338583,0.5551181102362205,0.5108225108225108,0.4645669291338583,0.4865979381443299,0.5315270630541261,118,136,141,113,508
2,ELM,end_band,AdaBoost,1524,508,508,,0.5255905511811023,0.5,0.5511811023622047,0.5269709543568465,0.5,0.5131313131313131,0.5592876185752371,127,127,140,114,508
2,ELM,ib_no_pca,LR,1524,508,508,,0.5649606299212598,0.6141732283464567,0.515748031496063,0.5591397849462365,0.6141732283464567,0.5853658536585366,0.5885361770723542,156,98,131,123,508
2,ELM,ib_no_pca,RF,1524,508,508,,0.5610236220472441,0.5708661417322834,0.5511811023622047,0.5598455598455598,0.5708661417322834,0.5653021442495126,0.5655186310372621,145,109,140,114,508
2,ELM,ib_no_pca,AdaBoost,1524,508,508,,0.5374015748031497,0.5118110236220472,0.562992125984252,0.5394190871369294,0.5118110236220472,0.5252525252525253,0.5742141484282968,130,124,143,111,508
2,ELM,vote_ensemble,LR,1524,508,508,,0.5787401574803149,0.6023622047244095,0.5551181102362205,0.575187969924812,0.6023622047244095,0.5884615384615385,,153,101,141,113,508
2,ELM,vote_ensemble,RF,1524,508,508,,0.5826771653543307,0.5590551181102362,0.6062992125984252,0.5867768595041323,0.5590551181102362,0.5725806451612904,,142,112,154,100,508
2,ELM,vote_ensemble,AdaBoost,1524,508,508,,0.5826771653543307,0.5787401574803149,0.5866141732283464,0.5833333333333334,0.5787401574803149,0.5810276679841897,,147,107,149,105,508
2,ELM,avg_ensemble,LR,1524,508,508,,0.5826771653543307,0.6220472440944882,0.5433070866141733,0.5766423357664233,0.6220472440944882,0.5984848484848485,0.5980066960133921,158,96,138,116,508
2,ELM,avg_ensemble,RF,1524,508,508,,0.6043307086614174,0.6062992125984252,0.6023622047244095,0.6039215686274509,0.6062992125984252,0.6051080550098232,0.6173894847789696,154,100,153,101,508
2,ELM,avg_ensemble,AdaBoost,1524,508,508,,0.6043307086614174,0.610236220472441,0.5984251968503937,0.603112840466926,0.610236220472441,0.6066536203522505,0.610515221030442,155,99,152,102,508
3,ELM,per_layer,LR,1524,508,508,12,0.5590551181102362,0.5196850393700787,0.5984251968503937,0.5641025641025641,0.5196850393700787,0.5409836065573771,0.6052142104284209,132,122,152,102,508
3,ELM,per_layer,RF,1524,508,508,19,0.5177165354330708,0.4645669291338583,0.5708661417322834,0.5198237885462555,0.4645669291338583,0.49064449064449067,0.5553506107012214,118,136,145,109,508
3,ELM,per_layer,AdaBoost,1524,508,508,1,0.5748031496062992,0.5826771653543307,0.5669291338582677,0.5736434108527132,0.5826771653543307,0.578125,0.5842039184078368,148,106,144,110,508
3,ELM,mid_band,LR,1524,508,508,,0.5964566929133859,0.5551181102362205,0.6377952755905512,0.6051502145922747,0.5551181102362205,0.5790554414784395,0.6075857151714303,141,113,162,92,508
3,ELM,mid_band,RF,1524,508,508,,0.547244094488189,0.515748031496063,0.5787401574803149,0.5504201680672269,0.515748031496063,0.532520325203252,0.5730051460102921,131,123,147,107,508
3,ELM,mid_band,AdaBoost,1524,508,508,,0.5295275590551181,0.5236220472440944,0.5354330708661418,0.5298804780876494,0.5236220472440944,0.5267326732673268,0.5394320788641577,133,121,136,118,508
3,ELM,full_layer,LR,1524,508,508,,0.6023622047244095,0.6181102362204725,0.5866141732283464,0.5992366412213741,0.6181102362204725,0.6085271317829457,0.6282937565875133,157,97,149,105,508
3,ELM,full_layer,RF,1524,508,508,,0.5354330708661418,0.468503937007874,0.6023622047244095,0.5409090909090909,0.468503937007874,0.5021097046413502,0.5499100998201996,119,135,153,101,508
3,ELM,full_layer,AdaBoost,1524,508,508,,0.5570866141732284,0.562992125984252,0.5511811023622047,0.556420233463035,0.562992125984252,0.5596868884540117,0.5675878851757703,143,111,140,114,508
3,ELM,init_band,LR,1524,508,508,,0.5885826771653543,0.5669291338582677,0.610236220472441,0.5925925925925926,0.5669291338582677,0.579476861167002,0.6148552297104594,144,110,155,99,508
3,ELM,init_band,RF,1524,508,508,,0.5255905511811023,0.42913385826771655,0.6220472440944882,0.5317073170731708,0.42913385826771655,0.4749455337690632,0.555970611941224,109,145,158,96,508
3,ELM,init_band,AdaBoost,1524,508,508,,0.5275590551181102,0.5393700787401575,0.515748031496063,0.5269230769230769,0.5393700787401575,0.5330739299610895,0.5696803893607787,137,117,131,123,508
3,ELM,init_band_emb,LR,1524,508,508,,0.5885826771653543,0.5708661417322834,0.6062992125984252,0.5918367346938775,0.5708661417322834,0.5811623246492986,0.6148242296484592,145,109,154,100,508
3,ELM,init_band_emb,RF,1524,508,508,,0.5295275590551181,0.4448818897637795,0.6141732283464567,0.5355450236966824,0.4448818897637795,0.4860215053763441,0.5521963543927089,113,141,156,98,508
3,ELM,init_band_emb,AdaBoost,1524,508,508,,0.5767716535433071,0.5787401574803149,0.5748031496062992,0.5764705882352941,0.5787401574803149,0.5776031434184676,0.6016879533759067,147,107,146,108,508
3,ELM,end_band,LR,1524,508,508,,0.5708661417322834,0.5511811023622047,0.5905511811023622,0.5737704918032787,0.5511811023622047,0.5622489959839357,0.6091202182404365,140,114,150,104,508
3,ELM,end_band,RF,1524,508,508,,0.5295275590551181,0.46062992125984253,0.5984251968503937,0.5342465753424658,0.46062992125984253,0.49471458773784355,0.544492838985678,117,137,152,102,508
3,ELM,end_band,AdaBoost,1524,508,508,,0.5275590551181102,0.49606299212598426,0.5590551181102362,0.5294117647058824,0.49606299212598426,0.5121951219512195,0.5388740777481555,126,128,142,112,508
3,ELM,ib_no_pca,LR,1524,508,508,,0.5807086614173228,0.5787401574803149,0.5826771653543307,0.5810276679841897,0.5787401574803149,0.5798816568047337,0.5982856965713932,147,107,148,106,508
3,ELM,ib_no_pca,RF,1524,508,508,,0.5787401574803149,0.531496062992126,0.6259842519685039,0.5869565217391305,0.531496062992126,0.5578512396694215,0.6224037448074896,135,119,159,95,508
3,ELM,ib_no_pca,AdaBoost,1524,508,508,,0.5551181102362205,0.547244094488189,0.562992125984252,0.556,0.547244094488189,0.5515873015873016,0.5634338768677538,139,115,143,111,508
3,ELM,vote_ensemble,LR,1524,508,508,,0.562992125984252,0.5433070866141733,0.5826771653543307,0.5655737704918032,0.5433070866141733,0.5542168674698795,,138,116,148,106,508
3,ELM,vote_ensemble,RF,1524,508,508,,0.5728346456692913,0.5039370078740157,0.6417322834645669,0.5844748858447488,0.5039370078740157,0.5412262156448203,,128,126,163,91,508
3,ELM,vote_ensemble,AdaBoost,1524,508,508,,0.5826771653543307,0.5236220472440944,0.6417322834645669,0.59375,0.5236220472440944,0.5564853556485355,,133,121,163,91,508
3,ELM,avg_ensemble,LR,1524,508,508,,0.5728346456692913,0.5708661417322834,0.5748031496062992,0.5731225296442688,0.5708661417322834,0.571992110453649,0.6201407402814806,145,109,146,108,508
3,ELM,avg_ensemble,RF,1524,508,508,,0.5708661417322834,0.5236220472440944,0.6181102362204725,0.5782608695652174,0.5236220472440944,0.5495867768595041,0.6039432078864158,133,121,157,97,508
3,ELM,avg_ensemble,AdaBoost,1524,508,508,,0.5885826771653543,0.547244094488189,0.6299212598425197,0.5965665236051502,0.547244094488189,0.5708418891170431,0.6194122388244776,139,115,160,94,508
4,ELM,per_layer,LR,1524,508,508,16,0.5885826771653543,0.6535433070866141,0.5236220472440944,0.578397212543554,0.6535433070866141,0.6136783733826248,0.6118637237274475,166,88,133,121,508
4,ELM,per_layer,RF,1524,508,508,20,0.5255905511811023,0.515748031496063,0.5354330708661418,0.5261044176706827,0.515748031496063,0.5208747514910537,0.5503983507967016,131,123,136,118,508
4,ELM,per_layer,AdaBoost,1524,508,508,15,0.5433070866141733,0.5590551181102362,0.5275590551181102,0.5419847328244275,0.5590551181102362,0.5503875968992248,0.5537851075702152,142,112,134,120,508
4,ELM,mid_band,LR,1524,508,508,,0.5846456692913385,0.5826771653543307,0.5866141732283464,0.5849802371541502,0.5826771653543307,0.5838264299802761,0.628262756525513,148,106,149,105,508
4,ELM,mid_band,RF,1524,508,508,,0.5177165354330708,0.48031496062992124,0.5551181102362205,0.5191489361702127,0.48031496062992124,0.49897750511247446,0.5463373426746854,122,132,141,113,508
4,ELM,mid_band,AdaBoost,1524,508,508,,0.5433070866141733,0.547244094488189,0.5393700787401575,0.54296875,0.547244094488189,0.5450980392156862,0.5454383408766817,139,115,137,117,508
4,ELM,full_layer,LR,1524,508,508,,0.5846456692913385,0.5787401574803149,0.5905511811023622,0.5856573705179283,0.5787401574803149,0.5821782178217821,0.6251007502015005,147,107,150,104,508
4,ELM,full_layer,RF,1524,508,508,,0.5216535433070866,0.484251968503937,0.5590551181102362,0.5234042553191489,0.484251968503937,0.5030674846625767,0.5209637919275839,123,131,142,112,508
4,ELM,full_layer,AdaBoost,1524,508,508,,0.562992125984252,0.562992125984252,0.562992125984252,0.562992125984252,0.562992125984252,0.562992125984252,0.5751209002418004,143,111,143,111,508
4,ELM,init_band,LR,1524,508,508,,0.5826771653543307,0.5590551181102362,0.6062992125984252,0.5867768595041323,0.5590551181102362,0.5725806451612904,0.6234267468534938,142,112,154,100,508
4,ELM,init_band,RF,1524,508,508,,0.5492125984251969,0.46062992125984253,0.6377952755905512,0.5598086124401914,0.46062992125984253,0.5053995680345572,0.5819719139438279,117,137,162,92,508
4,ELM,init_band,AdaBoost,1524,508,508,,0.547244094488189,0.594488188976378,0.5,0.5431654676258992,0.594488188976378,0.5676691729323309,0.5549398598797197,151,103,127,127,508
4,ELM,init_band_emb,LR,1524,508,508,,0.5826771653543307,0.5590551181102362,0.6062992125984252,0.5867768595041323,0.5590551181102362,0.5725806451612904,0.6234112468224937,142,112,154,100,508
4,ELM,init_band_emb,RF,1524,508,508,,0.5334645669291339,0.47244094488188976,0.594488188976378,0.5381165919282511,0.47244094488188976,0.5031446540880503,0.5776396552793105,120,134,151,103,508
4,ELM,init_band_emb,AdaBoost,1524,508,508,,0.5216535433070866,0.5118110236220472,0.531496062992126,0.5220883534136547,0.5118110236220472,0.5168986083499006,0.5602796205592411,130,124,135,119,508
4,ELM,end_band,LR,1524,508,508,,0.5570866141732284,0.5708661417322834,0.5433070866141733,0.5555555555555556,0.5708661417322834,0.5631067961165048,0.6074617149234298,145,109,138,116,508
4,ELM,end_band,RF,1524,508,508,,0.5236220472440944,0.484251968503937,0.562992125984252,0.5256410256410257,0.484251968503937,0.5040983606557377,0.5429273358546718,123,131,143,111,508
4,ELM,end_band,AdaBoost,1524,508,508,,0.5196850393700787,0.531496062992126,0.5078740157480315,0.5192307692307693,0.531496062992126,0.5252918287937743,0.5239940479880959,135,119,129,125,508
4,ELM,ib_no_pca,LR,1524,508,508,,0.5610236220472441,0.5275590551181102,0.594488188976378,0.5654008438818565,0.5275590551181102,0.5458248472505092,0.590241180482361,134,120,151,103,508
4,ELM,ib_no_pca,RF,1524,508,508,,0.5570866141732284,0.562992125984252,0.5511811023622047,0.556420233463035,0.562992125984252,0.5596868884540117,0.5828399156798314,143,111,140,114,508
4,ELM,ib_no_pca,AdaBoost,1524,508,508,,0.5354330708661418,0.5078740157480315,0.562992125984252,0.5375,0.5078740157480315,0.5222672064777328,0.5321858143716287,129,125,143,111,508
4,ELM,vote_ensemble,LR,1524,508,508,,0.594488188976378,0.6456692913385826,0.5433070866141733,0.5857142857142857,0.6456692913385826,0.6142322097378277,,164,90,138,116,508
4,ELM,vote_ensemble,RF,1524,508,508,,0.5610236220472441,0.5078740157480315,0.6141732283464567,0.5682819383259912,0.5078740157480315,0.5363825363825364,,129,125,156,98,508
4,ELM,vote_ensemble,AdaBoost,1524,508,508,,0.5826771653543307,0.6141732283464567,0.5511811023622047,0.5777777777777777,0.6141732283464567,0.5954198473282443,,156,98,140,114,508
4,ELM,avg_ensemble,LR,1524,508,508,,0.5984251968503937,0.6417322834645669,0.5551181102362205,0.5905797101449275,0.6417322834645669,0.6150943396226415,0.6281232562465124,163,91,141,113,508
4,ELM,avg_ensemble,RF,1524,508,508,,0.5669291338582677,0.5511811023622047,0.5826771653543307,0.5691056910569106,0.5511811023622047,0.56,0.5933101866203732,140,114,148,106,508
4,ELM,avg_ensemble,AdaBoost,1524,508,508,,0.5807086614173228,0.5866141732283464,0.5748031496062992,0.5797665369649806,0.5866141732283464,0.5831702544031311,0.6121892243784488,149,105,146,108,508
0,RR,per_layer,LR,1524,508,508,13,0.594488188976378,0.6141732283464567,0.5748031496062992,0.5909090909090909,0.6141732283464567,0.6023166023166023,0.6261082522165045,156,98,146,108,508
0,RR,per_layer,RF,1524,508,508,9,0.5551181102362205,0.4763779527559055,0.6338582677165354,0.5654205607476636,0.4763779527559055,0.5170940170940171,0.6016259532519065,121,133,161,93,508
0,RR,per_layer,AdaBoost,1524,508,508,7,0.5492125984251969,0.5433070866141733,0.5551181102362205,0.549800796812749,0.5433070866141733,0.5465346534653466,0.5850021700043401,138,116,141,113,508
0,RR,mid_band,LR,1524,508,508,,0.5905511811023622,0.5984251968503937,0.5826771653543307,0.5891472868217055,0.5984251968503937,0.59375,0.6444137888275778,152,102,148,106,508
0,RR,mid_band,RF,1524,508,508,,0.5610236220472441,0.562992125984252,0.5590551181102362,0.5607843137254902,0.562992125984252,0.5618860510805501,0.5575516151032303,143,111,142,112,508
0,RR,mid_band,AdaBoost,1524,508,508,,0.5492125984251969,0.562992125984252,0.5354330708661418,0.5478927203065134,0.562992125984252,0.5553398058252427,0.5690293880587762,143,111,136,118,508
0,RR,full_layer,LR,1524,508,508,,0.6161417322834646,0.5984251968503937,0.6338582677165354,0.6204081632653061,0.5984251968503937,0.6092184368737475,0.645483290966582,152,102,161,93,508
0,RR,full_layer,RF,1524,508,508,,0.5433070866141733,0.484251968503937,0.6023622047244095,0.5491071428571429,0.484251968503937,0.5146443514644351,0.5989521979043958,123,131,153,101,508
0,RR,full_layer,AdaBoost,1524,508,508,,0.5708661417322834,0.6062992125984252,0.5354330708661418,0.5661764705882353,0.6062992125984252,0.5855513307984791,0.5823206646413293,154,100,136,118,508
0,RR,init_band,LR,1524,508,508,,0.6161417322834646,0.5787401574803149,0.6535433070866141,0.625531914893617,0.5787401574803149,0.6012269938650306,0.6394072788145575,147,107,166,88,508
0,RR,init_band,RF,1524,508,508,,0.5866141732283464,0.5433070866141733,0.6299212598425197,0.5948275862068966,0.5433070866141733,0.5679012345679012,0.6046562093124186,138,116,160,94,508
0,RR,init_band,AdaBoost,1524,508,508,,0.5137795275590551,0.48031496062992124,0.547244094488189,0.5147679324894515,0.48031496062992124,0.4969450101832994,0.5392770785541571,122,132,139,115,508
0,RR,init_band_emb,LR,1524,508,508,,0.6161417322834646,0.5787401574803149,0.6535433070866141,0.625531914893617,0.5787401574803149,0.6012269938650306,0.6394072788145577,147,107,166,88,508
0,RR,init_band_emb,RF,1524,508,508,,0.5748031496062992,0.5275590551181102,0.6220472440944882,0.5826086956521739,0.5275590551181102,0.5537190082644629,0.6059659619319239,134,120,158,96,508
0,RR,init_band_emb,AdaBoost,1524,508,508,,0.515748031496063,0.48031496062992124,0.5511811023622047,0.5169491525423728,0.48031496062992124,0.49795918367346936,0.5396645793291586,122,132,140,114,508
0,RR,end_band,LR,1524,508,508,,0.6003937007874016,0.6062992125984252,0.594488188976378,0.5992217898832685,0.6062992125984252,0.6027397260273972,0.6196292392584785,154,100,151,103,508
0,RR,end_band,RF,1524,508,508,,0.547244094488189,0.531496062992126,0.562992125984252,0.5487804878048781,0.531496062992126,0.54,0.5583963667927336,135,119,143,111,508
0,RR,end_band,AdaBoost,1524,508,508,,0.5374015748031497,0.5118110236220472,0.562992125984252,0.5394190871369294,0.5118110236220472,0.5252525252525253,0.5540796081592163,130,124,143,111,508
0,RR,ib_no_pca,LR,1524,508,508,,0.5728346456692913,0.5787401574803149,0.5669291338582677,0.5719844357976653,0.5787401574803149,0.5753424657534246,0.6116002232004464,147,107,144,110,508
0,RR,ib_no_pca,RF,1524,508,508,,0.5551181102362205,0.49606299212598426,0.6141732283464567,0.5625,0.49606299212598426,0.5271966527196653,0.6096007192014383,126,128,156,98,508
0,RR,ib_no_pca,AdaBoost,1524,508,508,,0.5610236220472441,0.547244094488189,0.5748031496062992,0.562753036437247,0.547244094488189,0.5548902195608783,0.5780271560543121,139,115,146,108,508
0,RR,vote_ensemble,LR,1524,508,508,,0.6259842519685039,0.6259842519685039,0.6259842519685039,0.6259842519685039,0.6259842519685039,0.6259842519685039,,159,95,159,95,508
0,RR,vote_ensemble,RF,1524,508,508,,0.5452755905511811,0.5039370078740157,0.5866141732283464,0.5493562231759657,0.5039370078740157,0.5256673511293635,,128,126,149,105,508
0,RR,vote_ensemble,AdaBoost,1524,508,508,,0.5846456692913385,0.562992125984252,0.6062992125984252,0.588477366255144,0.562992125984252,0.5754527162977867,,143,111,154,100,508
0,RR,avg_ensemble,LR,1524,508,508,,0.6240157480314961,0.6220472440944882,0.6259842519685039,0.6245059288537549,0.6220472440944882,0.6232741617357002,0.6528148056296113,158,96,159,95,508
0,RR,avg_ensemble,RF,1524,508,508,,0.5492125984251969,0.5511811023622047,0.547244094488189,0.5490196078431373,0.5511811023622047,0.550098231827112,0.5691766383532767,140,114,139,115,508
0,RR,avg_ensemble,AdaBoost,1524,508,508,,0.5610236220472441,0.5354330708661418,0.5866141732283464,0.5643153526970954,0.5354330708661418,0.5494949494949495,0.5643561287122575,136,118,149,105,508
1,RR,per_layer,LR,1524,508,508,16,0.6003937007874016,0.6220472440944882,0.5787401574803149,0.5962264150943396,0.6220472440944882,0.6088631984585742,0.63750077500155,158,96,147,107,508
1,RR,per_layer,RF,1524,508,508,3,0.5846456692913385,0.5511811023622047,0.6181102362204725,0.5907172995780591,0.5511811023622047,0.570264765784114,0.5978904457808916,140,114,157,97,508
1,RR,per_layer,AdaBoost,1524,508,508,4,0.5295275590551181,0.5393700787401575,0.5196850393700787,0.528957528957529,0.5393700787401575,0.5341130604288499,0.5666191332382664,137,117,132,122,508
1,RR,mid_band,LR,1524,508,508,,0.5748031496062992,0.6141732283464567,0.5354330708661418,0.5693430656934306,0.6141732283464567,0.5909090909090909,0.6228842457684916,156,98,136,118,508
1,RR,mid_band,RF,1524,508,508,,0.5492125984251969,0.5196850393700787,0.5787401574803149,0.5523012552301255,0.5196850393700787,0.5354969574036511,0.5798871597743195,132,122,147,107,508
1,RR,mid_band,AdaBoost,1524,508,508,,0.5590551181102362,0.5393700787401575,0.5787401574803149,0.5614754098360656,0.5393700787401575,0.5502008032128514,0.5793136586273173,137,117,147,107,508
1,RR,full_layer,LR,1524,508,508,,0.6122047244094488,0.6181102362204725,0.6062992125984252,0.6108949416342413,0.6181102362204725,0.6144814090019569,0.6591233182466365,157,97,154,100,508
1,RR,full_layer,RF,1524,508,508,,0.5354330708661418,0.452755905511811,0.6181102362204725,0.5424528301886793,0.452755905511811,0.49356223175965663,0.5461823423646847,115,139,157,97,508
1,RR,full_layer,AdaBoost,1524,508,508,,0.5393700787401575,0.5236220472440944,0.5551181102362205,0.540650406504065,0.5236220472440944,0.532,0.5542113584227168,133,121,141,113,508
1,RR,init_band,LR,1524,508,508,,0.6161417322834646,0.610236220472441,0.6220472440944882,0.6175298804780877,0.610236220472441,0.6138613861386139,0.6516213032426066,155,99,158,96,508
1,RR,init_band,RF,1524,508,508,,0.5688976377952756,0.48031496062992124,0.65748031496063,0.583732057416268,0.48031496062992124,0.5269978401727862,0.6115304730609461,122,132,167,87,508
1,RR,init_band,AdaBoost,1524,508,508,,0.5275590551181102,0.515748031496063,0.5393700787401575,0.5282258064516129,0.515748031496063,0.5219123505976095,0.5619691239382478,131,123,137,117,508
1,RR,init_band_emb,LR,1524,508,508,,0.6161417322834646,0.610236220472441,0.6220472440944882,0.6175298804780877,0.610236220472441,0.6138613861386139,0.6516058032116064,155,99,158,96,508
1,RR,init_band_emb,RF,1524,508,508,,0.5846456692913385,0.4921259842519685,0.6771653543307087,0.6038647342995169,0.4921259842519685,0.5422993492407809,0.6201174902349805,125,129,172,82,508
1,RR,init_band_emb,AdaBoost,1524,508,508,,0.5413385826771654,0.5039370078740157,0.5787401574803149,0.5446808510638298,0.5039370078740157,0.523517382413088,0.5634726269452539,128,126,147,107,508
1,RR,end_band,LR,1524,508,508,,0.5649606299212598,0.5787401574803149,0.5511811023622047,0.5632183908045977,0.5787401574803149,0.570873786407767,0.58999317998636,147,107,140,114,508
1,RR,end_band,RF,1524,508,508,,0.5216535433070866,0.4448818897637795,0.5984251968503937,0.5255813953488372,0.4448818897637795,0.48187633262260127,0.544771839543679,113,141,152,102,508
1,RR,end_band,AdaBoost,1524,508,508,,0.5059055118110236,0.5,0.5118110236220472,0.5059760956175299,0.5,0.502970297029703,0.5181815363630727,127,127,130,124,508
1,RR,ib_no_pca,LR,1524,508,508,,0.5846456692913385,0.5669291338582677,0.6023622047244095,0.5877551020408164,0.5669291338582677,0.5771543086172345,0.6067952135904271,144,110,153,101,508
1,RR,ib_no_pca,RF,1524,508,508,,0.5885826771653543,0.5590551181102362,0.6181102362204725,0.5941422594142259,0.5590551181102362,0.5760649087221096,0.6142817285634572,142,112,157,97,508
1,RR,ib_no_pca,AdaBoost,1524,508,508,,0.5610236220472441,0.5433070866141733,0.5787401574803149,0.563265306122449,0.5433070866141733,0.5531062124248497,0.5715946431892864,138,116,147,107,508
1,RR,vote_ensemble,LR,1524,508,508,,0.6062992125984252,0.5905511811023622,0.6220472440944882,0.6097560975609756,0.5905511811023622,0.6,,150,104,158,96,508
1,RR,vote_ensemble,RF,1524,508,508,,0.5531496062992126,0.4921259842519685,0.6141732283464567,0.5605381165919282,0.4921259842519685,0.5241090146750524,,125,129,156,98,508
1,RR,vote_ensemble,AdaBoost,1524,508,508,,0.5728346456692913,0.547244094488189,0.5984251968503937,0.5767634854771784,0.547244094488189,0.5616161616161616,,139,115,152,102,508
1,RR,avg_ensemble,LR,1524,508,508,,0.5984251968503937,0.5787401574803149,0.6181102362204725,0.6024590163934426,0.5787401574803149,0.5903614457831325,0.6472967945935892,147,107,157,97,508
1,RR,avg_ensemble,RF,1524,508,508,,0.562992125984252,0.547244094488189,0.5787401574803149,0.5650406504065041,0.547244094488189,0.556,0.5810961621923243,139,115,147,107,508
1,RR,avg_ensemble,AdaBoost,1524,508,508,,0.5492125984251969,0.594488188976378,0.5039370078740157,0.5451263537906137,0.594488188976378,0.568738229755179,0.5464225928451857,151,103,128,126,508
2,RR,per_layer,LR,1524,508,508,13,0.6023622047244095,0.5905511811023622,0.6141732283464567,0.6048387096774194,0.5905511811023622,0.5976095617529881,0.6335482670965342,150,104,156,98,508
2,RR,per_layer,RF,1524,508,508,9,0.5531496062992126,0.5236220472440944,0.5826771653543307,0.5564853556485355,0.5236220472440944,0.539553752535497,0.5671306342612685,133,121,148,106,508
2,RR,per_layer,AdaBoost,1524,508,508,8,0.5531496062992126,0.5748031496062992,0.531496062992126,0.5509433962264151,0.5748031496062992,0.5626204238921002,0.5646893793787587,146,108,135,119,508
2,RR,mid_band,LR,1524,508,508,,0.6062992125984252,0.6023622047244095,0.610236220472441,0.6071428571428571,0.6023622047244095,0.6047430830039525,0.6495752991505984,153,101,155,99,508
2,RR,mid_band,RF,1524,508,508,,0.5059055118110236,0.46062992125984253,0.5511811023622047,0.5064935064935064,0.46062992125984253,0.4824742268041237,0.5305583111166222,117,137,140,114,508
2,RR,mid_band,AdaBoost,1524,508,508,,0.5492125984251969,0.5275590551181102,0.5708661417322834,0.551440329218107,0.5275590551181102,0.5392354124748491,0.5683086366172733,134,120,145,109,508
2,RR,full_layer,LR,1524,508,508,,0.6062992125984252,0.6062992125984252,0.6062992125984252,0.6062992125984252,0.6062992125984252,0.6062992125984252,0.6332692665385332,154,100,154,100,508
2,RR,full_layer,RF,1524,508,508,,0.5354330708661418,0.4881889763779528,0.5826771653543307,0.5391304347826087,0.4881889763779528,0.512396694214876,0.5575051150102299,124,130,148,106,508
2,RR,full_layer,AdaBoost,1524,508,508,,0.5374015748031497,0.5,0.5748031496062992,0.5404255319148936,0.5,0.5194274028629857,0.5651776303552607,127,127,146,108,508
2,RR,init_band,LR,1524,508,508,,0.6122047244094488,0.6417322834645669,0.5826771653543307,0.6059479553903345,0.6417322834645669,0.6233269598470363,0.6313317626635252,163,91,148,106,508
2,RR,init_band,RF,1524,508,508,,0.5570866141732284,0.4881889763779528,0.6259842519685039,0.5662100456621004,0.4881889763779528,0.5243128964059197,0.5941006882013764,124,130,159,95,508
2,RR,init_band,AdaBoost,1524,508,508,,0.5177165354330708,0.5236220472440944,0.5118110236220472,0.5175097276264592,0.5236220472440944,0.5205479452054794,0.5297833095666191,133,121,130,124,508
2,RR,init_band_emb,LR,1524,508,508,,0.6122047244094488,0.6417322834645669,0.5826771653543307,0.6059479553903345,0.6417322834645669,0.6233269598470363,0.6313007626015252,163,91,148,106,508
2,RR,init_band_emb,RF,1524,508,508,,0.5767716535433071,0.5118110236220472,0.6417322834645669,0.5882352941176471,0.5118110236220472,0.5473684210526316,0.5923879347758696,130,124,163,91,508
2,RR,init_band_emb,AdaBoost,1524,508,508,,0.5334645669291339,0.5354330708661418,0.531496062992126,0.5333333333333333,0.5354330708661418,0.5343811394891945,0.5412843325686651,136,118,135,119,508
2,RR,end_band,LR,1524,508,508,,0.5866141732283464,0.5590551181102362,0.6141732283464567,0.5916666666666667,0.5590551181102362,0.5748987854251012,0.6091357182714365,142,112,156,98,508
2,RR,end_band,RF,1524,508,508,,0.547244094488189,0.4448818897637795,0.6496062992125984,0.5594059405940595,0.4448818897637795,0.4956140350877193,0.5448725897451795,113,141,165,89,508
2,RR,end_band,AdaBoost,1524,508,508,,0.5452755905511811,0.5748031496062992,0.515748031496063,0.5427509293680297,0.5748031496062992,0.5583173996175909,0.5744156488312977,146,108,131,123,508
2,RR,ib_no_pca,LR,1524,508,508,,0.5708661417322834,0.6181102362204725,0.5236220472440944,0.564748201438849,0.6181102362204725,0.5902255639097744,0.5916051832103664,157,97,133,121,508
2,RR,ib_no_pca,RF,1524,508,508,,0.5826771653543307,0.5590551181102362,0.6062992125984252,0.5867768595041323,0.5590551181102362,0.5725806451612904,0.6033232066464134,142,112,154,100,508
2,RR,ib_no_pca,AdaBoost,1524,508,508,,0.5393700787401575,0.5590551181102362,0.5196850393700787,0.5378787878787878,0.5590551181102362,0.5482625482625483,0.560264120528241,142,112,132,122,508
2,RR,vote_ensemble,LR,1524,508,508,,0.6082677165354331,0.6181102362204725,0.5984251968503937,0.6061776061776062,0.6181102362204725,0.6120857699805068,,157,97,152,102,508
2,RR,vote_ensemble,RF,1524,508,508,,0.5669291338582677,0.5511811023622047,0.5826771653543307,0.5691056910569106,0.5511811023622047,0.56,,140,114,148,106,508
2,RR,vote_ensemble,AdaBoost,1524,508,508,,0.5708661417322834,0.594488188976378,0.547244094488189,0.5676691729323309,0.594488188976378,0.5807692307692308,,151,103,139,115,508
2,RR,avg_ensemble,LR,1524,508,508,,0.6043307086614174,0.6141732283464567,0.594488188976378,0.6023166023166023,0.6141732283464567,0.6081871345029239,0.6427707855415712,156,98,151,103,508
2,RR,avg_ensemble,RF,1524,508,508,,0.5669291338582677,0.5866141732283464,0.547244094488189,0.5643939393939394,0.5866141732283464,0.5752895752895753,0.5839481678963359,149,105,139,115,508
2,RR,avg_ensemble,AdaBoost,1524,508,508,,0.5669291338582677,0.6023622047244095,0.531496062992126,0.5625,0.6023622047244095,0.5817490494296578,0.5706026412052824,153,101,135,119,508
3,RR,per_layer,LR,1524,508,508,15,0.5885826771653543,0.6181102362204725,0.5590551181102362,0.5836431226765799,0.6181102362204725,0.6003824091778203,0.6120807241614483,157,97,142,112,508
3,RR,per_layer,RF,1524,508,508,23,0.5610236220472441,0.562992125984252,0.5590551181102362,0.5607843137254902,0.562992125984252,0.5618860510805501,0.5735321470642942,143,111,142,112,508
3,RR,per_layer,AdaBoost,1524,508,508,7,0.5492125984251969,0.5433070866141733,0.5551181102362205,0.549800796812749,0.5433070866141733,0.5465346534653466,0.5426560853121707,138,116,141,113,508
3,RR,mid_band,LR,1524,508,508,,0.5531496062992126,0.5393700787401575,0.5669291338582677,0.5546558704453441,0.5393700787401575,0.5469061876247505,0.6006727013454027,137,117,144,110,508
3,RR,mid_band,RF,1524,508,508,,0.547244094488189,0.531496062992126,0.562992125984252,0.5487804878048781,0.531496062992126,0.54,0.5468255936511872,135,119,143,111,508
3,RR,mid_band,AdaBoost,1524,508,508,,0.5413385826771654,0.5354330708661418,0.547244094488189,0.5418326693227091,0.5354330708661418,0.5386138613861386,0.552979105958212,136,118,139,115,508
3,RR,full_layer,LR,1524,508,508,,0.5885826771653543,0.594488188976378,0.5826771653543307,0.5875486381322957,0.594488188976378,0.5909980430528375,0.6226362452724905,151,103,148,106,508
3,RR,full_layer,RF,1524,508,508,,0.5295275590551181,0.4448818897637795,0.6141732283464567,0.5355450236966824,0.4448818897637795,0.4860215053763441,0.5348673197346395,113,141,156,98,508
3,RR,full_layer,AdaBoost,1524,508,508,,0.5846456692913385,0.5433070866141733,0.6259842519685039,0.592274678111588,0.5433070866141733,0.5667351129363449,0.6268677537355075,138,116,159,95,508
3,RR,init_band,LR,1524,508,508,,0.5826771653543307,0.5984251968503937,0.5669291338582677,0.5801526717557252,0.5984251968503937,0.5891472868217055,0.6164672329344659,152,102,144,110,508
3,RR,init_band,RF,1524,508,508,,0.5433070866141733,0.484251968503937,0.6023622047244095,0.5491071428571429,0.484251968503937,0.5146443514644351,0.5505998511997023,123,131,153,101,508
3,RR,init_band,AdaBoost,1524,508,508,,0.5374015748031497,0.5393700787401575,0.5354330708661418,0.5372549019607843,0.5393700787401575,0.5383104125736738,0.5536611073222146,137,117,136,118,508
3,RR,init_band_emb,LR,1524,508,508,,0.5826771653543307,0.5984251968503937,0.5669291338582677,0.5801526717557252,0.5984251968503937,0.5891472868217055,0.6164827329654659,152,102,144,110,508
3,RR,init_band_emb,RF,1524,508,508,,0.5393700787401575,0.49606299212598426,0.5826771653543307,0.5431034482758621,0.49606299212598426,0.5185185185185185,0.5499488498976999,126,128,148,106,508
3,RR,init_band_emb,AdaBoost,1524,508,508,,0.5374015748031497,0.5393700787401575,0.5354330708661418,0.5372549019607843,0.5393700787401575,0.5383104125736738,0.5539556079112158,137,117,136,118,508
3,RR,end_band,LR,1524,508,508,,0.5551181102362205,0.5748031496062992,0.5354330708661418,0.553030303030303,0.5748031496062992,0.5637065637065637,0.5840411680823361,146,108,136,118,508
3,RR,end_band,RF,1524,508,508,,0.515748031496063,0.4448818897637795,0.5866141732283464,0.518348623853211,0.4448818897637795,0.4788135593220339,0.5435705871411742,113,141,149,105,508
3,RR,end_band,AdaBoost,1524,508,508,,0.5433070866141733,0.5551181102362205,0.531496062992126,0.5423076923076923,0.5551181102362205,0.5486381322957199,0.5651466302932606,141,113,135,119,508
3,RR,ib_no_pca,LR,1524,508,508,,0.5767716535433071,0.5866141732283464,0.5669291338582677,0.5752895752895753,0.5866141732283464,0.580896686159844,0.5930466860933722,149,105,144,110,508
3,RR,ib_no_pca,RF,1524,508,508,,0.5590551181102362,0.531496062992126,0.5866141732283464,0.5625,0.531496062992126,0.5465587044534413,0.5758726517453037,135,119,149,105,508
3,RR,ib_no_pca,AdaBoost,1524,508,508,,0.5413385826771654,0.5236220472440944,0.5590551181102362,0.5428571428571428,0.5236220472440944,0.533066132264529,0.5547616095232191,133,121,142,112,508
3,RR,vote_ensemble,LR,1524,508,508,,0.6023622047244095,0.6220472440944882,0.5826771653543307,0.5984848484848485,0.6220472440944882,0.61003861003861,,158,96,148,106,508
3,RR,vote_ensemble,RF,1524,508,508,,0.5649606299212598,0.5511811023622047,0.5787401574803149,0.5668016194331984,0.5511811023622047,0.5588822355289421,,140,114,147,107,508
3,RR,vote_ensemble,AdaBoost,1524,508,508,,0.5511811023622047,0.5236220472440944,0.5787401574803149,0.5541666666666667,0.5236220472440944,0.5384615384615384,,133,121,147,107,508
3,RR,avg_ensemble,LR,1524,508,508,,0.6082677165354331,0.6220472440944882,0.594488188976378,0.6053639846743295,0.6220472440944882,0.6135922330097088,0.6525668051336102,158,96,151,103,508
3,RR,avg_ensemble,RF,1524,508,508,,0.5807086614173228,0.6023622047244095,0.5590551181102362,0.5773584905660377,0.6023622047244095,0.5895953757225434,0.5855291710583422,153,101,142,112,508
3,RR,avg_ensemble,AdaBoost,1524,508,508,,0.562992125984252,0.5590551181102362,0.5669291338582677,0.5634920634920635,0.5590551181102362,0.5612648221343873,0.5633331266662533,142,112,144,110,508
4,RR,per_layer,LR,1524,508,508,8,0.6003937007874016,0.610236220472441,0.5905511811023622,0.5984555984555985,0.610236220472441,0.6042884990253411,0.612003224006448,155,99,150,104,508
4,RR,per_layer,RF,1524,508,508,3,0.5216535433070866,0.5393700787401575,0.5039370078740157,0.5209125475285171,0.5393700787401575,0.5299806576402321,0.5519638539277079,137,117,128,126,508
4,RR,per_layer,AdaBoost,1524,508,508,7,0.5275590551181102,0.5984251968503937,0.4566929133858268,0.5241379310344828,0.5984251968503937,0.5588235294117647,0.5661076322152644,152,102,116,138,508
4,RR,mid_band,LR,1524,508,508,,0.6043307086614174,0.610236220472441,0.5984251968503937,0.603112840466926,0.610236220472441,0.6066536203522505,0.6503038006076012,155,99,152,102,508
4,RR,mid_band,RF,1524,508,508,,0.5433070866141733,0.5354330708661418,0.5511811023622047,0.544,0.5354330708661418,0.5396825396825397,0.5711451422902846,136,118,140,114,508
4,RR,mid_band,AdaBoost,1524,508,508,,0.5393700787401575,0.5551181102362205,0.5236220472440944,0.5381679389312977,0.5551181102362205,0.5465116279069767,0.5495225990451982,141,113,133,121,508
4,RR,full_layer,LR,1524,508,508,,0.6082677165354331,0.562992125984252,0.6535433070866141,0.6190476190476191,0.562992125984252,0.5896907216494846,0.6273947547895096,143,111,166,88,508
4,RR,full_layer,RF,1524,508,508,,0.5807086614173228,0.484251968503937,0.6771653543307087,0.6,0.484251968503937,0.5359477124183006,0.600246450492901,123,131,172,82,508
4,RR,full_layer,AdaBoost,1524,508,508,,0.5649606299212598,0.5551181102362205,0.5748031496062992,0.5662650602409639,0.5551181102362205,0.5606361829025845,0.5690216380432761,141,113,146,108,508
4,RR,init_band,LR,1524,508,508,,0.5846456692913385,0.5590551181102362,0.610236220472441,0.5892116182572614,0.5590551181102362,0.5737373737373738,0.6276272552545106,142,112,155,99,508
4,RR,init_band,RF,1524,508,508,,0.5334645669291339,0.4645669291338583,0.6023622047244095,0.5388127853881278,0.4645669291338583,0.4989429175475687,0.5644258788517578,118,136,153,101,508
4,RR,init_band,AdaBoost,1524,508,508,,0.5728346456692913,0.5551181102362205,0.5905511811023622,0.5755102040816327,0.5551181102362205,0.5651302605210421,0.5886136772273545,141,113,150,104,508
4,RR,init_band_emb,LR,1524,508,508,,0.5846456692913385,0.5590551181102362,0.610236220472441,0.5892116182572614,0.5590551181102362,0.5737373737373738,0.6276427552855106,142,112,155,99,508
4,RR,init_band_emb,RF,1524,508,508,,0.547244094488189,0.4881889763779528,0.6062992125984252,0.5535714285714286,0.4881889763779528,0.5188284518828452,0.5639298778597557,124,130,154,100,508
4,RR,init_band_emb,AdaBoost,1524,508,508,,0.5787401574803149,0.562992125984252,0.594488188976378,0.5813008130081301,0.562992125984252,0.572,0.5872806745613492,143,111,151,103,508
4,RR,end_band,LR,1524,508,508,,0.5846456692913385,0.6062992125984252,0.562992125984252,0.5811320754716981,0.6062992125984252,0.5934489402697495,0.607012214024428,154,100,143,111,508
4,RR,end_band,RF,1524,508,508,,0.5374015748031497,0.468503937007874,0.6062992125984252,0.54337899543379,0.468503937007874,0.5031712473572939,0.5453143406286812,119,135,154,100,508
4,RR,end_band,AdaBoost,1524,508,508,,0.5570866141732284,0.6181102362204725,0.49606299212598426,0.5508771929824562,0.6181102362204725,0.5825602968460112,0.5500883501767002,157,97,126,128,508
4,RR,ib_no_pca,LR,1524,508,508,,0.5649606299212598,0.5433070866141733,0.5866141732283464,0.5679012345679012,0.5433070866141733,0.5553319919517102,0.5746171492342985,138,116,149,105,508
4,RR,ib_no_pca,RF,1524,508,508,,0.562992125984252,0.5669291338582677,0.5590551181102362,0.5625,0.5669291338582677,0.5647058823529412,0.5869241738483477,144,110,142,112,508
4,RR,ib_no_pca,AdaBoost,1524,508,508,,0.5511811023622047,0.5708661417322834,0.531496062992126,0.5492424242424242,0.5708661417322834,0.5598455598455598,0.5698663897327794,145,109,135,119,508
4,RR,vote_ensemble,LR,1524,508,508,,0.594488188976378,0.594488188976378,0.594488188976378,0.594488188976378,0.594488188976378,0.594488188976378,,151,103,151,103,508
4,RR,vote_ensemble,RF,1524,508,508,,0.5354330708661418,0.5551181102362205,0.515748031496063,0.5340909090909091,0.5551181102362205,0.5444015444015444,,141,113,131,123,508
4,RR,vote_ensemble,AdaBoost,1524,508,508,,0.5570866141732284,0.5748031496062992,0.5393700787401575,0.5551330798479087,0.5748031496062992,0.5647969052224371,,146,108,137,117,508
4,RR,avg_ensemble,LR,1524,508,508,,0.5826771653543307,0.594488188976378,0.5708661417322834,0.5807692307692308,0.594488188976378,0.5875486381322957,0.6350052700105401,151,103,145,109,508
4,RR,avg_ensemble,RF,1524,508,508,,0.5531496062992126,0.5866141732283464,0.5196850393700787,0.5498154981549815,0.5866141732283464,0.5676190476190476,0.5798096596193192,149,105,132,122,508
4,RR,avg_ensemble,AdaBoost,1524,508,508,,0.5669291338582677,0.6181102362204725,0.515748031496063,0.5607142857142857,0.6181102362204725,0.5880149812734082,0.5792516585033171,157,97,131,123,508
0,TAR,per_layer,LR,1524,508,508,24,0.5669291338582677,0.6023622047244095,0.531496062992126,0.5625,0.6023622047244095,0.5817490494296578,0.6083219666439333,153,101,135,119,508
0,TAR,per_layer,RF,1524,508,508,1,0.5590551181102362,0.5433070866141733,0.5748031496062992,0.5609756097560976,0.5433070866141733,0.552,0.5663788827577656,138,116,146,108,508
0,TAR,per_layer,AdaBoost,1524,508,508,10,0.547244094488189,0.5708661417322834,0.5236220472440944,0.5451127819548872,0.5708661417322834,0.5576923076923077,0.5586133672267345,145,109,133,121,508
0,TAR,mid_band,LR,1524,508,508,,0.6023622047244095,0.6023622047244095,0.6023622047244095,0.6023622047244095,0.6023622047244095,0.6023622047244095,0.6591543183086368,153,101,153,101,508
0,TAR,mid_band,RF,1524,508,508,,0.5590551181102362,0.5511811023622047,0.5669291338582677,0.56,0.5511811023622047,0.5555555555555556,0.6049894599789198,140,114,144,110,508
0,TAR,mid_band,AdaBoost,1524,508,508,,0.5826771653543307,0.610236220472441,0.5551181102362205,0.5783582089552238,0.610236220472441,0.5938697318007663,0.6035944571889144,155,99,141,113,508
0,TAR,full_layer,LR,1524,508,508,,0.6161417322834646,0.6062992125984252,0.6259842519685039,0.6184738955823293,0.6062992125984252,0.6123260437375746,0.6473742947485895,154,100,159,95,508
0,TAR,full_layer,RF,1524,508,508,,0.5393700787401575,0.4921259842519685,0.5866141732283464,0.5434782608695652,0.4921259842519685,0.5165289256198347,0.5621163742327484,125,129,149,105,508
0,TAR,full_layer,AdaBoost,1524,508,508,,0.5452755905511811,0.5236220472440944,0.5669291338582677,0.5473251028806584,0.5236220472440944,0.5352112676056338,0.5771979043958088,133,121,144,110,508
0,TAR,init_band,LR,1524,508,508,,0.5984251968503937,0.5669291338582677,0.6299212598425197,0.6050420168067226,0.5669291338582677,0.5853658536585366,0.6397792795585591,144,110,160,94,508
0,TAR,init_band,RF,1524,508,508,,0.5649606299212598,0.4921259842519685,0.6377952755905512,0.576036866359447,0.4921259842519685,0.5307855626326964,0.5758959017918036,125,129,162,92,508
0,TAR,init_band,AdaBoost,1524,508,508,,0.5354330708661418,0.5393700787401575,0.531496062992126,0.53515625,0.5393700787401575,0.5372549019607843,0.5771281542563085,137,117,135,119,508
0,TAR,init_band_emb,LR,1524,508,508,,0.5984251968503937,0.5669291338582677,0.6299212598425197,0.6050420168067226,0.5669291338582677,0.5853658536585366,0.6397792795585591,144,110,160,94,508
0,TAR,init_band_emb,RF,1524,508,508,,0.5649606299212598,0.4881889763779528,0.6417322834645669,0.5767441860465117,0.4881889763779528,0.5287846481876333,0.5642708785417572,124,130,163,91,508
0,TAR,init_band_emb,AdaBoost,1524,508,508,,0.562992125984252,0.562992125984252,0.562992125984252,0.562992125984252,0.562992125984252,0.562992125984252,0.5800576601153202,143,111,143,111,508
0,TAR,end_band,LR,1524,508,508,,0.5964566929133859,0.6220472440944882,0.5708661417322834,0.5917602996254682,0.6220472440944882,0.6065259117082533,0.6435767871535744,158,96,145,109,508
0,TAR,end_band,RF,1524,508,508,,0.5708661417322834,0.4881889763779528,0.6535433070866141,0.5849056603773585,0.4881889763779528,0.5321888412017167,0.5933334366668733,124,130,166,88,508
0,TAR,end_band,AdaBoost,1524,508,508,,0.5078740157480315,0.515748031496063,0.5,0.5077519379844961,0.515748031496063,0.51171875,0.5556606113212226,131,123,127,127,508
0,TAR,ib_no_pca,LR,1524,508,508,,0.5570866141732284,0.6023622047244095,0.5118110236220472,0.5523465703971119,0.6023622047244095,0.576271186440678,0.5927056854113708,153,101,130,124,508
0,TAR,ib_no_pca,RF,1524,508,508,,0.59251968503937,0.562992125984252,0.6220472440944882,0.5983263598326359,0.562992125984252,0.5801217038539553,0.6268367536735073,143,111,158,96,508
0,TAR,ib_no_pca,AdaBoost,1524,508,508,,0.5255905511811023,0.515748031496063,0.5354330708661418,0.5261044176706827,0.515748031496063,0.5208747514910537,0.5391763283526566,131,123,136,118,508
0,TAR,vote_ensemble,LR,1524,508,508,,0.6062992125984252,0.6181102362204725,0.594488188976378,0.6038461538461538,0.6181102362204725,0.6108949416342413,,157,97,151,103,508
0,TAR,vote_ensemble,RF,1524,508,508,,0.5826771653543307,0.5669291338582677,0.5984251968503937,0.5853658536585366,0.5669291338582677,0.576,,144,110,152,102,508
0,TAR,vote_ensemble,AdaBoost,1524,508,508,,0.5748031496062992,0.5748031496062992,0.5748031496062992,0.5748031496062992,0.5748031496062992,0.5748031496062992,,146,108,146,108,508
0,TAR,avg_ensemble,LR,1524,508,508,,0.6003937007874016,0.6141732283464567,0.5866141732283464,0.5977011494252874,0.6141732283464567,0.6058252427184466,0.6354082708165417,156,98,149,105,508
0,TAR,avg_ensemble,RF,1524,508,508,,0.59251968503937,0.6181102362204725,0.5669291338582677,0.5880149812734082,0.6181102362204725,0.6026871401151631,0.6091822183644366,157,97,144,110,508
0,TAR,avg_ensemble,AdaBoost,1524,508,508,,0.594488188976378,0.6141732283464567,0.5748031496062992,0.5909090909090909,0.6141732283464567,0.6023166023166023,0.6220782441564884,156,98,146,108,508
1,TAR,per_layer,LR,1524,508,508,8,0.5905511811023622,0.6181102362204725,0.562992125984252,0.585820895522388,0.6181102362204725,0.6015325670498084,0.6127162254324509,157,97,143,111,508
1,TAR,per_layer,RF,1524,508,508,18,0.547244094488189,0.5275590551181102,0.5669291338582677,0.5491803278688525,0.5275590551181102,0.5381526104417671,0.5705948911897825,134,120,144,110,508
1,TAR,per_layer,AdaBoost,1524,508,508,5,0.5570866141732284,0.5748031496062992,0.5393700787401575,0.5551330798479087,0.5748031496062992,0.5647969052224371,0.5762989025978051,146,108,137,117,508
1,TAR,mid_band,LR,1524,508,508,,0.6299212598425197,0.6417322834645669,0.6181102362204725,0.6269230769230769,0.6417322834645669,0.6342412451361867,0.674266848533697,163,91,157,97,508
1,TAR,mid_band,RF,1524,508,508,,0.5452755905511811,0.5078740157480315,0.5826771653543307,0.548936170212766,0.5078740157480315,0.5276073619631901,0.5784689069378138,129,125,148,106,508
1,TAR,mid_band,AdaBoost,1524,508,508,,0.5866141732283464,0.6023622047244095,0.5708661417322834,0.583969465648855,0.6023622047244095,0.5930232558139535,0.6209932419864839,153,101,145,109,508
1,TAR,full_layer,LR,1524,508,508,,0.6437007874015748,0.6456692913385826,0.6417322834645669,0.6431372549019608,0.6456692913385826,0.6444007858546169,0.6784053568107136,164,90,163,91,508
1,TAR,full_layer,RF,1524,508,508,,0.6062992125984252,0.5708661417322834,0.6417322834645669,0.614406779661017,0.5708661417322834,0.5918367346938775,0.6224657449314899,145,109,163,91,508
1,TAR,full_layer,AdaBoost,1524,508,508,,0.594488188976378,0.6338582677165354,0.5551181102362205,0.5875912408759124,0.6338582677165354,0.6098484848484849,0.6082444664889329,161,93,141,113,508
1,TAR,init_band,LR,1524,508,508,,0.6200787401574803,0.6417322834645669,0.5984251968503937,0.6150943396226415,0.6417322834645669,0.628131021194605,0.6596813193626387,163,91,152,102,508
1,TAR,init_band,RF,1524,508,508,,0.5570866141732284,0.4409448818897638,0.6732283464566929,0.5743589743589743,0.4409448818897638,0.49888641425389757,0.6106934713869429,112,142,171,83,508
1,TAR,init_band,AdaBoost,1524,508,508,,0.5669291338582677,0.5275590551181102,0.6062992125984252,0.5726495726495726,0.5275590551181102,0.5491803278688525,0.5952089404178809,134,120,154,100,508
1,TAR,init_band_emb,LR,1524,508,508,,0.6200787401574803,0.6417322834645669,0.5984251968503937,0.6150943396226415,0.6417322834645669,0.628131021194605,0.6597123194246388,163,91,152,102,508
1,TAR,init_band_emb,RF,1524,508,508,,0.5551181102362205,0.4448818897637795,0.6653543307086615,0.5707070707070707,0.4448818897637795,0.5,0.6006804513609028,113,141,169,85,508
1,TAR,init_band_emb,AdaBoost,1524,508,508,,0.5885826771653543,0.5787401574803149,0.5984251968503937,0.5903614457831325,0.5787401574803149,0.584493041749503,0.6115924731849464,147,107,152,102,508
1,TAR,end_band,LR,1524,508,508,,0.6299212598425197,0.6614173228346457,0.5984251968503937,0.6222222222222222,0.6614173228346457,0.6412213740458015,0.6540548081096162,168,86,152,102,508
1,TAR,end_band,RF,1524,508,508,,0.5531496062992126,0.5196850393700787,0.5866141732283464,0.5569620253164557,0.5196850393700787,0.5376782077393075,0.5779031558063116,132,122,149,105,508
1,TAR,end_band,AdaBoost,1524,508,508,,0.5610236220472441,0.547244094488189,0.5748031496062992,0.562753036437247,0.547244094488189,0.5548902195608783,0.6060279620559241,139,115,146,108,508
1,TAR,ib_no_pca,LR,1524,508,508,,0.5846456692913385,0.5748031496062992,0.594488188976378,0.5863453815261044,0.5748031496062992,0.5805168986083499,0.6074927149854299,146,108,151,103,508
1,TAR,ib_no_pca,RF,1524,508,508,,0.5374015748031497,0.5196850393700787,0.5551181102362205,0.5387755102040817,0.5196850393700787,0.5290581162324649,0.5788409076818154,132,122,141,113,508
1,TAR,ib_no_pca,AdaBoost,1524,508,508,,0.5748031496062992,0.531496062992126,0.6181102362204725,0.5818965517241379,0.531496062992126,0.5555555555555556,0.5998511997023994,135,119,157,97,508
1,TAR,vote_ensemble,LR,1524,508,508,,0.6200787401574803,0.6259842519685039,0.6141732283464567,0.6186770428015564,0.6259842519685039,0.6223091976516634,,159,95,156,98,508
1,TAR,vote_ensemble,RF,1524,508,508,,0.5807086614173228,0.531496062992126,0.6299212598425197,0.5895196506550219,0.531496062992126,0.5590062111801242,,135,119,160,94,508
1,TAR,vote_ensemble,AdaBoost,1524,508,508,,0.6023622047244095,0.6299212598425197,0.5748031496062992,0.5970149253731343,0.6299212598425197,0.6130268199233716,,160,94,146,108,508
1,TAR,avg_ensemble,LR,1524,508,508,,0.6200787401574803,0.6220472440944882,0.6181102362204725,0.6196078431372549,0.6220472440944882,0.6208251473477406,0.6504123008246017,158,96,157,97,508
1,TAR,avg_ensemble,RF,1524,508,508,,0.5748031496062992,0.5866141732283464,0.562992125984252,0.573076923076923,0.5866141732283464,0.5797665369649806,0.6154287308574617,149,105,143,111,508
1,TAR,avg_ensemble,AdaBoost,1524,508,508,,0.6023622047244095,0.6181102362204725,0.5866141732283464,0.5992366412213741,0.6181102362204725,0.6085271317829457,0.6184667369334738,157,97,149,105,508
2,TAR,per_layer,LR,1524,508,508,11,0.5492125984251969,0.5433070866141733,0.5551181102362205,0.549800796812749,0.5433070866141733,0.5465346534653466,0.5722766445532892,138,116,141,113,508
2,TAR,per_layer,RF,1524,508,508,32,0.5334645669291339,0.531496062992126,0.5354330708661418,0.5335968379446641,0.531496062992126,0.5325443786982249,0.5388120776241553,135,119,136,118,508
2,TAR,per_layer,AdaBoost,1524,508,508,19,0.5551181102362205,0.5826771653543307,0.5275590551181102,0.5522388059701493,0.5826771653543307,0.5670498084291188,0.5549476098952199,148,106,134,120,508
2,TAR,mid_band,LR,1524,508,508,,0.5984251968503937,0.610236220472441,0.5866141732283464,0.5961538461538461,0.610236220472441,0.603112840466926,0.6425692851385703,155,99,149,105,508
2,TAR,mid_band,RF,1524,508,508,,0.5531496062992126,0.5275590551181102,0.5787401574803149,0.5560165975103735,0.5275590551181102,0.5414141414141415,0.5596983693967388,134,120,147,107,508
2,TAR,mid_band,AdaBoost,1524,508,508,,0.5669291338582677,0.5669291338582677,0.5669291338582677,0.5669291338582677,0.5669291338582677,0.5669291338582677,0.5973014446028893,144,110,144,110,508
2,TAR,full_layer,LR,1524,508,508,,0.6003937007874016,0.6023622047244095,0.5984251968503937,0.6,0.6023622047244095,0.6011787819253438,0.6358887717775435,153,101,152,102,508
2,TAR,full_layer,RF,1524,508,508,,0.5570866141732284,0.484251968503937,0.6299212598425197,0.5668202764976958,0.484251968503937,0.5222929936305732,0.59252743505487,123,131,160,94,508
2,TAR,full_layer,AdaBoost,1524,508,508,,0.5255905511811023,0.5078740157480315,0.5433070866141733,0.5265306122448979,0.5078740157480315,0.5170340681362725,0.5346890693781388,129,125,138,116,508
2,TAR,init_band,LR,1524,508,508,,0.5964566929133859,0.594488188976378,0.5984251968503937,0.5968379446640316,0.594488188976378,0.5956607495069034,0.6273947547895095,151,103,152,102,508
2,TAR,init_band,RF,1524,508,508,,0.5177165354330708,0.4448818897637795,0.5905511811023622,0.5207373271889401,0.4448818897637795,0.47983014861995754,0.5398970797941595,113,141,150,104,508
2,TAR,init_band,AdaBoost,1524,508,508,,0.5492125984251969,0.531496062992126,0.5669291338582677,0.5510204081632653,0.531496062992126,0.5410821643286573,0.5600548701097402,135,119,144,110,508
2,TAR,init_band_emb,LR,1524,508,508,,0.5964566929133859,0.594488188976378,0.5984251968503937,0.5968379446640316,0.594488188976378,0.5956607495069034,0.6273327546655093,151,103,152,102,508
2,TAR,init_band_emb,RF,1524,508,508,,0.515748031496063,0.4409448818897638,0.5905511811023622,0.5185185185185185,0.4409448818897638,0.4765957446808511,0.5405480810961623,112,142,150,104,508
2,TAR,init_band_emb,AdaBoost,1524,508,508,,0.5570866141732284,0.531496062992126,0.5826771653543307,0.5601659751037344,0.531496062992126,0.5454545454545454,0.558008866017732,135,119,148,106,508
2,TAR,end_band,LR,1524,508,508,,0.5669291338582677,0.5748031496062992,0.5590551181102362,0.5658914728682171,0.5748031496062992,0.5703125,0.6114297228594457,146,108,142,112,508
2,TAR,end_band,RF,1524,508,508,,0.562992125984252,0.5354330708661418,0.5905511811023622,0.5666666666666667,0.5354330708661418,0.5506072874493927,0.5643173786347573,136,118,150,104,508
2,TAR,end_band,AdaBoost,1524,508,508,,0.5688976377952756,0.5708661417322834,0.5669291338582677,0.5686274509803921,0.5708661417322834,0.5697445972495089,0.5890089280178561,145,109,144,110,508
2,TAR,ib_no_pca,LR,1524,508,508,,0.5767716535433071,0.610236220472441,0.5433070866141733,0.5719557195571956,0.610236220472441,0.5904761904761905,0.589745179490359,155,99,138,116,508
2,TAR,ib_no_pca,RF,1524,508,508,,0.5708661417322834,0.5393700787401575,0.6023622047244095,0.5756302521008403,0.5393700787401575,0.556910569105691,0.5896444292888585,137,117,153,101,508
2,TAR,ib_no_pca,AdaBoost,1524,508,508,,0.5433070866141733,0.5,0.5866141732283464,0.5474137931034483,0.5,0.522633744855967,0.5728113956227913,127,127,149,105,508
2,TAR,vote_ensemble,LR,1524,508,508,,0.610236220472441,0.6220472440944882,0.5984251968503937,0.6076923076923076,0.6220472440944882,0.6147859922178989,,158,96,152,102,508
2,TAR,vote_ensemble,RF,1524,508,508,,0.5393700787401575,0.5039370078740157,0.5748031496062992,0.5423728813559322,0.5039370078740157,0.5224489795918368,,128,126,146,108,508
2,TAR,vote_ensemble,AdaBoost,1524,508,508,,0.5748031496062992,0.5669291338582677,0.5826771653543307,0.576,0.5669291338582677,0.5714285714285714,,144,110,148,106,508
2,TAR,avg_ensemble,LR,1524,508,508,,0.5984251968503937,0.6023622047244095,0.594488188976378,0.59765625,0.6023622047244095,0.6,0.615754231508463,153,101,151,103,508
2,TAR,avg_ensemble,RF,1524,508,508,,0.5531496062992126,0.547244094488189,0.5590551181102362,0.5537848605577689,0.547244094488189,0.5504950495049505,0.5843356686713373,139,115,142,112,508
2,TAR,avg_ensemble,AdaBoost,1524,508,508,,0.5688976377952756,0.5669291338582677,0.5708661417322834,0.5691699604743083,0.5669291338582677,0.5680473372781065,0.5983321966643933,144,110,145,109,508
3,TAR,per_layer,LR,1524,508,508,10,0.5826771653543307,0.5275590551181102,0.6377952755905512,0.5929203539823009,0.5275590551181102,0.5583333333333333,0.6062992125984252,134,120,162,92,508
3,TAR,per_layer,RF,1524,508,508,24,0.5118110236220472,0.4763779527559055,0.547244094488189,0.5127118644067796,0.4763779527559055,0.49387755102040815,0.5653248806497613,121,133,139,115,508
3,TAR,per_layer,AdaBoost,1524,508,508,9,0.5688976377952756,0.5354330708661418,0.6023622047244095,0.5738396624472574,0.5354330708661418,0.5539714867617108,0.5901094302188605,136,118,153,101,508
3,TAR,mid_band,LR,1524,508,508,,0.6043307086614174,0.594488188976378,0.6141732283464567,0.606425702811245,0.594488188976378,0.6003976143141153,0.6389267778535557,151,103,156,98,508
3,TAR,mid_band,RF,1524,508,508,,0.5295275590551181,0.49606299212598426,0.562992125984252,0.5316455696202531,0.49606299212598426,0.5132382892057027,0.5518476036952074,126,128,143,111,508
3,TAR,mid_band,AdaBoost,1524,508,508,,0.5531496062992126,0.531496062992126,0.5748031496062992,0.5555555555555556,0.531496062992126,0.5432595573440644,0.57001364002728,135,119,146,108,508
3,TAR,full_layer,LR,1524,508,508,,0.5984251968503937,0.6023622047244095,0.594488188976378,0.59765625,0.6023622047244095,0.6,0.6489397978795957,153,101,151,103,508
3,TAR,full_layer,RF,1524,508,508,,0.5196850393700787,0.4763779527559055,0.562992125984252,0.521551724137931,0.4763779527559055,0.49794238683127573,0.5513826027652056,121,133,143,111,508
3,TAR,full_layer,AdaBoost,1524,508,508,,0.5354330708661418,0.531496062992126,0.5393700787401575,0.5357142857142857,0.531496062992126,0.5335968379446641,0.5684016368032736,135,119,137,117,508
3,TAR,init_band,LR,1524,508,508,,0.5984251968503937,0.5708661417322834,0.6259842519685039,0.6041666666666666,0.5708661417322834,0.5870445344129555,0.6286037572075144,145,109,159,95,508
3,TAR,init_band,RF,1524,508,508,,0.5590551181102362,0.5,0.6181102362204725,0.5669642857142857,0.5,0.5313807531380753,0.5860949221898444,127,127,157,97,508
3,TAR,init_band,AdaBoost,1524,508,508,,0.5511811023622047,0.5393700787401575,0.562992125984252,0.5524193548387096,0.5393700787401575,0.545816733067729,0.5657898815797632,137,117,143,111,508
3,TAR,init_band_emb,LR,1524,508,508,,0.5984251968503937,0.5708661417322834,0.6259842519685039,0.6041666666666666,0.5708661417322834,0.5870445344129555,0.6286037572075145,145,109,159,95,508
3,TAR,init_band_emb,RF,1524,508,508,,0.5649606299212598,0.484251968503937,0.6456692913385826,0.5774647887323944,0.484251968503937,0.5267665952890792,0.5858701717403434,123,131,164,90,508
3,TAR,init_band_emb,AdaBoost,1524,508,508,,0.5787401574803149,0.562992125984252,0.594488188976378,0.5813008130081301,0.562992125984252,0.572,0.573005146010292,143,111,151,103,508
3,TAR,end_band,LR,1524,508,508,,0.5984251968503937,0.5787401574803149,0.6181102362204725,0.6024590163934426,0.5787401574803149,0.5903614457831325,0.6262787525575051,147,107,157,97,508
3,TAR,end_band,RF,1524,508,508,,0.5334645669291339,0.4645669291338583,0.6023622047244095,0.5388127853881278,0.4645669291338583,0.4989429175475687,0.5419430838861677,118,136,153,101,508
3,TAR,end_band,AdaBoost,1524,508,508,,0.5688976377952756,0.5669291338582677,0.5708661417322834,0.5691699604743083,0.5669291338582677,0.5680473372781065,0.5916361832723666,144,110,145,109,508
3,TAR,ib_no_pca,LR,1524,508,508,,0.5590551181102362,0.5354330708661418,0.5826771653543307,0.5619834710743802,0.5354330708661418,0.5483870967741935,0.576725153450307,136,118,148,106,508
3,TAR,ib_no_pca,RF,1524,508,508,,0.5334645669291339,0.4881889763779528,0.5787401574803149,0.5367965367965368,0.4881889763779528,0.511340206185567,0.5859786719573438,124,130,147,107,508
3,TAR,ib_no_pca,AdaBoost,1524,508,508,,0.562992125984252,0.5433070866141733,0.5826771653543307,0.5655737704918032,0.5433070866141733,0.5542168674698795,0.5687116374232749,138,116,148,106,508
3,TAR,vote_ensemble,LR,1524,508,508,,0.5807086614173228,0.5748031496062992,0.5866141732283464,0.5816733067729084,0.5748031496062992,0.5782178217821782,,146,108,149,105,508
3,TAR,vote_ensemble,RF,1524,508,508,,0.5610236220472441,0.4881889763779528,0.6338582677165354,0.5714285714285714,0.4881889763779528,0.5265392781316348,,124,130,161,93,508
3,TAR,vote_ensemble,AdaBoost,1524,508,508,,0.5728346456692913,0.5433070866141733,0.6023622047244095,0.5774058577405857,0.5433070866141733,0.5598377281947262,,138,116,153,101,508
3,TAR,avg_ensemble,LR,1524,508,508,,0.5708661417322834,0.5511811023622047,0.5905511811023622,0.5737704918032787,0.5511811023622047,0.5622489959839357,0.6344782689565379,140,114,150,104,508
3,TAR,avg_ensemble,RF,1524,508,508,,0.5688976377952756,0.547244094488189,0.5905511811023622,0.5720164609053497,0.547244094488189,0.5593561368209256,0.6027962055924112,139,115,150,104,508
3,TAR,avg_ensemble,AdaBoost,1524,508,508,,0.5826771653543307,0.5748031496062992,0.5905511811023622,0.584,0.5748031496062992,0.5793650793650794,0.6079112158224317,146,108,150,104,508
4,TAR,per_layer,LR,1524,508,508,15,0.5748031496062992,0.594488188976378,0.5551181102362205,0.571969696969697,0.594488188976378,0.583011583011583,0.6067177134354269,151,103,141,113,508
4,TAR,per_layer,RF,1524,508,508,3,0.5708661417322834,0.5590551181102362,0.5826771653543307,0.5725806451612904,0.5590551181102362,0.5657370517928287,0.5903961807923617,142,112,148,106,508
4,TAR,per_layer,AdaBoost,1524,508,508,1,0.5649606299212598,0.5590551181102362,0.5708661417322834,0.5657370517928287,0.5590551181102362,0.5623762376237624,0.5657123814247629,142,112,145,109,508
4,TAR,mid_band,LR,1524,508,508,,0.6141732283464567,0.6141732283464567,0.6141732283464567,0.6141732283464567,0.6141732283464567,0.6141732283464567,0.6673228346456692,156,98,156,98,508
4,TAR,mid_band,RF,1524,508,508,,0.5669291338582677,0.5236220472440944,0.610236220472441,0.5732758620689655,0.5236220472440944,0.5473251028806584,0.588241676483353,133,121,155,99,508
4,TAR,mid_band,AdaBoost,1524,508,508,,0.5255905511811023,0.468503937007874,0.5826771653543307,0.5288888888888889,0.468503937007874,0.4968684759916493,0.5476548453096907,119,135,148,106,508
4,TAR,full_layer,LR,1524,508,508,,0.610236220472441,0.5984251968503937,0.6220472440944882,0.6129032258064516,0.5984251968503937,0.6055776892430279,0.6645793291586584,152,102,158,96,508
4,TAR,full_layer,RF,1524,508,508,,0.5767716535433071,0.5236220472440944,0.6299212598425197,0.5859030837004405,0.5236220472440944,0.553014553014553,0.580964411928824,133,121,160,94,508
4,TAR,full_layer,AdaBoost,1524,508,508,,0.562992125984252,0.6062992125984252,0.5196850393700787,0.5579710144927537,0.6062992125984252,0.5811320754716981,0.5658208816417633,154,100,132,122,508
4,TAR,init_band,LR,1524,508,508,,0.5807086614173228,0.5866141732283464,0.5748031496062992,0.5797665369649806,0.5866141732283464,0.5831702544031311,0.6202027404054807,149,105,146,108,508
4,TAR,init_band,RF,1524,508,508,,0.5531496062992126,0.5,0.6062992125984252,0.5594713656387665,0.5,0.5280665280665281,0.5526071052142103,127,127,154,100,508
4,TAR,init_band,AdaBoost,1524,508,508,,0.5334645669291339,0.5826771653543307,0.484251968503937,0.5304659498207885,0.5826771653543307,0.5553470919324578,0.5567301134602268,148,106,123,131,508
4,TAR,init_band_emb,LR,1524,508,508,,0.5807086614173228,0.5866141732283464,0.5748031496062992,0.5797665369649806,0.5866141732283464,0.5831702544031311,0.6202182404364809,149,105,146,108,508
4,TAR,init_band_emb,RF,1524,508,508,,0.5570866141732284,0.5118110236220472,0.6023622047244095,0.5627705627705628,0.5118110236220472,0.5360824742268041,0.5652783805567612,130,124,153,101,508
4,TAR,init_band_emb,AdaBoost,1524,508,508,,0.5177165354330708,0.547244094488189,0.4881889763779528,0.516728624535316,0.547244094488189,0.5315487571701721,0.5421445842891686,139,115,124,130,508
4,TAR,end_band,LR,1524,508,508,,0.594488188976378,0.5590551181102362,0.6299212598425197,0.6016949152542372,0.5590551181102362,0.5795918367346938,0.6426622853245707,142,112,160,94,508
4,TAR,end_band,RF,1524,508,508,,0.5570866141732284,0.531496062992126,0.5826771653543307,0.5601659751037344,0.531496062992126,0.5454545454545454,0.5791199082398165,135,119,148,106,508
4,TAR,end_band,AdaBoost,1524,508,508,,0.5551181102362205,0.5078740157480315,0.6023622047244095,0.5608695652173913,0.5078740157480315,0.5330578512396694,0.5553816107632215,129,125,153,101,508
4,TAR,ib_no_pca,LR,1524,508,508,,0.547244094488189,0.5590551181102362,0.5354330708661418,0.5461538461538461,0.5590551181102362,0.5525291828793775,0.5699516399032798,142,112,136,118,508
4,TAR,ib_no_pca,RF,1524,508,508,,0.5846456692913385,0.5787401574803149,0.5905511811023622,0.5856573705179283,0.5787401574803149,0.5821782178217821,0.5960691921383843,147,107,150,104,508
4,TAR,ib_no_pca,AdaBoost,1524,508,508,,0.5413385826771654,0.5078740157480315,0.5748031496062992,0.5443037974683544,0.5078740157480315,0.5254582484725051,0.5583266166532332,129,125,146,108,508
4,TAR,vote_ensemble,LR,1524,508,508,,0.5688976377952756,0.5708661417322834,0.5669291338582677,0.5686274509803921,0.5708661417322834,0.5697445972495089,,145,109,144,110,508
4,TAR,vote_ensemble,RF,1524,508,508,,0.6062992125984252,0.547244094488189,0.6653543307086615,0.6205357142857143,0.547244094488189,0.5815899581589958,,139,115,169,85,508
4,TAR,vote_ensemble,AdaBoost,1524,508,508,,0.5807086614173228,0.5787401574803149,0.5826771653543307,0.5810276679841897,0.5787401574803149,0.5798816568047337,,147,107,148,106,508
4,TAR,avg_ensemble,LR,1524,508,508,,0.5807086614173228,0.5826771653543307,0.5787401574803149,0.5803921568627451,0.5826771653543307,0.581532416502947,0.6174747349494699,148,106,147,107,508
4,TAR,avg_ensemble,RF,1524,508,508,,0.5964566929133859,0.594488188976378,0.5984251968503937,0.5968379446640316,0.594488188976378,0.5956607495069034,0.6273172546345093,151,103,152,102,508
4,TAR,avg_ensemble,AdaBoost,1524,508,508,,0.5866141732283464,0.5826771653543307,0.5905511811023622,0.5873015873015873,0.5826771653543307,0.5849802371541502,0.6510788021576042,148,106,150,104,508
0,PB&J,per_layer,LR,1524,508,508,24,0.5452755905511811,0.562992125984252,0.5275590551181102,0.5437262357414449,0.562992125984252,0.5531914893617021,0.5506231012462024,143,111,134,120,508
0,PB&J,per_layer,RF,1524,508,508,2,0.5905511811023622,0.547244094488189,0.6338582677165354,0.5991379310344828,0.547244094488189,0.5720164609053497,0.6047027094054188,139,115,161,93,508
0,PB&J,per_layer,AdaBoost,1524,508,508,29,0.5039370078740157,0.4921259842519685,0.515748031496063,0.5040322580645161,0.4921259842519685,0.49800796812749004,0.5232965465930932,125,129,131,123,508
0,PB&J,mid_band,LR,1524,508,508,,0.5492125984251969,0.5433070866141733,0.5551181102362205,0.549800796812749,0.5433070866141733,0.5465346534653466,0.5895591791183583,138,116,141,113,508
0,PB&J,mid_band,RF,1524,508,508,,0.5354330708661418,0.4881889763779528,0.5826771653543307,0.5391304347826087,0.4881889763779528,0.512396694214876,0.5467480934961869,124,130,148,106,508
0,PB&J,mid_band,AdaBoost,1524,508,508,,0.5216535433070866,0.5118110236220472,0.531496062992126,0.5220883534136547,0.5118110236220472,0.5168986083499006,0.5578848657697315,130,124,135,119,508
0,PB&J,full_layer,LR,1524,508,508,,0.6082677165354331,0.562992125984252,0.6535433070866141,0.6190476190476191,0.562992125984252,0.5896907216494846,0.6384772769545539,143,111,166,88,508
0,PB&J,full_layer,RF,1524,508,508,,0.5255905511811023,0.43700787401574803,0.6141732283464567,0.5311004784688995,0.43700787401574803,0.4794816414686825,0.5665416330832662,111,143,156,98,508
0,PB&J,full_layer,AdaBoost,1524,508,508,,0.5610236220472441,0.5,0.6220472440944882,0.5695067264573991,0.5,0.5324947589098532,0.5811039122078244,127,127,158,96,508
0,PB&J,init_band,LR,1524,508,508,,0.5846456692913385,0.547244094488189,0.6220472440944882,0.5914893617021276,0.547244094488189,0.5685071574642127,0.6157387314774629,139,115,158,96,508
0,PB&J,init_band,RF,1524,508,508,,0.5669291338582677,0.5196850393700787,0.6141732283464567,0.5739130434782609,0.5196850393700787,0.5454545454545454,0.6013624527249055,132,122,156,98,508
0,PB&J,init_band,AdaBoost,1524,508,508,,0.5570866141732284,0.531496062992126,0.5826771653543307,0.5601659751037344,0.531496062992126,0.5454545454545454,0.5798639097278195,135,119,148,106,508
0,PB&J,init_band_emb,LR,1524,508,508,,0.5846456692913385,0.547244094488189,0.6220472440944882,0.5914893617021276,0.547244094488189,0.5685071574642127,0.615769731539463,139,115,158,96,508
0,PB&J,init_band_emb,RF,1524,508,508,,0.5669291338582677,0.515748031496063,0.6181102362204725,0.5745614035087719,0.515748031496063,0.5435684647302904,0.5895204290408581,131,123,157,97,508
0,PB&J,init_band_emb,AdaBoost,1524,508,508,,0.5393700787401575,0.5236220472440944,0.5551181102362205,0.540650406504065,0.5236220472440944,0.532,0.5521576043152086,133,121,141,113,508
0,PB&J,end_band,LR,1524,508,508,,0.5688976377952756,0.5708661417322834,0.5669291338582677,0.5686274509803921,0.5708661417322834,0.5697445972495089,0.5802281604563209,145,109,144,110,508
0,PB&J,end_band,RF,1524,508,508,,0.5078740157480315,0.4921259842519685,0.5236220472440944,0.508130081300813,0.4921259842519685,0.5,0.5364483228966458,125,129,133,121,508
0,PB&J,end_band,AdaBoost,1524,508,508,,0.5354330708661418,0.5551181102362205,0.515748031496063,0.5340909090909091,0.5551181102362205,0.5444015444015444,0.535758571517143,141,113,131,123,508
0,PB&J,ib_no_pca,LR,1524,508,508,,0.5688976377952756,0.5669291338582677,0.5708661417322834,0.5691699604743083,0.5669291338582677,0.5680473372781065,0.6126542253084506,144,110,145,109,508
0,PB&J,ib_no_pca,RF,1524,508,508,,0.5511811023622047,0.5236220472440944,0.5787401574803149,0.5541666666666667,0.5236220472440944,0.5384615384615384,0.5889081778163556,133,121,147,107,508
0,PB&J,ib_no_pca,AdaBoost,1524,508,508,,0.5610236220472441,0.5590551181102362,0.562992125984252,0.5612648221343873,0.5590551181102362,0.5601577909270217,0.5829096658193316,142,112,143,111,508
0,PB&J,vote_ensemble,LR,1524,508,508,,0.5807086614173228,0.562992125984252,0.5984251968503937,0.5836734693877551,0.562992125984252,0.5731462925851704,,143,111,152,102,508
0,PB&J,vote_ensemble,RF,1524,508,508,,0.5511811023622047,0.5118110236220472,0.5905511811023622,0.5555555555555556,0.5118110236220472,0.5327868852459017,,130,124,150,104,508
0,PB&J,vote_ensemble,AdaBoost,1524,508,508,,0.5669291338582677,0.5393700787401575,0.594488188976378,0.5708333333333333,0.5393700787401575,0.5546558704453441,,137,117,151,103,508
0,PB&J,avg_ensemble,LR,1524,508,508,,0.5866141732283464,0.5708661417322834,0.6023622047244095,0.5894308943089431,0.5708661417322834,0.58,0.6275187550375101,145,109,153,101,508
0,PB&J,avg_ensemble,RF,1524,508,508,,0.5452755905511811,0.531496062992126,0.5590551181102362,0.5465587044534413,0.531496062992126,0.5389221556886228,0.5684248868497738,135,119,142,112,508
0,PB&J,avg_ensemble,AdaBoost,1524,508,508,,0.5551181102362205,0.5866141732283464,0.5236220472440944,0.5518518518518518,0.5866141732283464,0.5687022900763359,0.5764771529543059,149,105,133,121,508
1,PB&J,per_layer,LR,1524,508,508,2,0.562992125984252,0.5590551181102362,0.5669291338582677,0.5634920634920635,0.5590551181102362,0.5612648221343873,0.58250666501333,142,112,144,110,508
1,PB&J,per_layer,RF,1524,508,508,4,0.5708661417322834,0.562992125984252,0.5787401574803149,0.572,0.562992125984252,0.5674603174603174,0.6042377084754169,143,111,147,107,508
1,PB&J,per_layer,AdaBoost,1524,508,508,4,0.6043307086614174,0.6181102362204725,0.5905511811023622,0.6015325670498084,0.6181102362204725,0.6097087378640776,0.6046019592039185,157,97,150,104,508
1,PB&J,mid_band,LR,1524,508,508,,0.5807086614173228,0.5708661417322834,0.5905511811023622,0.5823293172690763,0.5708661417322834,0.5765407554671969,0.6155372310744621,145,109,150,104,508
1,PB&J,mid_band,RF,1524,508,508,,0.5531496062992126,0.5275590551181102,0.5787401574803149,0.5560165975103735,0.5275590551181102,0.5414141414141415,0.5608996217992437,134,120,147,107,508
1,PB&J,mid_band,AdaBoost,1524,508,508,,0.5492125984251969,0.4921259842519685,0.6062992125984252,0.5555555555555556,0.4921259842519685,0.5219206680584552,0.5604888709777419,125,129,154,100,508
1,PB&J,full_layer,LR,1524,508,508,,0.6082677165354331,0.5984251968503937,0.6181102362204725,0.6104417670682731,0.5984251968503937,0.6043737574552683,0.656488312976626,152,102,157,97,508
1,PB&J,full_layer,RF,1524,508,508,,0.5531496062992126,0.5118110236220472,0.594488188976378,0.5579399141630901,0.5118110236220472,0.5338809034907598,0.5702848905697813,130,124,151,103,508
1,PB&J,full_layer,AdaBoost,1524,508,508,,0.5610236220472441,0.5708661417322834,0.5511811023622047,0.5598455598455598,0.5708661417322834,0.5653021442495126,0.5582878665757331,145,109,140,114,508
1,PB&J,init_band,LR,1524,508,508,,0.5728346456692913,0.5708661417322834,0.5748031496062992,0.5731225296442688,0.5708661417322834,0.571992110453649,0.6430807861615724,145,109,146,108,508
1,PB&J,init_band,RF,1524,508,508,,0.5669291338582677,0.5196850393700787,0.6141732283464567,0.5739130434782609,0.5196850393700787,0.5454545454545454,0.6004169508339017,132,122,156,98,508
1,PB&J,init_band,AdaBoost,1524,508,508,,0.59251968503937,0.5354330708661418,0.6496062992125984,0.6044444444444445,0.5354330708661418,0.5678496868475992,0.6315952631905264,136,118,165,89,508
1,PB&J,init_band_emb,LR,1524,508,508,,0.5728346456692913,0.5708661417322834,0.5748031496062992,0.5731225296442688,0.5708661417322834,0.571992110453649,0.6430807861615723,145,109,146,108,508
1,PB&J,init_band_emb,RF,1524,508,508,,0.5748031496062992,0.531496062992126,0.6181102362204725,0.5818965517241379,0.531496062992126,0.5555555555555556,0.615986731973464,135,119,157,97,508
1,PB&J,init_band_emb,AdaBoost,1524,508,508,,0.59251968503937,0.5354330708661418,0.6496062992125984,0.6044444444444445,0.5354330708661418,0.5678496868475992,0.6312077624155248,136,118,165,89,508
1,PB&J,end_band,LR,1524,508,508,,0.562992125984252,0.5866141732283464,0.5393700787401575,0.5601503759398496,0.5866141732283464,0.573076923076923,0.601757703515407,149,105,137,117,508
1,PB&J,end_band,RF,1524,508,508,,0.5295275590551181,0.5,0.5590551181102362,0.5313807531380753,0.5,0.5152129817444219,0.5677583855167709,127,127,142,112,508
1,PB&J,end_band,AdaBoost,1524,508,508,,0.562992125984252,0.5590551181102362,0.5669291338582677,0.5634920634920635,0.5590551181102362,0.5612648221343873,0.5769421538843077,142,112,144,110,508
1,PB&J,ib_no_pca,LR,1524,508,508,,0.5807086614173228,0.562992125984252,0.5984251968503937,0.5836734693877551,0.562992125984252,0.5731462925851704,0.597743195486391,143,111,152,102,508
1,PB&J,ib_no_pca,RF,1524,508,508,,0.547244094488189,0.5275590551181102,0.5669291338582677,0.5491803278688525,0.5275590551181102,0.5381526104417671,0.5964024428048855,134,120,144,110,508
1,PB&J,ib_no_pca,AdaBoost,1524,508,508,,0.5590551181102362,0.5669291338582677,0.5511811023622047,0.5581395348837209,0.5669291338582677,0.5625,0.5810341620683241,144,110,140,114,508
1,PB&J,vote_ensemble,LR,1524,508,508,,0.5708661417322834,0.5393700787401575,0.6023622047244095,0.5756302521008403,0.5393700787401575,0.556910569105691,,137,117,153,101,508
1,PB&J,vote_ensemble,RF,1524,508,508,,0.5688976377952756,0.4921259842519685,0.6456692913385826,0.5813953488372093,0.4921259842519685,0.5330490405117271,,125,129,164,90,508
1,PB&J,vote_ensemble,AdaBoost,1524,508,508,,0.5492125984251969,0.5511811023622047,0.547244094488189,0.5490196078431373,0.5511811023622047,0.550098231827112,,140,114,139,115,508
1,PB&J,avg_ensemble,LR,1524,508,508,,0.5669291338582677,0.5393700787401575,0.594488188976378,0.5708333333333333,0.5393700787401575,0.5546558704453441,0.6061132122264244,137,117,151,103,508
1,PB&J,avg_ensemble,RF,1524,508,508,,0.5748031496062992,0.5236220472440944,0.6259842519685039,0.5833333333333334,0.5236220472440944,0.5518672199170125,0.6025869551739103,133,121,159,95,508
1,PB&J,avg_ensemble,AdaBoost,1524,508,508,,0.5610236220472441,0.5590551181102362,0.562992125984252,0.5612648221343873,0.5590551181102362,0.5601577909270217,0.5771901543803087,142,112,143,111,508
2,PB&J,per_layer,LR,1524,508,508,9,0.5354330708661418,0.547244094488189,0.5236220472440944,0.5346153846153846,0.547244094488189,0.5408560311284046,0.5856221712443426,139,115,133,121,508
2,PB&J,per_layer,RF,1524,508,508,2,0.5452755905511811,0.5433070866141733,0.547244094488189,0.5454545454545454,0.5433070866141733,0.5443786982248521,0.5863816727633455,138,116,139,115,508
2,PB&J,per_layer,AdaBoost,1524,508,508,3,0.5551181102362205,0.5590551181102362,0.5511811023622047,0.5546875,0.5590551181102362,0.5568627450980392,0.5673011346022693,142,112,140,114,508
2,PB&J,mid_band,LR,1524,508,508,,0.5669291338582677,0.5551181102362205,0.5787401574803149,0.5685483870967742,0.5551181102362205,0.5617529880478087,0.5938526877053754,141,113,147,107,508
2,PB&J,mid_band,RF,1524,508,508,,0.5511811023622047,0.515748031496063,0.5866141732283464,0.5550847457627118,0.515748031496063,0.5346938775510204,0.580724161448323,131,123,149,105,508
2,PB&J,mid_band,AdaBoost,1524,508,508,,0.5610236220472441,0.515748031496063,0.6062992125984252,0.5670995670995671,0.515748031496063,0.5402061855670103,0.5558466116932234,131,123,154,100,508
2,PB&J,full_layer,LR,1524,508,508,,0.5807086614173228,0.594488188976378,0.5669291338582677,0.578544061302682,0.594488188976378,0.5864077669902913,0.6193967387934777,151,103,144,110,508
2,PB&J,full_layer,RF,1524,508,508,,0.547244094488189,0.47244094488188976,0.6220472440944882,0.5555555555555556,0.47244094488188976,0.5106382978723404,0.570486390972782,120,134,158,96,508
2,PB&J,full_layer,AdaBoost,1524,508,508,,0.5374015748031497,0.4881889763779528,0.5866141732283464,0.5414847161572053,0.4881889763779528,0.5134575569358178,0.564480128960258,124,130,149,105,508
2,PB&J,init_band,LR,1524,508,508,,0.5767716535433071,0.5826771653543307,0.5708661417322834,0.5758754863813229,0.5826771653543307,0.5792563600782779,0.6035867071734143,148,106,145,109,508
2,PB&J,init_band,RF,1524,508,508,,0.5728346456692913,0.531496062992126,0.6141732283464567,0.5793991416309013,0.531496062992126,0.5544147843942505,0.5774691549383099,135,119,156,98,508
2,PB&J,init_band,AdaBoost,1524,508,508,,0.5236220472440944,0.5,0.547244094488189,0.5247933884297521,0.5,0.5120967741935484,0.5623411246822494,127,127,139,115,508
2,PB&J,init_band_emb,LR,1524,508,508,,0.5767716535433071,0.5826771653543307,0.5708661417322834,0.5758754863813229,0.5826771653543307,0.5792563600782779,0.6036177072354145,148,106,145,109,508
2,PB&J,init_band_emb,RF,1524,508,508,,0.5413385826771654,0.48031496062992124,0.6023622047244095,0.547085201793722,0.48031496062992124,0.5115303983228512,0.5673708847417696,122,132,153,101,508
2,PB&J,init_band_emb,AdaBoost,1524,508,508,,0.5393700787401575,0.4921259842519685,0.5866141732283464,0.5434782608695652,0.4921259842519685,0.5165289256198347,0.5688976377952756,125,129,149,105,508
2,PB&J,end_band,LR,1524,508,508,,0.5492125984251969,0.5590551181102362,0.5393700787401575,0.5482625482625483,0.5590551181102362,0.5536062378167641,0.5866606733213466,142,112,137,117,508
2,PB&J,end_band,RF,1524,508,508,,0.5374015748031497,0.47244094488188976,0.6023622047244095,0.5429864253393665,0.47244094488188976,0.5052631578947369,0.568750387500775,120,134,153,101,508
2,PB&J,end_band,AdaBoost,1524,508,508,,0.515748031496063,0.4566929133858268,0.5748031496062992,0.5178571428571429,0.4566929133858268,0.48535564853556484,0.5364173228346457,116,138,146,108,508
2,PB&J,ib_no_pca,LR,1524,508,508,,0.5433070866141733,0.5669291338582677,0.5196850393700787,0.5413533834586466,0.5669291338582677,0.5538461538461539,0.5854826709653419,144,110,132,122,508
2,PB&J,ib_no_pca,RF,1524,508,508,,0.5688976377952756,0.5787401574803149,0.5590551181102362,0.5675675675675675,0.5787401574803149,0.5730994152046783,0.5838396676793354,147,107,142,112,508
2,PB&J,ib_no_pca,AdaBoost,1524,508,508,,0.5511811023622047,0.5708661417322834,0.531496062992126,0.5492424242424242,0.5708661417322834,0.5598455598455598,0.5674251348502697,145,109,135,119,508
2,PB&J,vote_ensemble,LR,1524,508,508,,0.5787401574803149,0.5787401574803149,0.5787401574803149,0.5787401574803149,0.5787401574803149,0.5787401574803149,,147,107,147,107,508
2,PB&J,vote_ensemble,RF,1524,508,508,,0.5334645669291339,0.4921259842519685,0.5748031496062992,0.5364806866952789,0.4921259842519685,0.5133470225872689,,125,129,146,108,508
2,PB&J,vote_ensemble,AdaBoost,1524,508,508,,0.5275590551181102,0.515748031496063,0.5393700787401575,0.5282258064516129,0.515748031496063,0.5219123505976095,,131,123,137,117,508
2,PB&J,avg_ensemble,LR,1524,508,508,,0.5708661417322834,0.5787401574803149,0.562992125984252,0.5697674418604651,0.5787401574803149,0.57421875,0.5931706863413727,147,107,143,111,508
2,PB&J,avg_ensemble,RF,1524,508,508,,0.5413385826771654,0.515748031496063,0.5669291338582677,0.5435684647302904,0.515748031496063,0.5292929292929293,0.5541648583297166,131,123,144,110,508
2,PB&J,avg_ensemble,AdaBoost,1524,508,508,,0.5078740157480315,0.468503937007874,0.547244094488189,0.5085470085470085,0.468503937007874,0.48770491803278687,0.5421290842581685,119,135,139,115,508
3,PB&J,per_layer,LR,1524,508,508,22,0.5275590551181102,0.5039370078740157,0.5511811023622047,0.5289256198347108,0.5039370078740157,0.5161290322580645,0.5544361088722177,128,126,140,114,508
3,PB&J,per_layer,RF,1524,508,508,25,0.5393700787401575,0.484251968503937,0.594488188976378,0.5442477876106194,0.484251968503937,0.5125,0.5616668733337467,123,131,151,103,508
3,PB&J,per_layer,AdaBoost,1524,508,508,5,0.5295275590551181,0.5511811023622047,0.5078740157480315,0.5283018867924528,0.5511811023622047,0.5394990366088632,0.5341775683551366,140,114,129,125,508
3,PB&J,mid_band,LR,1524,508,508,,0.5649606299212598,0.5275590551181102,0.6023622047244095,0.5702127659574469,0.5275590551181102,0.5480572597137015,0.5842426684853369,134,120,153,101,508
3,PB&J,mid_band,RF,1524,508,508,,0.5374015748031497,0.5,0.5748031496062992,0.5404255319148936,0.5,0.5194274028629857,0.5445780891561782,127,127,146,108,508
3,PB&J,mid_band,AdaBoost,1524,508,508,,0.5354330708661418,0.5275590551181102,0.5433070866141733,0.536,0.5275590551181102,0.5317460317460317,0.5335498170996342,134,120,138,116,508
3,PB&J,full_layer,LR,1524,508,508,,0.5787401574803149,0.5748031496062992,0.5826771653543307,0.5793650793650794,0.5748031496062992,0.5770750988142292,0.6104377208754417,146,108,148,106,508
3,PB&J,full_layer,RF,1524,508,508,,0.5826771653543307,0.5275590551181102,0.6377952755905512,0.5929203539823009,0.5275590551181102,0.5583333333333333,0.6000759501519003,134,120,162,92,508
3,PB&J,full_layer,AdaBoost,1524,508,508,,0.5374015748031497,0.5748031496062992,0.5,0.5347985347985348,0.5748031496062992,0.5540796963946869,0.5549708599417198,146,108,127,127,508
3,PB&J,init_band,LR,1524,508,508,,0.5984251968503937,0.5669291338582677,0.6299212598425197,0.6050420168067226,0.5669291338582677,0.5853658536585366,0.6066247132494265,144,110,160,94,508
3,PB&J,init_band,RF,1524,508,508,,0.531496062992126,0.4566929133858268,0.6062992125984252,0.5370370370370371,0.4566929133858268,0.49361702127659574,0.575733151466303,116,138,154,100,508
3,PB&J,init_band,AdaBoost,1524,508,508,,0.5452755905511811,0.531496062992126,0.5590551181102362,0.5465587044534413,0.531496062992126,0.5389221556886228,0.561263872527745,135,119,142,112,508
3,PB&J,init_band_emb,LR,1524,508,508,,0.5984251968503937,0.5669291338582677,0.6299212598425197,0.6050420168067226,0.5669291338582677,0.5853658536585366,0.6066247132494265,144,110,160,94,508
3,PB&J,init_band_emb,RF,1524,508,508,,0.5216535433070866,0.4566929133858268,0.5866141732283464,0.5248868778280543,0.4566929133858268,0.4884210526315789,0.5634106268212536,116,138,149,105,508
3,PB&J,init_band_emb,AdaBoost,1524,508,508,,0.5452755905511811,0.5236220472440944,0.5669291338582677,0.5473251028806584,0.5236220472440944,0.5352112676056338,0.5454460908921818,133,121,144,110,508
3,PB&J,end_band,LR,1524,508,508,,0.5452755905511811,0.5236220472440944,0.5669291338582677,0.5473251028806584,0.5236220472440944,0.5352112676056338,0.563999627999256,133,121,144,110,508
3,PB&J,end_band,RF,1524,508,508,,0.515748031496063,0.452755905511811,0.5787401574803149,0.5180180180180181,0.452755905511811,0.4831932773109244,0.5186542873085747,115,139,147,107,508
3,PB&J,end_band,AdaBoost,1524,508,508,,0.5393700787401575,0.5196850393700787,0.5590551181102362,0.5409836065573771,0.5196850393700787,0.5301204819277109,0.5366963233926467,132,122,142,112,508
3,PB&J,ib_no_pca,LR,1524,508,508,,0.5708661417322834,0.5866141732283464,0.5551181102362205,0.5687022900763359,0.5866141732283464,0.5775193798449613,0.5940541881083763,149,105,141,113,508
3,PB&J,ib_no_pca,RF,1524,508,508,,0.5846456692913385,0.5433070866141733,0.6259842519685039,0.592274678111588,0.5433070866141733,0.5667351129363449,0.618753487506975,138,116,159,95,508
3,PB&J,ib_no_pca,AdaBoost,1524,508,508,,0.5433070866141733,0.547244094488189,0.5393700787401575,0.54296875,0.547244094488189,0.5450980392156862,0.5719821439642879,139,115,137,117,508
3,PB&J,vote_ensemble,LR,1524,508,508,,0.5374015748031497,0.5236220472440944,0.5511811023622047,0.5384615384615384,0.5236220472440944,0.530938123752495,,133,121,140,114,508
3,PB&J,vote_ensemble,RF,1524,508,508,,0.5354330708661418,0.4763779527559055,0.594488188976378,0.5401785714285714,0.4763779527559055,0.5062761506276151,,121,133,151,103,508
3,PB&J,vote_ensemble,AdaBoost,1524,508,508,,0.5433070866141733,0.5354330708661418,0.5511811023622047,0.544,0.5354330708661418,0.5396825396825397,,136,118,140,114,508
3,PB&J,avg_ensemble,LR,1524,508,508,,0.5433070866141733,0.531496062992126,0.5551181102362205,0.5443548387096774,0.531496062992126,0.5378486055776892,0.5828321656643313,135,119,141,113,508
3,PB&J,avg_ensemble,RF,1524,508,508,,0.547244094488189,0.5118110236220472,0.5826771653543307,0.5508474576271186,0.5118110236220472,0.5306122448979592,0.573501147002294,130,124,148,106,508
3,PB&J,avg_ensemble,AdaBoost,1524,508,508,,0.5393700787401575,0.5551181102362205,0.5236220472440944,0.5381679389312977,0.5551181102362205,0.5465116279069767,0.556962613925228,141,113,133,121,508
4,PB&J,per_layer,LR,1524,508,508,6,0.5748031496062992,0.610236220472441,0.5393700787401575,0.5698529411764706,0.610236220472441,0.5893536121673004,0.6109182218364436,155,99,137,117,508
4,PB&J,per_layer,RF,1524,508,508,1,0.5688976377952756,0.5905511811023622,0.547244094488189,0.5660377358490566,0.5905511811023622,0.5780346820809249,0.592054684109368,150,104,139,115,508
4,PB&J,per_layer,AdaBoost,1524,508,508,4,0.5413385826771654,0.5433070866141733,0.5393700787401575,0.5411764705882353,0.5433070866141733,0.5422396856581533,0.5366420732841466,138,116,137,117,508
4,PB&J,mid_band,LR,1524,508,508,,0.5984251968503937,0.6259842519685039,0.5708661417322834,0.5932835820895522,0.6259842519685039,0.6091954022988506,0.623705747411495,159,95,145,109,508
4,PB&J,mid_band,RF,1524,508,508,,0.5590551181102362,0.547244094488189,0.5708661417322834,0.5604838709677419,0.547244094488189,0.5537848605577689,0.5741753983507967,139,115,145,109,508
4,PB&J,mid_band,AdaBoost,1524,508,508,,0.5452755905511811,0.562992125984252,0.5275590551181102,0.5437262357414449,0.562992125984252,0.5531914893617021,0.5541881083762167,143,111,134,120,508
4,PB&J,full_layer,LR,1524,508,508,,0.5964566929133859,0.5590551181102362,0.6338582677165354,0.6042553191489362,0.5590551181102362,0.5807770961145194,0.6294562589125179,142,112,161,93,508
4,PB&J,full_layer,RF,1524,508,508,,0.5452755905511811,0.4645669291338583,0.6259842519685039,0.5539906103286385,0.4645669291338583,0.5053533190578159,0.5688433876867753,118,136,159,95,508
4,PB&J,full_layer,AdaBoost,1524,508,508,,0.5393700787401575,0.5511811023622047,0.5275590551181102,0.5384615384615384,0.5511811023622047,0.5447470817120622,0.5492280984561968,140,114,134,120,508
4,PB&J,init_band,LR,1524,508,508,,0.6023622047244095,0.5984251968503937,0.6062992125984252,0.6031746031746031,0.5984251968503937,0.6007905138339921,0.6221247442494885,152,102,154,100,508
4,PB&J,init_band,RF,1524,508,508,,0.5374015748031497,0.5,0.5748031496062992,0.5404255319148936,0.5,0.5194274028629857,0.5582258664517329,127,127,146,108,508
4,PB&J,init_band,AdaBoost,1524,508,508,,0.547244094488189,0.484251968503937,0.610236220472441,0.5540540540540541,0.484251968503937,0.5168067226890757,0.540261330522661,123,131,155,99,508
4,PB&J,init_band_emb,LR,1524,508,508,,0.6023622047244095,0.5984251968503937,0.6062992125984252,0.6031746031746031,0.5984251968503937,0.6007905138339921,0.6220627441254882,152,102,154,100,508
4,PB&J,init_band_emb,RF,1524,508,508,,0.5433070866141733,0.5039370078740157,0.5826771653543307,0.5470085470085471,0.5039370078740157,0.5245901639344263,0.5616746233492468,128,126,148,106,508
4,PB&J,init_band_emb,AdaBoost,1524,508,508,,0.5137795275590551,0.4763779527559055,0.5511811023622047,0.5148936170212766,0.4763779527559055,0.4948875255623722,0.520987041974084,121,133,140,114,508
4,PB&J,end_band,LR,1524,508,508,,0.5964566929133859,0.6692913385826772,0.5236220472440944,0.584192439862543,0.6692913385826772,0.6238532110091743,0.6245427490854982,170,84,133,121,508
4,PB&J,end_band,RF,1524,508,508,,0.5492125984251969,0.5669291338582677,0.531496062992126,0.5475285171102662,0.5669291338582677,0.5570599613152805,0.5696261392522786,144,110,135,119,508
4,PB&J,end_band,AdaBoost,1524,508,508,,0.5216535433070866,0.5393700787401575,0.5039370078740157,0.5209125475285171,0.5393700787401575,0.5299806576402321,0.5507238514477029,137,117,128,126,508
4,PB&J,ib_no_pca,LR,1524,508,508,,0.5826771653543307,0.5669291338582677,0.5984251968503937,0.5853658536585366,0.5669291338582677,0.576,0.591264182528365,144,110,152,102,508
4,PB&J,ib_no_pca,RF,1524,508,508,,0.5748031496062992,0.5748031496062992,0.5748031496062992,0.5748031496062992,0.5748031496062992,0.5748031496062992,0.5946509393018786,146,108,146,108,508
4,PB&J,ib_no_pca,AdaBoost,1524,508,508,,0.5354330708661418,0.547244094488189,0.5236220472440944,0.5346153846153846,0.547244094488189,0.5408560311284046,0.5443300886601774,139,115,133,121,508
4,PB&J,vote_ensemble,LR,1524,508,508,,0.5905511811023622,0.6023622047244095,0.5787401574803149,0.5884615384615385,0.6023622047244095,0.5953307392996109,,153,101,147,107,508
4,PB&J,vote_ensemble,RF,1524,508,508,,0.5669291338582677,0.5196850393700787,0.6141732283464567,0.5739130434782609,0.5196850393700787,0.5454545454545454,,132,122,156,98,508
4,PB&J,vote_ensemble,AdaBoost,1524,508,508,,0.5688976377952756,0.5984251968503937,0.5393700787401575,0.5650557620817844,0.5984251968503937,0.5812619502868069,,152,102,137,117,508
4,PB&J,avg_ensemble,LR,1524,508,508,,0.5905511811023622,0.6062992125984252,0.5748031496062992,0.5877862595419847,0.6062992125984252,0.5968992248062015,0.6279837559675119,154,100,146,108,508
4,PB&J,avg_ensemble,RF,1524,508,508,,0.5531496062992126,0.5275590551181102,0.5787401574803149,0.5560165975103735,0.5275590551181102,0.5414141414141415,0.5802824105648211,134,120,147,107,508
4,PB&J,avg_ensemble,AdaBoost,1524,508,508,,0.5551181102362205,0.5787401574803149,0.531496062992126,0.5526315789473685,0.5787401574803149,0.5653846153846154,0.5729121458242916,147,107,135,119,508
