model,clf,layer,mean_accuracy,std_accuracy,ci95_accuracy,mean_true_accuracy,std_true_accuracy,ci95_true_accuracy,mean_false_accuracy,std_false_accuracy,ci95_false_accuracy,mean_precision,std_precision,ci95_precision,mean_recall,std_recall,ci95_recall,mean_f1,std_f1,ci95_f1,mean_auc,std_auc,ci95_auc
ELM,AdaBoost,1,0.5539370078740158,0.017633224942172166,0.024478840539772825,0.553543307086614,0.02653905440370507,0.036842113847872504,0.5543307086614173,0.045465196955124576,0.06311581177145474,0.5549096669001836,0.020083961786277655,0.027881008697245115,0.553543307086614,0.02653905440370507,0.036842113847872504,0.5536204354893259,0.014864756202639409,0.020635589799388402,0.5687689875379751,0.022614584855591455,0.031394076714193586
ELM,AdaBoost,2,0.5433070866141733,0.010781940108369427,0.014967732419209056,0.5448818897637795,0.013546968924476589,0.018806207780314853,0.5417322834645668,0.01485666320008914,0.020624354910729878,0.5432044113373912,0.010992366348048682,0.015259850870790381,0.5448818897637795,0.013546968924476589,0.018806207780314853,0.5439959740554927,0.011230155414982361,0.015589955016269167,0.5577717155434311,0.020418630134515826,0.028345602845910364
ELM,AdaBoost,3,0.537007874015748,0.026539054403705072,0.03684211384787251,0.537007874015748,0.015469986381408282,0.021475783983068812,0.537007874015748,0.038942560689380276,0.05406094100494904,0.5376673426732351,0.02717949207249028,0.03773118386321401,0.537007874015748,0.015469986381408282,0.021475783983068812,0.5372459042782487,0.02099977631215714,0.029152363076068683,0.5509114018228036,0.027889945106221337,0.03871745078720176
ELM,AdaBoost,4,0.5295275590551181,0.031000031000046512,0.04303494216552958,0.5440944881889763,0.022465106484546617,0.03118656746838339,0.5149606299212598,0.05502804790442881,0.07639117712642068,0.5299650791257925,0.03052597521215403,0.04237684722958719,0.5440944881889763,0.022465106484546617,0.03118656746838339,0.5365272903037103,0.022687770787440213,0.031495675075318995,0.5515887531775062,0.02131234061645115,0.02958627189242702
ELM,AdaBoost,5,0.5433070866141733,0.020381384418180763,0.02829389750250633,0.5503937007874016,0.016213590773207887,0.022508072369976616,0.536220472440945,0.027547804227615595,0.038242483103355276,0.5429585667144592,0.020598168034236235,0.028594841407348477,0.5503937007874016,0.016213590773207887,0.022508072369976616,0.546600503463994,0.01781653301545375,0.024733312941175766,0.5623132246264493,0.01655305387770709,0.022979322707417645
ELM,AdaBoost,6,0.5551181102362205,0.009881811337016624,0.013718153358573956,0.5440944881889763,0.04654335970435165,0.06461254161530382,0.5661417322834645,0.03240805610591604,0.04498959437212311,0.5561313738425271,0.007592913045940371,0.010540653130296826,0.5440944881889763,0.04654335970435165,0.06461254161530382,0.5491891599152277,0.0256855231478973,0.035657222509212105,0.5738390476780953,0.01132026446060503,0.01571504642559572
ELM,AdaBoost,7,0.547244094488189,0.016703309791808223,0.023187911356034197,0.5582677165354331,0.015227621736861164,0.021139327917555892,0.536220472440945,0.02218740598992973,0.030801057378888358,0.5463659650977803,0.016662606149426863,0.023131405641707476,0.5582677165354331,0.015227621736861164,0.021139327917555892,0.5522082519648462,0.015184554582802693,0.021079541123015667,0.5672623845247691,0.01222765704404518,0.016974709273988312
ELM,AdaBoost,8,0.5381889763779528,0.007634141507742273,0.01059788741077919,0.5173228346456693,0.018058810930991695,0.025069648607522196,0.5590551181102362,0.02998335868450359,0.04162357472848995,0.5402666190656161,0.009662465074555203,0.013413651930196736,0.5173228346456693,0.018058810930991695,0.025069648607522196,0.528223384928628,0.006937935094128093,0.009631397966135985,0.550491350982702,0.010460178435901296,0.01452105560892686
ELM,AdaBoost,9,0.5314960629921259,0.012449912047907024,0.01728324868277728,0.5322834645669291,0.03594555026933334,0.04990042354946597,0.5307086614173229,0.013269527201852553,0.01842105692393628,0.5309918284598916,0.010484439658074652,0.014554735584701526,0.5322834645669291,0.03594555026933334,0.04990042354946597,0.5313317921213817,0.02260213653660446,0.03137679567703389,0.5506262012524025,0.014171121175542156,0.019672670011499447
ELM,AdaBoost,10,0.5421259842519686,0.0164036745322832,0.02277195093120774,0.5677165354330709,0.027208114241214186,0.03777091780334082,0.5165354330708661,0.04450038157777887,0.06177643330552923,0.5407565829711377,0.016618011268399582,0.02306949802213494,0.5677165354330709,0.027208114241214186,0.03777091780334082,0.5533701878889009,0.014588920406631381,0.02025266832655599,0.5606314712629425,0.010867725563307336,0.015086821722438819
ELM,AdaBoost,11,0.5397637795275589,0.01343206465293858,0.018646695079175848,0.5456692913385827,0.011301338657013622,0.015688773198224065,0.5338582677165353,0.029419750696487255,0.04084116140870078,0.5397044061731157,0.014280152403746313,0.019824029621430015,0.5456692913385827,0.011301338657013622,0.015688773198224065,0.5425059183371618,0.008707169107756789,0.012087488524680409,0.5501116002232005,0.018583563059028304,0.02579812134618688
ELM,AdaBoost,12,0.5322834645669291,0.02287533708084087,0.03175605883392517,0.5401574803149607,0.039085586286585386,0.054259492364588095,0.5244094488188976,0.020593223355310275,0.028587977092548098,0.5313258554325357,0.022016969108788444,0.030564453056693405,0.5401574803149607,0.039085586286585386,0.054259492364588095,0.5354711477518327,0.029136299324086446,0.04044766782096887,0.5565363630727261,0.01998147105658504,0.027738728754853507
ELM,AdaBoost,13,0.5433070866141732,0.017340720902004135,0.024072779834485268,0.5464566929133858,0.009771396571646326,0.013564873091146994,0.5401574803149607,0.03844584445900381,0.053371388331698515,0.5438197282018653,0.019401451826522958,0.02693353297874028,0.5464566929133858,0.009771396571646326,0.013564873091146994,0.5448663148202553,0.009347791314579707,0.01297681471988766,0.563009176018352,0.023427245671464786,0.03252223078640236
ELM,AdaBoost,14,0.5496062992125984,0.02276666503118261,0.031605197843752424,0.5519685039370078,0.03307086614173228,0.045909722211932104,0.5472440944881889,0.040380728834513664,0.056057438458452534,0.5498273319474853,0.02348833172346763,0.032607031821441944,0.5519685039370078,0.03307086614173228,0.045909722211932104,0.5504184703482198,0.023805355220011013,0.03304713098904723,0.5595092690185381,0.016866551297940947,0.023414526896367856
ELM,AdaBoost,15,0.5503937007874016,0.01355840579348231,0.018822084699799714,0.5598425196850393,0.031239109330515574,0.04336683609572442,0.5409448818897638,0.040350009371083344,0.05601479300651483,0.5500505054664521,0.01613010495292658,0.02239217547143989,0.5598425196850393,0.031239109330515574,0.04336683609572442,0.5542782872460522,0.01589909085214978,0.02207147648677318,0.5771343542687086,0.02229302022939053,0.030947673447983423
ELM,AdaBoost,16,0.5476377952755905,0.013489639133080144,0.018726621270962522,0.5417322834645669,0.016251785386260095,0.022561094993203478,0.5535433070866141,0.025708390106007093,0.03568896693616946,0.5484763561117745,0.01500049986850426,0.02082403221771444,0.5417322834645669,0.016251785386260095,0.022561094993203478,0.5449239628588372,0.012410384308199901,0.017228375383062593,0.5626991753983508,0.007852759030942626,0.010901377186879231
ELM,AdaBoost,17,0.5429133858267716,0.01383005359862228,0.019199192309259015,0.5614173228346456,0.016059903979819767,0.022294720897358622,0.5244094488188976,0.027660107197244575,0.03839838461851805,0.5416583986548311,0.014067006594689178,0.019528135802304964,0.5614173228346456,0.016059903979819767,0.022294720897358622,0.5511997830722658,0.011832996610585698,0.0164268327596414,0.5625751751503503,0.02268649020871882,0.03149389734705758
ELM,AdaBoost,18,0.5322834645669291,0.0123624554866989,0.017161839512135416,0.5299212598425196,0.018058810930991688,0.025069648607522185,0.5346456692913386,0.02810483196468463,0.03901576157037764,0.5327317532764859,0.013579263320761942,0.01885103958956075,0.5299212598425196,0.018058810930991688,0.025069648607522185,0.531106384991529,0.011536223921815615,0.016014846220095354,0.5439348378696757,0.00911547189902858,0.012654303667812991
ELM,AdaBoost,19,0.5397637795275589,0.02656824065953227,0.036882630866437754,0.526771653543307,0.038203179435301444,0.05303451527306794,0.552755905511811,0.022075347667521557,0.03064549548851493,0.5403550328825728,0.026604427894439238,0.0369328668020518,0.526771653543307,0.038203179435301444,0.05303451527306794,0.53332579065699,0.03196765841113589,0.04437822436011674,0.5551692603385207,0.02345710218154343,0.03256367826703543
ELM,AdaBoost,20,0.5543307086614173,0.009691758759914291,0.013454318084860958,0.5354330708661417,0.029037935298560268,0.04031111666236901,0.573228346456693,0.022902424523226748,0.03179366223233747,0.5564607611679298,0.00960212848173035,0.013329891311290299,0.5354330708661417,0.029037935298560268,0.04031111666236901,0.5453941234420873,0.016839544239665168,0.02337703508899007,0.5682109864219729,0.011981675954625896,0.016633232778143617
ELM,AdaBoost,21,0.5460629921259843,0.011980412641498355,0.01663147901836897,0.5346456692913386,0.012299605788829396,0.017074590144128942,0.5574803149606298,0.020167320432859362,0.027996729050383962,0.5472986648989785,0.012876226143025837,0.01787506752411201,0.5346456692913386,0.012299605788829396,0.017074590144128942,0.5408218827814548,0.010832984381026405,0.015038593229692487,0.5616405232810466,0.011368429661974194,0.015781910444386857
ELM,AdaBoost,22,0.5377952755905511,0.02440944881889764,0.03388574734690228,0.5456692913385826,0.019060973916394018,0.02646087386523754,0.5299212598425196,0.04939964453971063,0.06857770064039537,0.5383634046231842,0.026180588068729513,0.03634448279731197,0.5456692913385826,0.019060973916394018,0.02646087386523754,0.5415588460799164,0.016841175206597427,0.023379299234067976,0.5468162936325873,0.03238833655883214,0.04496221925213419
ELM,AdaBoost,23,0.5385826771653544,0.00822071378654375,0.011412180276940728,0.5244094488188976,0.030839615791442752,0.04281225015516598,0.552755905511811,0.0417099925610993,0.05790275234205037,0.5404045611765155,0.01143998141666537,0.015881240203927175,0.5244094488188976,0.030839615791442752,0.04281225015516598,0.5315240137696389,0.013162927167055345,0.01827307235152297,0.5485491970983942,0.016372372903226493,0.022728497303818134
ELM,AdaBoost,24,0.5531496062992125,0.02410915101164544,0.033468867158378775,0.5724409448818898,0.03175093724985188,0.044077367156396846,0.5338582677165353,0.036305958687869296,0.0504007506442241,0.5514518078335874,0.02366962621314537,0.03285870892067448,0.5724409448818898,0.03175093724985188,0.044077367156396846,0.5614335737469318,0.02445566826456259,0.033949910223742975,0.5689534379068758,0.019108096227408562,0.02652629012011851
ELM,AdaBoost,25,0.5330708661417323,0.01066631274342055,0.014807215903489443,0.5401574803149606,0.026632337835098843,0.03697161201111716,0.5259842519685038,0.019383517519828624,0.02690863616972198,0.5325053135010317,0.010009098090525475,0.013894855700442044,0.5401574803149606,0.026632337835098843,0.03697161201111716,0.5360743735779604,0.016777253576382944,0.02329056178540534,0.5383238266476533,0.01163810927757635,0.01615628576874197
ELM,AdaBoost,26,0.5362204724409448,0.010083660216429717,0.013998364525192031,0.5393700787401575,0.02977585889951028,0.041335518847302806,0.5330708661417323,0.024599211577658757,0.034149180288257835,0.5359382795154368,0.009406949095481053,0.013058938885496616,0.5393700787401575,0.02977585889951028,0.041335518847302806,0.5373031510128146,0.017609904888525384,0.02444646711537254,0.5450260400520801,0.016864729932919906,0.023411998436369135
ELM,AdaBoost,27,0.5326771653543306,0.017097677756384634,0.023735381858481702,0.5236220472440944,0.0278388496530137,0.03864651892672367,0.5417322834645669,0.03482416438975745,0.04834369038127278,0.5335523279111591,0.017269512020974636,0.023973926059894787,0.5236220472440944,0.0278388496530137,0.03864651892672367,0.5281747002516118,0.0189794495123768,0.026347699848993655,0.5550902101804203,0.02489260225004829,0.03455647183639114
ELM,AdaBoost,28,0.5385826771653544,0.015176641942831807,0.021068556617757486,0.5385826771653542,0.03288285514617496,0.04564872110776285,0.5385826771653542,0.018699751318169956,0.025959416507874526,0.5382891202022242,0.014185857003170169,0.019693126619743866,0.5385826771653542,0.03288285514617496,0.04564872110776285,0.5381789830749016,0.022312608456760558,0.03097486626698393,0.5455158410316822,0.015583914934401063,0.02163394216971835
ELM,AdaBoost,29,0.537007874015748,0.01203205259050091,0.01670316676018937,0.5141732283464566,0.029629744444451628,0.041132679465529697,0.5598425196850394,0.03542432087937635,0.04917684115525033,0.5391733922987649,0.01357543398114606,0.018845723613944418,0.5141732283464566,0.029629744444451628,0.041132679465529697,0.5258203310868088,0.01671820870273565,0.02320859436019282,0.5516817533635068,0.012275297085857926,0.017040844254439518
ELM,AdaBoost,30,0.5255905511811023,0.026614872096307977,0.036947365678629884,0.5125984251968504,0.05062692096276695,0.07028143344915505,0.5385826771653544,0.03362859291978365,0.04668397110341133,0.5255999881195368,0.026382567405462236,0.03662487506772331,0.5125984251968504,0.05062692096276695,0.07028143344915505,0.5183967767426443,0.0370839551372828,0.0514807828611418,0.53000496000992,0.020020632066476605,0.02779309295196753
ELM,AdaBoost,31,0.5362204724409448,0.017278037998024975,0.023985762013519006,0.5401574803149606,0.03063791568243105,0.04253224551497428,0.5322834645669291,0.038846917743445696,0.05392816731040566,0.5362901316452279,0.01769911103865703,0.024570305104815813,0.5401574803149606,0.03063791568243105,0.04253224551497428,0.5377586956341647,0.019288002143408263,0.026776039570055258,0.5479477958955917,0.026124681920136256,0.03626687262100587
ELM,AdaBoost,32,0.5283464566929134,0.011718800052076572,0.016268302521689853,0.5275590551181102,0.026933277758247366,0.03738938359940932,0.5291338582677165,0.03184842270260895,0.044212698660464546,0.5286007945218294,0.012501536275928997,0.01735491460037789,0.5275590551181102,0.026933277758247366,0.03738938359940932,0.5277033865554942,0.015451784451012578,0.02145051565279266,0.5406488312976626,0.01448541297246705,0.020108976972087415
ELM,LR,1,0.5515748031496063,0.02235444026232817,0.031032938122888817,0.547244094488189,0.04724409448818899,0.06558531744561731,0.5559055118110237,0.007634141507742237,0.010597887410779138,0.5510588186731098,0.020278118929394483,0.02815054202206807,0.547244094488189,0.04724409448818899,0.06558531744561731,0.5487882266957047,0.03357187980227509,0.046605240674657766,0.5663711327422655,0.014758748279638472,0.020488427209924335
ELM,LR,2,0.5578740157480315,0.015278431426718284,0.0212098630749061,0.5464566929133858,0.013033815241926662,0.018093836265249873,0.5692913385826771,0.022075347667521544,0.030645495488514918,0.5594136358961663,0.01617255738758931,0.022451108898651418,0.5464566929133858,0.013033815241926662,0.018093836265249873,0.5528047819397168,0.01360804897885203,0.018891000489312807,0.5747101494202989,0.014222519657903504,0.019744022543882824
ELM,LR,3,0.5515748031496063,0.012349911134927633,0.01714442516009881,0.5377952755905512,0.014856663200089154,0.0206243549107299,0.5653543307086615,0.023437600104153123,0.03253660504337968,0.5532618039273322,0.013315274534936139,0.01848456440344417,0.5377952755905512,0.014856663200089154,0.0206243549107299,0.5452841191348762,0.011320761850846784,0.01571573691394676,0.5751286502573005,0.012895925190496472,0.01790241418607546
ELM,LR,4,0.5618110236220473,0.013785150708670525,0.019136857104751118,0.5866141732283464,0.023883072264729285,0.03315501954324646,0.537007874015748,0.03570325684647129,0.0495640663555025,0.5593541886849966,0.01445449928994897,0.020066061900831933,0.5866141732283464,0.023883072264729285,0.03315501954324646,0.5722830882863262,0.012881726332433851,0.01788270301109178,0.5776737553475108,0.012159801091401901,0.01688051011020083
ELM,LR,5,0.5704724409448818,0.010882106268571046,0.01510678534180818,0.5771653543307086,0.023569495349757087,0.032719704997907675,0.5637795275590551,0.017677121512317803,0.02453977874843074,0.5694975569751541,0.010413509965896654,0.014456269386371129,0.5771653543307086,0.023569495349757087,0.032719704997907675,0.5731313815709372,0.015300649948908913,0.02124070732849655,0.594249488498977,0.01425548426517016,0.019789784755127965
ELM,LR,6,0.5665354330708661,0.011505227713545221,0.015971816584729345,0.5716535433070866,0.008768132854850412,0.012172119773286715,0.5614173228346456,0.018058810930991643,0.025069648607522126,0.566000857352914,0.012026378261899414,0.016695289529253917,0.5716535433070866,0.008768132854850412,0.012172119773286715,0.5687746075562872,0.009471074528283776,0.01314795925750852,0.5967139934279869,0.0065520271959196175,0.009095671918616939
ELM,LR,7,0.5807086614173228,0.011478251761506504,0.01593436795973137,0.5913385826771653,0.0219061854224308,0.030410660644831684,0.5700787401574804,0.032408056105916024,0.04498959437212309,0.5795071233851394,0.013785062998448679,0.01913673534344306,0.5913385826771653,0.0219061854224308,0.030410660644831684,0.5850036392845913,0.010769094461078222,0.01494989980193668,0.6080507161014322,0.017585360007071477,0.02441239335738736
ELM,LR,8,0.5637795275590551,0.014118441792945729,0.019599539304522105,0.5708661417322834,0.03159433487832896,0.043859968212458265,0.5566929133858267,0.03410457925623262,0.04734474607039873,0.563199761243889,0.014667736198054221,0.020362082185710104,0.5708661417322834,0.03159433487832896,0.043859968212458265,0.5664997981159885,0.018283213517142825,0.02538116933847871,0.5960784921569843,0.016601963310393177,0.023047219884907287
ELM,LR,9,0.574015748031496,0.014118441792945767,0.019599539304522153,0.5913385826771653,0.012044927984864872,0.01672104067301903,0.5566929133858267,0.01822966441384284,0.025306831265606223,0.5716342533137835,0.014154100746035852,0.019649041867403877,0.5913385826771653,0.012044927984864872,0.01672104067301903,0.5812984316962287,0.012742534432393265,0.017689473676316344,0.604234608469217,0.018990427467118726,0.026362939693347808
ELM,LR,10,0.5775590551181102,0.02187077860209629,0.0303615080983275,0.6031496062992125,0.03297699463208176,0.04577940766518874,0.5519685039370079,0.030024686558956865,0.041680947015856964,0.5738120680331313,0.020741207487724185,0.028793412002591875,0.6031496062992125,0.03297699463208176,0.04577940766518874,0.5878451545116185,0.02429583142079025,0.03372802111248198,0.6067084134168269,0.02009341088862295,0.02789412615422267
ELM,LR,11,0.5755905511811024,0.015429856647453062,0.021420074981362384,0.5889763779527559,0.026421986985137813,0.03667959821724291,0.5622047244094488,0.02074321239735349,0.0287961952633552,0.5735820882464532,0.01470390208738618,0.020412288488915527,0.5889763779527559,0.026421986985137813,0.03667959821724291,0.5809989523982887,0.018521980934970247,0.025712631652732545,0.6076849153698307,0.016110260085451182,0.0223646263788572
ELM,LR,12,0.581496062992126,0.01772090934634158,0.024600566007152005,0.5826771653543308,0.03944874031456805,0.05476363097630075,0.5803149606299213,0.011301338657013656,0.015688773198224114,0.580749443974088,0.014707812644643077,0.020417717212692785,0.5826771653543308,0.03944874031456805,0.05476363097630075,0.5814041475647909,0.0268417058129352,0.037262261359741616,0.6111848223696448,0.01906837828318776,0.02647115277420832
ELM,LR,13,0.5830708661417322,0.018398931410311695,0.025541811527514963,0.5889763779527559,0.04230039690886077,0.058722364972765284,0.5771653543307087,0.01954279314329269,0.027129746182294044,0.581637688365317,0.015085319842484252,0.02094178121850431,0.5889763779527559,0.04230039690886077,0.058722364972765284,0.5848453830344151,0.027775574040834708,0.03855867829486728,0.6072540145080291,0.01216549869741649,0.016888419655366103
ELM,LR,14,0.5807086614173228,0.012006260379509394,0.016667361431209556,0.5834645669291338,0.008029951989909913,0.011147360448679351,0.5779527559055118,0.024573994542247617,0.0341141734309904,0.5806070399302927,0.014286271728225252,0.01983252460567835,0.5834645669291338,0.008029951989909913,0.011147360448679351,0.5819175607024799,0.008082473550834385,0.0112202720640524,0.6092101184202369,0.00861577222690034,0.011960609313438291
ELM,LR,15,0.5755905511811024,0.011585778716190659,0.016083639303236193,0.5803149606299213,0.024472866563653634,0.0339737852904075,0.5708661417322834,0.030597416106654247,0.04247602309051023,0.5752518793680755,0.013209665572674154,0.018337955660275518,0.5803149606299213,0.024472866563653634,0.0339737852904075,0.5774060420486228,0.013032002674795456,0.018091320018680232,0.599277698555397,0.010221670520505717,0.014189953541801362
ELM,LR,16,0.5830708661417322,0.009514209428027205,0.01320784009813644,0.5921259842519685,0.033830789069198154,0.046964664358077196,0.574015748031496,0.02810483196468467,0.03901576157037769,0.5816919592329675,0.00936893833653089,0.013006171492680598,0.5921259842519685,0.033830789069198154,0.046964664358077196,0.5863834637362098,0.01723034882230044,0.023919558824263353,0.6053568107136215,0.008049161173421934,0.01117402707044775
ELM,LR,17,0.5661417322834645,0.00911483220692142,0.012653415632803111,0.5708661417322834,0.014085467574801799,0.01955376375124038,0.5614173228346457,0.0260676304838533,0.036187672530499704,0.5658603536585719,0.011231046593240328,0.015591192170025263,0.5708661417322834,0.014085467574801799,0.01955376375124038,0.568149330390837,0.006733861743437396,0.009348098738322735,0.5950492900985802,0.004171880494246894,0.005791498588860982
ELM,LR,18,0.562992125984252,0.015649296782954136,0.021724706726410338,0.5803149606299213,0.02396082528299676,0.033262958036738004,0.5456692913385827,0.027570301417341115,0.03827371420950233,0.5610849727001501,0.01573973233335496,0.02185025139703346,0.5803149606299213,0.02396082528299676,0.033262958036738004,0.5703027403393475,0.016413954791493508,0.022786222218890057,0.5909014818029636,0.014585681040922081,0.020248171366022222
ELM,LR,19,0.5637795275590551,0.013785150708670525,0.019136857104751118,0.5826771653543308,0.030189432303434346,0.0419096507737853,0.5448818897637795,0.018897637795275583,0.026234126978246904,0.561305536696921,0.01234883614392264,0.01714293283334184,0.5826771653543308,0.030189432303434346,0.0419096507737853,0.5715528404620743,0.019383860733272484,0.0269091126263651,0.5920205840411681,0.014239855449867543,0.01976808848125447
ELM,LR,20,0.5618110236220473,0.01248720592689266,0.01733502088665903,0.5771653543307087,0.022215332251442343,0.03083982524492994,0.5464566929133858,0.015227621736861166,0.021139327917555892,0.5598941807870946,0.011895378879175167,0.016513433231779583,0.5771653543307087,0.022215332251442343,0.03083982524492994,0.5682874640304797,0.015695141287357075,0.021788349101335213,0.5891561783123567,0.010178378343190393,0.014129854364901122
ELM,LR,21,0.5562992125984252,0.011980412641498355,0.016631479018368967,0.578740157480315,0.03599725811232269,0.04997220554325004,0.5338582677165353,0.023437600104153102,0.03253660504337964,0.5536996265044536,0.010115694282234645,0.014042834937793867,0.578740157480315,0.03599725811232269,0.04997220554325004,0.5655329380168721,0.02081424718522157,0.02889480735789274,0.5870078740157479,0.011740851853671326,0.016298915329989127
ELM,LR,22,0.5574803149606299,0.013717520779672688,0.01904297171208566,0.5755905511811024,0.031239109330515526,0.04336683609572436,0.5393700787401574,0.025876656260086582,0.035922557806101686,0.5554740111736793,0.013391673512069865,0.018590623186496694,0.5755905511811024,0.031239109330515526,0.04336683609572436,0.5650167033352191,0.018931528070434227,0.02628117422253592,0.5840473680947362,0.007939917772176546,0.011022372917116292
ELM,LR,23,0.5625984251968503,0.020623308431037473,0.028629741873169245,0.5795275590551181,0.03721670015148497,0.05166506248360231,0.5456692913385826,0.02941975069648728,0.040841161408700824,0.5604814628324561,0.020281925404244283,0.02815582625630046,0.5795275590551181,0.03721670015148497,0.05166506248360231,0.5694744400845461,0.025378416963635585,0.035230890778177405,0.5854578709157418,0.01659426861714317,0.023036537938202296
ELM,LR,24,0.5578740157480315,0.009366438782181337,0.013002701554961103,0.5732283464566928,0.014646515935226995,0.02033262373828127,0.5425196850393701,0.013033815241926629,0.018093836265249824,0.5561523520549414,0.009146440623111164,0.012697295149009646,0.5732283464566928,0.014646515935226995,0.02033262373828127,0.5645055721881735,0.01066550635304535,0.014806096454184394,0.5827236654473309,0.013750695932417347,0.01908902620731171
ELM,LR,25,0.5641732283464567,0.024636988735688238,0.03420162339100745,0.5748031496062992,0.037266644302989704,0.0517343960810916,0.5535433070866141,0.013081297421918206,0.018159752098360692,0.5622929065630329,0.022659443541999478,0.03145635055434516,0.5748031496062992,0.037266644302989704,0.0517343960810916,0.5683855229114696,0.0297491613553549,0.041298456714407315,0.5878820757641515,0.013418821490666009,0.018628310622641333
ELM,LR,26,0.5716535433070866,0.017006780367287543,0.02360919605296476,0.5889763779527558,0.032807349064566386,0.04554390186241546,0.5543307086614173,0.018024445893322166,0.02502194228720845,0.5690227122648313,0.015042654070637634,0.020882551631802797,0.5889763779527558,0.032807349064566386,0.04554390186241546,0.5786016616168793,0.02222167261717091,0.030848627083626064,0.5828662657325314,0.012616146995339849,0.01751401978583362
ELM,LR,27,0.571259842519685,0.006516907620963314,0.009046918132624912,0.5921259842519685,0.013773902113807822,0.01912124155167767,0.5503937007874016,0.0062992125984251855,0.008744708992748956,0.5683536182098499,0.005609107802101102,0.007786689950835192,0.5921259842519685,0.013773902113807822,0.01912124155167767,0.5799579601870934,0.009151721839367764,0.012704626652522212,0.5878975757951517,0.00954423090191185,0.013249516585245362
ELM,LR,28,0.5751968503937007,0.020396588735415156,0.028315004478587986,0.5866141732283465,0.02716250127663045,0.03770759685721479,0.5637795275590551,0.022326687998043812,0.030994411803723587,0.5734501788877978,0.01988587321819502,0.02760601767962078,0.5866141732283465,0.02716250127663045,0.03770759685721479,0.5798475166958146,0.022415861425871157,0.031118204367326065,0.5927025854051708,0.011923989188417769,0.016553150708306996
ELM,LR,29,0.5700787401574803,0.01663822567646882,0.023097560119304094,0.5779527559055118,0.035336701846168314,0.049055206437314015,0.5622047244094488,0.02380506528792279,0.03304672849878363,0.5688000809185182,0.015352164344893048,0.021312220774785232,0.5779527559055118,0.035336701846168314,0.049055206437314015,0.5729908447900532,0.023524126195815395,0.03265672251521348,0.5881207762415526,0.013393804146516418,0.01859358098128674
ELM,LR,30,0.5696850393700787,0.010967234863924483,0.01522496277774889,0.5708661417322834,0.023752918313383237,0.03297433689267802,0.5685039370078739,0.01443330927545144,0.020036645444816568,0.5694119745619886,0.010022498990977624,0.01391345913267485,0.5708661417322834,0.023752918313383237,0.03297433689267802,0.569987502955245,0.01579860941576592,0.021931985890667572,0.5904178808357617,0.009095677049292865,0.012626824010984566
ELM,LR,31,0.5586614173228346,0.018187101515671024,0.025247744490460137,0.552755905511811,0.022630091123149464,0.03141560286452424,0.5645669291338582,0.030148330266262447,0.0418525919988255,0.5596519117590812,0.01898952859405399,0.026361691857487414,0.552755905511811,0.022630091123149464,0.03141560286452424,0.5559683598836868,0.01789335040080678,0.024839952567954526,0.5903434806869613,0.014050918225241429,0.01950580156500305
ELM,LR,32,0.5594488188976378,0.013140408872660318,0.01824181194739773,0.5472440944881889,0.022821065742030626,0.031680718137429044,0.5716535433070866,0.032693762979569586,0.04538621909756149,0.561393981300306,0.015335569714517607,0.021289183734646007,0.5472440944881889,0.022821065742030626,0.031680718137429044,0.5538611075117613,0.013434394892634887,0.018649929970475217,0.5870791741583483,0.013718811162865623,0.01904476305113559
ELM,RF,1,0.5665354330708661,0.01775586186421994,0.024649087880740855,0.5480314960629922,0.015629474993133205,0.021697189670748043,0.5850393700787402,0.03096000512021653,0.042979377336461976,0.5695571074560369,0.019507150256993098,0.027080265923693236,0.5480314960629922,0.015629474993133205,0.021697189670748043,0.5584156436795571,0.014706893448393604,0.020416441163728993,0.6005316510633022,0.01818097304119887,0.025239236803984866
ELM,RF,2,0.5677165354330709,0.013785150708670525,0.01913685710475112,0.5614173228346457,0.02779427180271307,0.03858463494958994,0.574015748031496,0.006773484462238277,0.009403103890157404,0.568265569371784,0.01235764284973457,0.017155158500964062,0.5614173228346457,0.02779427180271307,0.03858463494958994,0.5646948231081133,0.019970221240750013,0.02772311150679874,0.5979384958769919,0.015175573200909663,0.02106707296611826
ELM,RF,3,0.5574803149606299,0.007302061807476919,0.010136886881610541,0.5385826771653542,0.014390288883855983,0.019976923566982118,0.5763779527559054,0.006396880633571612,0.008880293961807246,0.5596681066842535,0.0068543344374970274,0.009515341649188663,0.5385826771653542,0.014390288883855983,0.019976923566982118,0.5488808305494992,0.010386913435878265,0.014419347483578728,0.5940200880401763,0.0016069473526251945,0.0022308005557533915
ELM,RF,4,0.5598425196850394,0.02768811176774368,0.03843726119486075,0.5307086614173229,0.027994313125403448,0.038862336825200454,0.5889763779527559,0.03870301016517953,0.05372839156476668,0.5640761201765985,0.030655212023197806,0.04255625668530413,0.5307086614173229,0.027994313125403448,0.038862336825200454,0.5466466912819541,0.026865975249975683,0.03729595273958009,0.5915462830925662,0.022966581980530774,0.03188272706148432
ELM,RF,5,0.5673228346456692,0.022354440262328166,0.031032938122888813,0.5251968503937008,0.02688719854954942,0.03732541540268892,0.6094488188976378,0.02810483196468463,0.03901576157037764,0.5736204703924961,0.024570293823605743,0.034109036009910935,0.5251968503937008,0.02688719854954942,0.03732541540268892,0.5481799219849963,0.024432496990614044,0.03391774333867516,0.5968736437472876,0.02547488656671091,0.03536481205680683
ELM,RF,6,0.5625984251968503,0.008838560756158902,0.01226988937421537,0.5291338582677165,0.025466081305190912,0.03535258839418324,0.5960629921259842,0.035789978511381125,0.049684455326529264,0.5677567611245472,0.013017198216244766,0.01807076813544115,0.5291338582677165,0.025466081305190912,0.03535258839418324,0.5471960588565111,0.01094244940131394,0.015190555039576335,0.5907139314278629,0.008807923131631536,0.012227357532888424
ELM,RF,7,0.5570866141732284,0.01888122646973512,0.026211344406013592,0.5307086614173229,0.02028991925468524,0.028166923499764702,0.5834645669291338,0.04094488188976379,0.05684060845286833,0.5611370574097763,0.021454518185320546,0.029783646000005194,0.5307086614173229,0.02028991925468524,0.028166923499764702,0.5450799926549331,0.014968256847696563,0.020779271729065275,0.5831747163494327,0.025511316583361386,0.035415385027512576
ELM,RF,8,0.5688976377952756,0.014085467574801842,0.019553763751240443,0.5307086614173228,0.027093937848953163,0.03761241556062969,0.6070866141732283,0.02028991925468524,0.028166923499764702,0.5745277601133205,0.014409085596154558,0.020003017586909713,0.5307086614173228,0.027093937848953163,0.03761241556062969,0.5515122711427012,0.01931626403409186,0.026815273364081318,0.5854175708351417,0.011410547188536948,0.01584037894462096
ELM,RF,9,0.5598425196850393,0.020404186645432976,0.028325552068627337,0.5354330708661417,0.03599725811232271,0.04997220554325008,0.584251968503937,0.026421986985137827,0.03667959821724293,0.5627341265316931,0.02117459655101978,0.029395052474308528,0.5354330708661417,0.03599725811232271,0.04997220554325008,0.548393920678078,0.02680868722979646,0.03721642421797356,0.58250356500713,0.012042096283984383,0.01671710964199452
ELM,RF,10,0.5665354330708661,0.025828692073790113,0.03585597284096787,0.537007874015748,0.02757030141734109,0.038273714209502305,0.5960629921259842,0.030250980649289032,0.041995093575575924,0.5708408796640543,0.02777952747820799,0.03856416654578916,0.537007874015748,0.02757030141734109,0.038273714209502305,0.5533035793628704,0.026754874764852162,0.037141720540526946,0.5934729369458739,0.02607512127383263,0.03619807141408579
ELM,RF,11,0.562992125984252,0.012635280736914318,0.017540581677402897,0.5275590551181102,0.03340661958361641,0.04637582271206835,0.5984251968503937,0.017429876867069826,0.024196548155888183,0.5675051525539712,0.011340468494023403,0.015743094120440563,0.5275590551181102,0.03340661958361641,0.04637582271206835,0.5464550498424429,0.022005803949567852,0.030548953330860024,0.5907139314278629,0.006401017383348526,0.008886036691142017
ELM,RF,12,0.5519685039370079,0.021799792440798587,0.030262963508291604,0.5283464566929134,0.028866618550902935,0.040073290889633205,0.5755905511811024,0.018533231962109962,0.025728250582347796,0.5543025050116277,0.02220348181358784,0.030823374199842147,0.5283464566929134,0.028866618550902935,0.040073290889633205,0.5409464089174192,0.025296025340530198,0.03511651286883727,0.5766414532829066,0.011753192634752309,0.016316047080602435
ELM,RF,13,0.5574803149606299,0.011837241242813292,0.016432725253827236,0.5291338582677165,0.0204724409448819,0.02842030422643417,0.5858267716535434,0.015629474993133247,0.021697189670748098,0.5608824420398889,0.012301526458509779,0.017077256461095345,0.5291338582677165,0.0204724409448819,0.02842030422643417,0.5444299793526594,0.015415032532573132,0.02139949581076375,0.5714690929381859,0.016627525162581053,0.023082705424600697
ELM,RF,14,0.5685039370078739,0.014216905578950988,0.019736228952868872,0.526771653543307,0.019669285034325676,0.027305345078146914,0.610236220472441,0.027389806505395426,0.03802314710210997,0.5751030055150231,0.017383331436358982,0.024131932739254954,0.526771653543307,0.019669285034325676,0.027305345078146914,0.5496359721236449,0.014538782475760929,0.02018306572018098,0.5915183830367661,0.01275151611727026,0.017701942253822926
ELM,RF,15,0.5614173228346456,0.01571847620289535,0.021820743157348436,0.5149606299212598,0.0334437174513312,0.046427322808683356,0.6078740157480316,0.041336707868997444,0.05738455011393463,0.5684250621896162,0.018625671936230877,0.025856577839184106,0.5149606299212598,0.0334437174513312,0.046427322808683356,0.5395899386857741,0.020669051227582398,0.02869324305495185,0.5855601711203422,0.008469438769793738,0.011757465908083145
ELM,RF,16,0.5535433070866141,0.012781640221061336,0.017743761214082526,0.5236220472440944,0.00964366040465821,0.013387546863351554,0.5834645669291338,0.022047244094488196,0.030606481474621406,0.5572164076323316,0.014938082566121768,0.02073738311087468,0.5236220472440944,0.00964366040465821,0.013387546863351554,0.5398166254957655,0.010334515051245066,0.014346606864311169,0.5728811457622915,0.023166641065784387,0.03216045359548568
ELM,RF,17,0.5437007874015747,0.01571847620289538,0.02182074315734848,0.5204724409448819,0.02992125984251968,0.04153736771555761,0.5669291338582677,0.015349282432769996,0.021308220039381407,0.545536906667663,0.015220868528086037,0.021129952960831845,0.5204724409448819,0.02992125984251968,0.04153736771555761,0.5325219878706284,0.02204176565349051,0.030598876179275345,0.5749581499162999,0.013314511291411868,0.018483504851570652
ELM,RF,18,0.5594488188976378,0.0038170707538711184,0.005298943705389569,0.5385826771653544,0.025684262094960764,0.03565547188708559,0.5803149606299213,0.0261862821233321,0.03635238741232701,0.5622360574722975,0.005566572879949357,0.007727642012631102,0.5385826771653544,0.025684262094960764,0.03565547188708559,0.5497614235280597,0.012001462262419535,0.016660700576855408,0.578751007502015,0.012336851018633745,0.01712629481212007
ELM,RF,19,0.5421259842519686,0.021223357436131584,0.02946274343470542,0.5086614173228347,0.03426780338108496,0.04757133748164696,0.5755905511811024,0.013033815241926663,0.018093836265249873,0.5446154490116151,0.02142760193694744,0.0297462802569823,0.5086614173228347,0.03426780338108496,0.04757133748164696,0.525890863365117,0.02805909897901783,0.038952274008277304,0.5695098890197781,0.012226177448085018,0.01697265526550768
ELM,RF,20,0.5582677165354331,0.021764212537142124,0.030213570683616405,0.5362204724409448,0.03221617723697449,0.04472322379889128,0.5803149606299213,0.02888808870526635,0.04010309624212828,0.5610018233190844,0.022002498804288756,0.030544365053643968,0.5362204724409448,0.03221617723697449,0.04472322379889128,0.5480418683203692,0.024780739701690736,0.03440118172397,0.582977865955732,0.019558729579373994,0.027151869502270158
ELM,RF,21,0.5401574803149607,0.011037673833760793,0.015322747744257487,0.48976377952755906,0.035789978511381146,0.04968445532652929,0.5905511811023623,0.01991985927665122,0.027653197892443623,0.5442620568851618,0.010834443807157439,0.015040619237961437,0.48976377952755906,0.035789978511381146,0.04968445532652929,0.5151286374642792,0.02365124797670985,0.032833195838377696,0.5614374728749458,0.012877688998956029,0.017877098293705502
ELM,RF,22,0.5468503937007874,0.021792681107241033,0.030253091394667957,0.5196850393700788,0.040303886274235375,0.055950763883274766,0.5740157480314961,0.030536566030968996,0.04239154964311662,0.5493078268341233,0.022489744615562177,0.031220770677513072,0.5196850393700788,0.040303886274235375,0.055950763883274766,0.5336062824881355,0.02963328446383066,0.0411375938002683,0.5692804885609771,0.009306583904133133,0.01291960966337153
ELM,RF,23,0.5547244094488188,0.012902338274152686,0.017911316973438715,0.536220472440945,0.025196850393700794,0.034978835970995895,0.573228346456693,0.029629744444451624,0.04113267946552969,0.5570874818518049,0.013937338817596892,0.01934812806980008,0.536220472440945,0.025196850393700794,0.034978835970995895,0.5461098443631612,0.015738383293675107,0.02184837862972553,0.5632866265732532,0.01522090022230251,0.021129996959457945
ELM,RF,24,0.54251968503937,0.015529986553792157,0.021559077575531934,0.4881889763779528,0.011135539861205477,0.01545860757068946,0.5968503937007874,0.033369480473097776,0.04632426536126291,0.5484280234785706,0.01963630331284926,0.027259559108569822,0.4881889763779528,0.011135539861205477,0.01545860757068946,0.5163108989724663,0.010146485761767072,0.01408558036410867,0.5611119722239445,0.01702318282574835,0.023631966315718116
ELM,RF,25,0.54251968503937,0.018905838115815716,0.026245510848159258,0.5023622047244094,0.01699766389364009,0.023596540358647194,0.5826771653543308,0.024141275144497477,0.03351346260408664,0.5464233921249175,0.02074899390380977,0.028804221281005796,0.5023622047244094,0.01699766389364009,0.023596540358647194,0.523418581213662,0.018107205720643317,0.025136831345944854,0.5676684853369707,0.018911789496546823,0.02625377268910928
ELM,RF,26,0.5448818897637795,0.014646515935226999,0.020332623738281274,0.5236220472440944,0.03029194340420685,0.04205195899576943,0.5661417322834646,0.030536566030968985,0.0423915496431166,0.5470490214795933,0.015424585170323442,0.021412756997925535,0.5236220472440944,0.03029194340420685,0.04205195899576943,0.534647829958155,0.01954147707631302,0.02712791918843214,0.5605834211668423,0.011163727073639478,0.015497737694685237
ELM,RF,27,0.5429133858267716,0.016582235975317088,0.023019833953451984,0.5062992125984251,0.022766665031182617,0.03160519784375244,0.5795275590551181,0.03594555026933329,0.049900423549465917,0.5469313342350406,0.019191548789967237,0.026642140849534632,0.5062992125984251,0.022766665031182617,0.03160519784375244,0.5254233893808526,0.015676362114638572,0.021762279430248235,0.5570292640585282,0.017127320058730647,0.023776531971109387
ELM,RF,28,0.5448818897637795,0.012536758526055656,0.017403810922357,0.5062992125984251,0.01662890715113611,0.02308462393228026,0.5834645669291338,0.035772650997167095,0.04966040088051686,0.549338561424123,0.015133328105571754,0.021008427372033487,0.5062992125984251,0.01662890715113611,0.02308462393228026,0.5265691456964122,0.007956338341350438,0.011045168321569997,0.5652659805319611,0.016024010162552314,0.022244892290729075
ELM,RF,29,0.5559055118110237,0.022082367972252246,0.030655241233868192,0.5299212598425196,0.01906097391639404,0.026460873865237572,0.5818897637795275,0.027660107197244547,0.038398384618518015,0.5592087280356444,0.023812146270550786,0.03305655847856238,0.5299212598425196,0.01906097391639404,0.026460873865237572,0.5441262615334228,0.020860520870979223,0.02895904553205339,0.568996837993676,0.022528415746586223,0.03127445481373516
ELM,RF,30,0.5409448818897638,0.017580404379343387,0.024405513843212944,0.48267716535433075,0.031750937249851875,0.044077367156396846,0.5992125984251968,0.03462776917684415,0.048071050117484075,0.5466637369862498,0.021845299865532287,0.030326137941617624,0.48267716535433075,0.031750937249851875,0.044077367156396846,0.5121565594214567,0.023105605415646248,0.03207572252945138,0.5603214706429414,0.012957017818602055,0.01798722435020917
ELM,RF,31,0.5456692913385826,0.01827212816672803,0.025365780405029435,0.511023622047244,0.02341113188554095,0.032499861265375136,0.5803149606299213,0.03544181869268312,0.04920113201430395,0.549653726124985,0.02106886570364622,0.029248274527479162,0.511023622047244,0.02341113188554095,0.032499861265375136,0.529270630393261,0.017409672784818916,0.0241685003932529,0.5568866637733276,0.020129604712023564,0.027944371236132186
ELM,RF,32,0.5374015748031495,0.022026142882991137,0.03057718829693403,0.5102362204724409,0.027344496620764328,0.03796024689840943,0.5645669291338582,0.0313579649633699,0.043531834165756206,0.5397819270203777,0.023646974518129193,0.03282726332679843,0.5102362204724409,0.027344496620764328,0.03796024689840943,0.5243579606047912,0.023112132155680937,0.032084783097162485,0.5528287556575112,0.025835510349259773,0.035865438124744686
GradDiff,AdaBoost,1,0.5515748031496063,0.011837241242813292,0.016432725253827236,0.5338582677165353,0.023171557432381362,0.032167278606472456,0.5692913385826771,0.016059903979819767,0.022294720897358615,0.553374637155488,0.011548288470496904,0.016031594498661653,0.5338582677165353,0.023171557432381362,0.032167278606472456,0.5432917779085221,0.016340357157381795,0.022684052323398252,0.5781232562465124,0.01837691454128256,0.02551124721339111
GradDiff,AdaBoost,2,0.5543307086614173,0.014497600503560618,0.02012589597761201,0.5653543307086613,0.030250980649289064,0.04199509357557597,0.5433070866141732,0.03599725811232269,0.04997220554325004,0.5535211519297765,0.014693103547219302,0.020397297711920722,0.5653543307086613,0.030250980649289064,0.04199509357557597,0.5588900275617592,0.01715871189661647,0.023820110828430018,0.5591713683427366,0.020854493077938525,0.028950677613811895
GradDiff,AdaBoost,3,0.5519685039370079,0.012109099605692654,0.016810125164288984,0.5645669291338582,0.022215332251442337,0.030839825244929935,0.5393700787401574,0.023358105471167453,0.03242624880105839,0.5507980896886309,0.012088261828390451,0.016781197691892027,0.5645669291338582,0.022215332251442337,0.030839825244929935,0.5573965319125793,0.014075997452605018,0.019540617114030944,0.5681551863103727,0.014337876709367127,0.019904163804325938
GradDiff,AdaBoost,4,0.5511811023622047,0.01599220158392907,0.022200734904518175,0.5480314960629921,0.028973810225156056,0.04022209678928222,0.5543307086614174,0.030637915682431065,0.042532245514974296,0.5517016428541804,0.016087964558459626,0.022333675225465442,0.5480314960629921,0.028973810225156056,0.04022209678928222,0.5495000922445946,0.018844994832027524,0.02616104682943032,0.5617195734391469,0.012398694050981448,0.017212146704346253
GradDiff,AdaBoost,5,0.5377952755905511,0.021397918490868018,0.029705073027695986,0.5346456692913385,0.01966928503432568,0.027305345078146925,0.5409448818897638,0.03473503149624058,0.04821995408831427,0.5384940809117384,0.022185842164282397,0.030798886440856394,0.5346456692913385,0.01966928503432568,0.027305345078146925,0.5363809945628789,0.01855878511682388,0.02576372404801171,0.5651140802281605,0.015083969189626305,0.020939906211746177
GradDiff,AdaBoost,6,0.5409448818897638,0.012902338274152717,0.017911316973438764,0.5393700787401575,0.026233592518043594,0.03641806476923787,0.54251968503937,0.0175008746227503,0.024295108841507717,0.5409313171066914,0.012652203789520554,0.017564074640689688,0.5393700787401575,0.026233592518043594,0.03641806476923787,0.5399739191257732,0.018113206342411044,0.02514516154441243,0.5672220844441689,0.013090865357849266,0.01817303452280201
GradDiff,AdaBoost,7,0.5448818897637795,0.01177158770687092,0.016341583534574173,0.5590551181102362,0.027502754640272395,0.038179944250220164,0.5307086614173228,0.01966928503432567,0.027305345078146907,0.5435454478971643,0.01070070714775737,0.014854962991273023,0.5590551181102362,0.027502754640272395,0.038179944250220164,0.5509587782723309,0.01737238760961743,0.0241167402721606,0.555747411494823,0.013364897033504464,0.018553451475073025
GradDiff,AdaBoost,8,0.55,0.01455095953746165,0.02019997019185831,0.5496062992125983,0.013316168917549439,0.018485806005558603,0.5503937007874016,0.025319582977659082,0.03514921611198553,0.550309124049295,0.015628261908406785,0.021695505639172614,0.5496062992125983,0.013316168917549439,0.018485806005558603,0.5498499383349322,0.012299793257896957,0.017074850392916445,0.5729446958893918,0.015032499836630684,0.020868455295149985
GradDiff,AdaBoost,9,0.5677165354330709,0.009850390553698253,0.013674534318551073,0.5929133858267717,0.012096292516328539,0.01679234607400057,0.54251968503937,0.01919064190071487,0.026640881885421786,0.5646028773109901,0.010152318102673545,0.014093676951289482,0.5929133858267717,0.012096292516328539,0.01679234607400057,0.5783291095706338,0.00872034517107534,0.012105779832933695,0.584236468472937,0.011730108048998898,0.016284000538042145
GradDiff,AdaBoost,10,0.5645669291338582,0.017043197497569544,0.023659751134523167,0.5535433070866141,0.027905582908140728,0.03873915953649934,0.5755905511811024,0.038203179435301396,0.053034515273067885,0.5666275290488366,0.019786385754508973,0.027467906938830944,0.5535433070866141,0.027905582908140728,0.03873915953649934,0.5595223160482338,0.017466224968547592,0.024247007410103768,0.5791896583793168,0.01997215232945314,0.027725792287687488
GradDiff,AdaBoost,11,0.5716535433070866,0.016213590773207876,0.022508072369976602,0.5700787401574804,0.031239109330515536,0.04336683609572438,0.5732283464566928,0.019060973916394015,0.026460873865237537,0.5716838384551999,0.015126691343670916,0.020999214069486516,0.5700787401574804,0.031239109330515536,0.04336683609572438,0.5706476187844497,0.02177266225642597,0.030225300774489372,0.589796329592659,0.025807188828043975,0.035826121550269
GradDiff,AdaBoost,12,0.5661417322834645,0.007634141507742237,0.010597887410779138,0.5811023622047244,0.021216052890248003,0.029452603099373333,0.5511811023622047,0.023752918313383223,0.032974336892678,0.5643804514550277,0.008391703135263202,0.011649551547087267,0.5811023622047244,0.021216052890248003,0.029452603099373333,0.5723758126595165,0.010803681770633332,0.014997914685094798,0.5855927211854424,0.007052683411026922,0.009790694167527706
GradDiff,AdaBoost,13,0.5566929133858267,0.01571847620289535,0.021820743157348436,0.5700787401574802,0.026280817745320702,0.03648362389479556,0.5433070866141733,0.033033349548666185,0.04585764083134107,0.555511050469067,0.016155098406701915,0.022426871947638146,0.5700787401574802,0.026280817745320702,0.03648362389479556,0.5623675305185247,0.01694068376866417,0.023517439264105714,0.5905186310372621,0.016388441157045394,0.022750803616150415
GradDiff,AdaBoost,14,0.5492125984251969,0.007259483824640056,0.010077779165592238,0.5299212598425196,0.03252264004419429,0.04514866237940658,0.5685039370078739,0.03318316142630784,0.04606561305853041,0.5514019691962584,0.008112433192443461,0.011261862714201898,0.5299212598425196,0.03252264004419429,0.04514866237940658,0.5398737825356815,0.01638767482642768,0.02274973977870416,0.5625844751689504,0.00961689377492616,0.013350388824300457
GradDiff,AdaBoost,15,0.5598425196850394,0.01714294571423402,0.023798223858478306,0.5582677165354332,0.04221236268875656,0.058600153883016176,0.5614173228346457,0.053438990554195764,0.07418521187545411,0.5610195738021939,0.02007257659506412,0.027865203518036837,0.5582677165354332,0.04221236268875656,0.058600153883016176,0.5585174526890802,0.021795934167647607,0.03025760736648933,0.5743474486948975,0.02205236066863364,0.03061358441824216
GradDiff,AdaBoost,16,0.5468503937007874,0.017536265709700877,0.024344239546573502,0.5574803149606299,0.033462250962009076,0.046453051446185216,0.5362204724409448,0.020593223355310285,0.028587977092548112,0.5456069749941144,0.016377152606243586,0.022735132595341184,0.5574803149606299,0.033462250962009076,0.046453051446185216,0.5512342084238598,0.023634216599912595,0.03280955249700594,0.5515949531899065,0.0190930830183818,0.026505448444760677
GradDiff,AdaBoost,17,0.555511811023622,0.012032052590500865,0.01670316676018931,0.5480314960629922,0.03812194783278805,0.05292174773047511,0.562992125984252,0.031199390167179458,0.04331169705741087,0.5564092693961348,0.011927577311696453,0.016558131821963966,0.5480314960629922,0.03812194783278805,0.05292174773047511,0.5515767726097075,0.020906917896812295,0.02902345492968838,0.5630603261206522,0.01361652924844408,0.018902772990812614
GradDiff,AdaBoost,18,0.545275590551181,0.01716101946275858,0.023823314243790108,0.552755905511811,0.031159620373873025,0.04325648773343068,0.5377952755905511,0.022630091123149475,0.03141560286452425,0.5444414364846194,0.01651121045499435,0.02292123472432989,0.552755905511811,0.031159620373873025,0.04325648773343068,0.5483322309187745,0.0223023977527334,0.030960691537375514,0.5658193316386633,0.013052641723809875,0.018119971611986245
GradDiff,AdaBoost,19,0.5460629921259843,0.025744539723262704,0.03573915065011151,0.5377952755905512,0.04352842507428425,0.06042714136723281,0.5543307086614173,0.019511042036793488,0.027085668580181882,0.5461068149341984,0.025509008566613044,0.03541218098661075,0.5377952755905512,0.04352842507428425,0.06042714136723281,0.5416591140656146,0.034184616816076464,0.04745585601602892,0.565238080476161,0.03149526753757682,0.043722440695800134
GradDiff,AdaBoost,20,0.5448818897637795,0.012598425196850371,0.01748941798549791,0.5503937007874015,0.02971332640017831,0.0412487098214598,0.5393700787401575,0.02817093514960365,0.03910752750248084,0.5444692596165182,0.012573502733297015,0.017454820059526817,0.5503937007874015,0.02971332640017831,0.0412487098214598,0.5470530148952546,0.017661544613089906,0.024518154545623005,0.5618962737925476,0.019749632963183123,0.027416885885041438
GradDiff,AdaBoost,21,0.5507874015748031,0.018608350075742484,0.025832531241801154,0.5551181102362205,0.026351496898711028,0.036581742289530594,0.5464566929133857,0.052372564246664234,0.07270477482465407,0.5515153621286464,0.019730732234248483,0.02739064746687381,0.5551181102362205,0.026351496898711028,0.036581742289530594,0.5526151799662327,0.012928841452735278,0.01794810928366263,0.5713760927521856,0.0124857896071552,0.0173330547196578
GradDiff,AdaBoost,22,0.5374015748031497,0.009063672782064068,0.012582394965438148,0.537007874015748,0.005340417309547485,0.007413687749403357,0.5377952755905512,0.020013015790769823,0.027782519866264566,0.53763165365137,0.009655542037278909,0.013404041213717301,0.537007874015748,0.005340417309547485,0.007413687749403357,0.5372506979449502,0.004948005308812478,0.006868932560072563,0.5479121458242917,0.015618217962493467,0.021681562406938658
GradDiff,AdaBoost,23,0.5444881889763779,0.028461054443980813,0.039510277649879286,0.5377952755905512,0.044861163884233446,0.062277279439928106,0.5511811023622046,0.037016249680450905,0.05138679261903375,0.545007033433263,0.02892997214770234,0.0401612397814984,0.5377952755905512,0.044861163884233446,0.062277279439928106,0.540871908877325,0.03345888312302505,0.04644837613615407,0.5676452352904706,0.026217843387919944,0.0363962014716164
GradDiff,AdaBoost,24,0.5492125984251969,0.006099186371980173,0.008467028074086735,0.5480314960629922,0.017677121512317828,0.02453977874843077,0.5503937007874016,0.019511042036793488,0.027085668580181882,0.5494291436128016,0.006733984371968726,0.009348268974015521,0.5480314960629922,0.017677121512317828,0.02453977874843077,0.5485581917328417,0.009107820944749514,0.012643682440533889,0.5670686341372683,0.008589410392255564,0.01192401322005653
GradDiff,AdaBoost,25,0.5259842519685038,0.014593506293583202,0.020259034558246174,0.5188976377952755,0.040103406545659345,0.05567245340272663,0.5330708661417323,0.021934469727849022,0.030449925555497855,0.5258785190134462,0.013610646198439014,0.018894606008117515,0.5188976377952755,0.040103406545659345,0.05567245340272663,0.5219134688082294,0.025964669562082075,0.036044739856860526,0.5363072726145452,0.023704313204786387,0.032906862184752354
GradDiff,AdaBoost,26,0.5255905511811023,0.02312468528439121,0.03210220963354377,0.5204724409448819,0.04086910007042829,0.056735406422189806,0.5307086614173228,0.030839615791442735,0.04281225015516595,0.5255803723237431,0.023616319192834564,0.032784706912867174,0.5204724409448819,0.04086910007042829,0.056735406422189806,0.522601499216899,0.02991498962260765,0.041528663254865976,0.5320742141484283,0.022936214853211997,0.03184057073048275
GradDiff,AdaBoost,27,0.547244094488189,0.03291583459224959,0.045694503918575866,0.5590551181102362,0.028930981213974555,0.04016264059005456,0.5354330708661418,0.04038072883451364,0.056057438458452506,0.5465432016154045,0.03201089510291083,0.04443824651073847,0.5590551181102362,0.028930981213974555,0.04016264059005456,0.5526532626885879,0.02998133156457876,0.04162076063489347,0.5492032984065969,0.03708472723996331,0.0514818547114958
GradDiff,AdaBoost,28,0.5275590551181102,0.021635640415801717,0.03003508396513617,0.526771653543307,0.034448256463350174,0.04782184652013351,0.5283464566929134,0.025924531705754848,0.035989019579494096,0.5273777896897985,0.021649104426450825,0.030053775008367697,0.526771653543307,0.034448256463350174,0.04782184652013351,0.5268354034609122,0.02661759240432755,0.036951142071572664,0.5350595201190402,0.017868521115915283,0.024805483994703247
GradDiff,AdaBoost,29,0.5476377952755905,0.007814737496566602,0.010848594835374021,0.5354330708661417,0.03039410876475398,0.042193787253375345,0.5598425196850394,0.027660107197244568,0.03839838461851804,0.548905065978544,0.007899850630006536,0.010966750806737697,0.5354330708661417,0.03039410876475398,0.042193787253375345,0.5416377359212283,0.01645979232374933,0.022849854914923067,0.5575020150040301,0.011784600890429731,0.016359648729471626
GradDiff,AdaBoost,30,0.5299212598425196,0.011232553242273336,0.015593283734191735,0.526771653543307,0.01935150508258979,0.026864195782383377,0.5330708661417323,0.02179268110724103,0.03025309139466795,0.5302047557973208,0.011396138299010403,0.0158203761992223,0.526771653543307,0.01935150508258979,0.026864195782383377,0.5283211735797735,0.012865517495337724,0.017860201537883532,0.5350874201748403,0.008986027974554289,0.01247460669256087
GradDiff,AdaBoost,31,0.5350393700787401,0.01388597802247908,0.019276827855698123,0.5251968503937008,0.03308960848732393,0.04593574075877103,0.5448818897637795,0.051308140339039084,0.07122711755056339,0.5368861405818638,0.016863587807899927,0.023410412912658517,0.5251968503937008,0.03308960848732393,0.04593574075877103,0.5299939347744456,0.014315331655451038,0.019872866252030063,0.5398211296422593,0.011729582685112415,0.016283271216046606
GradDiff,AdaBoost,32,0.5232283464566929,0.02472491097339779,0.03432367902427081,0.5125984251968504,0.047662191969831666,0.06616572979881848,0.5338582677165353,0.02062330843103748,0.02862974187316925,0.5227725630951437,0.02537058372109467,0.03522001649422212,0.5125984251968504,0.047662191969831666,0.06616572979881848,0.517246460826819,0.03632262798671479,0.05042389134081742,0.5305226610453222,0.022812858320888616,0.031669324410301035
GradDiff,LR,1,0.5480314960629921,0.02032807975342611,0.028219898764735196,0.5417322834645669,0.03830042994335532,0.05316952062160003,0.5543307086614172,0.020593223355310265,0.028587977092548088,0.5482485506889335,0.018756080281172805,0.026037613644679592,0.5417322834645669,0.03830042994335532,0.05316952062160003,0.5446681552355047,0.02712923377233977,0.03766141415748978,0.5734670469340938,0.014529962202922679,0.02017082121850685
GradDiff,LR,2,0.5622047244094488,0.01815297934393462,0.02520037532211201,0.5519685039370079,0.040026031581539626,0.0555650397325291,0.5724409448818897,0.011837241242813292,0.016432725253827236,0.5628911934367348,0.015835169821436377,0.021982739870351462,0.5519685039370079,0.040026031581539626,0.0555650397325291,0.557060924008384,0.027721568404613522,0.03848370645269758,0.583504867009734,0.013523474949019829,0.01877359291373558
GradDiff,LR,3,0.5586614173228346,0.015767704247638386,0.02188908263928107,0.5488188976377952,0.022492687963914477,0.031224856700075895,0.5685039370078739,0.021216052890247996,0.02945260309937333,0.5598608230579097,0.01619616015821535,0.02248387479713831,0.5488188976377952,0.022492687963914477,0.031224856700075895,0.5541567721371541,0.017756017570192146,0.024649304035283044,0.5823857647715295,0.01718212211690104,0.023852609424190364
GradDiff,LR,4,0.5661417322834645,0.02048001071439359,0.028430812751188278,0.5881889763779528,0.02653905440370507,0.036842113847872504,0.5440944881889764,0.0408691000704283,0.056735406422189834,0.5640276191674862,0.021960571101948843,0.030486160071677048,0.5881889763779528,0.02653905440370507,0.036842113847872504,0.5754228067726184,0.01824450612976806,0.025327434870372884,0.5835668671337343,0.016652653920694465,0.023117589733332538
GradDiff,LR,5,0.5641732283464567,0.015278431426718283,0.0212098630749061,0.5669291338582677,0.02038138441818076,0.02829389750250633,0.5614173228346456,0.0286726637102884,0.039804038405706385,0.564131527134481,0.016386377986742626,0.02274793947660626,0.5669291338582677,0.02038138441818076,0.02829389750250633,0.5653056312693486,0.01469413661181753,0.020398731835494278,0.5911463822927646,0.015726336646837653,0.021831655202902586
GradDiff,LR,6,0.5661417322834645,0.010534715086818604,0.014624529068725458,0.5795275590551181,0.02327833936865273,0.032315515698614544,0.552755905511811,0.03805683771210888,0.05283136039254585,0.5650570533644491,0.0133036494377505,0.018468426181354913,0.5795275590551181,0.02327833936865273,0.032315515698614544,0.5717295059228383,0.0086403262161714,0.011994695715100648,0.5910285820571641,0.011449751932978874,0.015894803855024113
GradDiff,LR,7,0.5669291338582677,0.010266460480634074,0.014252131974581557,0.5826771653543308,0.01363819533518803,0.01893285034105713,0.5511811023622047,0.025024013515071965,0.03473889991816256,0.5651662278824929,0.011480208031875857,0.015937083698377087,0.5826771653543308,0.01363819533518803,0.01893285034105713,0.5736257549449911,0.00803505283722851,0.01115444155996439,0.5905728811457622,0.012967487863202069,0.01800175910224962
GradDiff,LR,8,0.574015748031496,0.013897135901356503,0.019292317474794932,0.6,0.01922292222950189,0.026685694165849237,0.5480314960629922,0.022047244094488175,0.030606481474621382,0.5704806321142379,0.01385986771777326,0.01924058094185028,0.6,0.01922292222950189,0.026685694165849237,0.5847422790189019,0.014006388135464511,0.019443983890105477,0.5926157852315705,0.01475027579476648,0.02047666551534848
GradDiff,LR,9,0.5905511811023623,0.013807620406889933,0.019168050046569397,0.6023622047244095,0.03275060526470148,0.04546512883972284,0.578740157480315,0.048153968035970565,0.06684842442466088,0.5895342934180074,0.01793321207331657,0.024895289440716922,0.6023622047244095,0.03275060526470148,0.04546512883972284,0.5950467820307093,0.013299922693549855,0.018463252631007808,0.6088815177630356,0.01590179477692054,0.022075230136120477
GradDiff,LR,10,0.5826771653543307,0.007259483824640056,0.010077779165592238,0.5850393700787401,0.04073233750040175,0.056545549538127585,0.5803149606299213,0.038461967690771044,0.05339377096565858,0.5827267836252307,0.00937969677904087,0.013021106605203791,0.5850393700787401,0.04073233750040175,0.056545549538127585,0.582985826239202,0.0186785617081149,0.025930000613315324,0.6179769359538719,0.016373593601808876,0.022730191905120125
GradDiff,LR,11,0.5925196850393701,0.014357938999063383,0.019932014727339055,0.5913385826771653,0.03671352197440873,0.05096653919020948,0.5937007874015748,0.016021251928642385,0.022241063248209972,0.592431362825353,0.011120651214784059,0.015437938815949575,0.5913385826771653,0.03671352197440873,0.05096653919020948,0.5915324926870136,0.02254575990928499,0.03129853237154953,0.6352284704569409,0.017618365357942548,0.024458212129823027
GradDiff,LR,12,0.5996062992125986,0.008314453575568077,0.011542311966140159,0.6125984251968504,0.03509020465379087,0.04871301347570333,0.5866141732283465,0.0236220472440945,0.032792658722808656,0.5970746994886583,0.005715942070104417,0.007934999691067791,0.6125984251968504,0.03509020465379087,0.04871301347570333,0.6042620046370694,0.017824150739441227,0.02474388803741466,0.6364529729059459,0.014068296749326184,0.01952992682406839
GradDiff,LR,13,0.6149606299212598,0.02399960732933571,0.03331679614810167,0.6307086614173227,0.02897381022515607,0.04022209678928224,0.5992125984251968,0.02457399454224761,0.0341141734309904,0.6114050104930158,0.023140017680660385,0.032123494411830024,0.6307086614173227,0.02897381022515607,0.04022209678928224,0.6208206876445648,0.025005156856166586,0.034712722679003445,0.6499875999752,0.01752344582390651,0.02432644269199202
GradDiff,LR,14,0.6047244094488189,0.01735858872838473,0.02409758435403273,0.6031496062992125,0.028324575982055036,0.03932081517108991,0.6062992125984252,0.03293937112338879,0.04572717786191326,0.6054504331139576,0.018037391469227476,0.025039913627636575,0.6031496062992125,0.028324575982055036,0.03932081517108991,0.6039154508553459,0.01831668435571625,0.02542763431144074,0.6454708909417819,0.013065161397131157,0.018137351704842014
GradDiff,LR,15,0.6011811023622047,0.012299605788829404,0.017074590144128956,0.5984251968503937,0.013863635324140972,0.019245811217979247,0.6039370078740157,0.027344496620764318,0.03796024689840941,0.6021504385321689,0.014758748416911662,0.020488427400490075,0.5984251968503937,0.013863635324140972,0.019245811217979247,0.60008943968303,0.009544864924042934,0.01325039674906658,0.6357151714303428,0.012719376437919455,0.017657325226114844
GradDiff,LR,16,0.589763779527559,0.02074321239735354,0.02879619526335527,0.5968503937007874,0.010738725745658186,0.014907741266297125,0.5826771653543308,0.03459194115982487,0.04802131285624301,0.5891040283266846,0.022586346888385553,0.0313548761312788,0.5968503937007874,0.010738725745658186,0.014907741266297125,0.5928252726188784,0.015606739036420745,0.021665627102884895,0.6398164796329594,0.015131138201221283,0.021005387297426126
GradDiff,LR,17,0.5980314960629921,0.013257841134238392,0.018404834061323108,0.6078740157480315,0.022492687963914484,0.031224856700075906,0.5881889763779528,0.03223541652040743,0.044749932206048726,0.5966116193533179,0.015036192708018509,0.02087358182249441,0.6078740157480315,0.022492687963914484,0.031224856700075906,0.6018484461346515,0.01239529428294275,0.01720742706968133,0.6347107694215388,0.01687032659229037,0.02341976784512643
GradDiff,LR,18,0.5992125984251968,0.013443599274774726,0.018662707701344483,0.594488188976378,0.006587874224677788,0.009145435572382694,0.6039370078740157,0.023960825282996746,0.03326295803673799,0.6004797270606771,0.015564140381767145,0.021606490689784395,0.594488188976378,0.006587874224677788,0.009145435572382694,0.5973918067002728,0.009778243648152317,0.013574378357171983,0.6326306652613305,0.011509657163803843,0.01597796564747398
GradDiff,LR,19,0.6055118110236221,0.017981397238849183,0.02496218117421001,0.6086614173228346,0.024974411853785367,0.03467004177331813,0.6023622047244095,0.032273860680187706,0.04480330125567142,0.6052547833360692,0.019589142174229166,0.027194088952331164,0.6086614173228346,0.024974411853785367,0.03467004177331813,0.6066534493880009,0.017991273105535926,0.02497589107507101,0.6369179738359476,0.013145724601542936,0.018249191362116085
GradDiff,LR,20,0.6007874015748031,0.009913132529145049,0.013761634143860923,0.6078740157480315,0.025828692073790127,0.035855972840967885,0.5937007874015748,0.029080606791526593,0.04037035419125794,0.5997121548570712,0.01167269285404393,0.016204295469543797,0.6078740157480315,0.025828692073790127,0.035855972840967885,0.603380959356087,0.012966978002834176,0.01800105130258824,0.6408363816727634,0.012781432705273457,0.017743473135985774
GradDiff,LR,21,0.5937007874015748,0.007108452789475543,0.009868114476434504,0.6125984251968504,0.01906097391639403,0.026460873865237558,0.5748031496062992,0.023358105471167425,0.03242624880105836,0.5904983026478609,0.008270901393044702,0.01148185184414631,0.6125984251968504,0.01906097391639403,0.026460873865237558,0.6011227372247889,0.008848573108219692,0.012283788747150717,0.6350703701407403,0.01812553875555996,0.025162281678473723
GradDiff,LR,22,0.5854330708661417,0.008856080219844123,0.01229421028881263,0.5984251968503937,0.024141275144497463,0.03351346260408663,0.5724409448818898,0.034645669291338596,0.048095899460119364,0.5838109796571023,0.011793227054844778,0.016371623765455017,0.5984251968503937,0.024141275144497463,0.03351346260408663,0.5905714186624148,0.009564797313300115,0.01327806734136058,0.6279434558869118,0.008893996125047068,0.01234684600351756
GradDiff,LR,23,0.5858267716535432,0.006299212598425224,0.008744708992749008,0.6094488188976378,0.00944881889763778,0.013117063489123436,0.5622047244094488,0.01886480086726133,0.02618854201421945,0.5821262988128784,0.00766290182085108,0.010637813126056639,0.6094488188976378,0.00944881889763778,0.013117063489123436,0.5953777503514981,0.003903536201293663,0.0054189769895220995,0.6232190464380929,0.00541208703021554,0.007513181271973212
GradDiff,LR,24,0.59251968503937,0.011941536132364676,0.01657750977162328,0.6070866141732283,0.012549116102763148,0.01742096598903781,0.5779527559055119,0.030230478457405483,0.04196663197042547,0.5903810150230082,0.014472428592989896,0.02009095176366573,0.6070866141732283,0.012549116102763148,0.01742096598903781,0.5984015746693976,0.007314786745072386,0.010154551926960981,0.6259129518259037,0.009901133480030681,0.013744976793270615
GradDiff,LR,25,0.6039370078740157,0.01037160619867678,0.014398097631677646,0.6023622047244095,0.020381384418180777,0.028293897502506354,0.6055118110236221,0.025073517052111267,0.03480762184471393,0.6045397325596906,0.012226009482166088,0.016972422091430954,0.6023622047244095,0.020381384418180777,0.028293897502506354,0.6032005454229656,0.011557438387266855,0.016044296619476102,0.6282317564635129,0.010580003707252034,0.014687399752987239
GradDiff,LR,26,0.5913385826771653,0.005511811023622086,0.007651620368655404,0.594488188976378,0.014730934593598217,0.020449815623692347,0.5881889763779526,0.021792681107241023,0.03025309139466794,0.591019231229643,0.0083111570014024,0.011537735587537052,0.594488188976378,0.014730934593598217,0.020449815623692347,0.5925576208265885,0.005453651226317103,0.007570881626382048,0.6230702461404923,0.008505735752412811,0.011807854197946235
GradDiff,LR,27,0.5992125984251968,0.03278844537583783,0.045517659335395186,0.6047244094488189,0.05063916595531819,0.0702984322239711,0.5937007874015748,0.03173140421985808,0.04405025096363887,0.5976701051367457,0.029198601005785824,0.04053415642056878,0.6047244094488189,0.05063916595531819,0.0702984322239711,0.6007462736303584,0.037822378673271186,0.052505879067170705,0.6283092566185132,0.014171263923803051,0.019672868177854564
GradDiff,LR,28,0.5909448818897637,0.024881142219409395,0.03454056276340475,0.5921259842519685,0.0368147078033416,0.05110700763993748,0.5897637795275591,0.022187405989929725,0.03080105737888835,0.5904153761304748,0.023182899020681495,0.03218302325513299,0.5921259842519685,0.0368147078033416,0.05110700763993748,0.5910869496431574,0.028960030876821842,0.04020296798716456,0.6190898381796763,0.01755542953935307,0.02437084320709084
GradDiff,LR,29,0.5893700787401575,0.015629474993133247,0.021697189670748098,0.5771653543307086,0.030658145407766575,0.04256032887591794,0.6015748031496063,0.008029951989909913,0.011147360448679351,0.5912524786491457,0.013171584611938071,0.018285090811757054,0.5771653543307086,0.030658145407766575,0.04256032887591794,0.5839645495624295,0.02176617620490193,0.030216296691486382,0.6249457498914998,0.022899655782889924,0.031789818604559594
GradDiff,LR,30,0.5885826771653543,0.01765079667044088,0.02450323400924359,0.5889763779527559,0.01938351751982862,0.026908636169721972,0.5881889763779526,0.023037383997366614,0.03198101601802531,0.5886374861267879,0.018434009995442965,0.02559050841050746,0.5889763779527559,0.01938351751982862,0.026908636169721972,0.5887243454443964,0.017616108671599663,0.02445507934694769,0.6213621427242855,0.018591120995188504,0.025808613443615576
GradDiff,LR,31,0.5858267716535432,0.01273304065259547,0.017676294197091637,0.5929133858267717,0.02317155743238136,0.03216727860647245,0.5787401574803149,0.027276390670376006,0.03786570068211418,0.5848812189651432,0.014009803576923227,0.01944872528296555,0.5929133858267717,0.02317155743238136,0.03216727860647245,0.5885967410762818,0.014306359672635924,0.0198604111431446,0.6114483228966459,0.014025749806190167,0.01947086219806283
GradDiff,LR,32,0.5598425196850394,0.007531939555003526,0.010456008355067615,0.5606299212598425,0.01822966441384284,0.025306831265606223,0.5590551181102362,0.013175748449355497,0.018290871144765276,0.5597127576498679,0.007118735332576871,0.009882388934665838,0.5606299212598425,0.01822966441384284,0.025306831265606223,0.5600621594836664,0.011475152033094098,0.015930064846842337,0.5862917725835451,0.01121802854855322,0.015573120226799875
GradDiff,RF,1,0.5645669291338582,0.011232553242273291,0.015593283734191669,0.5551181102362205,0.022131447752055413,0.03072337489106754,0.5740157480314961,0.03637420303134203,0.050495488980920246,0.566474040029578,0.01433651442574242,0.019902272651475088,0.5551181102362205,0.022131447752055413,0.03072337489106754,0.5602744010787802,0.00971145958743635,0.013481667217931943,0.5909510819021639,0.018647266926975232,0.02588655649235859
GradDiff,RF,2,0.565748031496063,0.016544804243661934,0.02296787037938547,0.5456692913385826,0.025587522534286485,0.03552117584722904,0.5858267716535434,0.034086394995139144,0.04731950226904641,0.5689855446214755,0.01926867436258039,0.026749208308818318,0.5456692913385826,0.025587522534286485,0.03552117584722904,0.5566968800339017,0.017135195371826863,0.023787464658358334,0.5936496372992747,0.010606382976349107,0.014724020049268866
GradDiff,RF,3,0.5574803149606299,0.011232553242273291,0.015593283734191669,0.5314960629921259,0.032369771324558205,0.04493644657522085,0.5834645669291338,0.0351608087586868,0.04881102768642594,0.560958998965744,0.01248615680044892,0.017333564465669304,0.5314960629921259,0.032369771324558205,0.04493644657522085,0.5452409688170444,0.017693569915915187,0.024562612793258873,0.5938743877487754,0.013230931598512007,0.018367477636947772
GradDiff,RF,4,0.5625984251968503,0.015115239228702702,0.02098331598521268,0.521259842519685,0.026186282123332117,0.036352387412327034,0.6039370078740157,0.020472440944881896,0.028420304226434163,0.5681679081317954,0.016122643943552263,0.022381817929961308,0.521259842519685,0.026186282123332117,0.036352387412327034,0.5434987970500077,0.019999876915892657,0.027764280183844303,0.5870822741645483,0.010387133417585993,0.01441965286714656
GradDiff,RF,5,0.5614173228346456,0.020585695216380113,0.02857752636030615,0.5259842519685038,0.020921779930057366,0.029044086739416657,0.5968503937007874,0.030759094463975754,0.042700468632411094,0.5664780136645687,0.022622982004079546,0.03140573382510227,0.5259842519685038,0.020921779930057366,0.029044086739416657,0.5453117280685708,0.019490410667734943,0.027057027648363815,0.5912796825593651,0.014899740494658953,0.020684155782556637
GradDiff,RF,6,0.5688976377952756,0.013057577914785016,0.018126824143621864,0.5377952755905511,0.02711681158696467,0.0376441693995995,0.6,0.012842131047480394,0.017827735943542807,0.573239225958422,0.01215765561952032,0.016877531717748848,0.5377952755905511,0.02711681158696467,0.0376441693995995,0.5547724046448972,0.019368391383363763,0.02688763772594777,0.5955592411184822,0.013616427794678105,0.01890263215040664
GradDiff,RF,7,0.5606299212598425,0.011902532643961376,0.016523364249391787,0.5322834645669291,0.01998201187472366,0.027739479530790395,0.5889763779527559,0.016059903979819806,0.02229472089735867,0.5642581525246458,0.012184048953796012,0.01691417153962865,0.5322834645669291,0.01998201187472366,0.027739479530790395,0.5476865178454234,0.014769326414901422,0.020503112015860803,0.5831840163680327,0.014508249757341551,0.02014067951187905
GradDiff,RF,8,0.5535433070866141,0.017313884588422066,0.024035525058742027,0.5181102362204724,0.02665560768474136,0.037003915741186486,0.5889763779527559,0.031848422702608944,0.04421269866046453,0.5579467338804764,0.01997785813999253,0.027733713222559124,0.5181102362204724,0.02665560768474136,0.037003915741186486,0.5369462457118327,0.019644618165200852,0.027271101974125835,0.5818851137702274,0.024070189431717383,0.03341477981443775
GradDiff,RF,9,0.5590551181102362,0.010266460480634074,0.014252131974581557,0.531496062992126,0.0205329209612682,0.028504263949163187,0.5866141732283465,0.02322500976968917,0.032241482346612275,0.5626569617362416,0.011411738099400423,0.01584203219393977,0.531496062992126,0.0205329209612682,0.028504263949163187,0.5464100017054818,0.012930049485802278,0.017949786302410523,0.5842829685659372,0.016618934463130477,0.023070779621880814
GradDiff,RF,10,0.565748031496063,0.01853323196210992,0.02572825058234774,0.5244094488188976,0.042358984744292165,0.058803697927219095,0.6070866141732283,0.020289919254685238,0.028166923499764702,0.5710860320773821,0.018298332016060043,0.025402157179637036,0.5244094488188976,0.042358984744292165,0.058803697927219095,0.5462680757930416,0.03009400885261904,0.041777181787316674,0.595759191518383,0.017299000543253427,0.02401486269156502
GradDiff,RF,11,0.5755905511811024,0.024605511798424788,0.034157926396811596,0.5440944881889764,0.04862802411541579,0.06750651976534333,0.6070866141732283,0.028973810225156046,0.040222096789282215,0.580232245510053,0.023297824053581634,0.03234256477766313,0.5440944881889764,0.04862802411541579,0.06750651976534333,0.5609394595966891,0.03380133228121653,0.046923771780673994,0.6023885547771096,0.023761205063973622,0.032985840746735356
GradDiff,RF,12,0.5779527559055118,0.00911483220692142,0.012653415632803115,0.5488188976377952,0.017536265709700866,0.024344239546573485,0.6070866141732283,0.01853323196210996,0.025728250582347793,0.5828820766685655,0.009956092257945434,0.013821271808235147,0.5488188976377952,0.017536265709700866,0.024344239546573485,0.5651823965615475,0.011451844252314632,0.01589770845991325,0.6060574121148242,0.010370699276817502,0.014396838622299154
GradDiff,RF,13,0.5625984251968503,0.007814737496566602,0.010848594835374021,0.5385826771653542,0.008029951989909913,0.011147360448679351,0.5866141732283465,0.016327906577423414,0.022666768147507094,0.5658996684099747,0.009106926046826853,0.012642440123055376,0.5385826771653542,0.008029951989909913,0.011147360448679351,0.5518390627570419,0.006170958231401868,0.008566663387977892,0.5974052948105897,0.013060490759155764,0.01813086781986955
GradDiff,RF,14,0.5393700787401574,0.014572248443560438,0.020229523931424808,0.49763779527559054,0.038461967690771065,0.0533937709656586,0.5811023622047244,0.040656159506852245,0.05643979752947043,0.5432510964806907,0.016140877222596876,0.022407129779138873,0.49763779527559054,0.038461967690771065,0.0533937709656586,0.5186481124792791,0.02328874358623598,0.032329959068105756,0.5664935829871659,0.016476785501024008,0.02287344522685608
GradDiff,RF,15,0.552755905511811,0.027961072290653078,0.03881619114873277,0.5141732283464566,0.0499612348951663,0.06935731303716097,0.5913385826771653,0.03426780338108493,0.047571337481646915,0.5566935778855414,0.029665958638501414,0.0411829528264338,0.5141732283464566,0.0499612348951663,0.06935731303716097,0.5339230869369198,0.03778860297652388,0.052458990883216344,0.5784441068882138,0.026643451132053318,0.036987039740583094
GradDiff,RF,16,0.5543307086614173,0.017589218821802075,0.024417750251022684,0.5070866141732283,0.024320386159811823,0.033762108554964906,0.6015748031496063,0.04900902777825334,0.0680354376427172,0.5614635360809362,0.02415384970462157,0.03353091889203993,0.5070866141732283,0.024320386159811823,0.033762108554964906,0.5321316533826802,0.012770795488956115,0.017728706312397167,0.5764384028768057,0.020003122403715507,0.02776878564323417
GradDiff,RF,17,0.5507874015748031,0.011437668540420413,0.015878029416962553,0.5125984251968504,0.020136554098495168,0.027954018531158784,0.5889763779527559,0.03544181869268313,0.04920113201430397,0.5556848844050968,0.015436670583554751,0.021429534241130716,0.5125984251968504,0.020136554098495168,0.027954018531158784,0.5328303289352799,0.009626113467524278,0.013363187809493195,0.5799104098208197,0.016848191466596267,0.023389039364433265
GradDiff,RF,18,0.5519685039370079,0.009199465705155828,0.012770905763757456,0.5062992125984251,0.02472491097339779,0.03432367902427082,0.5976377952755906,0.038686987390671626,0.053706148387839596,0.5579915978408966,0.013132013191131912,0.01823015687295556,0.5062992125984251,0.02472491097339779,0.03432367902427082,0.5302718396387258,0.009861023680594036,0.013689295465112444,0.5734096968193938,0.016270687828118045,0.022587335789289877
GradDiff,RF,19,0.5350393700787401,0.023037383997366614,0.03198101601802532,0.4937007874015748,0.023700656603610117,0.0329017860085336,0.5763779527559055,0.04163560335874733,0.05779948357367553,0.5390568855307918,0.0264098922636544,0.036662808052112236,0.4937007874015748,0.023700656603610117,0.0329017860085336,0.5149882403369113,0.02026573976006067,0.028133356980016427,0.5555133610267221,0.01973538791715493,0.02739711059088229
GradDiff,RF,20,0.5476377952755905,0.005623171990978611,0.007806214175018964,0.5165354330708661,0.040717113303457966,0.05652441496458502,0.5787401574803149,0.04061038412040198,0.05637625110564624,0.5511536723692829,0.007541383154629866,0.010469118173046611,0.5165354330708661,0.040717113303457966,0.05652441496458502,0.5323439906195426,0.019428160985892035,0.02697061123613739,0.563285076570153,0.014976637681162211,0.020790906191091862
GradDiff,RF,21,0.5417322834645669,0.016299402790932647,0.022627198548266142,0.5039370078740157,0.03667973133496729,0.050919630262470116,0.5795275590551181,0.033536282581176136,0.04655582380951834,0.5452552998770125,0.01722158131752568,0.02390738757640502,0.5039370078740157,0.03667973133496729,0.050919630262470116,0.5231776866781288,0.023703204248977393,0.03290532270728847,0.5650133300266601,0.01546050621238037,0.021462623398621816
GradDiff,RF,22,0.5401574803149607,0.016069552466109114,0.02230811514362393,0.49763779527559054,0.051549251349080026,0.07156183329238212,0.5826771653543308,0.041216542766306784,0.05721773420834409,0.5437018153552652,0.016544965244025323,0.022968093883720904,0.49763779527559054,0.051549251349080026,0.07156183329238212,0.5184769583170047,0.031796217480157624,0.044140226193294156,0.561249922499845,0.017945727045878858,0.024912663007873054
GradDiff,RF,23,0.5200787401574802,0.01196746783745723,0.016613508749460104,0.46771653543307085,0.005786196242794899,0.008032528118010895,0.5724409448818897,0.02642198698513781,0.0366795982172429,0.5228658607040471,0.014115030478178598,0.019594803640428357,0.46771653543307085,0.005786196242794899,0.008032528118010895,0.4936199661675621,0.00602944151914033,0.008370206696446773,0.5437937875875752,0.017725974918872255,0.02460759814918091
GradDiff,RF,24,0.5421259842519686,0.01082498195658858,0.015027484083612423,0.511023622047244,0.0326937629795696,0.045386219097561506,0.5732283464566928,0.033647024597199184,0.04670955837368181,0.5452063171090243,0.012544303267556551,0.01741428470266207,0.511023622047244,0.0326937629795696,0.045386219097561506,0.5269556614251811,0.018131030303259642,0.025169905168839095,0.5525947051894105,0.01661392613529576,0.02306382694822984
GradDiff,RF,25,0.5460629921259843,0.00961146111475093,0.0133428470829246,0.5385826771653542,0.032119807959639576,0.0445894417947173,0.5535433070866141,0.03698273564036969,0.051340267672764305,0.5471216077359484,0.010903003231435978,0.015135794976938103,0.5385826771653542,0.032119807959639576,0.0445894417947173,0.5422172313441224,0.015903391399501653,0.022077446603595566,0.5485770971541942,0.014431630969403865,0.02003431558251116
GradDiff,RF,26,0.5409448818897638,0.016535433070866162,0.022954861105966083,0.5078740157480315,0.02362204724409449,0.032792658722808656,0.574015748031496,0.031338186995484074,0.04350437794469253,0.5442010657663939,0.018676487673340025,0.025927121391465968,0.5078740157480315,0.02362204724409449,0.032792658722808656,0.5251059587454167,0.017449533168593948,0.02422383547696465,0.5546624093248187,0.014956316687264302,0.020762696129071563
GradDiff,RF,27,0.5330708661417323,0.015914474749139977,0.022092832759521824,0.5086614173228347,0.029608812089705765,0.04110362069859249,0.5574803149606299,0.03821940503783181,0.0530570400204301,0.5351923756910697,0.01756178723523908,0.024379669103902366,0.5086614173228347,0.029608812089705765,0.04110362069859249,0.5210754725719122,0.018876909102430686,0.026205350939353726,0.5521560543121086,0.012115438781564694,0.01681892535119944
GradDiff,RF,28,0.5437007874015748,0.012720861749136602,0.017659387168644115,0.5031496062992126,0.02897381022515607,0.04022209678928224,0.584251968503937,0.017536265709700877,0.0243442395465735,0.5473500206032664,0.012464520987741468,0.017303529142525014,0.5031496062992126,0.02897381022515607,0.04022209678928224,0.5240617997257783,0.02003776246413057,0.027816873756325747,0.5548840597681195,0.012188287915119788,0.016920056161337908
GradDiff,RF,29,0.5381889763779527,0.022705308433537352,0.03152002123115054,0.5031496062992126,0.02743504155934543,0.0380859434241714,0.5732283464566928,0.04812821036200354,0.06681266704075735,0.5422872261683253,0.028190192300381757,0.0391342607134898,0.5031496062992126,0.02743504155934543,0.0380859434241714,0.5213309132631133,0.020083416536644527,0.02788025176940761,0.5495659991319983,0.020666307992078213,0.028689434833557854
GradDiff,RF,30,0.5409448818897638,0.003817070753871118,0.0052989437053895675,0.515748031496063,0.04225640272440547,0.05866129125372124,0.5661417322834645,0.03963689117686053,0.055024826246626114,0.5433249786879127,0.004402471900904989,0.006111610780019253,0.515748031496063,0.04225640272440547,0.05866129125372124,0.5281701169447186,0.02208233849231257,0.030655200309151084,0.5502945005890012,0.00859575681443141,0.011932823466449355
GradDiff,RF,31,0.5153543307086614,0.018101675484366392,0.025129154147224032,0.4866141732283465,0.03473503149624059,0.04821995408831429,0.5440944881889763,0.029080606791526593,0.04037035419125794,0.5160998140135662,0.01946934037493472,0.027027777392708688,0.4866141732283465,0.03473503149624059,0.04821995408831429,0.5005319902164292,0.025697772215388808,0.035674226940952125,0.5343124186248372,0.019321241326710144,0.0268221829539449
GradDiff,RF,32,0.5283464566929135,0.013952791454070383,0.019369579768249694,0.5,0.020532920961268165,0.02850426394916314,0.5566929133858267,0.03204250385728476,0.044482126496419916,0.5304790519485998,0.0153703640747649,0.02133748605024455,0.5,0.020532920961268165,0.02850426394916314,0.5144686519886468,0.013518426120675114,0.01876658401636324,0.5374015748031497,0.01590054193755431,0.022073490916257488
PB&J,AdaBoost,1,0.5413385826771654,0.022096401890397296,0.030674723435538474,0.5440944881889764,0.029293031870453963,0.040665247476562506,0.5385826771653544,0.03231225910028852,0.04485660680843955,0.5412998605595692,0.022962945311081426,0.031877678554938386,0.5440944881889764,0.029293031870453963,0.040665247476562506,0.5424388422247569,0.023369618954430918,0.032442232078183704,0.5610840721681443,0.019785538764552555,0.027466731128271624
PB&J,AdaBoost,2,0.5393700787401575,0.012817968973306863,0.017794193607257546,0.511023622047244,0.02832457598205506,0.03932081517108995,0.5677165354330709,0.02103998301714548,0.029208178930699193,0.5416233550659435,0.012863566721891347,0.017857493430190264,0.511023622047244,0.02832457598205506,0.03932081517108995,0.5256075168992551,0.019204684189108565,0.026660375706860015,0.5593573687147375,0.01731149674567394,0.024032210201587016
PB&J,AdaBoost,3,0.5381889763779527,0.020328079753426136,0.028219898764735234,0.5307086614173228,0.023674482485626636,0.03286545050765455,0.5456692913385826,0.03327645135293772,0.046195120238608306,0.539154931550595,0.021533158085050106,0.029892815682343886,0.5307086614173228,0.023674482485626636,0.03286545050765455,0.5346507611560031,0.01940673944329905,0.026940873367598345,0.5595635191270383,0.019325872641899486,0.02682861225013894
PB&J,AdaBoost,4,0.5519685039370079,0.026486438096935686,0.03676907070418079,0.5440944881889764,0.04147147742445258,0.05757164025022119,0.5598425196850394,0.019190641900714834,0.02664088188542174,0.5521796813544751,0.024874526621218196,0.034531378840796795,0.5440944881889764,0.04147147742445258,0.05757164025022119,0.5479115966950489,0.0327939129793319,0.045525249585874304,0.565520181040362,0.021955686620253358,0.030479379324029617
PB&J,AdaBoost,5,0.5531496062992126,0.013292868516641064,0.018453459863533004,0.5787401574803149,0.022409841686232602,0.031109847628999043,0.5275590551181102,0.013175748449355549,0.01829087114476535,0.550443868002225,0.012134274726078392,0.016845073834172858,0.5787401574803149,0.022409841686232602,0.031109847628999043,0.5641553240562481,0.016260420206511483,0.022573082045414094,0.5667958335916671,0.019333239305793375,0.026838838819093852
PB&J,AdaBoost,6,0.5460629921259843,0.012109099605692683,0.016810125164289022,0.5559055118110237,0.02960881208970579,0.04110362069859252,0.536220472440945,0.02367448248562663,0.032865450507654534,0.5451217524570199,0.011185106046306851,0.01552741646669348,0.5559055118110237,0.02960881208970579,0.04110362069859252,0.5501521399380828,0.018142697759911494,0.025186102195294668,0.5509625519251038,0.011390759019136745,0.015812908561584946
PB&J,AdaBoost,7,0.5291338582677165,0.007086614173228379,0.00983779761684264,0.521259842519685,0.028016451771113712,0.038893070192459425,0.537007874015748,0.02823688358589151,0.03919907860904427,0.5296936295494977,0.007170203386419523,0.009953838047748582,0.521259842519685,0.028016451771113712,0.038893070192459425,0.5250345289787021,0.015020307928846203,0.02085153021380436,0.5420097340194682,0.013364852272524031,0.01855338933687051
PB&J,AdaBoost,8,0.5295275590551181,0.024364958183883158,0.033823984443995724,0.5118110236220472,0.014085467574801837,0.019553763751240433,0.547244094488189,0.052408067062342474,0.07275406063405937,0.5321542076928727,0.02812693504040531,0.03904644555857489,0.5118110236220472,0.014085467574801837,0.019553763751240433,0.5212744268683858,0.014040006825980628,0.0194906541144688,0.5435938371876744,0.021488104483124857,0.029830271256075444
PB&J,AdaBoost,9,0.5200787401574802,0.015012343279478452,0.020840473507928507,0.5149606299212598,0.02327833936865272,0.03231551569861453,0.5251968503937008,0.023037383997366604,0.031981016018025304,0.5203078489926536,0.015527033453160302,0.0215549780146347,0.5149606299212598,0.02327833936865272,0.03231551569861453,0.5174596494252316,0.017436229021772182,0.024205366360303585,0.5250201500403001,0.013586611919399022,0.018861241079918743
PB&J,AdaBoost,10,0.5354330708661417,0.01972437015728402,0.027381815488150375,0.5322834645669291,0.052667689789576824,0.07311447475917333,0.5385826771653544,0.04491641164394225,0.062353975625936434,0.5356333787782201,0.01992239524390834,0.027656718379382605,0.5322834645669291,0.052667689789576824,0.07311447475917333,0.5329043100730086,0.03040283699719118,0.042205903982488996,0.5443843387686775,0.02272902316767949,0.031552942559915545
PB&J,AdaBoost,11,0.5216535433070867,0.018508124840225463,0.025693396309516888,0.5149606299212598,0.029713326400178285,0.04124870982145976,0.5283464566929134,0.020136554098495164,0.027954018531158784,0.5217275714191947,0.01863282798123818,0.025866512022250664,0.5149606299212598,0.029713326400178285,0.04124870982145976,0.5181613772834578,0.023204374483188017,0.03221283597651204,0.5301723603447207,0.017506208350270964,0.024302513242341325
PB&J,AdaBoost,12,0.5173228346456693,0.014751963775744243,0.020479008808610172,0.5299212598425196,0.034195355512769234,0.04747076371696336,0.5047244094488189,0.038040542769074516,0.052808739385132225,0.5171449657165448,0.014800984186650303,0.020547060048567628,0.5299212598425196,0.034195355512769234,0.04747076371696336,0.5228863908006919,0.019574432678284702,0.0271736688983237,0.518246636493273,0.015867398162940645,0.02202747998086055
PB&J,AdaBoost,13,0.5263779527559055,0.021692877659773097,0.030114541998065843,0.5047244094488189,0.033350895408736016,0.046298465155774425,0.5480314960629922,0.030024686558956893,0.041680947015857006,0.5275160808561147,0.023215988974958447,0.03222895947592472,0.5047244094488189,0.033350895408736016,0.046298465155774425,0.5155769414587372,0.02612877142703903,0.03627254976671731,0.5385888771777545,0.018441035363985975,0.02560026118555918
PB&J,AdaBoost,14,0.5389763779527559,0.027542177058886133,0.038234671340817754,0.558267716535433,0.03408639499513916,0.04731950226904642,0.5196850393700787,0.02998335868450358,0.04162357472848993,0.5374580081030793,0.02564855071994496,0.03560589655090433,0.558267716535433,0.03408639499513916,0.04731950226904642,0.5475229206566964,0.028527073876152664,0.03960192731453003,0.5534735569471139,0.029254572416574615,0.04061185719532656
PB&J,AdaBoost,15,0.5200787401574802,0.02005170327282968,0.02783622670136332,0.5362204724409448,0.022739415871171113,0.03156736994528509,0.5039370078740157,0.052526236472938345,0.07291810607487587,0.5206694937242926,0.02202773794218851,0.030579402594084558,0.5362204724409448,0.022739415871171113,0.03156736994528509,0.5276862304499035,0.012190515249403407,0.016923148197022606,0.5317471634943269,0.02091362991168476,0.02903277270010771
PB&J,AdaBoost,16,0.5385826771653542,0.0083144535755681,0.011542311966140192,0.5244094488188976,0.018864800867261337,0.026188542014219465,0.552755905511811,0.027457631140413708,0.038117302790064145,0.5400062801233568,0.009610462555753362,0.013341460860804077,0.5244094488188976,0.018864800867261337,0.026188542014219465,0.5318158902598437,0.00919393528422402,0.012763228308694554,0.5486437472874945,0.009134801740764715,0.01268113779004926
PB&J,AdaBoost,17,0.5303149606299212,0.02715108606230971,0.03769174999925198,0.5322834645669291,0.036374203031342034,0.05049548898092027,0.5283464566929134,0.022187405989929725,0.03080105737888835,0.5297922034715865,0.026603350298392413,0.036931370858917005,0.5322834645669291,0.036374203031342034,0.05049548898092027,0.5309474868508691,0.031186419453820318,0.043293690820602415,0.5437116374232748,0.03292233928280857,0.04570353387670753
PB&J,AdaBoost,18,0.5188976377952755,0.015972805334725042,0.022173808593937316,0.5346456692913385,0.031139716430370383,0.04322885663017466,0.5031496062992126,0.02732181350062595,0.03792875767947002,0.5182437160910875,0.01589125543469051,0.02206059918354719,0.5346456692913385,0.031139716430370383,0.04322885663017466,0.5260231445905088,0.0210663706058897,0.02924481077650262,0.5353245706491412,0.02527584832100552,0.03508850267528889
PB&J,AdaBoost,19,0.5409448818897638,0.02269848079590485,0.03151054295060812,0.547244094488189,0.040990283731717723,0.056903636313798314,0.5346456692913385,0.019982011874723666,0.027739479530790406,0.5398868987303465,0.021578163862486253,0.029955293717577988,0.547244094488189,0.040990283731717723,0.056903636313798314,0.5432636750755576,0.030227769821537825,0.041962871781027214,0.5492451484902969,0.019709543093329205,0.027361232223579474
PB&J,AdaBoost,20,0.5318897637795275,0.021470233392812572,0.029805462205464397,0.5196850393700787,0.05656152754667078,0.07851998814973227,0.5440944881889763,0.027994313125403427,0.03886233682520041,0.5315236297393356,0.020679285362288077,0.028707450311556606,0.5196850393700787,0.05656152754667078,0.07851998814973227,0.5246880091865489,0.03880369061732713,0.05386815843904382,0.5367397234794471,0.01673631133659231,0.023233724844774074
PB&J,AdaBoost,21,0.5385826771653544,0.019311414910914534,0.02680854170192622,0.5433070866141733,0.0399174546634223,0.05541431080610694,0.5338582677165353,0.028126883621246854,0.03904637417733948,0.5380078692924278,0.017851096380451563,0.024781294583959442,0.5433070866141733,0.0399174546634223,0.05541431080610694,0.5402006258826544,0.02597364043231604,0.036057193421235756,0.5551785603571208,0.03257407406031614,0.04522006424055767
PB&J,AdaBoost,22,0.5303149606299213,0.014867092589369477,0.02063883322413868,0.5307086614173228,0.02246510648454663,0.031186567468383414,0.5299212598425196,0.02856434196412134,0.039653663714740384,0.5305164677498702,0.015731747884782227,0.021839167205454715,0.5307086614173228,0.02246510648454663,0.031186567468383414,0.5303731160350724,0.015684565092509394,0.021773666989126986,0.5403419306838615,0.012471765123432994,0.017313585615066077
PB&J,AdaBoost,23,0.536220472440945,0.02409628936708561,0.0334510123333373,0.5330708661417323,0.02618628212333211,0.036352387412327034,0.5393700787401575,0.0294618691871964,0.040899631247384646,0.5365577515192024,0.02411027873193639,0.03347043268511969,0.5330708661417323,0.02618628212333211,0.036352387412327034,0.534705455381776,0.024173124102610077,0.03355767604601534,0.552015004030008,0.026084120958693308,0.03621056497957567
PB&J,AdaBoost,24,0.5417322834645669,0.012962265852877436,0.017994509789747065,0.5291338582677165,0.02016732043285937,0.027996729050383976,0.5543307086614173,0.013033815241926629,0.018093836265249824,0.5427112085840683,0.012960734324079114,0.017992383686929278,0.5291338582677165,0.02016732043285937,0.027996729050383976,0.5357684919360176,0.01591742655254232,0.022096930519575796,0.55998666997334,0.018693108973974738,0.0259501954558606
PB&J,AdaBoost,25,0.5307086614173228,0.007108452789475543,0.009868114476434504,0.526771653543307,0.043228274744286005,0.06001046590995926,0.5346456692913385,0.03763087604834181,0.05224003080436185,0.5309055200843422,0.006375342785148367,0.008850394634891642,0.526771653543307,0.043228274744286005,0.06001046590995926,0.5279270721205556,0.024081733855429846,0.03343080604379215,0.5503441006882015,0.010717694792979855,0.014878545623486426
PB&J,AdaBoost,26,0.5129921259842519,0.01572833413814029,0.021834428165377524,0.5015748031496063,0.017179074196276706,0.023848378232041133,0.5244094488188976,0.026979278266160357,0.037453242541925134,0.5135235923077552,0.015806739973342254,0.021943272914060244,0.5015748031496063,0.017179074196276706,0.023848378232041133,0.5073417279800398,0.01445257101513164,0.020063385026242914,0.5324353648707297,0.018154656644368498,0.025202703788401802
PB&J,AdaBoost,27,0.5409448818897638,0.02103261478613085,0.02919795018623192,0.5692913385826772,0.030353283885663607,0.042137113235514966,0.5125984251968504,0.046074767994733194,0.06396203203605058,0.5393940445411763,0.021425752832105696,0.02974371328793887,0.5692913385826772,0.030353283885663607,0.042137113235514966,0.5534326097230442,0.019545107148457933,0.027132958536451268,0.5518584537169074,0.020451982017584552,0.02839190268215801
PB&J,AdaBoost,28,0.5299212598425196,0.01827212816672803,0.025365780405029435,0.5196850393700787,0.00746994722874419,0.010369949209666331,0.5401574803149606,0.031731404219858116,0.04405025096363892,0.5310840555267978,0.020035964533865823,0.027814377828984233,0.5196850393700787,0.00746994722874419,0.010369949209666331,0.5252090887500138,0.012618339824944588,0.017517063921344927,0.5477059954119909,0.01089099572214024,0.015119125881733218
PB&J,AdaBoost,29,0.5287401574803149,0.018491367820184863,0.025670133836382173,0.5188976377952755,0.017500874622750306,0.024295108841507724,0.5385826771653542,0.024573994542247617,0.0341141734309904,0.5294852785351102,0.01925933660406417,0.026736245421855376,0.5188976377952755,0.017500874622750306,0.024295108841507724,0.5240770687636556,0.01746627090212942,0.02424707117613798,0.5414284828569658,0.01626963291972998,0.022585871341674633
PB&J,AdaBoost,30,0.5169291338582677,0.012793761267143253,0.017760587923614537,0.5314960629921259,0.013638195335188036,0.018932850341057135,0.5023622047244094,0.03544181869268315,0.049201132014303976,0.5170007574015161,0.0133336116507872,0.01851002040121823,0.5314960629921259,0.013638195335188036,0.018932850341057135,0.5238670517350649,0.0058554987143252905,0.00812873537194023,0.5246124992249984,0.013801433710942059,0.019159461535728485
PB&J,AdaBoost,31,0.5405511811023621,0.012109099605692683,0.01681012516428902,0.5409448818897638,0.03706646392421993,0.05145650116469559,0.5401574803149607,0.03123910933051557,0.04336683609572442,0.5405191459604073,0.011752509226180553,0.016315098357410483,0.5409448818897638,0.03706646392421993,0.05145650116469559,0.5401668420652594,0.020963589915737255,0.029102128304461312,0.5492776985553972,0.021609910974276184,0.02999936577414465
PB&J,AdaBoost,32,0.5460629921259843,0.012672029086166216,0.017591596564605162,0.562992125984252,0.02587665626008657,0.03592255780610167,0.5291338582677165,0.023437600104153106,0.03253660504337965,0.5445704505528723,0.01231221724903419,0.017092097657606442,0.562992125984252,0.02587665626008657,0.03592255780610167,0.5533949846552987,0.016496757426478135,0.022901170704190326,0.5616172732345465,0.019125233558358764,0.026550080549434932
PB&J,LR,1,0.5515748031496063,0.0167218587256656,0.023213661404341675,0.5417322834645669,0.038056837712108896,0.052831360392545865,0.5614173228346456,0.018398931410311698,0.025541811527514967,0.5521955223146031,0.015457718302786888,0.02145875315964954,0.5417322834645669,0.038056837712108896,0.052831360392545865,0.5465654524038545,0.025421604353661587,0.03529084448699937,0.5670717341434683,0.01442385081485027,0.020023514996497155
PB&J,LR,2,0.5515748031496063,0.010296611677655117,0.014293988546274018,0.5464566929133858,0.007634141507742237,0.010597887410779138,0.5566929133858267,0.020167320432859362,0.027996729050383962,0.5523122603654875,0.011252659151800825,0.015621195211238304,0.5464566929133858,0.007634141507742237,0.010597887410779138,0.5492981252963702,0.007304404146165646,0.010140138569004057,0.5736778473556947,0.012555593814356763,0.017429958494361294
PB&J,LR,3,0.5590551181102362,0.008714938433534889,0.012098274077944057,0.5559055118110237,0.008029951989909884,0.011147360448679308,0.5622047244094488,0.011784747674878533,0.01635985249895382,0.5594730250566362,0.008945228591753127,0.012417968069224185,0.5559055118110237,0.008029951989909884,0.011147360448679308,0.5576691402114737,0.008013197524735647,0.011124101522267702,0.5790532581065162,0.012809747027081332,0.017782779716081006
PB&J,LR,4,0.5590551181102362,0.015247965929950433,0.02116757018521684,0.5905511811023623,0.022684819355729035,0.03149157783125508,0.5275590551181102,0.022547749705947036,0.031301294652150875,0.5556015381327635,0.014073698788983291,0.01953742605735042,0.5905511811023623,0.022684819355729035,0.03149157783125508,0.5724048555788115,0.016258380351605994,0.022570250272830262,0.5768584537169074,0.01434002890530185,0.019907151531260135
PB&J,LR,5,0.574015748031496,0.005369362872829068,0.007453870633148527,0.5771653543307087,0.022354440262328183,0.031032938122888837,0.5708661417322833,0.029566902922076525,0.04104544144692893,0.5739243943307561,0.008230847995008131,0.01142624881368372,0.5771653543307087,0.022354440262328183,0.031032938122888837,0.5751673655089113,0.008318312226486433,0.01154766863236763,0.5969495938991878,0.007733980559684766,0.01073648623431585
PB&J,LR,6,0.5673228346456692,0.011902532643961376,0.016523364249391787,0.5724409448818898,0.02396082528299675,0.03326295803673799,0.5622047244094488,0.02393493567491442,0.03322701749892015,0.5667493889765185,0.012004999428759213,0.016665610950940442,0.5724409448818898,0.02396082528299675,0.03326295803673799,0.5693417887063665,0.014816054243035792,0.0205679806407109,0.6067177134354269,0.009702127989506914,0.013468712883234512
PB&J,LR,7,0.5763779527559054,0.01918256333083437,0.026629667032520933,0.5842519685039369,0.018058810930991695,0.025069648607522196,0.568503937007874,0.027905582908140724,0.038739159536499326,0.5754700014083514,0.01960064880798663,0.027210062720817774,0.5842519685039369,0.018058810930991695,0.025069648607522196,0.579721680553928,0.017199928932357045,0.023877329246996357,0.6034503069006137,0.01238446230318509,0.01719238987109245
PB&J,LR,8,0.5755905511811024,0.012610722344918848,0.01750648916377922,0.5716535433070866,0.020743212397353522,0.028796195263355244,0.5795275590551181,0.03288285514617494,0.04564872110776283,0.5767101850607632,0.014729064813849236,0.02044721995327642,0.5716535433070866,0.020743212397353522,0.028796195263355244,0.5738163186941954,0.011364973823429011,0.015777112971380295,0.5990389980779962,0.008467674737835372,0.011755017039135035
PB&J,LR,9,0.5606299212598425,0.014052415982342295,0.01950788078518879,0.5377952755905512,0.024472866563653623,0.03397378529040748,0.5834645669291338,0.04064090677342974,0.05641862334094454,0.5643491696757502,0.01697223602257931,0.02356124081457604,0.5377952755905512,0.024472866563653623,0.03397378529040748,0.550195593059702,0.012585679661802986,0.017471724346300194,0.5965992931985864,0.006583601629432638,0.009139504259305249
PB&J,LR,10,0.5791338582677165,0.01566909349774205,0.021752188972346286,0.5637795275590551,0.013033815241926629,0.018093836265249824,0.594488188976378,0.031199390167179437,0.043311697057410836,0.5821777723883585,0.01811995864211622,0.025154535239145064,0.5637795275590551,0.013033815241926629,0.018093836265249824,0.5726318226567944,0.011651890311313692,0.016175416910574277,0.5990823981647964,0.016563065362409177,0.022993220876266082
PB&J,LR,11,0.5740157480314961,0.021076785534368793,0.029259269015101008,0.5740157480314961,0.04351417914849796,0.060407364851773636,0.574015748031496,0.021764212537142127,0.03021357068361641,0.5735017132731584,0.018623961168577757,0.025854202912945788,0.5740157480314961,0.04351417914849796,0.060407364851773636,0.573324283955352,0.030126426081604075,0.04182218411568646,0.5955266910533822,0.015266735842738672,0.021193627001459787
PB&J,LR,12,0.571259842519685,0.011639169684326343,0.01615775784930724,0.5637795275590551,0.021186809522950722,0.029412006797377318,0.578740157480315,0.02750275464027244,0.03817994425022023,0.5726257930945344,0.012583261949735032,0.01746836802388177,0.5637795275590551,0.021186809522950722,0.029412006797377318,0.5678995672958544,0.012564696699460604,0.017442595324756165,0.6042129084258169,0.018075393166900856,0.025092668441383807
PB&J,LR,13,0.5751968503937007,0.016535433070866155,0.022954861105966066,0.5763779527559054,0.031555062849628134,0.043805449896529465,0.5740157480314961,0.018533231962109945,0.025728250582347772,0.5748167859407555,0.014785978199919917,0.020526228399364507,0.5763779527559054,0.031555062849628134,0.043805449896529465,0.5753680856087013,0.021755960402575786,0.030202114884304333,0.5956196912393825,0.01480648767018805,0.020554700108532584
PB&J,LR,14,0.5574803149606299,0.015619554665257747,0.021683418047862155,0.547244094488189,0.028170935149603633,0.0391075275024808,0.5677165354330709,0.025924531705754865,0.035989019579494116,0.5587368044719431,0.015741237935457168,0.02185234150782698,0.547244094488189,0.028170935149603633,0.0391075275024808,0.5526472832658647,0.01940053620915715,0.026932261898063515,0.5876929753859508,0.010376969662939503,0.014405543313727216
PB&J,LR,15,0.565748031496063,0.017677121512317803,0.02453977874843074,0.5519685039370079,0.016403674532283165,0.022771950931207693,0.5795275590551181,0.023805065287922787,0.03304672849878362,0.5678049284229821,0.01883349915714303,0.026145088274298314,0.5519685039370079,0.016403674532283165,0.022771950931207693,0.5597103876703173,0.016505217323000334,0.022912914923335095,0.5777233554467109,0.01418775878809588,0.01969576672046793
PB&J,LR,16,0.5566929133858267,0.012096292516328495,0.016792346074000507,0.5590551181102363,0.04099028373171771,0.056903636313798286,0.5543307086614173,0.033904015971040924,0.047066319594672286,0.5564485825108385,0.011892993240246268,0.016510121434016128,0.5590551181102363,0.04099028373171771,0.056903636313798286,0.5570478284720912,0.022654451889851355,0.031449421030258405,0.5823764647529296,0.012690372821221796,0.017617061751308213
PB&J,LR,17,0.5531496062992126,0.03845390691992056,0.053382580821772586,0.553543307086614,0.0484491970485517,0.06725826799810751,0.552755905511811,0.04156108100912331,0.05769602996725479,0.5529617682054833,0.037900216153529696,0.05261393481270304,0.553543307086614,0.0484491970485517,0.06725826799810751,0.5529311124372176,0.04118306919439222,0.05717126544089627,0.5713218426436854,0.025639769914111512,0.035593706838216346
PB&J,LR,18,0.5610236220472441,0.01375137732013618,0.01908997212511006,0.5574803149606299,0.0216499639131772,0.030054968167224905,0.5645669291338582,0.009514209428027205,0.01320784009813644,0.5612893205312144,0.013202684728688458,0.0183282646952184,0.5574803149606299,0.0216499639131772,0.030054968167224905,0.5593273430059316,0.017157470262753615,0.023818387164299532,0.5748093496186992,0.013515375019610707,0.018762348409055375
PB&J,LR,19,0.5551181102362205,0.01034167365083754,0.014356544593710467,0.5346456692913385,0.030230478457405452,0.04196663197042543,0.5755905511811024,0.029398668822983403,0.0408118950764517,0.5576662321002746,0.011358970138865426,0.015768778521070434,0.5346456692913385,0.030230478457405452,0.04196663197042543,0.5454402583192639,0.01680947355791405,0.023335290290411148,0.5705468410936823,0.006786292387959218,0.009420884141495226
PB&J,LR,20,0.5551181102362205,0.014572248443560405,0.020229523931424763,0.5456692913385828,0.03135796496336989,0.043531834165756206,0.5645669291338582,0.01546998638140824,0.021475783983068757,0.5559077245587354,0.01333838442569358,0.018516646074981744,0.5456692913385828,0.03135796496336989,0.043531834165756206,0.5505134193829418,0.021164141525771323,0.02938053857247063,0.5702833405666811,0.013500484647286343,0.0187416772583781
PB&J,LR,21,0.5594488188976378,0.015012343279478414,0.020840473507928454,0.5566929133858267,0.01954279314329269,0.027129746182294048,0.5622047244094487,0.02327833936865273,0.032315515698614544,0.5599046342871359,0.015374339616531736,0.021343004986984073,0.5566929133858267,0.01954279314329269,0.027129746182294048,0.55816411512781,0.015524085812748943,0.021550886033738698,0.5715512431024862,0.009880592722304621,0.013716461650147829
PB&J,LR,22,0.5515748031496063,0.013885978022479067,0.019276827855698106,0.5496062992125984,0.029314189714939015,0.040694619273441035,0.5535433070866141,0.019700781107396505,0.027349068637102146,0.5516347433219841,0.013595704111163207,0.01887386306557834,0.5496062992125984,0.029314189714939015,0.040694619273441035,0.5503780826754643,0.019765268801650093,0.02743859190863008,0.5702182404364808,0.010977364016447676,0.015239024295720298
PB&J,LR,23,0.55,0.019669285034325665,0.027305345078146904,0.5456692913385828,0.04499915610151041,0.062468843348035125,0.5543307086614173,0.03444825646335017,0.0478218465201335,0.5502986402081793,0.019435998288270608,0.026981491156050863,0.5456692913385828,0.04499915610151041,0.062468843348035125,0.5472711304315767,0.028874279480712903,0.040083925965169284,0.5762663525327051,0.017215695686771594,0.02389921701105592
PB&J,LR,24,0.5488188976377952,0.019582409630623444,0.027184742683461344,0.5464566929133857,0.0392438922657547,0.05447925629508219,0.5511811023622046,0.03423159861304593,0.04752107720614356,0.5491241253316418,0.019424132077615175,0.026965018214805098,0.5464566929133857,0.0392438922657547,0.05447925629508219,0.5472159245925013,0.025491947457734934,0.03538849637049381,0.5725990451980904,0.021240371549286246,0.029486362810299187
PB&J,LR,25,0.5570866141732284,0.013116796259021773,0.0182090323846189,0.5488188976377952,0.05343899055419576,0.0741852118754541,0.5653543307086615,0.03797529307649605,0.052718158290344666,0.5578021420435213,0.011681379332336463,0.016216354234612148,0.5488188976377952,0.05343899055419576,0.0741852118754541,0.5521319050347002,0.030105931472649467,0.04179373303732899,0.5789478578957158,0.01978751368518095,0.02746947275762755
PB&J,LR,26,0.5578740157480315,0.014444044352633157,0.02005154812106412,0.552755905511811,0.048576997843109225,0.06743568394335231,0.562992125984252,0.030189432303434335,0.04190965077378528,0.5581143298508756,0.011600557879689492,0.01610415607131382,0.552755905511811,0.048576997843109225,0.06743568394335231,0.5545989392386301,0.028229773328489683,0.039189207989364275,0.5715729431458864,0.020449671119959902,0.028388694641958732
PB&J,LR,27,0.5440944881889763,0.01705228962811631,0.023672373035199357,0.537007874015748,0.04649004541456855,0.0645385295158511,0.5511811023622046,0.02452348268094086,0.03404405172595062,0.5441677350819372,0.014932864593383765,0.020730139403440935,0.537007874015748,0.04649004541456855,0.0645385295158511,0.5399642832798909,0.029043547426588125,0.04031890754506536,0.5686837373674748,0.016302871595931367,0.022632014021595932
PB&J,LR,28,0.5468503937007874,0.01371752077967272,0.01904297171208571,0.537007874015748,0.04793458663062812,0.06654387421014364,0.5566929133858267,0.043953655864418496,0.06101745634015662,0.5480363310840415,0.01352640549042521,0.01877766115740585,0.537007874015748,0.04793458663062812,0.06654387421014364,0.5413517016503718,0.025887779525118972,0.03593799937347818,0.5684078368156736,0.012172104768689228,0.016897590352491
PB&J,LR,29,0.5464566929133858,0.016497895149414934,0.022902750116829802,0.5409448818897638,0.0440944881889764,0.06121296294924284,0.5519685039370079,0.04250510102760876,0.059006539847021124,0.5472797056059355,0.01843752132592128,0.025595382918667083,0.5409448818897638,0.0440944881889764,0.06121296294924284,0.5431770554476629,0.025331968386244352,0.035166409815506755,0.5725339450678902,0.013889555552221326,0.019281794263168905
PB&J,LR,30,0.5515748031496063,0.010221066917911139,0.014189115607066764,0.5480314960629921,0.04086910007042829,0.056735406422189806,0.5551181102362205,0.02575657832093879,0.03575586290290712,0.5516756090795695,0.007593998465020903,0.010542159933543441,0.5480314960629921,0.04086910007042829,0.056735406422189806,0.5492503068646475,0.023142827287840673,0.032127394771881645,0.5726889453778907,0.014965231688542038,0.020775072134901762
PB&J,LR,31,0.552755905511811,0.01667544770436798,0.02314923257788717,0.5511811023622049,0.029461869187196402,0.040899631247384646,0.5543307086614173,0.033720650559628126,0.046811767595182456,0.5532556850374283,0.018053566756459156,0.02506236852616636,0.5511811023622049,0.029461869187196402,0.040899631247384646,0.5517997436151282,0.018847228632081967,0.026164147841043886,0.5739661479322958,0.010351291600400558,0.014369896448203606
PB&J,LR,32,0.5566929133858267,0.012598425196850371,0.01748941798549791,0.5700787401574804,0.03211980795963957,0.04458944179471729,0.5433070866141733,0.04362801630612621,0.06056539616131693,0.5559781774605782,0.015589333025772112,0.021641463686351683,0.5700787401574804,0.03211980795963957,0.04458944179471729,0.5622100965460473,0.014129940192883182,0.019615501642634075,0.5716225432450865,0.01492326499310598,0.020716813021839378
PB&J,RF,1,0.5661417322834645,0.014657094857469488,0.020347309636720497,0.5551181102362205,0.02599617955782546,0.03608848274358378,0.5771653543307086,0.024974411853785357,0.03467004177331811,0.5677375747088695,0.0155728540014341,0.02161858713312083,0.5551181102362205,0.02599617955782546,0.03608848274358378,0.5611016089109586,0.017770858657528827,0.024669906767428917,0.6018987537975076,0.019274884919715348,0.02675782994429727
PB&J,RF,2,0.5736220472440945,0.016356360691213347,0.022706268789984493,0.5606299212598426,0.019542793143292693,0.027129746182294048,0.5866141732283464,0.03217766416016148,0.04466975907708949,0.5760830738115905,0.018715064689458025,0.02598067487525295,0.5606299212598426,0.019542793143292693,0.027129746182294048,0.5679850407224019,0.014473475893527562,0.020092405649891468,0.6016848533697068,0.009937352139452219,0.013795256353104492
PB&J,RF,3,0.5582677165354331,0.016261320022097122,0.02257433118970326,0.5181102362204724,0.026186282123332103,0.03635238741232702,0.5984251968503937,0.012449912047907033,0.01728324868277729,0.5630897566390909,0.01631771402517716,0.0226526186166103,0.5181102362204724,0.026186282123332103,0.03635238741232702,0.5395646761998221,0.0212376640254563,0.029482604164656763,0.5860515221030443,0.012980700459091728,0.01802010112584202
PB&J,RF,4,0.5519685039370079,0.022291949081719775,0.030946186456629717,0.5354330708661418,0.029775858899510295,0.041335518847302834,0.5685039370078739,0.020921779930057356,0.029044086739416646,0.5535354132351917,0.022690858487155647,0.031499961489699614,0.5354330708661418,0.029775858899510295,0.041335518847302834,0.5442396662727926,0.025743898213066302,0.03573826009118915,0.5881021762043525,0.019203300493418386,0.026658454829296973
PB&J,RF,5,0.5795275590551181,0.009928756073164149,0.013783323100019758,0.5503937007874016,0.018699751318169915,0.02595941650787447,0.6086614173228346,0.02356949534975711,0.0327197049979077,0.5847140687501409,0.012209635052585084,0.016949690739000663,0.5503937007874016,0.018699751318169915,0.02595941650787447,0.5668041370606526,0.011137810935703051,0.015461760327525624,0.6008308016616034,0.014959997348602285,0.020767805706149427
PB&J,RF,6,0.5519685039370079,0.011451212261613355,0.015896831116168707,0.5070866141732283,0.032882855146174964,0.04564872110776286,0.5968503937007874,0.03846196769077105,0.05339377096565858,0.5576476241559071,0.013958316933070175,0.019377250362811117,0.5070866141732283,0.032882855146174964,0.04564872110776286,0.5304350797013724,0.017709666468321287,0.02458495839032811,0.5684403868807737,0.014996899580482915,0.020819034216687356
PB&J,RF,7,0.5283464566929134,0.028406541744169216,0.039434601890597776,0.5062992125984251,0.02179268110724104,0.030253091394667964,0.5503937007874016,0.03713331062220975,0.05154929925841185,0.5301536654566225,0.029980338386691417,0.04161938188295153,0.5062992125984251,0.02179268110724104,0.030253091394667964,0.5178870534145397,0.02535568551908209,0.035199334474195085,0.5521870543741088,0.025266497506897002,0.03507552166425828
PB&J,RF,8,0.5405511811023621,0.008220713786543762,0.011412180276940744,0.5149606299212598,0.025804676548305434,0.03582263394687753,0.5661417322834645,0.027883356235631155,0.03870830396845232,0.5429315254522735,0.009746157882803653,0.013529836174097571,0.5149606299212598,0.025804676548305434,0.03582263394687753,0.5281933820995158,0.013953099855414463,0.0193700078979508,0.553256556513113,0.01498448563843087,0.02080180090236405
PB&J,RF,9,0.5271653543307087,0.015963098372215215,0.02216033316966394,0.48267716535433075,0.02193446972784901,0.030449925555497834,0.5716535433070866,0.025319582977659082,0.03514921611198553,0.5299474791624551,0.018040937336144282,0.025044836080059005,0.48267716535433075,0.02193446972784901,0.030449925555497834,0.5050259400663336,0.01810585631752559,0.025134958074104277,0.5453933907867816,0.01871572640648115,0.02598159348574789
PB&J,RF,10,0.5429133858267716,0.008925814211617849,0.012391016588875661,0.5149606299212598,0.021477451491316323,0.02981548253259418,0.5708661417322836,0.025876656260086575,0.03592255780610167,0.5456785798222845,0.010001326811756544,0.013884067435992478,0.5149606299212598,0.021477451491316323,0.02981548253259418,0.529582020155466,0.011940662228061808,0.016576296597961223,0.5587094674189348,0.011546866249547857,0.01602962013946541
PB&J,RF,11,0.5496062992125984,0.016108088618487237,0.02236161189944563,0.5023622047244094,0.018732877564362732,0.026005403109922283,0.5968503937007874,0.04793458663062811,0.06654387421014361,0.5562589442984005,0.021531516613437236,0.02989053695443145,0.5023622047244094,0.018732877564362732,0.026005403109922283,0.5272547686689332,0.00629387083645389,0.008737293438309788,0.5635749271498544,0.018470993162090336,0.025641849276513855
PB&J,RF,12,0.5263779527559055,0.013672248310382173,0.018980123449204727,0.4952755905511811,0.022465106484546627,0.0311865674683834,0.5574803149606299,0.01906097391639399,0.026460873865237503,0.5280659439698654,0.014727753509029462,0.020445399570352275,0.4952755905511811,0.022465106484546627,0.0311865674683834,0.5110042041712524,0.017597153397890516,0.024428765208493967,0.5408038316076633,0.016466281224902738,0.022858862953845812
PB&J,RF,13,0.5377952755905511,0.019263196571220595,0.02674160391531422,0.521259842519685,0.026186282123332117,0.036352387412327034,0.5543307086614173,0.01853323196210996,0.025728250582347793,0.5389330577938944,0.01946337940737214,0.027019502243103,0.521259842519685,0.026186282123332117,0.036352387412327034,0.5298666192497925,0.02225469130323627,0.030894464368279185,0.5558326616653233,0.01908219348251066,0.026490331345477028
PB&J,RF,14,0.5409448818897638,0.016860325279814077,0.023405883797591252,0.5078740157480315,0.015145971702103394,0.02102597949788467,0.574015748031496,0.026515682268476757,0.036809668122646175,0.5441592554203727,0.018912374005311986,0.026254584117359276,0.5078740157480315,0.015145971702103394,0.02102597949788467,0.5252794262538198,0.015095892164474508,0.020956457954324523,0.5554451608903218,0.018836634458118295,0.026149440769821362
PB&J,RF,15,0.5354330708661417,0.02436495818388316,0.03382398444399573,0.4881889763779528,0.028170935149603664,0.03910752750248085,0.5826771653543307,0.03477071207215686,0.04826948666849096,0.5395016744160792,0.027798141297133247,0.0385900066690112,0.4881889763779528,0.028170935149603664,0.03910752750248085,0.5123013607699158,0.025276291109155052,0.03508911736378409,0.5516771033542068,0.026092977954255626,0.036222860460563555
PB&J,RF,16,0.5539370078740158,0.004757104714013602,0.00660392004906822,0.5133858267716536,0.019542793143292686,0.02712974618229404,0.594488188976378,0.012449912047907033,0.01728324868277729,0.558633884748898,0.0038326248117962185,0.0053205361993856224,0.5133858267716536,0.019542793143292686,0.02712974618229404,0.53489896771614,0.011752132266740118,0.016314575053813857,0.5654411308822619,0.009983438693696353,0.013859234747077773
PB&J,RF,17,0.5433070866141733,0.018212651190898235,0.025283213125822133,0.4929133858267717,0.029608812089705762,0.041103620698592476,0.5937007874015748,0.026515682268476747,0.03680966812264616,0.5481445072917737,0.02097200970834908,0.02911381685045326,0.4929133858267717,0.029608812089705762,0.041103620698592476,0.5187758555658124,0.023528270892037694,0.03266247627598295,0.5687131874263749,0.024702604375494715,0.03429271250199001
PB&J,RF,18,0.5381889763779528,0.014814872222225812,0.020566339732764845,0.49133858267716535,0.029293031870453966,0.04066524747656252,0.5850393700787402,0.021934469727849,0.030449925555497828,0.5419758442227248,0.015945962593832547,0.022136544895656782,0.49133858267716535,0.029293031870453966,0.04066524747656252,0.5151429569662959,0.0216412084590742,0.03004281364838088,0.5628960257920514,0.011144438860192693,0.01547096136177907
PB&J,RF,19,0.544488188976378,0.007531939555003526,0.010456008355067615,0.5062992125984251,0.024345865879906003,0.033797480077033565,0.5826771653543308,0.0292506702693019,0.04060644014647902,0.5484929712975649,0.009552783311671689,0.013261389233353038,0.5062992125984251,0.024345865879906003,0.033797480077033565,0.526131982613687,0.012291169448918404,0.017062878626803113,0.5570788641577282,0.009100391474720693,0.012633368682686021
PB&J,RF,20,0.5559055118110237,0.01806739197729727,0.025081561009528488,0.5102362204724409,0.02092177993005737,0.029044086739416664,0.6015748031496063,0.039085586286585386,0.0542594923645881,0.5624768399967272,0.02321978923920088,0.0322342350884519,0.5102362204724409,0.02092177993005737,0.029044086739416664,0.5346194440747991,0.015152721638339415,0.02103534991159612,0.5740482980965962,0.02572434457483736,0.03571111528961437
PB&J,RF,21,0.5433070866141733,0.012324784127951603,0.01710954328233537,0.48897637795275595,0.033720650559628106,0.046811767595182435,0.5976377952755906,0.04010340654565936,0.05567245340272664,0.5492398976286983,0.01575834356845571,0.021876087933332036,0.48897637795275595,0.033720650559628106,0.046811767595182435,0.5165261761075908,0.019260252122842096,0.026737516365670226,0.5713047926095852,0.012865201831608065,0.017859763326374983
PB&J,RF,22,0.5393700787401575,0.010924753484654819,0.01516598916898123,0.5015748031496063,0.02582869207379012,0.03585597284096788,0.5771653543307086,0.03252264004419428,0.04514866237940657,0.542973542051708,0.013626779074377563,0.01891700203033369,0.5015748031496063,0.02582869207379012,0.03585597284096788,0.5210023642646542,0.014616050987072714,0.020290331610189744,0.5638120776241553,0.010770359575572114,0.01495165606240872
PB&J,RF,23,0.5547244094488188,0.01625178538626008,0.022561094993203464,0.5188976377952755,0.031535408495276834,0.043778165278562216,0.5905511811023623,0.021849506969309627,0.03033197833796245,0.5587524264559557,0.01761590055554349,0.024454790435544955,0.5188976377952755,0.031535408495276834,0.043778165278562216,0.5377959604995005,0.02348622339828596,0.03260410499687653,0.5714551429102859,0.012568449379818034,0.017447804880261045
PB&J,RF,24,0.545275590551181,0.0220964018903973,0.03067472343553848,0.5181102362204724,0.04141163399151086,0.057488564246986555,0.5724409448818897,0.018229664413842883,0.025306831265606285,0.5472373092888067,0.021968054092687726,0.03049654812818165,0.5181102362204724,0.04141163399151086,0.057488564246986555,0.5319581377069367,0.031085901267578795,0.0431541492075156,0.5694416888833779,0.021165555051925553,0.029382500861356624
PB&J,RF,25,0.5421259842519686,0.006773484462238277,0.009403103890157404,0.5094488188976378,0.01938351751982862,0.026908636169721972,0.5748031496062993,0.026115155829570073,0.03625364828724379,0.5453383644768102,0.00828313217471461,0.011498830891096387,0.5094488188976378,0.01938351751982862,0.026908636169721972,0.5264946352145856,0.009432504163196707,0.013094415006832678,0.5654519809039618,0.006916032545168773,0.009600992353711257
PB&J,RF,26,0.5377952755905512,0.022180418930713812,0.030791357785708476,0.5,0.022956503523012973,0.031868735919462696,0.5755905511811024,0.028542628284081658,0.039623520294409374,0.5410997286199934,0.024851117706875342,0.03449888205797419,0.5,0.022956503523012973,0.031868735919462696,0.519628306419443,0.022498144736365123,0.031232431914656283,0.5612979725959453,0.016451228348836926,0.022837966211809772
PB&J,RF,27,0.5507874015748031,0.010371606198676745,0.0143980976316776,0.5039370078740157,0.02452348268094086,0.03404405172595062,0.5976377952755906,0.01714294571423407,0.023798223858478386,0.5559479357526567,0.010734620377531348,0.014902042101676727,0.5039370078740157,0.02452348268094086,0.03404405172595062,0.5284501908933665,0.016598852672407228,0.023042901627102222,0.5691502883005766,0.015502350871095968,0.021520713097556612
PB&J,RF,28,0.5437007874015747,0.029682010747985453,0.041205236726836326,0.5015748031496063,0.05250262386825088,0.07288532652452313,0.5858267716535432,0.03671352197440869,0.05096653919020941,0.5472995040676689,0.03168118183688615,0.04398053111895198,0.5015748031496063,0.05250262386825088,0.07288532652452313,0.5227049132240574,0.038873605997904646,0.05396521654713508,0.5616761733523468,0.018984537311564565,0.026354762846569207
PB&J,RF,29,0.5539370078740157,0.018575001751315674,0.025786236345740465,0.511023622047244,0.03696596722615906,0.051316989381985784,0.5968503937007874,0.04004151853572008,0.055586539071593465,0.5595603288385176,0.0216241840534313,0.030019179984522814,0.511023622047244,0.03696596722615906,0.051316989381985784,0.5334228136354071,0.02385112449982799,0.03311066893550536,0.5659262818525638,0.01710793872125154,0.023749626361321358
PB&J,RF,30,0.5311023622047244,0.011902532643961426,0.016523364249391857,0.47480314960629916,0.04437481197985945,0.0616021147577767,0.5874015748031496,0.029398668822983413,0.04081189507645172,0.5345947781750366,0.011512089872903083,0.015981342789109457,0.47480314960629916,0.04437481197985945,0.0616021147577767,0.5021135069720761,0.028384084306547947,0.03940342596921834,0.5585436170872342,0.011534748789036786,0.01601279840750371
PB&J,RF,31,0.5299212598425196,0.03096000512021654,0.042979377336461996,0.5062992125984251,0.05124768533944244,0.07114319255670597,0.5535433070866141,0.020773080249248697,0.028837658488953803,0.5303214837325738,0.03138945430582299,0.04357554838111611,0.5062992125984251,0.05124768533944244,0.07114319255670597,0.5177049905834434,0.040788827542058745,0.05662397028795309,0.5638973277946556,0.02458678091112713,0.03413192375663479
PB&J,RF,32,0.5381889763779527,0.013152199282275658,0.018258179659930124,0.4881889763779528,0.014939894457488404,0.020739898419332697,0.5881889763779528,0.03194561066945006,0.04434761718787458,0.5430407947431395,0.016142290056939193,0.022409091107635958,0.4881889763779528,0.014939894457488404,0.020739898419332697,0.5138585765638906,0.009674740895937393,0.013430693502291171,0.5575066650133301,0.018068081306019862,0.025082517951207344
RMU,AdaBoost,1,0.5539370078740158,0.017633224942172166,0.024478840539772825,0.553543307086614,0.02653905440370507,0.036842113847872504,0.5543307086614173,0.045465196955124576,0.06311581177145474,0.5549096669001836,0.020083961786277655,0.027881008697245115,0.553543307086614,0.02653905440370507,0.036842113847872504,0.5536204354893259,0.014864756202639409,0.020635589799388402,0.5687689875379751,0.022614584855591455,0.031394076714193586
RMU,AdaBoost,2,0.5433070866141733,0.010781940108369427,0.014967732419209056,0.5448818897637795,0.013546968924476589,0.018806207780314853,0.5417322834645668,0.01485666320008914,0.020624354910729878,0.5432044113373912,0.010992366348048682,0.015259850870790381,0.5448818897637795,0.013546968924476589,0.018806207780314853,0.5439959740554927,0.011230155414982361,0.015589955016269167,0.5577717155434311,0.020418630134515826,0.028345602845910364
RMU,AdaBoost,3,0.537007874015748,0.026539054403705072,0.03684211384787251,0.537007874015748,0.015469986381408282,0.021475783983068812,0.537007874015748,0.038942560689380276,0.05406094100494904,0.5376673426732351,0.02717949207249028,0.03773118386321401,0.537007874015748,0.015469986381408282,0.021475783983068812,0.5372459042782487,0.02099977631215714,0.029152363076068683,0.5509114018228036,0.027889945106221337,0.03871745078720176
RMU,AdaBoost,4,0.5295275590551181,0.031000031000046512,0.04303494216552958,0.5440944881889763,0.022465106484546617,0.03118656746838339,0.5149606299212598,0.05502804790442881,0.07639117712642068,0.5299650791257925,0.03052597521215403,0.04237684722958719,0.5440944881889763,0.022465106484546617,0.03118656746838339,0.5365272903037103,0.022687770787440213,0.031495675075318995,0.5515887531775062,0.02131234061645115,0.02958627189242702
RMU,AdaBoost,5,0.5389763779527559,0.008106795386603959,0.011254036184988329,0.5393700787401575,0.010266460480634074,0.014252131974581557,0.5385826771653544,0.012044927984864858,0.01672104067301901,0.5389757491627524,0.0081708202225055,0.011342916906113294,0.5393700787401575,0.010266460480634074,0.014252131974581557,0.5391406133931568,0.00825789008480234,0.011463789252605449,0.5581654163308327,0.009407400807683625,0.01305956596256351
RMU,AdaBoost,6,0.5401574803149606,0.011177220131164121,0.015516469061444459,0.5519685039370079,0.02354317541374184,0.03268316706914834,0.5283464566929134,0.021477451491316316,0.029815482532594174,0.5392521287457331,0.011056889559262794,0.015349423447763915,0.5519685039370079,0.02354317541374184,0.03268316706914834,0.5453377334196299,0.014640363168769184,0.020324082329123663,0.5548050096100192,0.01791669267318113,0.024872356836893504
RMU,AdaBoost,7,0.5515748031496063,0.012781640221061336,0.017743761214082526,0.5637795275590551,0.026515682268476747,0.03680966812264616,0.5393700787401574,0.045913007046025994,0.06373747183892545,0.551189874067945,0.01483555440860939,0.020595051210339582,0.5637795275590551,0.026515682268476747,0.03680966812264616,0.5567971620573877,0.009649749441577118,0.01339599980172599,0.5644088288176576,0.012213901882772807,0.016955614048895368
RMU,AdaBoost,8,0.5460629921259843,0.01754510232689543,0.02435650673785166,0.5590551181102362,0.015145971702103394,0.02102597949788467,0.5330708661417323,0.04259253019306622,0.05912791098626408,0.5457645128950436,0.01905572202486865,0.026453583070978223,0.5590551181102362,0.015145971702103394,0.02102597949788467,0.5519594122736764,0.00965437161663154,0.013402416409378599,0.5661944323888648,0.024348884882174994,0.03380167112406972
RMU,AdaBoost,9,0.5417322834645668,0.026333844894788412,0.03655723737958667,0.5385826771653542,0.03259880558186527,0.045254397096532256,0.5448818897637795,0.02421819921138535,0.03362025032857802,0.5417729957421547,0.026342592073088505,0.03656938040977445,0.5385826771653542,0.03259880558186527,0.045254397096532256,0.5401026978602192,0.02904982349034561,0.04032762011831505,0.5495504991009982,0.0329000357315167,0.045672571583801114
RMU,AdaBoost,10,0.5318897637795275,0.018566655311104886,0.025774649629205938,0.5283464566929135,0.02897381022515607,0.040222096789282256,0.5354330708661417,0.044888796263745576,0.06231563933234882,0.5328534901342222,0.019822571697774568,0.02751814108135931,0.5283464566929135,0.02897381022515607,0.040222096789282256,0.529993190100492,0.018093600656473762,0.025117944489035125,0.5474068448136895,0.016289804756500114,0.022613874340406282
RMU,AdaBoost,11,0.5248031496062993,0.014550959537461697,0.020199970191858378,0.5251968503937008,0.015865702109929065,0.022025125481819473,0.5244094488188976,0.026632337835098843,0.03697161201111716,0.5250473285793802,0.015022703552384534,0.02085485587242781,0.5251968503937008,0.015865702109929065,0.022025125481819473,0.524978147075994,0.012691418547986957,0.017618513452787473,0.5315720131440262,0.007974297319664996,0.011070099380287902
RMU,AdaBoost,12,0.5161417322834645,0.016299402790932657,0.022627198548266152,0.515748031496063,0.03485975373413962,0.04839309631177632,0.5165354330708661,0.026280817745320692,0.03648362389479554,0.515950825703347,0.016249851882448655,0.022558410859606904,0.515748031496063,0.03485975373413962,0.04839309631177632,0.5154914969507757,0.023412218777499556,0.03250137011330431,0.5225246450492902,0.01572650408166841,0.02183188763971073
RMU,AdaBoost,13,0.5425196850393701,0.011518691998683318,0.015990508009012673,0.5267716535433071,0.020892124663656066,0.029002918629795045,0.5582677165354331,0.03307086614173229,0.04590972221193211,0.5443754146116351,0.013071713345841122,0.01814644726780466,0.5267716535433071,0.020892124663656066,0.029002918629795045,0.5350598786049271,0.011095393596644078,0.015402875620822725,0.547236344472689,0.011283618027017515,0.01566417302001721
RMU,AdaBoost,14,0.5322834645669291,0.02222230833333873,0.03084950959914728,0.5464566929133858,0.017142945714234047,0.02379822385847835,0.5181102362204724,0.03184842270260896,0.044212698660464546,0.5317558352873865,0.02220824510380926,0.030829986706752095,0.5464566929133858,0.017142945714234047,0.02379822385847835,0.5389233667099971,0.01878349021392189,0.02607566473148709,0.5353664207328415,0.021967147142614683,0.03049528907963617
RMU,AdaBoost,15,0.5216535433070866,0.024428491429115868,0.033912182727867564,0.5133858267716536,0.04338575531954617,0.060229083996131666,0.5299212598425196,0.026771653543307086,0.037165013219183134,0.5214628062028169,0.02434665789136183,0.03379857956519845,0.5133858267716536,0.04338575531954617,0.060229083996131666,0.5170200906936231,0.03267544692812482,0.04536079234187129,0.5309582119164238,0.021710307860852266,0.030138738996300284
RMU,AdaBoost,16,0.521259842519685,0.01109370299496486,0.015400528689444172,0.5133858267716536,0.03613478395459455,0.05016312201905701,0.5291338582677165,0.024345865879906003,0.033797480077033565,0.5212739550690059,0.011371568132108904,0.01578626733940852,0.5133858267716536,0.03613478395459455,0.05016312201905701,0.516864662668393,0.022825239524129775,0.031686512275868724,0.5281976563953128,0.01936362835934714,0.02688102558858932
RMU,AdaBoost,17,0.5259842519685038,0.021032614786130867,0.029197950186231943,0.5346456692913385,0.03654425633345604,0.05073156081005883,0.5173228346456693,0.020921779930057356,0.029044086739416646,0.5251440640629113,0.021005781677504453,0.02916069985968042,0.5346456692913385,0.03654425633345604,0.05073156081005883,0.5296289757377417,0.02752659114870201,0.03821303462879737,0.5361724223448446,0.02056287799874122,0.02854585098419228
RMU,AdaBoost,18,0.5196850393700787,0.016422561901271036,0.02279817080279591,0.5007874015748032,0.0238050652879228,0.033046728498783644,0.5385826771653542,0.020442133835822326,0.028378231214133597,0.5203916843687473,0.016965999111621114,0.02355258259412532,0.5007874015748032,0.0238050652879228,0.033046728498783644,0.5102812598083142,0.01935998013098673,0.026875961035702375,0.5263299026598054,0.023799199349354035,0.03303858527057033
RMU,AdaBoost,19,0.5303149606299212,0.016213590773207887,0.022508072369976616,0.5330708661417323,0.03965253011658008,0.05504653657544352,0.5275590551181102,0.02489982409581402,0.03456649736555451,0.52981119225963,0.014424827694326481,0.0200248711226172,0.5330708661417323,0.03965253011658008,0.05504653657544352,0.5309901912881664,0.02514024520466933,0.0349002553709883,0.5347572695145391,0.012985209043251528,0.018026360044052947
RMU,AdaBoost,20,0.5031496062992126,0.01465709485746951,0.02034730963672052,0.4874015748031496,0.03297699463208176,0.04577940766518874,0.5188976377952755,0.019826265058290053,0.027523268287721784,0.5028706273744206,0.015436213555543133,0.021428899784537818,0.4874015748031496,0.03297699463208176,0.04577940766518874,0.49474455144162305,0.023515287393606674,0.03264445229064938,0.515730981461963,0.02315877387024374,0.032149532177210456
RMU,AdaBoost,21,0.5228346456692913,0.008314453575568098,0.01154231196614019,0.5196850393700787,0.02882363026413091,0.0400136135804387,0.525984251968504,0.03115962037387305,0.04325648773343071,0.5231066631356995,0.008762366564736512,0.012164114879305769,0.5196850393700787,0.02882363026413091,0.0400136135804387,0.5209719322493116,0.01494532654574783,0.020747439366762144,0.5323237646475294,0.009226257753281593,0.012808099089195958
RMU,AdaBoost,22,0.5307086614173228,0.011585778716190702,0.016083639303236256,0.5362204724409448,0.032408056105916024,0.04498959437212309,0.5251968503937008,0.025828692073790124,0.035855972840967885,0.5302912227962847,0.011120873763311584,0.015438247762834536,0.5362204724409448,0.032408056105916024,0.04498959437212309,0.5328578880171333,0.019141940110600605,0.02657327296203323,0.5310047120094239,0.01391724263091637,0.019320230090228943
RMU,AdaBoost,23,0.5173228346456693,0.013660906750312998,0.018964378839735046,0.5283464566929134,0.027208114241214165,0.03777091780334079,0.5062992125984251,0.030859713294906176,0.042840149962724845,0.517129258834149,0.013803855050701981,0.019162822894190714,0.5283464566929134,0.027208114241214165,0.03777091780334079,0.5223325396768763,0.01646754337803798,0.022860615103292986,0.5198787897575794,0.014770856992300503,0.0205052367979247
RMU,AdaBoost,24,0.5129921259842519,0.015875468624925962,0.022038683578198454,0.5393700787401574,0.029356459657176755,0.040753299360552525,0.4866141732283465,0.04193236836439166,0.05821145944733312,0.5127885524437248,0.016101835242939806,0.022352930822480813,0.5393700787401574,0.029356459657176755,0.040753299360552525,0.5252558068542476,0.016265860965458824,0.022580635029688045,0.525747101494203,0.011555969499405452,0.016042257476219658
RMU,AdaBoost,25,0.5118110236220472,0.02184950696930962,0.030331978337962442,0.5062992125984251,0.04193236836439163,0.058211459447333073,0.5173228346456693,0.033922297997697665,0.047091699116384375,0.511680818545807,0.021039828941113482,0.02920796503887676,0.5062992125984251,0.04193236836439163,0.058211459447333073,0.5084605023673838,0.02928319524653265,0.04065159205339351,0.5232965465930932,0.02063923330540898,0.028651849142919072
RMU,AdaBoost,26,0.5181102362204724,0.011369707935585567,0.015783684972642556,0.5291338582677165,0.026771653543307093,0.03716501321918314,0.5070866141732283,0.024064105181001782,0.033406333520378695,0.5176978881719696,0.010990083234839852,0.015256681401543746,0.5291338582677165,0.026771653543307093,0.03716501321918314,0.5230916170963107,0.016368747766050712,0.02272346480663445,0.5199376898753798,0.014793269375881712,0.020536350174269635
RMU,AdaBoost,27,0.502755905511811,0.006886951056903886,0.0095606207758388,0.511023622047244,0.02204724409448819,0.0306064814746214,0.494488188976378,0.024218199211385367,0.03362025032857804,0.50277016505954,0.00672431736230253,0.009334849013180716,0.511023622047244,0.02204724409448819,0.0306064814746214,0.5066219142443021,0.011672858870637029,0.01620452593752244,0.5066154132308264,0.008763606498918584,0.01216583618390106
RMU,AdaBoost,28,0.5299212598425196,0.0208475626690925,0.02894105666395311,0.5259842519685038,0.02642198698513782,0.03667959821724292,0.5338582677165353,0.04581838275898003,0.06360611226962465,0.531075534884844,0.022668618380044657,0.03146908727143592,0.5259842519685038,0.02642198698513782,0.03667959821724292,0.5279539109968431,0.017728684455915116,0.02461135958961091,0.5361925723851448,0.029705568600090722,0.041237940268419655
RMU,AdaBoost,29,0.5220472440944881,0.01591447474913996,0.0220928327595218,0.5275590551181103,0.03625469112825618,0.050329579861752474,0.5165354330708661,0.02832457598205504,0.03932081517108992,0.5216403462440726,0.01560302305365242,0.021660468491800835,0.5275590551181103,0.03625469112825618,0.050329579861752474,0.5241630102608151,0.023417146984394517,0.03250821156125978,0.5299104098208196,0.02355981084541062,0.03270626075056316
RMU,AdaBoost,30,0.5129921259842519,0.018449408683244073,0.025611885216193387,0.5220472440944881,0.021792681107241023,0.030253091394667943,0.5039370078740157,0.03178996730423047,0.04413154955811437,0.5130515930876071,0.019069062998753505,0.02647210331179881,0.5220472440944881,0.021792681107241023,0.030253091394667943,0.5173084224611458,0.01746757892023349,0.024248886996369262,0.5180823361646724,0.0187039943418837,0.02596530676908516
RMU,AdaBoost,31,0.5299212598425197,0.01095309271121542,0.015205330322415868,0.5314960629921259,0.016703309791808223,0.023187911356034197,0.5283464566929135,0.03662898692791498,0.050849185732181855,0.5303974943943083,0.01170886573565869,0.0162545114795939,0.5314960629921259,0.016703309791808223,0.023187911356034197,0.5306040464586382,0.004784562288281573,0.006642037272906676,0.5218054436108872,0.012196734573472624,0.01693178200295741
RMU,AdaBoost,32,0.5181102362204724,0.019020271384537282,0.02640436969256615,0.5259842519685038,0.0195427931432927,0.02712974618229406,0.5102362204724409,0.02317155743238137,0.03216727860647246,0.5179071027072859,0.018872481515520994,0.0261992044633521,0.5259842519685038,0.0195427931432927,0.02712974618229406,0.5218665243187958,0.018567420958378166,0.025775712518018037,0.5294686589373179,0.020862639020797134,0.0289619859954004
RMU,LR,1,0.5515748031496063,0.02235444026232817,0.031032938122888817,0.547244094488189,0.04724409448818899,0.06558531744561731,0.5559055118110237,0.007634141507742237,0.010597887410779138,0.5510588186731098,0.020278118929394483,0.02815054202206807,0.547244094488189,0.04724409448818899,0.06558531744561731,0.5487882266957047,0.03357187980227509,0.046605240674657766,0.5663401326802653,0.014742623710823861,0.020466042719844958
RMU,LR,2,0.5582677165354331,0.015278431426718283,0.0212098630749061,0.5456692913385827,0.012842131047480394,0.017827735943542807,0.5708661417322834,0.021849506969309606,0.030331978337962424,0.559956625229157,0.016153787184921557,0.02242505167999119,0.5456692913385827,0.012842131047480394,0.017827735943542807,0.5526706649423596,0.013594417324552792,0.018872076719385376,0.574750449500899,0.014243594408684718,0.019773278988207705
RMU,LR,3,0.5511811023622047,0.012878289160469368,0.01787793145145352,0.537007874015748,0.014646515935227002,0.020332623738281284,0.5653543307086615,0.023437600104153123,0.03253660504337968,0.5528998457335035,0.013824788835000778,0.01919188364566554,0.537007874015748,0.014646515935227002,0.020332623738281284,0.5447123236358546,0.011686848886260572,0.016223947192722254,0.5750914501829003,0.012938456626428443,0.01796145728463064
RMU,LR,4,0.5618110236220473,0.013785150708670525,0.019136857104751118,0.5866141732283464,0.023883072264729285,0.03315501954324646,0.537007874015748,0.03570325684647129,0.0495640663555025,0.5593541886849966,0.01445449928994897,0.020066061900831933,0.5866141732283464,0.023883072264729285,0.03315501954324646,0.5722830882863262,0.012881726332433851,0.01788270301109178,0.5776241552483105,0.012244267123340223,0.016997767760666145
RMU,LR,5,0.5618110236220473,0.01411844179294573,0.019599539304522105,0.5669291338582678,0.034140918722328835,0.04739519333678289,0.5566929133858267,0.028455607873374283,0.03950271659772898,0.561187637597895,0.014010581882058866,0.019449805743707648,0.5669291338582678,0.034140918722328835,0.04739519333678289,0.5636115468048908,0.02083087497573019,0.028917890431676703,0.5905697811395624,0.008794605586383081,0.012208869816229262
RMU,LR,6,0.574015748031496,0.007323257967613481,0.010166311869140614,0.5685039370078739,0.015865702109929054,0.022025125481819455,0.5795275590551181,0.025804676548305407,0.03582263394687749,0.5751621087451882,0.009556091954058389,0.01326598236533274,0.5685039370078739,0.015865702109929054,0.022025125481819455,0.5715860770011436,0.006259842935165014,0.008690055138322963,0.5973618947237894,0.008839762124925349,0.012271557141430939
RMU,LR,7,0.5716535433070866,0.016544804243661965,0.022967870379385514,0.5818897637795275,0.00944881889763778,0.013117063489123436,0.5614173228346457,0.028672663710288395,0.039804038405706385,0.5706191789379427,0.01780948696309876,0.02472353145238978,0.5818897637795275,0.00944881889763778,0.013117063489123436,0.5760980501847038,0.012149642270803427,0.01686640740633822,0.6083328166656333,0.014779955058369177,0.020517866938426273
RMU,LR,8,0.5704724409448818,0.007913287890646355,0.010985404715003044,0.5795275590551181,0.01677738248241142,0.02329074073566124,0.5614173228346456,0.029314189714939022,0.04069461927344104,0.5696606616251945,0.010905596229744382,0.015139394635668678,0.5795275590551181,0.01677738248241142,0.02329074073566124,0.5742539298988675,0.005603799893702216,0.007779321392688732,0.6076570153140306,0.018345572681134886,0.025467737736293704
RMU,LR,9,0.5681102362204724,0.012424987274062575,0.017248647549607986,0.553543307086614,0.02558752253428648,0.03552117584722903,0.5826771653543307,0.0024899824095813965,0.0034566497365554442,0.5698579578156937,0.01104688870057064,0.015335540030182112,0.553543307086614,0.02558752253428648,0.03552117584722903,0.5614774921375065,0.018573510229913173,0.025784165782091834,0.6045136090272181,0.015380856254513622,0.021352051530797646
RMU,LR,10,0.5881889763779526,0.011771587706870933,0.01634158353457419,0.5913385826771653,0.0173228346456693,0.024047949730059692,0.5850393700787401,0.020472440944881907,0.028420304226434177,0.5877732057204978,0.012549899220952107,0.01742205313136907,0.5913385826771653,0.0173228346456693,0.024047949730059692,0.5894237653379472,0.012213715564855447,0.016955355398160538,0.6139004278008555,0.01325759830493242,0.018404496960204124
RMU,LR,11,0.5877952755905511,0.008856080219844109,0.01229421028881261,0.5968503937007874,0.027794271802713058,0.038584634949589934,0.578740157480315,0.019606141099194858,0.02721768724333848,0.5862076570046495,0.0075891650959283964,0.01053545014156419,0.5968503937007874,0.027794271802713058,0.038584634949589934,0.5911975654909114,0.0154694523550359,0.02147504263561499,0.6064914129828259,0.010091282534719012,0.01400894599934432
RMU,LR,12,0.5704724409448818,0.011837241242813292,0.016432725253827236,0.5732283464566928,0.01526828301548451,0.02119577482155833,0.5677165354330709,0.023674482485626615,0.03286545050765451,0.5703231893808399,0.012791405326060224,0.01775731735307048,0.5732283464566928,0.01526828301548451,0.02119577482155833,0.5716243730877948,0.010706717659683727,0.014863306919481857,0.6001953003906009,0.01155671916983784,0.01604329818562092
RMU,LR,13,0.5645669291338582,0.012962265852877401,0.017994509789747013,0.5881889763779528,0.021506299659445137,0.02985553021019176,0.5409448818897638,0.04178424932731213,0.05800583725959009,0.562483128572994,0.015888731078839254,0.02205709481582369,0.5881889763779528,0.021506299659445137,0.02985553021019176,0.5745396148992039,0.007832899305856282,0.010873807468625955,0.5946028892057784,0.012216619030751726,0.01695938605499845
RMU,LR,14,0.5728346456692913,0.004821830202329082,0.006693773431675745,0.5803149606299213,0.02447286656365363,0.033973785290407496,0.5653543307086614,0.031555062849628134,0.04380544989652948,0.5721942149661694,0.00857093589547334,0.011898366506975531,0.5803149606299213,0.02447286656365363,0.033973785290407496,0.5757768025371439,0.008851253705120025,0.012287510012222185,0.5887748775497551,0.0037953065854224024,0.0052687301959105
RMU,LR,15,0.5637795275590551,0.021585433325783936,0.029965385350473127,0.5858267716535434,0.03551172372843992,0.049298175761481766,0.5417322834645669,0.03233144120889422,0.044883235844212374,0.5611642958396255,0.021147760561662503,0.02935779814866145,0.5858267716535434,0.03551172372843992,0.049298175761481766,0.5728743452556044,0.024414369428234692,0.033892578247756495,0.5900613801227601,0.015739328936295555,0.021849691392137934
RMU,LR,16,0.5692913385826771,0.01775586186421994,0.024649087880740855,0.5905511811023623,0.03991745466342227,0.0554143108061069,0.5480314960629922,0.04056455707839767,0.05631263297241697,0.5668313739208306,0.018211808564434752,0.025282043372762106,0.5905511811023623,0.03991745466342227,0.0554143108061069,0.5777487469757661,0.022564598207406954,0.03132468412185503,0.5921972843945689,0.012166477396193899,0.016889778307081105
RMU,LR,17,0.5653543307086614,0.007814737496566604,0.010848594835374021,0.5692913385826771,0.01443330927545144,0.020036645444816568,0.5614173228346456,0.006396880633571612,0.008880293961807246,0.5647762543386214,0.007162154264019386,0.009942664074504082,0.5692913385826771,0.01443330927545144,0.020036645444816568,0.5669894856690086,0.010474628474008369,0.01454111547771301,0.5925661851323704,0.007710108675165697,0.010703346745853442
RMU,LR,18,0.5547244094488188,0.006396880633571612,0.008880293961807246,0.552755905511811,0.022354440262328183,0.031032938122888837,0.5566929133858267,0.01699766389364005,0.02359654035864714,0.554916497951233,0.0058860525240033235,0.008171150859603089,0.552755905511811,0.022354440262328183,0.031032938122888837,0.5536346986008532,0.012591019457607655,0.01747913717126251,0.5824229648459296,0.007425059109918943,0.010307634510769386
RMU,LR,19,0.5574803149606299,0.014699334411491682,0.020405947538225822,0.5614173228346456,0.015063879110007053,0.020912016710135223,0.5535433070866141,0.0283464566929134,0.0393511904673704,0.5573905996250428,0.015791669807323622,0.021922352169721767,0.5614173228346456,0.015063879110007053,0.020912016710135223,0.5592286638516781,0.011949155281174136,0.016588086845832177,0.5794004588009176,0.012944508623371693,0.017969858803275514
RMU,LR,20,0.5594488188976378,0.009834642517162814,0.013652672539073426,0.5669291338582677,0.01829755911594052,0.02540108422226021,0.5519685039370079,0.026979278266160357,0.03745324254192514,0.5588652316328412,0.010830337413371091,0.015034918649497377,0.5669291338582677,0.01829755911594052,0.02540108422226021,0.5626246903406376,0.009718033014277655,0.0134907925973209,0.5770289540579081,0.012232188445455611,0.016980999867621152
RMU,LR,21,0.5543307086614173,0.01828060908069906,0.02537755380107066,0.5692913385826771,0.023569495349757108,0.032719704997907696,0.5393700787401574,0.02670208654773728,0.037068438747016576,0.5528732969678114,0.0177767370451936,0.02467806727775808,0.5692913385826771,0.023569495349757108,0.032719704997907696,0.5608047218605277,0.01874316847103117,0.0260196891786461,0.5701190402380806,0.01070644218455219,0.014862924498691575
RMU,LR,22,0.5460629921259843,0.002362204724409445,0.003279265872280859,0.5566929133858267,0.009514209428027205,0.01320784009813644,0.5354330708661417,0.010266460480634126,0.014252131974581628,0.5451273453711244,0.0025907388471242175,0.0035965220954719108,0.5566929133858267,0.009514209428027205,0.01320784009813644,0.5508009482090767,0.004471362997592902,0.0062072469541146836,0.5674654349308699,0.009501974637396547,0.013190855485856636
RMU,LR,23,0.5484251968503937,0.01955072286288997,0.027140754397874774,0.5566929133858268,0.0216499639131772,0.030054968167224905,0.5401574803149606,0.022465106484546627,0.031186567468383407,0.5476714855903404,0.01916512677832637,0.026605461217089753,0.5566929133858268,0.0216499639131772,0.030054968167224905,0.5520899736068138,0.01969121814479121,0.027335793116743817,0.5673383346766694,0.016397871280128238,0.022763894725687805
RMU,LR,24,0.5570866141732284,0.0168419288474074,0.023380345455236942,0.5700787401574804,0.019190641900714865,0.026640881885421783,0.5440944881889763,0.015022664589243262,0.020854801782916373,0.5555765555765556,0.016177648513685826,0.022458176514716727,0.5700787401574804,0.019190641900714865,0.026640881885421783,0.5627269693534862,0.017569448779010434,0.024390305031753483,0.5691611383222765,0.012869622628814083,0.01786590037675684
RMU,LR,25,0.5519685039370079,0.02709393784895315,0.03761241556062967,0.5582677165354331,0.02604383528904129,0.03615463950441819,0.5456692913385826,0.029838260348813254,0.041422145946540055,0.5514344358021755,0.027076306964680753,0.03758793996946047,0.5582677165354331,0.02604383528904129,0.03615463950441819,0.5548030818909268,0.026299628788325036,0.03650973780893208,0.5704445408890818,0.01804805505775798,0.02505471706172626
RMU,LR,26,0.5523622047244093,0.015379547231987888,0.02135023431620556,0.562992125984252,0.014518967649280113,0.020155558331184476,0.5417322834645668,0.02016732043285937,0.027996729050383976,0.551381475184701,0.015592712352591652,0.02164615494405517,0.562992125984252,0.014518967649280113,0.020155558331184476,0.5570875073161711,0.01432798356814688,0.019890429922567947,0.5698555397110795,0.014724841490588607,0.020441357040679096
RMU,LR,27,0.5551181102362205,0.004979964819162793,0.0069132994731108885,0.5748031496062993,0.02098096471570744,0.02912624839362682,0.5354330708661417,0.014303859940618087,0.01985694095878198,0.5529800109770091,0.0037224151714403872,0.0051675406911298434,0.5748031496062993,0.02098096471570744,0.02912624839362682,0.5635237448802697,0.011346547448261437,0.01575153306181002,0.5665385330770661,0.011486421979495252,0.015945710040603002
RMU,LR,28,0.5562992125984252,0.011585778716190659,0.016083639303236193,0.5645669291338582,0.021934469727848998,0.030449925555497824,0.5480314960629921,0.03240805610591606,0.04498959437212313,0.5558135214287858,0.013301330757199555,0.018465207336721814,0.5645669291338582,0.021934469727848998,0.030449925555497824,0.5598060931266406,0.01123096095645206,0.015591073287104452,0.570295740591481,0.01090020281449892,0.015131907374989395
RMU,LR,29,0.5578740157480315,0.01673112548100452,0.023226525723092584,0.573228346456693,0.029314189714939036,0.04069461927344107,0.54251968503937,0.03288285514617496,0.04564872110776285,0.556395267283928,0.016711508810169598,0.023199293418232632,0.573228346456693,0.029314189714939036,0.04069461927344107,0.5643231177135799,0.018702214632454778,0.025962836136318855,0.5720968441936884,0.017981501989443514,0.024962326591347464
RMU,LR,30,0.5535433070866141,0.015914474749139963,0.022092832759521803,0.5692913385826771,0.013773902113807772,0.0191212415516776,0.5377952755905511,0.021506299659445154,0.029855530210191793,0.5520502212588163,0.01587650406383126,0.022040120997838628,0.5692913385826771,0.013773902113807772,0.0191212415516776,0.5605003425029444,0.01417703971239115,0.01968088625783161,0.5668423336846674,0.018869736975550805,0.026195394431068973
RMU,LR,31,0.5503937007874016,0.009691758759914291,0.013454318084860958,0.5559055118110237,0.01750087462275026,0.024295108841507665,0.5448818897637795,0.011572392485589798,0.01606505623602179,0.5497881626324659,0.009172255333418814,0.012733131712047535,0.5559055118110237,0.01750087462275026,0.024295108841507665,0.5527606535792584,0.012399262306093199,0.017212935568908017,0.5696075392150786,0.017605621084481396,0.024440520241987763
RMU,LR,32,0.5507874015748031,0.00730206180747692,0.010136886881610541,0.5519685039370079,0.0164036745322832,0.02277195093120774,0.5496062992125984,0.013316168917549396,0.018485806005558544,0.5506587243527418,0.007052287660607847,0.009790144777870746,0.5519685039370079,0.0164036745322832,0.02277195093120774,0.5512175576732933,0.010388128539860467,0.014421034318330575,0.5658301816603634,0.01622167398358678,0.022519293664921995
RMU,RF,1,0.5665354330708661,0.01775586186421994,0.024649087880740855,0.5480314960629922,0.015629474993133205,0.021697189670748043,0.5850393700787402,0.03096000512021653,0.042979377336461976,0.5695571074560369,0.019507150256993098,0.027080265923693236,0.5480314960629922,0.015629474993133205,0.021697189670748043,0.5584156436795571,0.014706893448393604,0.020416441163728993,0.6005316510633022,0.01818097304119887,0.025239236803984866
RMU,RF,2,0.5677165354330709,0.013785150708670525,0.01913685710475112,0.5614173228346457,0.02779427180271307,0.03858463494958994,0.574015748031496,0.006773484462238277,0.009403103890157404,0.568265569371784,0.01235764284973457,0.017155158500964062,0.5614173228346457,0.02779427180271307,0.03858463494958994,0.5646948231081133,0.019970221240750013,0.02772311150679874,0.5979384958769919,0.015175573200909663,0.02106707296611826
RMU,RF,3,0.5574803149606299,0.007302061807476919,0.010136886881610541,0.5385826771653542,0.014390288883855983,0.019976923566982118,0.5763779527559054,0.006396880633571612,0.008880293961807246,0.5596681066842535,0.0068543344374970274,0.009515341649188663,0.5385826771653542,0.014390288883855983,0.019976923566982118,0.5488808305494992,0.010386913435878265,0.014419347483578728,0.5940200880401763,0.0016069473526251945,0.0022308005557533915
RMU,RF,4,0.5598425196850394,0.02768811176774368,0.03843726119486075,0.5307086614173229,0.027994313125403448,0.038862336825200454,0.5889763779527559,0.03870301016517953,0.05372839156476668,0.5640761201765985,0.030655212023197806,0.04255625668530413,0.5307086614173229,0.027994313125403448,0.038862336825200454,0.5466466912819541,0.026865975249975683,0.03729595273958009,0.5915462830925662,0.022966581980530774,0.03188272706148432
RMU,RF,5,0.5685039370078739,0.018058810930991646,0.025069648607522126,0.5322834645669291,0.024064105181001782,0.03340633352037869,0.6047244094488189,0.04244671487226317,0.05892548686941084,0.5748142729347512,0.021155663041652475,0.029368768549604993,0.5322834645669291,0.024064105181001782,0.03340633352037869,0.5521902017860761,0.015491920296510999,0.021506233138681198,0.5964582429164859,0.015081488266721042,0.020936462138617832
RMU,RF,6,0.5685039370078739,0.024818767736180275,0.03445397309907938,0.5393700787401574,0.04348567329601283,0.06036779238447272,0.5976377952755906,0.024192585032657036,0.033584692148001076,0.5722273986100821,0.0249332809178172,0.034612942880397624,0.5393700787401574,0.04348567329601283,0.06036779238447272,0.5549179375826215,0.03305000329737153,0.045880759940879146,0.5927211854423708,0.016876752348954457,0.02342868822544503
RMU,RF,7,0.5551181102362205,0.017912304198546978,0.024866264657434866,0.526771653543307,0.03259880558186526,0.04525439709653224,0.5834645669291338,0.017677121512317855,0.02453977874843081,0.5581283189719664,0.017565234065892065,0.024384454071949828,0.526771653543307,0.03259880558186526,0.04525439709653224,0.5417728050684425,0.02411755363289411,0.03348053186669712,0.5845495690991382,0.011114306496616938,0.015429130935100094
RMU,RF,8,0.5515748031496062,0.015318957841215532,0.021266122757487148,0.5236220472440944,0.033958832524169785,0.0471424171699815,0.5795275590551181,0.029817474376002344,0.041393290390306245,0.5547054676661551,0.01619390405857394,0.02248074282873519,0.5236220472440944,0.033958832524169785,0.0471424171699815,0.5382401369210739,0.02161095183260872,0.030000810717155938,0.5725540951081902,0.01502644619530645,0.020860051493738336
RMU,RF,9,0.5389763779527559,0.011505227713545256,0.015971816584729393,0.5086614173228347,0.029817474376002354,0.04139329039030626,0.5692913385826772,0.03698273564036967,0.05134026767276428,0.5419839313763781,0.013306939555631895,0.018472993597198572,0.5086614173228347,0.029817474376002354,0.04139329039030626,0.5241728431410226,0.016302305366824584,0.02263122796957996,0.5678777357554716,0.015003579731807977,0.02082830775341158
RMU,RF,10,0.5358267716535432,0.0074074361111129226,0.010283169866382445,0.49606299212598426,0.03236977132455821,0.044936446575220855,0.5755905511811024,0.034717177456769444,0.048195168708065436,0.539246973886512,0.009400577512712829,0.013050093710602013,0.49606299212598426,0.03236977132455821,0.044936446575220855,0.5160864846822212,0.016870086539219592,0.023419434598039753,0.5497814495628991,0.009382596010544194,0.01302513138376191
RMU,RF,11,0.5377952755905511,0.015718476202895397,0.0218207431573485,0.5070866141732283,0.04250510102760876,0.059006539847021124,0.568503937007874,0.03446624980825084,0.0478468252873213,0.540140981228111,0.01622379986031394,0.022522244854938683,0.5070866141732283,0.04250510102760876,0.059006539847021124,0.5223339268993086,0.027309925639398526,0.037912254682411946,0.5575919151838304,0.01744097168548119,0.024211950233023825
RMU,RF,12,0.534251968503937,0.00969175875991432,0.013454318084861002,0.5102362204724409,0.03135796496336989,0.043531834165756206,0.5582677165354331,0.0240641051810018,0.033406333520378716,0.5358695192146373,0.009239188238616896,0.012826049480554474,0.5102362204724409,0.03135796496336989,0.043531834165756206,0.5223368784543205,0.019106989030285106,0.026524753084101554,0.556520863041726,0.012107954157686163,0.016808535027533544
RMU,RF,13,0.5287401574803149,0.012974218152192215,0.01801110224121125,0.5165354330708661,0.02556328044212274,0.03548752242816515,0.5409448818897638,0.02343760010415309,0.03253660504337963,0.5294725964715934,0.013743864760615256,0.019079543020555367,0.5165354330708661,0.02556328044212274,0.03548752242816515,0.522682021380805,0.01727508941740588,0.023981668727405422,0.5412424824849649,0.01343796156991534,0.018654881312313784
RMU,RF,14,0.5405511811023622,0.009691758759914335,0.013454318084861019,0.515748031496063,0.01846620377883241,0.025635200546662164,0.5653543307086615,0.031945610669450085,0.044347617187874624,0.5431564496266765,0.011553745711736873,0.01603917036402595,0.515748031496063,0.01846620377883241,0.025635200546662164,0.5287476770352375,0.008369033472499595,0.011618081009979018,0.5523963047926096,0.00457388660131298,0.006349572532972608
RMU,RF,15,0.5503937007874016,0.018238165073859013,0.025318632073552654,0.5204724409448819,0.03231225910028849,0.0448566068084395,0.5803149606299213,0.020013015790769827,0.02778251986626457,0.5533152994857641,0.019107289309206566,0.026525169938072395,0.5204724409448819,0.03231225910028849,0.0448566068084395,0.5361632300652037,0.024799042501782664,0.03442659008383332,0.5604842209684419,0.013853242866332178,0.019231384173672147
RMU,RF,16,0.5511811023622047,0.024301258837812523,0.03373555557519466,0.5354330708661418,0.021419638596433775,0.0297352253680872,0.5669291338582676,0.03246539862691072,0.0450691985529908,0.5531908422414298,0.02570240595706659,0.035680659605652136,0.5354330708661418,0.021419638596433775,0.0297352253680872,0.5440743878783353,0.022508867147176048,0.031247317007162236,0.556474362948726,0.024148781174775646,0.033523882644599295
RMU,RF,17,0.5389763779527559,0.015063879110007084,0.02091201671013527,0.5141732283464566,0.016059903979819795,0.022294720897358657,0.5637795275590551,0.02992125984251969,0.04153736771555762,0.5414187597429152,0.016753403884917358,0.023257453105840292,0.5141732283464566,0.016059903979819795,0.022294720897358657,0.5272438590238916,0.012807530132570463,0.017779702173124287,0.5581499162998326,0.015779382817134938,0.021905295092838277
RMU,RF,18,0.5374015748031497,0.015500015500023277,0.021517471082764816,0.5149606299212598,0.030839615791442725,0.04281225015516595,0.5598425196850394,0.028104831964684652,0.03901576157037766,0.5392056665109022,0.01643306417673124,0.022812750298443374,0.5149606299212598,0.030839615791442725,0.04281225015516595,0.5264446281313635,0.02044521987795645,0.02838251532742246,0.5447981895963793,0.013842119205753485,0.019215942057189354
RMU,RF,19,0.521259842519685,0.010371606198676771,0.014398097631677634,0.4881889763779528,0.027615240813779807,0.03833610009313871,0.5543307086614172,0.04086910007042829,0.056735406422189806,0.5234213168698043,0.012197747423840659,0.016933188064680728,0.4881889763779528,0.027615240813779807,0.03833610009313871,0.5045310757807686,0.013112663314458694,0.018203294937767792,0.5239940479880959,0.018104809202533833,0.02513350444545756
RMU,RF,20,0.5393700787401574,0.010637209516619157,0.014766814147690351,0.5133858267716536,0.02459921157765875,0.03414918028825783,0.5653543307086614,0.03578997851138114,0.049684455326529285,0.5420283009772807,0.012731652508207065,0.01767436714374539,0.5133858267716536,0.02459921157765875,0.03414918028825783,0.5268553469624825,0.011966974944970496,0.016612824504994014,0.555235910471821,0.010205403800715133,0.014167371714531272
RMU,RF,21,0.5334645669291338,0.010924753484654838,0.015165989168981259,0.5236220472440944,0.0366797313349673,0.05091963026247013,0.5433070866141732,0.027048132342232536,0.037548827323166896,0.533907041865409,0.010435762670297406,0.014487161092476573,0.5236220472440944,0.0366797313349673,0.05091963026247013,0.5282102146093778,0.022557716789012836,0.031315131181646444,0.5443703887407775,0.013665367780574367,0.018970571742551703
RMU,RF,22,0.5141732283464566,0.017043197497569586,0.023659751134523226,0.49921259842519683,0.023674482485626612,0.032865450507654506,0.5291338582677165,0.03383078906919817,0.046964664358077224,0.5149355430925209,0.01756201718580641,0.02437998832646591,0.49921259842519683,0.023674482485626612,0.032865450507654506,0.5066549727065809,0.017224050238562383,0.02391081498826875,0.5236421972843945,0.01769024764928958,0.024558000747803458
RMU,RF,23,0.5433070866141732,0.011941536132364662,0.01657750977162326,0.5385826771653544,0.03240805610591604,0.0449895943721231,0.5480314960629921,0.03852639314244117,0.05348320783062841,0.5441348148811714,0.012769641344927902,0.017727104103628256,0.5385826771653544,0.03240805610591604,0.0449895943721231,0.5407065541255681,0.01740889284107153,0.024167417657753022,0.5521994543989088,0.01000667235890964,0.013891488245106387
RMU,RF,24,0.5216535433070866,0.017385356036078443,0.0241347433342455,0.5181102362204724,0.045953500665873614,0.0637936859952343,0.5251968503937008,0.034285891428468086,0.04759644771695669,0.5213716338559137,0.01802976695635739,0.025029329106917738,0.5181102362204724,0.045953500665873614,0.0637936859952343,0.5190256159000345,0.030406120459955513,0.04221046215954906,0.5373101246202492,0.013631767842419968,0.01892392755063984
RMU,RF,25,0.5259842519685038,0.011369707935585584,0.015783684972642584,0.5007874015748032,0.03746575512872541,0.05201080621984449,0.5511811023622046,0.03293937112338882,0.0457271778619133,0.5272724593368769,0.0119241323733207,0.016553349480818432,0.5007874015748032,0.03746575512872541,0.05201080621984449,0.5130502459515908,0.02321339015791466,0.032225351739494465,0.5325469650939303,0.011291270550104272,0.01567479642515053
RMU,RF,26,0.5334645669291338,0.01702499866963754,0.023634487111157086,0.5023622047244094,0.022630091123149485,0.03141560286452427,0.5645669291338583,0.03715000350263131,0.051572472691480895,0.5363599067110776,0.020126826354079967,0.02794051425697569,0.5023622047244094,0.022630091123149485,0.03141560286452427,0.5183853518954891,0.01556594698893094,0.021608998662592856,0.5437999875999753,0.01908725802288576,0.02649736205464429
RMU,RF,27,0.5385826771653544,0.010967234863924527,0.015224962777748948,0.5275590551181102,0.016327906577423418,0.022666768147507097,0.5496062992125984,0.019700781107396544,0.0273490686371022,0.5395517038981091,0.011238478645715073,0.015601509512882802,0.5275590551181102,0.016327906577423418,0.022666768147507097,0.5333726948623776,0.011653452896029424,0.016177586125917,0.5406906813813628,0.009813963817956422,0.013623965902476703
RMU,RF,28,0.5334645669291338,0.01859168339073639,0.025809394173798628,0.5299212598425196,0.043953655864418455,0.06101745634015656,0.537007874015748,0.040350009371083316,0.05601479300651479,0.5336775512849978,0.018536135327672558,0.02573228109990023,0.5299212598425196,0.043953655864418455,0.06101745634015656,0.5310508715184901,0.02746327283215832,0.038125134713778826,0.5486406472812946,0.010089832537186875,0.01400693308006899
RMU,RF,29,0.5374015748031497,0.012387506080749837,0.017196615311752927,0.5291338582677165,0.028888088705266362,0.040103096242128294,0.5456692913385826,0.019700781107396526,0.027349068637102177,0.53788351437481,0.012010138057793324,0.016672744511655034,0.5291338582677165,0.028888088705266362,0.040103096242128294,0.5332153357994911,0.018953015378570363,0.02631100338828514,0.5505781511563023,0.011378574129576999,0.01579599322309718
RMU,RF,30,0.5374015748031497,0.009562958898811938,0.013275515212907069,0.520472440944882,0.02886661855090295,0.04007329088963323,0.5543307086614173,0.01998201187472362,0.02773947953079034,0.5385569055584437,0.009187665341207978,0.012754524232396175,0.520472440944882,0.02886661855090295,0.04007329088963323,0.5290585707773671,0.01826157743741397,0.025351133644649294,0.5504402008804018,0.014085978071235202,0.01955447243390225
RMU,RF,31,0.5318897637795275,0.0192631965712206,0.02674160391531422,0.511023622047244,0.039793003995254435,0.055241545581870305,0.552755905511811,0.008838560756158902,0.01226988937421537,0.5325187452473339,0.019162609385738615,0.026601966515925685,0.511023622047244,0.039793003995254435,0.055241545581870305,0.5212913744989189,0.02968290329748423,0.04120647578417984,0.5484608469216938,0.02413966437973516,0.03351122650411668
RMU,RF,32,0.5244094488188976,0.009691758759914315,0.013454318084860995,0.5181102362204724,0.03544181869268315,0.049201132014303976,0.5307086614173228,0.019190641900714882,0.026640881885421804,0.524340375356011,0.00890077671327945,0.01235625896902164,0.5181102362204724,0.03544181869268315,0.049201132014303976,0.5208285631775966,0.021695996519977195,0.030118871670139574,0.5321966643933289,0.007898275893876986,0.010964564722528262
RMU-LAT,AdaBoost,1,0.5539370078740158,0.017633224942172166,0.024478840539772825,0.553543307086614,0.02653905440370507,0.036842113847872504,0.5543307086614173,0.045465196955124576,0.06311581177145474,0.5549096669001836,0.020083961786277655,0.027881008697245115,0.553543307086614,0.02653905440370507,0.036842113847872504,0.5536204354893259,0.014864756202639409,0.020635589799388402,0.5687689875379751,0.022614584855591455,0.031394076714193586
RMU-LAT,AdaBoost,2,0.5433070866141733,0.010781940108369427,0.014967732419209056,0.5448818897637795,0.013546968924476589,0.018806207780314853,0.5417322834645668,0.01485666320008914,0.020624354910729878,0.5432044113373912,0.010992366348048682,0.015259850870790381,0.5448818897637795,0.013546968924476589,0.018806207780314853,0.5439959740554927,0.011230155414982361,0.015589955016269167,0.5577717155434311,0.020418630134515826,0.028345602845910364
RMU-LAT,AdaBoost,3,0.537007874015748,0.026539054403705072,0.03684211384787251,0.537007874015748,0.015469986381408282,0.021475783983068812,0.537007874015748,0.038942560689380276,0.05406094100494904,0.5376673426732351,0.02717949207249028,0.03773118386321401,0.537007874015748,0.015469986381408282,0.021475783983068812,0.5372459042782487,0.02099977631215714,0.029152363076068683,0.5509114018228036,0.027889945106221337,0.03871745078720176
RMU-LAT,AdaBoost,4,0.5295275590551181,0.031000031000046512,0.04303494216552958,0.5440944881889763,0.022465106484546617,0.03118656746838339,0.5149606299212598,0.05502804790442881,0.07639117712642068,0.5299650791257925,0.03052597521215403,0.04237684722958719,0.5440944881889763,0.022465106484546617,0.03118656746838339,0.5365272903037103,0.022687770787440213,0.031495675075318995,0.5515887531775062,0.02131234061645115,0.02958627189242702
RMU-LAT,AdaBoost,5,0.5389763779527559,0.008106795386603959,0.011254036184988329,0.5393700787401575,0.010266460480634074,0.014252131974581557,0.5385826771653544,0.012044927984864858,0.01672104067301901,0.5389757491627524,0.0081708202225055,0.011342916906113294,0.5393700787401575,0.010266460480634074,0.014252131974581557,0.5391406133931568,0.00825789008480234,0.011463789252605449,0.5581654163308327,0.009407400807683625,0.01305956596256351
RMU-LAT,AdaBoost,6,0.5598425196850394,0.02092918718110553,0.029054369652374484,0.5661417322834645,0.025196850393700773,0.034978835970995874,0.5535433070866141,0.02973418517873889,0.04127766644827726,0.5592888560125209,0.02065126182920744,0.028668547410930563,0.5661417322834645,0.025196850393700773,0.034978835970995874,0.5625156530155603,0.020883888076955633,0.028991484414381066,0.5750387500775002,0.01809075186842448,0.02511398973721754
RMU-LAT,AdaBoost,7,0.5539370078740158,0.021223357436131584,0.02946274343470542,0.5937007874015748,0.030230478457405452,0.04196663197042543,0.5141732283464566,0.04096002142878724,0.056861625502376646,0.5504809713526123,0.020726873478746334,0.028773513208059667,0.5937007874015748,0.030230478457405452,0.04196663197042543,0.5708419651263454,0.019788045081196512,0.027470210453560715,0.5719092938185877,0.03113945835390504,0.04322849836260517
RMU-LAT,AdaBoost,8,0.5531496062992125,0.023191616496099427,0.032195125051109885,0.5708661417322834,0.013408965642461709,0.018614628511889136,0.5354330708661417,0.03538929929802244,0.04912822340618715,0.5518723998805385,0.02378395107413475,0.033017417271022684,0.5708661417322834,0.013408965642461709,0.018614628511889136,0.5611129513436225,0.01808411374644844,0.025104774546583497,0.5680885361770723,0.02477869861036215,0.034398348234955745
RMU-LAT,AdaBoost,9,0.5468503937007874,0.014856663200089142,0.02062435491072988,0.5637795275590551,0.032023148673484665,0.04445525719375894,0.5299212598425196,0.023569495349757115,0.03271970499790771,0.5452007326007327,0.013815152300758705,0.019178505991501803,0.5637795275590551,0.032023148673484665,0.04445525719375894,0.554038774699778,0.020429700520163987,0.02836097100493311,0.5569672639345279,0.008691578772804414,0.01206584567009695
RMU-LAT,AdaBoost,10,0.5543307086614173,0.016165720604447105,0.02244161792210618,0.5519685039370079,0.028866618550902903,0.04007329088963316,0.5566929133858268,0.02546608130519091,0.035352588394183225,0.5546220791445069,0.01631839049108825,0.022653557701844133,0.5519685039370079,0.028866618550902903,0.04007329088963316,0.5530176410858045,0.019832534103851385,0.027531971118153288,0.568029636059272,0.008492612535173237,0.0117896362518116
RMU-LAT,AdaBoost,11,0.5456692913385826,0.024630696566326077,0.03419288845959413,0.5503937007874016,0.02592453170575484,0.03598901957949408,0.5409448818897638,0.035529178496625125,0.04932240686432686,0.5455762653133185,0.02488653957457203,0.03454805549356591,0.5503937007874016,0.02592453170575484,0.03598901957949408,0.5477866180648847,0.02340528992112845,0.03249175131862623,0.5600114700229402,0.025663128761845816,0.03562613411744383
RMU-LAT,AdaBoost,12,0.5330708661417323,0.00848057449942445,0.011772924779096144,0.5385826771653544,0.042358984744292165,0.05880369792721911,0.5275590551181102,0.03441224154868059,0.047771849803359266,0.5325825477836597,0.0073153802729700665,0.010155375875774138,0.5385826771653544,0.042358984744292165,0.05880369792721911,0.5347833315472662,0.023746312956633753,0.032965167187470425,0.5507223014446029,0.017517765428906613,0.02431855703954549
RMU-LAT,AdaBoost,13,0.5318897637795275,0.006634763600926305,0.00921052846196818,0.5456692913385827,0.035266449884344415,0.04895768107954576,0.5181102362204724,0.02421819921138536,0.03362025032857804,0.5308277550416125,0.004879467968489921,0.0067737874785416445,0.5456692913385827,0.035266449884344415,0.04895768107954576,0.5376959198576239,0.019371680785700018,0.02689220414845553,0.5342860685721371,0.01325559805583347,0.018401720169294145
RMU-LAT,AdaBoost,14,0.5322834645669292,0.014814872222225836,0.02056633973276488,0.521259842519685,0.023171557432381383,0.03216727860647248,0.5433070866141733,0.012449912047907024,0.01728324868277728,0.5328214167641269,0.014802883551897454,0.02054969679023935,0.521259842519685,0.023171557432381383,0.03216727860647248,0.526908275703157,0.018758143951319212,0.02604047847811796,0.5516337032674065,0.018649098938532477,0.02588909973211898
RMU-LAT,AdaBoost,15,0.5291338582677165,0.029760238092857095,0.04131383369121708,0.5228346456692913,0.028973810225156056,0.04022209678928222,0.5354330708661417,0.04312776043347766,0.05987092967683616,0.5301133622736229,0.031224718737338304,0.04334685874973046,0.5228346456692913,0.028973810225156056,0.04022209678928222,0.5261933879471157,0.027514072972290464,0.038195656613985454,0.5309442618885238,0.03271398861115718,0.04541429677547194
RMU-LAT,AdaBoost,16,0.5381889763779527,0.015826575781292766,0.02197080943000616,0.5307086614173228,0.01395279145407037,0.019369579768249677,0.5456692913385826,0.023037383997366614,0.03198101601802531,0.5389636758334995,0.01648899134858179,0.022890389659709378,0.5307086614173228,0.01395279145407037,0.019369579768249677,0.5347413063589124,0.014061725354394284,0.019520804265421896,0.5508974517949036,0.016730612120224673,0.02322581306408038
RMU-LAT,AdaBoost,17,0.5318897637795275,0.018272128166728033,0.025365780405029438,0.5275590551181102,0.0238830722647293,0.033155019543246476,0.5362204724409448,0.028104831964684638,0.03901576157037765,0.5323337435720393,0.018464308871039985,0.025632569992929632,0.5275590551181102,0.0238830722647293,0.033155019543246476,0.5297485566337066,0.018759758249357803,0.02604271948306175,0.5466442432884866,0.02165746544719308,0.03006538196592484
RMU-LAT,AdaBoost,18,0.5350393700787401,0.011837241242813342,0.01643272525382731,0.5173228346456693,0.016628907151136133,0.023084623932280293,0.552755905511811,0.023437600104153078,0.032536605043379616,0.5365212409223514,0.012894714249716287,0.017900733130774546,0.5173228346456693,0.016628907151136133,0.023084623932280293,0.5265924963574297,0.011803867872613437,0.016386395588659564,0.5532844565689132,0.014993808675459843,0.020814743352626387
RMU-LAT,AdaBoost,19,0.5232283464566929,0.013773902113807806,0.019121241551677645,0.5118110236220472,0.011941536132364627,0.01657750977162321,0.5346456692913385,0.02354317541374182,0.03268316706914832,0.5240041799105832,0.014561271969049645,0.020214286141960903,0.5118110236220472,0.011941536132364627,0.01657750977162321,0.5177494053479028,0.01143379384476883,0.01587265047707457,0.5325330150660301,0.022081011115147268,0.030653357614234412
RMU-LAT,AdaBoost,20,0.5299212598425196,0.01265979148882958,0.017574608055992817,0.5448818897637795,0.016441427573087482,0.02282436055388143,0.5149606299212598,0.02044213383582232,0.028378231214133583,0.5291485766197473,0.012609254626227594,0.017504451643591153,0.5448818897637795,0.016441427573087482,0.02282436055388143,0.5368046381128345,0.012617720037895996,0.017516203518986258,0.5480516461032922,0.01807445741378524,0.02509136940780505
RMU-LAT,AdaBoost,21,0.5326771653543306,0.020175004685541682,0.028007396503257426,0.511023622047244,0.029398668822983413,0.04081189507645172,0.5543307086614173,0.029713326400178288,0.04124870982145976,0.5342509073729349,0.021681269203274286,0.03009842687695333,0.511023622047244,0.029398668822983413,0.04081189507645172,0.5221109844840065,0.023078562735506607,0.03203818127099882,0.5471092442184884,0.020378460607096048,0.028289838602018995
RMU-LAT,AdaBoost,22,0.5322834645669291,0.016869515972935883,0.023418642525056953,0.5236220472440944,0.031000031000046502,0.04303494216552956,0.5409448818897638,0.02688719854954941,0.037325415402688904,0.5328145292702292,0.016832464425788323,0.023367206731698034,0.5236220472440944,0.031000031000046502,0.04303494216552956,0.5278723555321638,0.02153809421661994,0.029899668131511726,0.5374217248434497,0.012586203268437086,0.01747245122883834
RMU-LAT,AdaBoost,23,0.5275590551181102,0.006587874224677801,0.009145435572382713,0.5299212598425196,0.0135469689244766,0.018806207780314874,0.5251968503937008,0.023569495349757122,0.03271970499790772,0.527645461675492,0.007245209983596183,0.010057963897542922,0.5299212598425196,0.0135469689244766,0.018806207780314874,0.5286121624908736,0.005299447150085394,0.00735681205005451,0.538519127038254,0.005820366693047623,0.008079964307684187
RMU-LAT,AdaBoost,24,0.5311023622047244,0.013773902113807825,0.019121241551677673,0.5440944881889763,0.015429856647453118,0.021420074981362464,0.5181102362204724,0.029101919074923363,0.04039994038371671,0.5306436424851757,0.014058730077504349,0.019516646154492008,0.5440944881889763,0.015429856647453118,0.021420074981362464,0.5371048009695288,0.01101589720721312,0.015292516940164482,0.537992125984252,0.02272933097063966,0.03155336985892661
RMU-LAT,AdaBoost,25,0.5440944881889764,0.006773484462238277,0.009403103890157404,0.5377952755905511,0.018398931410311695,0.025541811527514967,0.5503937007874016,0.012549116102763148,0.01742096598903781,0.5446051246703002,0.00624875037838278,0.00867465620083188,0.5377952755905511,0.018398931410311695,0.025541811527514967,0.5410657312309006,0.01134664957696018,0.015751674839172884,0.5663029326058652,0.004553661142776941,0.006321495095296226
RMU-LAT,AdaBoost,26,0.518503937007874,0.013501124566521463,0.018742565608692134,0.5204724409448819,0.035424320879376366,0.04917684115525034,0.5165354330708661,0.04580484904645353,0.06358732446467498,0.519009166720339,0.014930190307406454,0.02072642689933513,0.5204724409448819,0.035424320879376366,0.04917684115525034,0.5189435746994968,0.017981419113122052,0.024962211540568928,0.5301630603261206,0.019158087850901284,0.02659568961929214
RMU-LAT,AdaBoost,27,0.5196850393700787,0.009881811337016653,0.013718153358573999,0.5133858267716536,0.0367304056368208,0.05098997747114037,0.5259842519685038,0.02570839010600712,0.03568896693616949,0.519640652700598,0.009623714297451328,0.013359857227490404,0.5133858267716536,0.0367304056368208,0.05098997747114037,0.5160193291406655,0.022164543175228202,0.03076931870390381,0.5294640089280178,0.011551630808901536,0.01603623440821338
RMU-LAT,AdaBoost,28,0.5236220472440944,0.017115799306522964,0.02376053860307178,0.5165354330708661,0.02074321239735353,0.028796195263355247,0.5307086614173228,0.03628887754898555,0.050377038222001604,0.5244926522625921,0.018696341730938554,0.02595468324198484,0.5165354330708661,0.02074321239735353,0.028796195263355247,0.5201712608965876,0.014729006251544682,0.020447138655764502,0.5388105276210553,0.01903830792342701,0.02642940842262369
RMU-LAT,AdaBoost,29,0.5283464566929134,0.012109099605692704,0.016810125164289053,0.5220472440944881,0.024472866563653654,0.033973785290407524,0.5346456692913386,0.02260267731402728,0.031377546396448186,0.528699138163305,0.01186236359928159,0.016467600675650954,0.5220472440944881,0.024472866563653654,0.033973785290407524,0.5251336311694011,0.016319345108326024,0.02265488292302272,0.5423693347386696,0.01617781607358933,0.02245840912515368
RMU-LAT,AdaBoost,30,0.5208661417322834,0.014444044352633181,0.020051548121064147,0.5322834645669291,0.06276533979017206,0.08713226021824991,0.5094488188976378,0.04222704780406905,0.05862054009128049,0.519605941194315,0.013387919070049936,0.018585411185412203,0.5322834645669291,0.06276533979017206,0.08713226021824991,0.5245791807544296,0.03499625536220719,0.04858259095032619,0.53748682497365,0.018233892181127063,0.025312700347497323
RMU-LAT,AdaBoost,31,0.5393700787401574,0.01056410068110139,0.014665322813430342,0.5511811023622047,0.021563880216738808,0.029935464838418056,0.5275590551181102,0.007042733787400949,0.00977688187562026,0.5382866496032005,0.009498280805412054,0.01318572762499025,0.5511811023622047,0.021563880216738808,0.029935464838418056,0.5445813801870751,0.015125061210446726,0.02099695108178095,0.5409557319114637,0.015126820538265239,0.020999393420336028
RMU-LAT,AdaBoost,32,0.5169291338582677,0.010967234863924513,0.01522496277774893,0.5299212598425196,0.02856434196412134,0.039653663714740384,0.5039370078740157,0.029356459657176773,0.040753299360552546,0.5165671400930092,0.011186652936082364,0.01552956389396623,0.5299212598425196,0.02856434196412134,0.039653663714740384,0.5228065542172929,0.0163080954920672,0.022639265952024132,0.5348998697997396,0.006217499673426105,0.00863127326742641
RMU-LAT,LR,1,0.5515748031496063,0.02235444026232817,0.031032938122888817,0.547244094488189,0.04724409448818899,0.06558531744561731,0.5559055118110237,0.007634141507742237,0.010597887410779138,0.5510588186731098,0.020278118929394483,0.02815054202206807,0.547244094488189,0.04724409448818899,0.06558531744561731,0.5487882266957047,0.03357187980227509,0.046605240674657766,0.5663401326802653,0.014742623710823861,0.020466042719844958
RMU-LAT,LR,2,0.5582677165354331,0.015278431426718283,0.0212098630749061,0.5456692913385827,0.012842131047480394,0.017827735943542807,0.5708661417322834,0.021849506969309606,0.030331978337962424,0.559956625229157,0.016153787184921557,0.02242505167999119,0.5456692913385827,0.012842131047480394,0.017827735943542807,0.5526706649423596,0.013594417324552792,0.018872076719385376,0.574750449500899,0.014243594408684718,0.019773278988207705
RMU-LAT,LR,3,0.5511811023622047,0.012878289160469368,0.01787793145145352,0.537007874015748,0.014646515935227002,0.020332623738281284,0.5653543307086615,0.023437600104153123,0.03253660504337968,0.5528998457335035,0.013824788835000778,0.01919188364566554,0.537007874015748,0.014646515935227002,0.020332623738281284,0.5447123236358546,0.011686848886260572,0.016223947192722254,0.5750914501829003,0.012938456626428443,0.01796145728463064
RMU-LAT,LR,4,0.5618110236220473,0.013785150708670525,0.019136857104751118,0.5866141732283464,0.023883072264729285,0.03315501954324646,0.537007874015748,0.03570325684647129,0.0495640663555025,0.5593541886849966,0.01445449928994897,0.020066061900831933,0.5866141732283464,0.023883072264729285,0.03315501954324646,0.5722830882863262,0.012881726332433851,0.01788270301109178,0.5776241552483105,0.012244267123340223,0.016997767760666145
RMU-LAT,LR,5,0.5618110236220473,0.01411844179294573,0.019599539304522105,0.5669291338582678,0.034140918722328835,0.04739519333678289,0.5566929133858267,0.028455607873374283,0.03950271659772898,0.561187637597895,0.014010581882058866,0.019449805743707648,0.5669291338582678,0.034140918722328835,0.04739519333678289,0.5636115468048908,0.02083087497573019,0.028917890431676703,0.5905697811395624,0.008794605586383081,0.012208869816229262
RMU-LAT,LR,6,0.5692913385826771,0.011771587706870888,0.016341583534574124,0.5685039370078739,0.012842131047480365,0.01782773594354277,0.5700787401574804,0.031040005266814236,0.04309043534418014,0.5698957931306319,0.013821184238448466,0.019186879663438607,0.5685039370078739,0.012842131047480365,0.01782773594354277,0.5689680568950672,0.006809350327253878,0.009452893692840528,0.5942990885981773,0.008214433842172183,0.011403462316535051
RMU-LAT,LR,7,0.574015748031496,0.006658084458774699,0.009242903002779272,0.5881889763779526,0.009182601409205206,0.0127474943677851,0.5598425196850394,0.00911483220692142,0.012653415632803111,0.571984646202184,0.006511820895920892,0.009039856626202152,0.5881889763779526,0.009182601409205206,0.0127474943677851,0.5799522821442522,0.007113648359729538,0.009875327084234713,0.6053506107012214,0.010637541072478557,0.014767274421011813
RMU-LAT,LR,8,0.5893700787401575,0.01542985664745311,0.021420074981362454,0.6,0.01284213104748041,0.01782773594354283,0.578740157480315,0.027502754640272402,0.03817994425022018,0.587858537177403,0.01671708743515249,0.023207037791246377,0.6,0.01284213104748041,0.01782773594354283,0.5937444702938409,0.012353263364526043,0.01714907880082881,0.6139624279248558,0.011188130673019988,0.01553161532170985
RMU-LAT,LR,9,0.5937007874015748,0.007108452789475536,0.009868114476434495,0.6062992125984252,0.02414127514449744,0.0335134626040866,0.5811023622047243,0.013316168917549425,0.018485806005558582,0.5913252777983555,0.004755882240101296,0.006602222983213192,0.6062992125984252,0.02414127514449744,0.0335134626040866,0.5985332460274075,0.01312248586779139,0.018216930827828347,0.6206491412982826,0.012983325598871056,0.01802374540408741
RMU-LAT,LR,10,0.5909448818897639,0.013489639133080197,0.018726621270962595,0.5929133858267717,0.017886325498583554,0.02483020044025844,0.5889763779527559,0.01753626570970087,0.024344239546573488,0.5906222589079163,0.013432398351840562,0.01864715832751735,0.5929133858267717,0.017886325498583554,0.02483020044025844,0.5916896016431359,0.014446869247887519,0.020055469704364948,0.6183024366048733,0.016012174518718787,0.022228461783034847
RMU-LAT,LR,11,0.6,0.005483617431962281,0.007612481388874498,0.5968503937007874,0.0240898559697297,0.033442081346037995,0.6031496062992125,0.01602125192864239,0.022241063248209975,0.6006244422348437,0.0036514915250464917,0.005069082885693289,0.5968503937007874,0.0240898559697297,0.033442081346037995,0.5984964539222588,0.012706070880199248,0.017638854150812743,0.6226796453592908,0.0089079065185304,0.012366156725466645
RMU-LAT,LR,12,0.5905511811023622,0.01213467323419092,0.01684562705212206,0.6039370078740157,0.019383517519828627,0.026908636169721983,0.5771653543307087,0.016059903979819816,0.022294720897358684,0.588189410369339,0.011478091682802066,0.01593414573486368,0.6039370078740157,0.019383517519828627,0.026908636169721983,0.5958632459881135,0.013910381779674342,0.019310705701804737,0.6163649327298654,0.008011399708530586,0.011121605753266406
RMU-LAT,LR,13,0.5881889763779526,0.00892581421161784,0.01239101658887565,0.6,0.023037383997366604,0.031981016018025304,0.5763779527559055,0.022766665031182617,0.03160519784375244,0.5862921473155204,0.00951976636355032,0.013215554361352968,0.6,0.023037383997366604,0.031981016018025304,0.5928207976461793,0.012216453929029557,0.016959156857064263,0.611256122512245,0.009571192708881876,0.013286945573739974
RMU-LAT,LR,14,0.574015748031496,0.01000650789538489,0.013891259933132252,0.5858267716535434,0.014604123614953881,0.02027377376322114,0.5622047244094488,0.029398668822983424,0.04081189507645173,0.5727338927785152,0.012045881871839427,0.016722364880429736,0.5858267716535434,0.014604123614953881,0.02027377376322114,0.578966212507158,0.00633282575569654,0.008791371535737105,0.5999565999131999,0.010328527506546913,0.014338294819726502
RMU-LAT,LR,15,0.5692913385826771,0.01571847620289535,0.021820743157348436,0.5850393700787402,0.024974411853785364,0.03467004177331813,0.5535433070866141,0.027682513120073922,0.038429489025901535,0.5673358023257256,0.015566177416363533,0.02160931854715152,0.5850393700787402,0.024974411853785364,0.03467004177331813,0.5758140118416861,0.01721750412892486,0.023901727531238155,0.5939580879161758,0.014662398169563585,0.020354671814172987
RMU-LAT,LR,16,0.5700787401574803,0.015924211351304444,0.022106349330232228,0.5811023622047243,0.02290242452322676,0.03179366223233749,0.5590551181102362,0.013863635324140927,0.019245811217979185,0.5684370131806823,0.01503672399840886,0.020874319371796273,0.5811023622047243,0.02290242452322676,0.03179366223233749,0.5746424064002584,0.018327377563804544,0.02544247886406854,0.5905263810527621,0.016878731268230383,0.023431435405813637
RMU-LAT,LR,17,0.5724409448818897,0.01516642542067578,0.02105437381129137,0.5724409448818897,0.01954279314329265,0.02712974618229399,0.5724409448818897,0.028016451771113685,0.03889307019245939,0.5727549741590326,0.01706094803172358,0.02368439282635648,0.5724409448818897,0.01954279314329265,0.02712974618229399,0.5723915245403662,0.014708209730398367,0.02041826845609359,0.5919399838799677,0.01696945375986781,0.02355737841473268
RMU-LAT,LR,18,0.5614173228346456,0.011837241242813292,0.016432725253827236,0.5748031496062993,0.02156388021673884,0.0299354648384181,0.5480314960629921,0.022602677314027292,0.0313775463964482,0.5599163146526098,0.011802248247132718,0.016384147188040467,0.5748031496062993,0.02156388021673884,0.0299354648384181,0.5670760988629786,0.013740102234990746,0.0190743197976287,0.5870016740033479,0.012094279977983317,0.01678955222288176
RMU-LAT,LR,19,0.5606299212598425,0.018398931410311656,0.02554181152751491,0.5826771653543307,0.0035213668937004497,0.004888440937810095,0.5385826771653542,0.03679786282062337,0.051083623055029906,0.5587658449613783,0.01987825808898414,0.027595446185509284,0.5826771653543307,0.0035213668937004497,0.004888440937810095,0.5702880598922725,0.010498442673141813,0.014574174886022142,0.5827453654907309,0.015112797618101494,0.02097992648631142
RMU-LAT,LR,20,0.5661417322834645,0.009366438782181337,0.0130027015549611,0.5818897637795276,0.030738931174713595,0.042672477499522785,0.5503937007874016,0.03192619674443039,0.044320666339327824,0.5643976179501508,0.010667895801695327,0.014809413540688569,0.5818897637795276,0.030738931174713595,0.042672477499522785,0.5725221874502381,0.014846348008850374,0.020610035129617853,0.5828755657511315,0.01764525162921671,0.02449553625796111
RMU-LAT,LR,21,0.5586614173228346,0.01922292222950186,0.0266856941658492,0.5858267716535432,0.02918701258716635,0.04051806911649227,0.531496062992126,0.04218297712119332,0.05855936017540397,0.5562858581631411,0.020878906355512875,0.028984568676323465,0.5858267716535432,0.02918701258716635,0.04051806911649227,0.5701855438689687,0.01789899407820354,0.0248477872481963,0.5765329530659062,0.021635675061524424,0.030035132061109783
RMU-LAT,LR,22,0.5590551181102362,0.024109151011645447,0.03346886715837878,0.573228346456693,0.02677165354330712,0.037165013219183175,0.5448818897637795,0.04568286521058359,0.0634179837526678,0.5582557060425912,0.025891085633725164,0.03594258898800663,0.573228346456693,0.02677165354330712,0.037165013219183175,0.5652024361106756,0.021081363622201667,0.02926562441987838,0.5842426684853369,0.019076517298830885,0.02648245153928007
RMU-LAT,LR,23,0.5519685039370079,0.019982011874723656,0.027739479530790388,0.5700787401574802,0.04086910007042828,0.0567354064221898,0.5338582677165354,0.05100514878961149,0.07080649784840114,0.5509110955899174,0.019945053710820514,0.027688173374157406,0.5700787401574802,0.04086910007042828,0.0567354064221898,0.5594040676481209,0.022729391353076805,0.031553453683187634,0.5814557629115259,0.015313451405422559,0.021258478599134906
RMU-LAT,LR,24,0.5622047244094488,0.01223643328182679,0.016986892645203717,0.5755905511811024,0.023805065287922797,0.03304672849878363,0.5488188976377952,0.03838128380142974,0.053281763770843586,0.5612292583189791,0.01459486511036954,0.020260920898353817,0.5755905511811024,0.023805065287922797,0.03304672849878363,0.5678403048118453,0.010677698128249037,0.014823021351478366,0.5824167648335297,0.014936994419705637,0.020735872521479275
RMU-LAT,LR,25,0.5586614173228346,0.021969773902840484,0.030498935607421902,0.5716535433070866,0.03852639314244117,0.05348320783062841,0.5456692913385827,0.04080837329086595,0.056651104137254674,0.557451312903928,0.02217635220312662,0.030785712262756657,0.5716535433070866,0.03852639314244117,0.05348320783062841,0.5638738394632454,0.02615209564913409,0.036304928977851494,0.5908983817967636,0.02178889720895182,0.030247838501726125
RMU-LAT,LR,26,0.5610236220472441,0.023883072264729292,0.033155019543246476,0.5748031496062993,0.041291686935832746,0.05732205103917635,0.547244094488189,0.048602517675625095,0.06747111115038938,0.5600159097607372,0.025014107847930633,0.03472514864763842,0.5748031496062993,0.041291686935832746,0.05732205103917635,0.56652583017197,0.026660179737516925,0.0370102627679612,0.588988777977556,0.02166982697355298,0.030082542515602207
RMU-LAT,LR,27,0.5618110236220473,0.01763322494217221,0.024478840539772884,0.5755905511811024,0.02544172349827323,0.035318774337288264,0.5480314960629922,0.02810483196468462,0.03901576157037762,0.5603029800356956,0.017562827884239966,0.02438111375631473,0.5755905511811024,0.02544172349827323,0.035318774337288264,0.567624393923938,0.018877074248971802,0.026205580199506587,0.5913044826089652,0.025408318389613892,0.03527240061207535
RMU-LAT,LR,28,0.5543307086614173,0.015125490324644499,0.020997546787787938,0.5708661417322836,0.037183366781472785,0.05161878834759726,0.5377952755905512,0.03105997310758428,0.04311815515106381,0.5525658834304823,0.014517281413355607,0.020153217460445072,0.5708661417322836,0.037183366781472785,0.05161878834759726,0.5610734275999016,0.022343417026697975,0.031017635418584367,0.5899032798065595,0.02641388183720491,0.03666834646809031
RMU-LAT,LR,29,0.5559055118110237,0.012610722344918848,0.01750648916377922,0.5763779527559055,0.027116811586964672,0.037644169399599504,0.5354330708661418,0.03217766416016149,0.044669759077089505,0.55397305383432,0.0128399012830943,0.017824640534335055,0.5763779527559055,0.027116811586964672,0.037644169399599504,0.5645792597085608,0.015123774235333613,0.020995164473904298,0.5870853741707484,0.026169022517629828,0.03632842723844216
RMU-LAT,LR,30,0.5531496062992126,0.018674868071860473,0.025924873024165834,0.5740157480314961,0.032882855146174936,0.04564872110776282,0.5322834645669292,0.04344287944609048,0.06030838499689798,0.551621563125298,0.019850538545457437,0.027556965290037764,0.5740157480314961,0.032882855146174936,0.04564872110776282,0.5620071180447784,0.019328796734833325,0.026832671541895593,0.5792609585219171,0.022716266290324905,0.03153523317507117
RMU-LAT,LR,31,0.5519685039370079,0.012914346036895036,0.017927986420483908,0.558267716535433,0.03182894949827991,0.0441856655190436,0.5456692913385827,0.038703010165179554,0.053728391564766706,0.5517557761650002,0.013931210102755285,0.019339620049638514,0.558267716535433,0.03182894949827991,0.0441856655190436,0.5544129071072419,0.016634828810127483,0.023092844512840882,0.5749689999379999,0.01217157894148262,0.01689686038730401
RMU-LAT,LR,32,0.5519685039370079,0.009771396571646326,0.013564873091146994,0.558267716535433,0.050688116344664816,0.07036638625842058,0.5456692913385827,0.04799921465867141,0.06663359229620333,0.5517102944989827,0.010758772400966838,0.01493557048530077,0.558267716535433,0.050688116344664816,0.07036638625842058,0.5537034517658123,0.02401173270370691,0.033333628866262476,0.5743381486762973,0.013759792295917082,0.01910165398426868
RMU-LAT,RF,1,0.5665354330708661,0.01775586186421994,0.024649087880740855,0.5480314960629922,0.015629474993133205,0.021697189670748043,0.5850393700787402,0.03096000512021653,0.042979377336461976,0.5695571074560369,0.019507150256993098,0.027080265923693236,0.5480314960629922,0.015629474993133205,0.021697189670748043,0.5584156436795571,0.014706893448393604,0.020416441163728993,0.6005316510633022,0.01818097304119887,0.025239236803984866
RMU-LAT,RF,2,0.5677165354330709,0.013785150708670525,0.01913685710475112,0.5614173228346457,0.02779427180271307,0.03858463494958994,0.574015748031496,0.006773484462238277,0.009403103890157404,0.568265569371784,0.01235764284973457,0.017155158500964062,0.5614173228346457,0.02779427180271307,0.03858463494958994,0.5646948231081133,0.019970221240750013,0.02772311150679874,0.5979384958769919,0.015175573200909663,0.02106707296611826
RMU-LAT,RF,3,0.5574803149606299,0.007302061807476919,0.010136886881610541,0.5385826771653542,0.014390288883855983,0.019976923566982118,0.5763779527559054,0.006396880633571612,0.008880293961807246,0.5596681066842535,0.0068543344374970274,0.009515341649188663,0.5385826771653542,0.014390288883855983,0.019976923566982118,0.5488808305494992,0.010386913435878265,0.014419347483578728,0.5940200880401763,0.0016069473526251945,0.0022308005557533915
RMU-LAT,RF,4,0.5598425196850394,0.02768811176774368,0.03843726119486075,0.5307086614173229,0.027994313125403448,0.038862336825200454,0.5889763779527559,0.03870301016517953,0.05372839156476668,0.5640761201765985,0.030655212023197806,0.04255625668530413,0.5307086614173229,0.027994313125403448,0.038862336825200454,0.5466466912819541,0.026865975249975683,0.03729595273958009,0.5915462830925662,0.022966581980530774,0.03188272706148432
RMU-LAT,RF,5,0.5685039370078739,0.018058810930991646,0.025069648607522126,0.5322834645669291,0.024064105181001782,0.03340633352037869,0.6047244094488189,0.04244671487226317,0.05892548686941084,0.5748142729347512,0.021155663041652475,0.029368768549604993,0.5322834645669291,0.024064105181001782,0.03340633352037869,0.5521902017860761,0.015491920296510999,0.021506233138681198,0.5964582429164859,0.015081488266721042,0.020936462138617832
RMU-LAT,RF,6,0.5748031496062992,0.01765079667044086,0.02450323400924356,0.5503937007874015,0.028973810225156056,0.04022209678928222,0.5992125984251968,0.02147745149131631,0.029815482532594164,0.5785572896849693,0.017579643604190703,0.024404457717988534,0.5503937007874015,0.028973810225156056,0.04022209678928222,0.5639092059254515,0.021802787644414713,0.030267121517501137,0.6133284766569533,0.0182310861220245,0.02530880491296722
RMU-LAT,RF,7,0.5708661417322834,0.008163953288711686,0.011333384073753516,0.5425196850393701,0.008029951989909925,0.011147360448679366,0.5992125984251968,0.01562947499313326,0.02169718967074812,0.5752541446486669,0.009498715924614825,0.013186331667280608,0.5425196850393701,0.008029951989909925,0.011147360448679366,0.5583528580069478,0.006842872219392619,0.009499429539513318,0.597262694525389,0.003496420158500257,0.004853809317391474
RMU-LAT,RF,8,0.5460629921259843,0.015379547231987879,0.021350234316205547,0.5196850393700787,0.02977585889951031,0.041335518847302855,0.5724409448818897,0.028346456692913396,0.03935119046737039,0.5486861523573665,0.015826647896521894,0.02197090954199362,0.5196850393700787,0.02977585889951031,0.041335518847302855,0.5334372989786133,0.020406431576138858,0.028328668532062264,0.5772568045136091,0.006568602617831928,0.00911868229313445
RMU-LAT,RF,9,0.552755905511811,0.010810653714760594,0.015007593295167728,0.5094488188976378,0.02421819921138536,0.03362025032857804,0.5960629921259842,0.027682513120073932,0.038429489025901556,0.5580275642637738,0.013067226491763442,0.018140218515783804,0.5094488188976378,0.02421819921138536,0.03362025032857804,0.5322788897138017,0.01455149002394201,0.020200706625154198,0.5781124062248125,0.00895919892868,0.012437362006013473
RMU-LAT,RF,10,0.5437007874015748,0.013199255601763948,0.018323504303886066,0.494488188976378,0.02779427180271308,0.038584634949589955,0.5929133858267717,0.03355476496482285,0.04658148147132249,0.5488678262523428,0.015856465668415358,0.02201230324540438,0.494488188976378,0.02779427180271308,0.038584634949589955,0.5197664252551956,0.017420112979908878,0.02418299370753032,0.5536084072168144,0.011567646654625178,0.01605846796644588
RMU-LAT,RF,11,0.5496062992125983,0.019582409630623437,0.027184742683461337,0.5149606299212598,0.02260267731402728,0.031377546396448186,0.584251968503937,0.04715214148529092,0.06545766621321501,0.5544854659622056,0.02334084254504971,0.0324022840176979,0.5149606299212598,0.02260267731402728,0.031377546396448186,0.5334014802504627,0.015006597804826006,0.020832497510440594,0.5667880835761672,0.02605710271351538,0.03617305764228803
RMU-LAT,RF,12,0.5511811023622046,0.01863332215149485,0.02586719804054579,0.5448818897637795,0.03723335564578546,0.051688184016414944,0.5574803149606298,0.04876807107780164,0.06770093611695034,0.5526463429520599,0.020036985777436185,0.0278157955423403,0.5448818897637795,0.03723335564578546,0.051688184016414944,0.5478706520613096,0.021259894612783072,0.029513465167341307,0.5691549383098765,0.023710903291745127,0.03291601069209206
RMU-LAT,RF,13,0.5492125984251969,0.014030338331657854,0.019477232092600247,0.5228346456692913,0.014604123614953876,0.020273773763221134,0.5755905511811024,0.03955860373883613,0.05491614585957545,0.5528751733057256,0.017615168376191325,0.024453774007655728,0.5228346456692913,0.014604123614953876,0.020273773763221134,0.5370187797124262,0.005723994198097868,0.00794617783674471,0.5751999503999008,0.024110260305029572,0.03347040710447207
RMU-LAT,RF,14,0.5417322834645669,0.009991005937361845,0.01386973976539522,0.5330708661417323,0.02845560787337425,0.03950271659772893,0.5503937007874016,0.03269376297956961,0.04538621909756151,0.5427541979774901,0.011517254209885136,0.015988512038177163,0.5330708661417323,0.02845560787337425,0.03950271659772893,0.5374125640112722,0.014608851445120023,0.020280337043682636,0.5593093186186373,0.016146669093613415,0.022415170185105766
RMU-LAT,RF,15,0.5393700787401575,0.015298708053327125,0.021238011545255116,0.5118110236220472,0.012198372743960382,0.016934056148173518,0.5669291338582677,0.0267020865477373,0.037068438747016604,0.5420058033570583,0.016866962646767163,0.023415097940085398,0.5118110236220472,0.012198372743960382,0.016934056148173518,0.5263653538686437,0.012440544829495944,0.017270244898923894,0.5551351602703205,0.015810227952570217,0.0219481150054875
RMU-LAT,RF,16,0.5452755905511811,0.005705266435507643,0.007920179534357244,0.5047244094488189,0.013501124566521448,0.01874256560869211,0.5858267716535434,0.017500874622750313,0.02429510884150774,0.5493932205435149,0.006840978937153179,0.009496801242410091,0.5047244094488189,0.013501124566521448,0.01874256560869211,0.5259808449555727,0.007437762410149098,0.010325269518641322,0.5579375658751318,0.008739676226122749,0.012132615639516037
RMU-LAT,RF,17,0.5559055118110237,0.015579810186936492,0.02162824386671531,0.5338582677165353,0.023437600104153106,0.03253660504337965,0.5779527559055119,0.02314478497117962,0.032130112472043615,0.5585443358579354,0.01650590455258231,0.02291386895093961,0.5338582677165353,0.023437600104153106,0.03253660504337965,0.545747181580758,0.018064897416846505,0.025078098004451918,0.5763407526815053,0.015038743706485115,0.0208771231760974
RMU-LAT,RF,18,0.55,0.014390288883855965,0.019976923566982094,0.5307086614173228,0.02799431312540343,0.03886233682520042,0.5692913385826771,0.015469986381408242,0.021475783983068757,0.5517816344564848,0.013979667917041095,0.019406890280279726,0.5307086614173228,0.02799431312540343,0.03886233682520042,0.54086041416793,0.020293206113188984,0.0281714863908668,0.5666780333560666,0.012986571821251241,0.018028251883206333
RMU-LAT,RF,19,0.544488188976378,0.005511811023622038,0.007651620368655336,0.5259842519685038,0.03570325684647129,0.0495640663555025,0.5629921259842519,0.03667973133496729,0.05091963026247012,0.5465316571442032,0.007274676682712873,0.010098870233807357,0.5259842519685038,0.03570325684647129,0.0495640663555025,0.5352766599914766,0.01794359295172714,0.024909700410242267,0.5669151838303678,0.006798958163803011,0.00943846705716774
RMU-LAT,RF,20,0.5425196850393701,0.014336331855144201,0.019902019202853196,0.521259842519685,0.042665250973682074,0.0592288636139576,0.5637795275590551,0.027883356235631155,0.03870830396845231,0.544035553820709,0.014204779564913199,0.019719395346708486,0.521259842519685,0.042665250973682074,0.0592288636139576,0.5317870103671767,0.02682304655113507,0.037236358151695834,0.5599091698183396,0.006251505507486037,0.008678480933188345
RMU-LAT,RF,21,0.5366141732283464,0.019271241339402244,0.02675277184393442,0.515748031496063,0.023490447071143793,0.03260996839479257,0.5574803149606298,0.03464566929133859,0.04809589946011934,0.5386369530171246,0.021104824919566764,0.029298193921993836,0.515748031496063,0.023490447071143793,0.03260996839479257,0.5266564514390002,0.018840323465073788,0.026154561932473674,0.5668392336784673,0.007619774250829611,0.010577942460714047
RMU-LAT,RF,22,0.5350393700787401,0.009991005937361852,0.013869739765395229,0.5165354330708661,0.04408042520402646,0.06119344039637847,0.5535433070866141,0.024599211577658747,0.03414918028825782,0.5358681945883087,0.007639692222197783,0.010605593037769364,0.5165354330708661,0.04408042520402646,0.06119344039637847,0.5253668733425819,0.02606986594192489,0.03619077584381008,0.5567936635873272,0.008965552632672106,0.012446182361187852
RMU-LAT,RF,23,0.5334645669291338,0.014357938999063386,0.019932014727339062,0.4952755905511811,0.013269527201852534,0.018421056923936252,0.5716535433070866,0.03620335096873277,0.050258308294448044,0.5369884226166108,0.017249275222511098,0.0239458328798753,0.4952755905511811,0.013269527201852534,0.018421056923936252,0.5149663222110556,0.007928063857036358,0.011005917044782087,0.5550452600905202,0.01706203155299856,0.023685896995026625
RMU-LAT,RF,24,0.5397637795275589,0.02606763048385331,0.036187672530499725,0.5228346456692914,0.03559891198569236,0.049419212466521395,0.5566929133858267,0.0286726637102884,0.039804038405706385,0.5409493010885773,0.027423696234717965,0.038070193588657,0.5228346456692914,0.03559891198569236,0.049419212466521395,0.5315383834274148,0.030487773423368378,0.04232381464484533,0.5598022196044392,0.024342799721893574,0.033793223567330874
RMU-LAT,RF,25,0.5322834645669291,0.01158577871619071,0.016083639303236266,0.5118110236220472,0.0246495682559032,0.034219086564670737,0.552755905511811,0.016059903979819767,0.022294720897358615,0.533522372183363,0.011652931463756191,0.016176862261875646,0.5118110236220472,0.0246495682559032,0.034219086564670737,0.5222722477080803,0.017096133346141795,0.023733237873352124,0.5548484096968194,0.018608202245095525,0.025832326019963082
RMU-LAT,RF,26,0.5299212598425197,0.021828214607289943,0.030302419800808625,0.5259842519685038,0.022630091123149468,0.03141560286452425,0.5338582677165353,0.030556862853436607,0.04241972614981226,0.530424865547348,0.022864599312240566,0.03174115242138963,0.5259842519685038,0.022630091123149468,0.03141560286452425,0.5280570631982852,0.020888479719493078,0.02899785863610502,0.5382013764027528,0.024532550561789143,0.03405663996264848
RMU-LAT,RF,27,0.5484251968503937,0.01223643328182683,0.01698689264520377,0.5236220472440944,0.02401252075901875,0.03333472286241907,0.5732283464566928,0.02303738399736661,0.03198101601802531,0.5510314640361926,0.012965375274220018,0.017998826358580366,0.5236220472440944,0.02401252075901875,0.03333472286241907,0.5367385294199565,0.01574938826417144,0.021863655977959227,0.5619086738173477,0.00748540838799939,0.010391412739633725
RMU-LAT,RF,28,0.5307086614173228,0.013785150708670573,0.01913685710475119,0.5181102362204724,0.026067630483853306,0.03618767253049972,0.5433070866141733,0.027838849653013663,0.038646518926723605,0.5316364067128937,0.014171353879243705,0.01967299305602601,0.5181102362204724,0.026067630483853306,0.03618767253049972,0.5244827541771008,0.017067493452487932,0.023693479327077802,0.5470394940789882,0.014513339288813853,0.02014774491425106
RMU-LAT,RF,29,0.5377952755905512,0.01810167548436638,0.02512915414722401,0.5133858267716536,0.032042503857284736,0.04448212649641989,0.5622047244094488,0.016403674532283165,0.022771950931207693,0.5393636603132499,0.018422727838165304,0.02557484626533264,0.5133858267716536,0.032042503857284736,0.04448212649641989,0.5258705210554463,0.024825023384643725,0.03446265733135748,0.5513903527807056,0.018539770380616074,0.025737327362376314
RMU-LAT,RF,30,0.5397637795275589,0.011232553242273331,0.015593283734191728,0.5196850393700787,0.0181273455641281,0.025164789930876248,0.5598425196850394,0.013269527201852508,0.01842105692393622,0.5413678339479421,0.011492983313993746,0.015954818633128958,0.5196850393700787,0.0181273455641281,0.025164789930876248,0.530231994272258,0.014074450457965324,0.019538469541183368,0.5557892615785233,0.011717444835948875,0.01626642118009774
RMU-LAT,RF,31,0.5181102362204724,0.009432400433630675,0.013094271007109743,0.4929133858267717,0.02469982226985531,0.03428885032019768,0.5433070866141733,0.03693240755766482,0.05127040109332433,0.5196015257778777,0.011150528806065183,0.015479415561983364,0.4929133858267717,0.02469982226985531,0.03428885032019768,0.5053786028932826,0.01143241191547785,0.015870732051666732,0.5368637237274475,0.017486956507304786,0.024275787399756586
RMU-LAT,RF,32,0.5417322834645669,0.011771587706870921,0.016341583534574176,0.5393700787401574,0.012449912047907024,0.01728324868277728,0.5440944881889763,0.025684262094960778,0.03565547188708561,0.5422304966071032,0.012616443773114393,0.01751443177943335,0.5393700787401574,0.012449912047907024,0.01728324868277728,0.5406478626160826,0.008945362982475655,0.012418154633456057,0.5586118172236345,0.015820897207085127,0.021962926305224513
RR,AdaBoost,1,0.547244094488189,0.005426790847279605,0.007533593442430837,0.5480314960629922,0.00944881889763778,0.013117063489123436,0.5464566929133858,0.012549116102763148,0.01742096598903781,0.5472222753183644,0.005780122931473047,0.008024097010264944,0.5480314960629922,0.00944881889763778,0.013117063489123436,0.5475748449181477,0.005749172638712449,0.007981131115845145,0.5571982143964288,0.008757862623969628,0.012157862407157612
RR,AdaBoost,2,0.5393700787401574,0.01808454185489111,0.025105368856378565,0.5330708661417323,0.0164414275730875,0.022824360553881456,0.5456692913385826,0.03596279447769836,0.04992436234842002,0.5404834598651067,0.01979863095073358,0.027484905996390942,0.5330708661417323,0.0164414275730875,0.022824360553881456,0.5364985188745686,0.013760048608945027,0.0191020098037946,0.5560806621613243,0.015631935648334528,0.021700605607792686
RR,AdaBoost,3,0.5401574803149606,0.027799847943164924,0.03859237587352167,0.5464566929133858,0.02380506528792279,0.03304672849878363,0.5338582677165354,0.042954902982632624,0.05963096506518834,0.5403656896777764,0.029262670482715882,0.04062309911337631,0.5464566929133858,0.02380506528792279,0.03304672849878363,0.5431621740577594,0.024036125480311678,0.03336749146886572,0.5464039928079856,0.024418389718993398,0.03389815930605574
RR,AdaBoost,4,0.5440944881889763,0.015022664589243232,0.020854801782916335,0.5496062992125984,0.0216499639131772,0.030054968167224905,0.5385826771653542,0.022739415871171117,0.03156736994528509,0.5436723898600059,0.014947971130995396,0.020751110639645087,0.5496062992125984,0.0216499639131772,0.030054968167224905,0.5464822714288449,0.016509488477133117,0.02291884423582785,0.5628526257052513,0.008260622242073908,0.011467582094947085
RR,AdaBoost,5,0.5468503937007874,0.019935415592397112,0.02767479352079742,0.5440944881889763,0.020892124663656052,0.02900291862979502,0.5496062992125984,0.027116811586964697,0.03764416939959954,0.5473086688987422,0.020506958540820353,0.028468222331577427,0.5440944881889763,0.020892124663656052,0.02900291862979502,0.5455885044869814,0.019155226496348602,0.026591717422371125,0.5615847231694463,0.026878128901996912,0.0373128247134124
RR,AdaBoost,6,0.5677165354330709,0.01815297934393462,0.02520037532211201,0.5464566929133857,0.0388469177434457,0.053928167310405666,0.5889763779527559,0.02801645177111369,0.038893070192459404,0.5706290885202688,0.01835183202069865,0.025476427092640492,0.5464566929133857,0.0388469177434457,0.053928167310405666,0.5577882890713155,0.025278838103355312,0.03509265315857423,0.5829282658565317,0.016917280600509843,0.023484950458271613
RR,AdaBoost,7,0.5425196850393701,0.02144133669951198,0.029765347164128982,0.5598425196850394,0.02028991925468524,0.028166923499764702,0.5251968503937008,0.05285570534437293,0.07337548219258068,0.5423689724470192,0.023024948597652736,0.03196375291569193,0.5598425196850394,0.02028991925468524,0.028166923499764702,0.5503936616081143,0.012217903191852274,0.016961168756399404,0.567750635501271,0.018152139179703028,0.025199208987177826
RR,AdaBoost,8,0.5448818897637795,0.013546968924476592,0.01880620778031486,0.5582677165354331,0.027883356235631127,0.03870830396845228,0.5314960629921259,0.03089986908716313,0.04289589513915343,0.5438950382802064,0.01323066760387887,0.01836711115364429,0.5582677165354331,0.027883356235631127,0.03870830396845228,0.5506289882184179,0.016785316711502164,0.023301755211422498,0.5633098766197533,0.010342782887946732,0.014358084461681629
RR,AdaBoost,9,0.5484251968503937,0.024668425508378798,0.03424526462783741,0.5590551181102363,0.04136669460335025,0.057426178374842,0.5377952755905512,0.020472440944881903,0.028420304226434177,0.5468797020742011,0.02324968154972375,0.03227573226806904,0.5590551181102363,0.04136669460335025,0.057426178374842,0.5526583318605496,0.03121394372933035,0.043331900640609385,0.5688030876061753,0.019754067641278118,0.027423042205186425
RR,AdaBoost,10,0.5397637795275589,0.024186177249460896,0.03357579671885603,0.5433070866141732,0.031984403167858104,0.0444014698090363,0.5362204724409448,0.03083961579144274,0.04281225015516596,0.5395000918990057,0.023642714633920703,0.03282134965946875,0.5433070866141732,0.031984403167858104,0.0444014698090363,0.5411793092555446,0.026162484787240373,0.0363193514136727,0.5455437410874822,0.02264554826166443,0.03143706081280936
RR,AdaBoost,11,0.5437007874015748,0.012412506118452337,0.01723132092790736,0.5637795275590551,0.019028418856054444,0.02641568019627293,0.5236220472440944,0.03178996730423046,0.044131549558114366,0.5424004079838586,0.013099983459616002,0.01818569247731149,0.5637795275590551,0.019028418856054444,0.02641568019627293,0.552610507531532,0.010433434203266298,0.014483928662031003,0.542756835513671,0.017935657785539804,0.024898684633582385
RR,AdaBoost,12,0.524015748031496,0.006750562283260746,0.009371282804346088,0.526771653543307,0.019826265058290042,0.02752326828772177,0.521259842519685,0.018732877564362718,0.026005403109922266,0.5238962842700021,0.006711670792333652,0.0093172927595369,0.526771653543307,0.019826265058290042,0.02752326828772177,0.5251623498659168,0.011173224977340248,0.015510922898805056,0.5347402194804389,0.00975378982038689,0.013540431001970648
RR,AdaBoost,13,0.5196850393700787,0.019685039370078754,0.027327215602340558,0.5173228346456693,0.032427181546415745,0.04501614473995319,0.5220472440944881,0.03805683771210889,0.05283136039254586,0.5200491036803104,0.019655190399745656,0.027285778588552294,0.5173228346456693,0.032427181546415745,0.04501614473995319,0.5182357907925798,0.021913337951946093,0.03042058994761294,0.5311023622047244,0.015124966784015256,0.02099681999687922
RR,AdaBoost,14,0.5271653543307087,0.021434106439080638,0.029755309953537024,0.5314960629921259,0.04038072883451367,0.05605743845845254,0.5228346456692913,0.01303381524192667,0.018093836265249883,0.5262999590958682,0.019514637587001962,0.02709066000407029,0.5314960629921259,0.04038072883451367,0.05605743845845254,0.528651332215479,0.02914159740870651,0.04045502274152402,0.5477028954057908,0.01591554051789339,0.022094312283741167
RR,AdaBoost,15,0.5291338582677165,0.008106795386603973,0.011254036184988348,0.5039370078740157,0.02882363026413092,0.040013613580438714,0.5543307086614173,0.03820317943530144,0.053034515273067934,0.5311837751949293,0.010311144187068738,0.014314162903587866,0.5039370078740157,0.02882363026413092,0.040013613580438714,0.5165878116195438,0.01292549205304446,0.01794345957147417,0.5368792237584474,0.008159448933363138,0.011327131026073745
RR,AdaBoost,16,0.5354330708661418,0.025605689041746614,0.03554639500258715,0.5377952755905512,0.01906097391639404,0.026460873865237572,0.5330708661417323,0.042737848016100526,0.05932964446549487,0.536064536932752,0.026655588306943128,0.03700388884048996,0.5377952755905512,0.01906097391639404,0.026460873865237572,0.5366907636660161,0.02018912854717012,0.028027003566499814,0.549759749519499,0.024074589370456485,0.03342088790862543
RR,AdaBoost,17,0.524015748031496,0.00943240043363069,0.01309427100710976,0.5236220472440944,0.03059741610665426,0.042476023090510254,0.5244094488188976,0.03679786282062338,0.05108362305502993,0.524336024183307,0.010136093619484653,0.014071153757822403,0.5236220472440944,0.03059741610665426,0.042476023090510254,0.5234335238797714,0.015097522397489231,0.020958721080561554,0.5339667679335359,0.0039792972117148745,0.005524150132796506
RR,AdaBoost,18,0.5480314960629922,0.009530486958196995,0.013230436932618751,0.5377952755905511,0.02150629965944514,0.02985553021019177,0.5582677165354331,0.030637915682431033,0.042532245514974254,0.5493919736299565,0.011012964441050432,0.01528844560803594,0.5377952755905511,0.02150629965944514,0.02985553021019177,0.5431917511418045,0.010821087345618824,0.01502207749683061,0.569771839543679,0.011682672071224202,0.01621814884389073
RR,AdaBoost,19,0.5259842519685038,0.02252711732428344,0.03127265231461165,0.5196850393700787,0.031984403167858125,0.04440146980903632,0.5322834645669292,0.015429856647453104,0.021420074981362443,0.525925871114713,0.022661406098127026,0.03145907501902216,0.5196850393700787,0.031984403167858125,0.04440146980903632,0.5227214440021484,0.027172631341117404,0.03772165964119486,0.5381316262632525,0.018086873466651415,0.02510860565240813
RR,AdaBoost,20,0.5224409448818897,0.007428331600044583,0.010312177455364956,0.5181102362204724,0.013773902113807806,0.019121241551677645,0.526771653543307,0.012549116102763202,0.017420965989037883,0.5226316763807042,0.007389957874256038,0.010258906183798051,0.5181102362204724,0.013773902113807806,0.019121241551677645,0.5202984294426543,0.00950287821391068,0.013192109851151554,0.5308140616281232,0.009311348679407848,0.012926224231865954
RR,AdaBoost,21,0.5452755905511811,0.013175748449355497,0.018290871144765276,0.5606299212598425,0.037647348308289516,0.052262897967113524,0.5299212598425196,0.04345714874502876,0.06032819395949387,0.5443338188756495,0.01385076042970188,0.01922793799915657,0.5606299212598425,0.037647348308289516,0.052262897967113524,0.5516180615191353,0.01938482179751872,0.026910446797426227,0.5558729617459235,0.010259630342007392,0.014242650222102617
RR,AdaBoost,22,0.5322834645669291,0.008679294364192399,0.012048792177016413,0.552755905511811,0.01464651593522696,0.02033262373828123,0.5118110236220472,0.01991985927665121,0.02765319789244361,0.531129635680919,0.008823014573432523,0.012248307812747784,0.552755905511811,0.01464651593522696,0.02033262373828123,0.541609922809776,0.008798759623273755,0.012214636543925224,0.5422220844441688,0.0150489608606038,0.020891306859868335
RR,AdaBoost,23,0.5314960629921259,0.018424187333539527,0.02557687236972655,0.5511811023622047,0.008258337387166532,0.01146441020783525,0.5118110236220472,0.029983358684503584,0.04162357472848994,0.5306987232324241,0.018231936353545863,0.025309985223540107,0.5511811023622047,0.008258337387166532,0.01146441020783525,0.5406757313100701,0.013089891585172018,0.01817168270961035,0.5415462830925662,0.017174030431092942,0.023841376363463018
RR,AdaBoost,24,0.5318897637795275,0.016394222687918923,0.0227588296676976,0.49685039370078743,0.02981747437600235,0.04139329039030626,0.5669291338582678,0.027838849653013715,0.038646518926723675,0.5343318545177567,0.017065700788211728,0.023690990710100335,0.49685039370078743,0.02981747437600235,0.04139329039030626,0.514571633582414,0.021076825263831738,0.02925932416843746,0.5464675429350858,0.007393219728140995,0.010263434362924432
RR,AdaBoost,25,0.5346456692913386,0.022187405989929725,0.030801057378888344,0.537007874015748,0.034466249808250866,0.04784682528732134,0.5322834645669291,0.022047244094488196,0.030606481474621413,0.5342109195167689,0.021178205018346195,0.02940006183003137,0.537007874015748,0.034466249808250866,0.04784682528732134,0.5354193998844018,0.026414075732190217,0.03666861563748174,0.5492776985553972,0.03054090591074545,0.04239757436209786
RR,AdaBoost,26,0.5358267716535433,0.008106795386603962,0.011254036184988332,0.5472440944881889,0.03494856853727896,0.04851639102449897,0.5244094488188976,0.03202314867348464,0.0444552571937589,0.535098080393074,0.008114712845716363,0.011265027380287446,0.5472440944881889,0.03494856853727896,0.04851639102449897,0.5405417598622038,0.01801965024894607,0.025015284865531305,0.5467170934341868,0.003880964483537674,0.00538764242188234
RR,AdaBoost,27,0.5334645669291339,0.02841745264979304,0.03944974865585405,0.5165354330708661,0.03426780338108495,0.04757133748164694,0.5503937007874016,0.03542432087937635,0.049176841155250325,0.5347319223887675,0.029078525514282038,0.040367464915248834,0.5165354330708661,0.03426780338108495,0.04757133748164694,0.5252462909655952,0.03011010384408833,0.04179952521745822,0.5466907433814867,0.02970113359858205,0.0412317834993045
RR,AdaBoost,28,0.5358267716535433,0.01805881093099168,0.02506964860752218,0.5307086614173228,0.022465106484546627,0.0311865674683834,0.5409448818897638,0.019060973916394025,0.026460873865237555,0.5361417020795021,0.017735676917503634,0.024621066682486273,0.5307086614173228,0.022465106484546627,0.0311865674683834,0.5333522332695744,0.019482888204772873,0.027046584795628784,0.5457173414346828,0.01510552417682118,0.020969829331091087
RR,AdaBoost,29,0.5271653543307087,0.018897637795275594,0.026234126978246924,0.49921259842519683,0.012549116102763169,0.017420965989037838,0.5551181102362205,0.03913314532217063,0.05432551489036739,0.5295805804410293,0.0206437807753604,0.028658162043262905,0.49921259842519683,0.012549116102763169,0.017420965989037838,0.5136768759481364,0.012139924446720922,0.0168529169037847,0.538753177506355,0.01401943881697382,0.01946210114050349
RR,AdaBoost,30,0.5224409448818897,0.009366438782181385,0.013002701554961167,0.49685039370078743,0.023674482485626612,0.03286545050765451,0.5480314960629921,0.027208114241214155,0.03777091780334078,0.5237974914450778,0.00989163092651408,0.013731785134171589,0.49685039370078743,0.023674482485626612,0.03286545050765451,0.50965308193037,0.013852439407117403,0.019230268793470104,0.5236809473618946,0.011521853559731917,0.015994896959361758
RR,AdaBoost,31,0.521259842519685,0.013140408872660351,0.018241811947397775,0.537007874015748,0.04178424932731211,0.05800583725959007,0.5055118110236221,0.023171557432381366,0.032167278606472456,0.5201174512454443,0.011755147808024132,0.016318761296232616,0.537007874015748,0.04178424932731211,0.05800583725959007,0.5279395841920909,0.02565168175509961,0.035610243124519,0.5357213714427429,0.00855619597827594,0.011877904221498661
RR,AdaBoost,32,0.5299212598425196,0.02293623884036143,0.031840604029984565,0.5322834645669291,0.03507253141940171,0.04868847909314694,0.5275590551181102,0.016703309791808223,0.023187911356034197,0.5293440334650331,0.02228320098141793,0.030934042146498298,0.5322834645669291,0.03507253141940171,0.04868847909314694,0.5306884954488542,0.028137752409681607,0.03906146247456403,0.5467232934465869,0.01797005531224817,0.02494643605591257
RR,LR,1,0.5511811023622047,0.017429876867069777,0.024196548155888113,0.5464566929133858,0.03900619236693177,0.05414927593478573,0.5559055118110237,0.009771396571646326,0.013564873091146994,0.5510728014909037,0.01480826885303276,0.020557172786727914,0.5464566929133858,0.03900619236693177,0.05414927593478573,0.5484704140128923,0.026588724390921237,0.03691106684431329,0.5671461342922686,0.01935673759009151,0.0268714596673039
RR,LR,2,0.5543307086614173,0.01309314106166603,0.018176193706163482,0.5409448818897638,0.031945610669450064,0.0443476171878746,0.5677165354330709,0.009771396571646326,0.013564873091146994,0.5554324338971657,0.011393542257880465,0.015816772316378243,0.5409448818897638,0.031945610669450064,0.0443476171878746,0.5478701891991365,0.021590942990822513,0.029973033991736946,0.5728873457746916,0.0147912649927315,0.02053356764437646
RR,LR,3,0.5559055118110237,0.01902841885605441,0.02641568019627288,0.5511811023622047,0.020683347301675106,0.02871308918742097,0.5606299212598425,0.027905582908140724,0.03873915953649933,0.5566562543988347,0.01963626281986785,0.027259502895299804,0.5511811023622047,0.020683347301675106,0.02871308918742097,0.553775871771783,0.01837896007719433,0.02551408687247598,0.575283650567301,0.015636807399146514,0.02170736868214053
RR,LR,4,0.555511811023622,0.012842131047480365,0.01782773594354277,0.5850393700787401,0.030759094463975747,0.04270046863241109,0.5259842519685038,0.029838260348813272,0.04142214594654008,0.5525200116370191,0.012537022131149565,0.01740417686489334,0.5850393700787401,0.030759094463975747,0.04270046863241109,0.5679486020464963,0.0172315204343494,0.023921185282532623,0.5755626511253022,0.013651041945691883,0.018950684295483033
RR,LR,5,0.5665354330708661,0.012536758526055613,0.01740381092235694,0.5771653543307086,0.02931418971493902,0.04069461927344104,0.5559055118110237,0.03628887754898557,0.05037703822200164,0.5656097457461648,0.014425728676827378,0.020026121886844446,0.5771653543307086,0.02931418971493902,0.04069461927344104,0.5708221455365854,0.014933852982445575,0.02073151150742728,0.5917229834459669,0.0151641599921022,0.021051228892254224
RR,LR,6,0.5673228346456692,0.013489639133080145,0.018726621270962522,0.5685039370078739,0.024974411853785357,0.03467004177331811,0.5661417322834645,0.02013655409849515,0.027954018531158767,0.5671467855619119,0.013186855459234766,0.01830629014637162,0.5685039370078739,0.024974411853785357,0.03467004177331811,0.5676386754640391,0.016939028472606116,0.0235151413447867,0.6006138012276023,0.00893833126006991,0.012408393037828787
RR,LR,7,0.5744094488188976,0.01977930186941806,0.02745807292978772,0.5850393700787401,0.01044606233182805,0.014501459314897545,0.5637795275590551,0.03250357077252015,0.04512218998640691,0.5733610476766349,0.021032944897920482,0.029198408454863167,0.5850393700787401,0.01044606233182805,0.014501459314897545,0.5790380970303941,0.014905099337293044,0.020691595048757113,0.6043152086304172,0.009983189618348523,0.013858888975062617
RR,LR,8,0.5755905511811024,0.014336331855144204,0.019902019202853203,0.6047244094488189,0.011023622047244119,0.015303240737310734,0.5464566929133857,0.02494957404370844,0.03463556136521217,0.5716985558491319,0.015092628667634575,0.02095192749441099,0.6047244094488189,0.011023622047244119,0.015303240737310734,0.5876594209134673,0.011230799082750702,0.015590848570381557,0.6033914067828136,0.008118380613900234,0.011270119058798002
RR,LR,9,0.5795275590551181,0.02140516097491053,0.029715127207380638,0.5858267716535434,0.03297699463208176,0.04577940766518874,0.5732283464566928,0.035266449884344395,0.04895768107954574,0.5787752804864245,0.021126066754559525,0.029327682316389363,0.5858267716535434,0.03297699463208176,0.04577940766518874,0.5818986399433518,0.023483162965789263,0.03259985643546391,0.6151218302436605,0.016337977942726713,0.02268074944395659
RR,LR,10,0.5964566929133859,0.01980279738576267,0.027490689935462265,0.5921259842519684,0.020320453386714878,0.028209311670472276,0.6007874015748031,0.022902424523226755,0.03179366223233748,0.5973848077578495,0.020334781679642814,0.02822920252985508,0.5921259842519684,0.020320453386714878,0.028209311670472276,0.5946982436470116,0.01965339067459874,0.02728328016951487,0.6294841589683179,0.019119287673111204,0.026541826337439102
RR,LR,11,0.5988188976377952,0.014486905112578045,0.02011104839464114,0.6031496062992125,0.022875337080840868,0.03175605883392516,0.594488188976378,0.044122600712194975,0.06125198938798532,0.5990986513709251,0.02028260981554315,0.0281567763715008,0.6031496062992125,0.022875337080840868,0.03175605883392516,0.6005002010326683,0.009331420526282016,0.012954088422368986,0.6216504433008866,0.013993448589451769,0.0194260209205102
RR,LR,12,0.6007874015748031,0.0051932700623121995,0.007209414622238487,0.6236220472440944,0.01464651593522696,0.02033262373828123,0.5779527559055119,0.02133262548684106,0.029614431806978838,0.5966054861901714,0.007510391717050812,0.01042609516046191,0.6236220472440944,0.01464651593522696,0.02033262373828123,0.6096416139092941,0.0051267418545741785,0.007117058663872581,0.6201500403000806,0.007462009205710134,0.010358929467067407
RR,LR,13,0.5929133858267717,0.006516907620963364,0.009046918132624981,0.610236220472441,0.023358105471167442,0.03242624880105838,0.5755905511811024,0.031139716430370386,0.04322885663017466,0.5902250032647297,0.009743366376039191,0.013525960941451412,0.610236220472441,0.023358105471167442,0.03242624880105838,0.5996764539922748,0.008199519261171496,0.011382757558827335,0.6181381362762726,0.0110223090867887,0.015301418055995853
RR,LR,14,0.5842519685039369,0.009755521018396753,0.013542834290090951,0.5905511811023623,0.022409841686232612,0.031109847628999057,0.5779527559055118,0.016777382482411438,0.023290740735661262,0.5831990983640744,0.009221991945770691,0.012802177199004278,0.5905511811023623,0.022409841686232612,0.031109847628999057,0.5866817323802997,0.013596540201115332,0.01887502374450588,0.6213373426746853,0.005262733265645794,0.007305845007681945
RR,LR,15,0.5846456692913385,0.011679052735583726,0.016213124400529196,0.5952755905511811,0.03288285514617495,0.045648721107762844,0.574015748031496,0.027660107197244554,0.03839838461851802,0.5830099412413041,0.011357799055423098,0.01576715279662482,0.5952755905511811,0.03288285514617495,0.045648721107762844,0.5886172030324021,0.018006143960833464,0.024996535131771486,0.6156054312108623,0.010279377491948818,0.01427006366100086
RR,LR,16,0.6011811023622048,0.009199465705155854,0.012770905763757494,0.6007874015748031,0.01753626570970087,0.024344239546573495,0.6015748031496063,0.02301045542709049,0.03194363316945876,0.6015071276937434,0.011266693298502113,0.015640677730195517,0.6007874015748031,0.01753626570970087,0.024344239546573495,0.6009472141222355,0.009767323215182377,0.013559218365838966,0.6292113584227168,0.004604750086031674,0.006392417918510891
RR,LR,17,0.5909448818897637,0.012659791488829574,0.01757460805599281,0.6023622047244095,0.020381384418180763,0.02829389750250633,0.5795275590551181,0.04456998960026739,0.061873064732189585,0.5900496931084451,0.018227997156484467,0.025304516741340346,0.6023622047244095,0.020381384418180763,0.02829389750250633,0.5955327360829007,0.00357549146803278,0.004963577892548051,0.6163370326740653,0.008346542033607575,0.01158685788726872
RR,LR,18,0.5854330708661417,0.012854195053003578,0.01784448346808477,0.5952755905511811,0.025196850393700794,0.034978835970995895,0.5755905511811024,0.011518691998683281,0.015990508009012624,0.5836170993400518,0.011117956454574014,0.015434197889052145,0.5952755905511811,0.025196850393700794,0.034978835970995895,0.5892655572952925,0.01714862385661088,0.023806106383782735,0.6171895343790688,0.00803119773510091,0.011149089820248282
RR,LR,19,0.582283464566929,0.017224128231675084,0.02391092326006675,0.5858267716535434,0.022187405989929732,0.030801057378888365,0.578740157480315,0.02946186918719639,0.04089963124738463,0.58200681653181,0.01811691361342599,0.025150308061643974,0.5858267716535434,0.022187405989929732,0.030801057378888365,0.583693939040462,0.01677618409024724,0.023289077100632067,0.6101432202864406,0.011761086063456425,0.016327004916346817
RR,LR,20,0.5783464566929133,0.013660906750312979,0.018964378839735015,0.5716535433070866,0.017851628423235642,0.02478203317775125,0.5850393700787402,0.016814296459891836,0.023341985551705684,0.579429593842313,0.013924129061742683,0.019329789988808944,0.5716535433070866,0.017851628423235642,0.02478203317775125,0.5754474201375193,0.014765066382823317,0.02049719814325518,0.6093155186310373,0.00842806456956793,0.011700029310233935
RR,LR,21,0.5803149606299212,0.017842943612007355,0.024769976726939074,0.5732283464566928,0.037150003502631306,0.05157247269148088,0.5874015748031496,0.01714294571423407,0.023798223858478386,0.5811029770380692,0.015604828941552702,0.021662975466111473,0.5732283464566928,0.037150003502631306,0.05157247269148088,0.5768316064752969,0.025084777615557486,0.034823254012844945,0.6063984127968256,0.006979232815902324,0.00968872839487393
RR,LR,22,0.581496062992126,0.010460889965028692,0.014522043369708342,0.5850393700787402,0.01377390211380781,0.019121241551677652,0.5779527559055119,0.02327833936865273,0.032315515698614544,0.581172569582151,0.011928802501467271,0.01655983265803503,0.5850393700787402,0.01377390211380781,0.019121241551677652,0.5829542998500398,0.009065191936186533,0.012584503889451827,0.6086831173662348,0.012868018568643223,0.01786367358425193
RR,LR,23,0.5787401574803149,0.012998089778912715,0.01804424137179187,0.5874015748031496,0.02327833936865274,0.03231551569861456,0.5700787401574804,0.016777382482411445,0.023290740735661276,0.5773513430782128,0.012463210953653022,0.017301710523658757,0.5874015748031496,0.02327833936865274,0.03231551569861456,0.5821958070832629,0.01613667383109941,0.022401294536264684,0.6027683055366111,0.009837093910971838,0.013656075619244415
RR,LR,24,0.5724409448818897,0.0022956503523012955,0.0031868735919462665,0.5740157480314961,0.024447519206708707,0.03393859751784778,0.5708661417322834,0.02053292096126818,0.028504263949163156,0.572270864702192,0.0017801716629696582,0.0024712744500319664,0.5740157480314961,0.024447519206708707,0.03393859751784778,0.5728554757597282,0.011555480754263004,0.016041578989190442,0.6013330026660053,0.009008735360133866,0.012506129597333
RR,LR,25,0.581496062992126,0.0160695524661091,0.02230811514362391,0.6015748031496063,0.015022664589243244,0.02085480178291635,0.5614173228346457,0.0383004299433553,0.05316952062160001,0.5790793902109913,0.01845696000565808,0.025622368132270455,0.6015748031496063,0.015022664589243244,0.02085480178291635,0.5898007069452732,0.0100601689450579,0.013965753412484454,0.604234608469217,0.01389921028301296,0.01929519717819312
RR,LR,26,0.5771653543307086,0.01123255324227333,0.015593283734191726,0.5866141732283465,0.01473093459359822,0.02044981562369235,0.5677165354330709,0.012549116102763148,0.01742096598903781,0.5757233058996578,0.010907898375211137,0.01514259052592499,0.5866141732283465,0.01473093459359822,0.02044981562369235,0.581083747318666,0.012106112296088644,0.016805978113725098,0.5991970983941968,0.008248780395260833,0.01145114297613675
RR,LR,27,0.5688976377952756,0.010190692209090363,0.014146948751253139,0.5700787401574804,0.030939972762816525,0.042951567966137576,0.5677165354330709,0.022187405989929715,0.030801057378888337,0.5686963933730625,0.009159367626847069,0.012715240707133361,0.5700787401574804,0.030939972762816525,0.042951567966137576,0.569034363085151,0.01731712918254813,0.024040029277481854,0.5987134974269949,0.009016854976895751,0.012517401432440308
RR,LR,28,0.5724409448818897,0.007814737496566602,0.010848594835374021,0.5803149606299213,0.028888088705266362,0.040103096242128294,0.5645669291338582,0.020623308431037466,0.02862974187316923,0.5712765362493293,0.006332605512761526,0.008791065789527666,0.5803149606299213,0.028888088705266362,0.040103096242128294,0.5754409839919572,0.01573801170679106,0.021847862784432844,0.5958087916175832,0.006147144238536954,0.008533604266015387
RR,LR,29,0.574015748031496,0.005223031165914006,0.007250729657448747,0.5811023622047244,0.02303738399736659,0.031981016018025284,0.5669291338582678,0.02914449688712088,0.04045904786284962,0.5733197021959648,0.007679335933031749,0.010660627331217785,0.5811023622047244,0.02303738399736659,0.031981016018025284,0.5768110415552006,0.009048697990715289,0.01256160662236731,0.6002976005952012,0.006156298558378727,0.00854631249927344
RR,LR,30,0.5732283464566928,0.015419807895721373,0.021406125077582987,0.5897637795275591,0.01602125192864239,0.022241063248209975,0.5566929133858267,0.02472491097339775,0.03432367902427076,0.5711018871603006,0.01590638463695807,0.022081601883337843,0.5897637795275591,0.01602125192864239,0.022241063248209975,0.5801771819725541,0.013871038661269888,0.019256088697546102,0.600988901977804,0.009557332689096209,0.013267704781694041
RR,LR,31,0.5748031496062993,0.016887882353958442,0.023444139149402094,0.5795275590551181,0.031040005266814195,0.043090435344180084,0.5700787401574804,0.02592453170575484,0.03598901957949408,0.5741297501517623,0.01702860266426553,0.023639490257779113,0.5795275590551181,0.031040005266814195,0.043090435344180084,0.5765173846974643,0.020780615930021385,0.028848119690951638,0.5950709901419804,0.008066807042023682,0.011198523463200893
RR,LR,32,0.5696850393700787,0.010753149829722551,0.01492776510509586,0.5748031496062993,0.013638195335188018,0.01893285034105711,0.5645669291338582,0.013546968924476554,0.018806207780314808,0.5689955091451486,0.010634270297464849,0.014762733857373308,0.5748031496062993,0.013638195335188018,0.01893285034105711,0.5718459610689374,0.011291791427957778,0.015675519519533915,0.5870884741769485,0.00635228714448951,0.0088183882745644
RR,RF,1,0.5677165354330709,0.009283327655552422,0.01288732481460294,0.5566929133858267,0.01644142757308745,0.022824360553881387,0.578740157480315,0.008977759252749141,0.012463127866469798,0.5691712258308053,0.008824484555573955,0.012250348475108442,0.5566929133858267,0.01644142757308745,0.022824360553881387,0.5628100515001908,0.012123589326236356,0.016830240121128603,0.5971340442680886,0.017828000357278283,0.024749232163714944
RR,RF,2,0.5602362204724409,0.016261320022097122,0.02257433118970326,0.5488188976377952,0.024472866563653616,0.033973785290407475,0.5716535433070866,0.031239109330515547,0.043366836095724386,0.5619745616256652,0.01773836383923132,0.024624796727825714,0.5488188976377952,0.024472866563653616,0.033973785290407475,0.5550161250723779,0.017123884441052624,0.02377176256916665,0.596238142476285,0.024717798107552594,0.03431380478349091
RR,RF,3,0.5622047244094488,0.022739415871171103,0.03156736994528507,0.547244094488189,0.011941536132364625,0.016577509771623207,0.5771653543307087,0.03878302474338505,0.05383946960676826,0.5648986998196703,0.024613904280644902,0.034169577029901844,0.547244094488189,0.011941536132364625,0.016577509771623207,0.5557613396712293,0.01662776081919024,0.023083032568420234,0.5911386322772645,0.02395435109122035,0.033253970417704136
RR,RF,4,0.5496062992125984,0.013489639133080145,0.018726621270962522,0.511023622047244,0.01982626505829005,0.027523268287721777,0.5881889763779528,0.03870301016517954,0.053728391564766685,0.5546162150630488,0.017184060036030808,0.023855299687231424,0.511023622047244,0.01982626505829005,0.027523268287721777,0.5314406783757765,0.009831944588406891,0.01364892721352915,0.5906581313162625,0.014052063784412467,0.019507391856079626
RR,RF,5,0.5799212598425196,0.024256569764959636,0.033673517196405545,0.5582677165354331,0.0258046765483054,0.03582263394687747,0.6015748031496063,0.03390401597104091,0.047066319594672265,0.5838977551567367,0.025927619359701903,0.03599330593033802,0.5582677165354331,0.0258046765483054,0.03582263394687747,0.5706023744408509,0.023817167022297425,0.033063528399368054,0.6045725091450184,0.019801762120391305,0.027489252756725813
RR,RF,6,0.5669291338582677,0.011545573463476498,0.01602782546468546,0.5425196850393701,0.017677121512317824,0.024539778748430767,0.5913385826771653,0.02843381115790202,0.03947245790573781,0.5707641892124973,0.013708669060791413,0.019030683556305408,0.5425196850393701,0.017677121512317824,0.024539778748430767,0.5560249279050357,0.010527919890732443,0.01461509582426932,0.591505983011966,0.012174484918539178,0.01690089453019126
RR,RF,7,0.565748031496063,0.01923098384538554,0.026696885482829304,0.5582677165354331,0.016777382482411403,0.023290740735661213,0.573228346456693,0.0325226400441943,0.04514866237940658,0.5672268265684468,0.021268027475035964,0.029524755390137953,0.5582677165354331,0.016777382482411403,0.023290740735661213,0.5625407547719637,0.01630515556618478,0.022635184680611188,0.5909417818835638,0.011757744243376136,0.016322365726344636
RR,RF,8,0.5700787401574803,0.019150214971677647,0.026584760310800003,0.552755905511811,0.02546608130519091,0.035352588394183225,0.5874015748031496,0.01836520281841041,0.025494988735570198,0.5724592394349413,0.019418263512116382,0.02695687133982827,0.552755905511811,0.02546608130519091,0.035352588394183225,0.562360348286063,0.021944673254543624,0.030464090321371345,0.5990591481182963,0.023092380551061102,0.03205736347417922
RR,RF,9,0.5649606299212598,0.012006260379509352,0.0166673614312095,0.5314960629921259,0.034049997339275044,0.04726897422231413,0.5984251968503937,0.03634009687941518,0.05044814205163304,0.570018778233744,0.014123095176128631,0.019605999236002494,0.5314960629921259,0.034049997339275044,0.04726897422231413,0.5494128422564873,0.019091284268153385,0.0265029513791271,0.5888074276148553,0.014798751497552352,0.020543960579208913
RR,RF,10,0.5468503937007874,0.018524866702391504,0.025716637740148287,0.5322834645669291,0.031436952405790766,0.04364148631469697,0.5614173228346456,0.012349911134927633,0.01714442516009881,0.5478434824811906,0.018295008613042188,0.025397543556616275,0.5322834645669291,0.031436952405790766,0.04364148631469697,0.5398229713516718,0.024834225166669485,0.03447543145268975,0.5639608779217559,0.014245161800510645,0.01977545487688922
RR,RF,11,0.5531496062992126,0.015894983652115207,0.02206577477905715,0.5346456692913385,0.013501124566521472,0.018742565608692148,0.5716535433070866,0.02854262828408167,0.039623520294409395,0.5555930361125166,0.017644072210279037,0.024493898961992867,0.5346456692913385,0.013501124566521472,0.018742565608692148,0.5447719407983994,0.012874634522092507,0.017872858000037174,0.5750232500465001,0.02069700084980102,0.028732043350852363
RR,RF,12,0.524015748031496,0.00892581421161784,0.012391016588875649,0.4866141732283465,0.031357964963369886,0.0435318341657562,0.5614173228346456,0.02092177993005732,0.029044086739416598,0.5257296420512914,0.008654828502428892,0.012014828115947545,0.4866141732283465,0.031357964963369886,0.0435318341657562,0.5050426417327777,0.019680201779649784,0.027320499950206818,0.5403062806125613,0.010367397550316007,0.014392255091107264
RR,RF,13,0.5377952755905512,0.010738725745658173,0.014907741266297106,0.5125984251968504,0.022187405989929725,0.03080105737888835,0.562992125984252,0.0418879876480957,0.05814984913607058,0.5406641187184772,0.013625527618434179,0.018915264730969498,0.5125984251968504,0.022187405989929725,0.03080105737888835,0.5256788175410144,0.00666105121108816,0.009247021515248796,0.554257858515717,0.011946150523975456,0.016583915574123885
RR,RF,14,0.5287401574803149,0.01709767775638463,0.023735381858481692,0.5031496062992126,0.03585920484011244,0.04978055687730768,0.5543307086614173,0.029608812089705783,0.04110362069859252,0.5301528770798314,0.017442565810425952,0.024214163233223802,0.5031496062992126,0.03585920484011244,0.04978055687730768,0.5158438856168686,0.024836519251515542,0.034478616153010615,0.5410564821129642,0.01816640438795401,0.025219012270989355
RR,RF,15,0.5519685039370079,0.01517664194283177,0.02106855661775744,0.5417322834645668,0.027344496620764304,0.0379602468984094,0.5622047244094488,0.016021251928642337,0.022241063248209902,0.5528446006760035,0.014695032763251082,0.020399975893124877,0.5417322834645668,0.027344496620764304,0.0379602468984094,0.547077601200028,0.02040013602140105,0.028319928900994117,0.5591853183706368,0.013519555317123897,0.01876815159233976
RR,RF,16,0.5515748031496063,0.012902338274152684,0.017911316973438715,0.5496062992125984,0.016251785386260046,0.022561094993203412,0.5535433070866141,0.029208247229907718,0.04054754752644222,0.5521830730054094,0.014882912865694828,0.020660795288521872,0.5496062992125984,0.016251785386260046,0.022561094993203412,0.5506635979950854,0.010634126487786139,0.014762534217534044,0.5638399776799554,0.010493014533630194,0.014566639420333455
RR,RF,17,0.539763779527559,0.0068644077851034106,0.009529325697516014,0.515748031496063,0.029671564852624843,0.041190735499314644,0.5637795275590551,0.030637915682431065,0.04253224551497431,0.5419776013041752,0.007861637668670454,0.010913702712009357,0.515748031496063,0.029671564852624843,0.041190735499314644,0.5280191564964365,0.015543384009290688,0.021577676225402433,0.5595449190898382,0.01533985484216346,0.021295132445484744
RR,RF,18,0.5338582677165354,0.009595320950357464,0.013320440942710935,0.515748031496063,0.013863635324140958,0.01924581121797923,0.5519685039370079,0.03033285084135156,0.04210874762258274,0.5356009652303422,0.011466179142195382,0.015917608477334734,0.515748031496063,0.013863635324140958,0.01924581121797923,0.525220006358127,0.004968004376452979,0.0068966957168020565,0.5569006138012277,0.01816357295620029,0.025215081613572703
RR,RF,19,0.5507874015748031,0.00360832731886286,0.005009161361204142,0.5448818897637795,0.015669093497742047,0.02175218897234628,0.5566929133858267,0.01906097391639402,0.02646087386523755,0.5515151698010172,0.004813110022851394,0.006681667881862109,0.5448818897637795,0.015669093497742047,0.02175218897234628,0.5480155430229681,0.006837294888053495,0.009491686962365029,0.5656271312542624,0.007088559207658944,0.00984049775750473
RR,RF,20,0.5531496062992126,0.01034167365083754,0.014356544593710467,0.5283464566929134,0.02044213383582232,0.028378231214133583,0.5779527559055119,0.028104831964684635,0.03901576157037765,0.556255512440615,0.012111313391199635,0.01681319839125639,0.5283464566929134,0.02044213383582232,0.028378231214133583,0.5416439719579628,0.01139403672150363,0.015817458741931363,0.5720363940727882,0.014226302183803236,0.019749273531642624
RR,RF,21,0.5464566929133858,0.011518691998683312,0.015990508009012666,0.5244094488188976,0.019190641900714882,0.026640881885421804,0.5685039370078739,0.03125894998626649,0.043394379341496196,0.5490400193430656,0.0133260550211132,0.01849953011748314,0.5244094488188976,0.019190641900714882,0.026640881885421804,0.5361283663826428,0.010626979303395984,0.014752612334976047,0.5643948787897577,0.006880287248961366,0.009551369927366805
RR,RF,22,0.5492125984251969,0.016516674774333096,0.02292882041567054,0.5228346456692913,0.023674482485626636,0.03286545050765455,0.5755905511811024,0.0183652028184104,0.025494988735570184,0.551878212154427,0.01717421018502784,0.023841625901929363,0.5228346456692913,0.023674482485626636,0.03286545050765455,0.5368563256244325,0.01946353677971256,0.02701972071093513,0.5710955421910844,0.01567946132193467,0.02176658181971186
RR,RF,23,0.5559055118110235,0.014919130174406638,0.020711072973270045,0.5377952755905511,0.020623308431037487,0.028629741873169263,0.574015748031496,0.017500874622750257,0.02429510884150766,0.557978548607139,0.015303461254612237,0.021244610046476153,0.5377952755905511,0.020623308431037487,0.028629741873169263,0.5476168530545318,0.016988669511268633,0.023584054154192433,0.5674359848719698,0.01311573533696701,0.018207559588695927
RR,RF,24,0.5421259842519686,0.012299605788829377,0.017074590144128914,0.5236220472440944,0.024775012161499646,0.034393230623505806,0.5606299212598425,0.03561632402487762,0.049443384252005104,0.5442394773376591,0.014404876599115369,0.019997174562296088,0.5236220472440944,0.024775012161499646,0.034393230623505806,0.5332855680513872,0.013315348562002786,0.01848466716948759,0.5529186558373117,0.01427092189194631,0.019811215616777223
RR,RF,25,0.5456692913385827,0.007407436111112891,0.010283169866382402,0.5322834645669291,0.015022664589243262,0.020854801782916373,0.5590551181102362,0.011135539861205452,0.015458607570689425,0.5468951535144753,0.007237326942941202,0.010047020482722626,0.5322834645669291,0.015022664589243262,0.020854801782916373,0.5394219371740935,0.010311079140745994,0.01431407260481567,0.5593124186248372,0.007492773984074491,0.010401637826218514
RR,RF,26,0.5385826771653542,0.012854195053003578,0.01784448346808477,0.511023622047244,0.04315650269620385,0.059910830334165395,0.5661417322834645,0.022602677314027278,0.03137754639644818,0.5402189543476394,0.012015436669085056,0.016680100163347672,0.511023622047244,0.04315650269620385,0.059910830334165395,0.5246091845603933,0.028353042523522182,0.039360333065949105,0.5539447578895158,0.019329819884216542,0.026834091900944046
RR,RF,27,0.5413385826771654,0.013292868516641024,0.01845345986353295,0.5244094488188976,0.02720811424121417,0.0377709178033408,0.558267716535433,0.01853323196210996,0.025728250582347793,0.5426404130487231,0.012869580450684667,0.01786584182412636,0.5244094488188976,0.02720811424121417,0.0377709178033408,0.5331608196477137,0.018907270468636304,0.026247499272648078,0.5471557443114887,0.014940641087487851,0.02074093490793638
RR,RF,28,0.5354330708661418,0.011745223535571905,0.0163049841973963,0.5023622047244094,0.028346456692913403,0.0393511904673704,0.5685039370078739,0.029524934266539633,0.04098717961281036,0.5381210024372847,0.012510659522509144,0.01736757969703337,0.5023622047244094,0.028346456692913403,0.0393511904673704,0.5191903883512836,0.017554013942667868,0.024368878043847058,0.5399854299708599,0.004274296485197138,0.005933674777244874
RR,RF,29,0.5330708661417323,0.010371606198676792,0.014398097631677662,0.5070866141732283,0.021186809522950732,0.029412006797377335,0.5590551181102362,0.03582460839709392,0.04973252931486968,0.5355270784270714,0.01330594698615424,0.01847161568986467,0.5070866141732283,0.021186809522950732,0.029412006797377335,0.5204450023018816,0.009318013297520383,0.01293547620503423,0.5559318618637237,0.006731601184535321,0.009344960579473397
RR,RF,30,0.534251968503937,0.018905838115815716,0.026245510848159254,0.5181102362204724,0.032139104932218186,0.04461623028724781,0.5503937007874015,0.013952791454070372,0.019369579768249677,0.5349970945234859,0.01840054468637928,0.025544051113735557,0.5181102362204724,0.032139104932218186,0.04461623028724781,0.5262728852708944,0.024893884241556433,0.03455825152591498,0.5502154504309008,0.023221168852010282,0.03223615029806776
RR,RF,31,0.5255905511811023,0.005970768066182342,0.008288754885811643,0.521259842519685,0.023700656603610117,0.0329017860085336,0.5299212598425196,0.022492687963914498,0.031224856700075927,0.5258308655894244,0.005978940722676493,0.008300100351871467,0.521259842519685,0.023700656603610117,0.0329017860085336,0.523266955021066,0.013121604025219712,0.0182157066340825,0.5528985057970116,0.01615546645752885,0.022427382884096594
RR,RF,32,0.5374015748031495,0.017868985382535788,0.02480612850009625,0.5094488188976378,0.029734185178738902,0.041277666448277274,0.5653543307086614,0.039417294522153784,0.05471997721808693,0.5402037092878962,0.01964223388240824,0.027267792058981357,0.5094488188976378,0.029734185178738902,0.041277666448277274,0.5238165412097447,0.01935016416644023,0.026862334292343408,0.5466628433256867,0.013644621913123281,0.01894177186148288
RepNoise,AdaBoost,1,0.5480314960629922,0.024288498921554623,0.03371784197167617,0.5496062992125984,0.010738725745658135,0.014907741266297054,0.5464566929133858,0.04124661686207495,0.0572594837463385,0.5487532750803641,0.026159495430773654,0.036315201521607846,0.5496062992125984,0.010738725745658135,0.014907741266297054,0.5489966115338281,0.017196575082101113,0.023872673356433036,0.5662052824105648,0.029951729302091477,0.04157966610650067
RepNoise,AdaBoost,2,0.5381889763779527,0.010083660216429698,0.013998364525192004,0.547244094488189,0.016703309791808178,0.023187911356034138,0.5291338582677165,0.029734185178738902,0.041277666448277274,0.5378843782480146,0.011432248406983451,0.01587050506548727,0.547244094488189,0.016703309791808178,0.023187911356034138,0.5422688810468754,0.007747143733420825,0.010754759648960024,0.5628014756029511,0.01659253855693101,0.023034136229598424
RepNoise,AdaBoost,3,0.5389763779527559,0.010738725745658175,0.01490774126629711,0.5472440944881889,0.028715877998126717,0.03986402945467805,0.5307086614173228,0.023278339368652742,0.032315515698614565,0.5382961918773782,0.010330117053349568,0.014340501464446355,0.5472440944881889,0.028715877998126717,0.03986402945467805,0.5424333579956662,0.017075653323390998,0.02370480704389173,0.5609058218116436,0.005721358122913151,0.007942518377722942
RepNoise,AdaBoost,4,0.5318897637795275,0.005759345999341691,0.00799525400450638,0.5456692913385826,0.028672663710288378,0.039804038405706364,0.5181102362204724,0.022902424523226775,0.0317936622323375,0.5309685085890085,0.004955513421974562,0.006879355492091633,0.5456692913385826,0.028672663710288378,0.039804038405706364,0.5378953589591164,0.015125330577007224,0.020997325022515154,0.5462086924173848,0.016853226971826583,0.023396029766357712
RepNoise,AdaBoost,5,0.537007874015748,0.015268283015484526,0.021195774821558346,0.536220472440945,0.0260438352890413,0.036154639504418204,0.5377952755905511,0.03383078906919817,0.046964664358077224,0.5373735951839997,0.016174652593600663,0.022454017510888723,0.536220472440945,0.0260438352890413,0.036154639504418204,0.536442451784863,0.016857187085379182,0.023401527285302287,0.550733151466303,0.018805460375644747,0.026106164205475006
RepNoise,AdaBoost,6,0.547244094488189,0.017251104173391065,0.023948371870734467,0.5480314960629922,0.03533670184616831,0.049055206437314,0.5464566929133858,0.012549116102763188,0.017420965989037866,0.5466794260501721,0.016136315282273293,0.02240079679069806,0.5480314960629922,0.03533670184616831,0.049055206437314,0.5471354304650143,0.02545627819433884,0.03533897949461277,0.5630231260462522,0.019480881461511244,0.027043798989375718
RepNoise,AdaBoost,7,0.5393700787401574,0.019724370157284017,0.027381815488150368,0.5456692913385826,0.017536265709700856,0.02434423954657347,0.5330708661417323,0.03280734906456638,0.04554390186241545,0.5393023641756423,0.020764251668983623,0.028825402454722402,0.5456692913385826,0.017536265709700856,0.02434423954657347,0.5423072061993063,0.01679877729543543,0.023320441497609805,0.559512369024738,0.01810460882430579,0.025133226275882346
RepNoise,AdaBoost,8,0.5350393700787401,0.018272128166728036,0.025365780405029438,0.5196850393700787,0.015145971702103434,0.021025979497884727,0.5503937007874016,0.04169512533818498,0.057882113327906194,0.5370259187746036,0.01994669212386167,0.027690447856091607,0.5196850393700787,0.015145971702103434,0.021025979497884727,0.5278573271401521,0.011310782317974463,0.015701883101349002,0.5553025606051212,0.01766219207929379,0.02451905337280929
RepNoise,AdaBoost,9,0.5413385826771653,0.015043285964206945,0.020883428840706562,0.5354330708661418,0.026585737033282094,0.03690691972706596,0.5472440944881889,0.01846620377883241,0.025635200546662167,0.5416853227041418,0.014567053041845548,0.020222311557594387,0.5354330708661418,0.026585737033282094,0.03690691972706596,0.538377865693245,0.019576497212847717,0.027176534931764695,0.5578988157976317,0.017011663857355967,0.023615975424013134
RepNoise,AdaBoost,10,0.5393700787401574,0.014085467574801853,0.019553763751240457,0.5448818897637795,0.02121605289024799,0.029452603099373323,0.5338582677165353,0.036476330147718,0.050637264147105274,0.5394974054104662,0.015308536092215183,0.02125165505048734,0.5448818897637795,0.02121605289024799,0.029452603099373323,0.5417997563949679,0.011639779856562863,0.016158604904166946,0.5552607105214211,0.02005036800179538,0.027834373047999673
RepNoise,AdaBoost,11,0.521259842519685,0.014856663200089156,0.0206243549107299,0.5259842519685038,0.032331441208894196,0.04488323584421234,0.5165354330708661,0.01853323196210996,0.025728250582347793,0.5207492817702895,0.014024847171123888,0.019469609139707057,0.5259842519685038,0.032331441208894196,0.04488323584421234,0.5231099464160899,0.022200187178087815,0.030818800512538425,0.5374713249426499,0.01482673125648265,0.020582802711572232
RepNoise,AdaBoost,12,0.536220472440945,0.009283327655552455,0.012887324814602986,0.5188976377952756,0.037216700151484955,0.05166506248360229,0.5535433070866143,0.02618628212333213,0.036352387412327054,0.5373003935602254,0.00835499591769787,0.011598593759819918,0.5188976377952756,0.037216700151484955,0.05166506248360229,0.5273873635853814,0.022187713213938587,0.030801483874186155,0.5404535309070619,0.007065983544227531,0.00980915771238936
RepNoise,AdaBoost,13,0.5476377952755904,0.012096292516328528,0.016792346074000552,0.547244094488189,0.025024013515071955,0.03473889991816254,0.5480314960629921,0.03182894949827989,0.044185665519043564,0.5480004204632236,0.013105613498190805,0.01819350822383303,0.547244094488189,0.025024013515071955,0.03473889991816254,0.5472524374643036,0.013974995693286236,0.019400404193892443,0.5564929629859259,0.017553645572520236,0.024368366664100406
RepNoise,AdaBoost,14,0.5409448818897638,0.01852486670239148,0.025716637740148256,0.5251968503937008,0.029838260348813248,0.04142214594654005,0.5566929133858267,0.02790558290814073,0.03873915953649935,0.5423239969585835,0.018671431326660028,0.02592010205697104,0.5251968503937008,0.029838260348813248,0.04142214594654005,0.5333405393262806,0.021722632742324114,0.03015584867471761,0.5475664951329903,0.017140499297006777,0.023794827686910384
RepNoise,AdaBoost,15,0.5299212598425197,0.010221066917911187,0.014189115607066833,0.5236220472440944,0.026351496898711052,0.036581742289530636,0.536220472440945,0.022739415871171106,0.03156736994528508,0.5302536444064297,0.010374021145040904,0.014401450114683642,0.5236220472440944,0.026351496898711052,0.036581742289530636,0.5266534334641515,0.01650096126390046,0.022907006566107457,0.5497163494326989,0.01207094010546804,0.016757151285481272
RepNoise,AdaBoost,16,0.5275590551181103,0.02638089065787554,0.03662254736890844,0.5377952755905511,0.03096000512021653,0.042979377336461976,0.5173228346456693,0.0476101305758456,0.06609345699756727,0.5278008373223266,0.026651237011960944,0.03699784827466269,0.5377952755905511,0.03096000512021653,0.042979377336461976,0.5322432144018269,0.023768414972460055,0.03299584970429839,0.5413680327360655,0.019126970048794184,0.026552491184619758
RepNoise,AdaBoost,17,0.5354330708661418,0.009063672782064049,0.012582394965438122,0.5283464566929134,0.03812194783278804,0.05292174773047509,0.54251968503937,0.033164471950634156,0.04603966790690394,0.5359097309271383,0.008556378271835339,0.011878157285529012,0.5283464566929134,0.03812194783278804,0.05292174773047509,0.5314639060593841,0.02084379097522471,0.02893582071346435,0.5373581747163495,0.009109580131788123,0.012646124583655124
RepNoise,AdaBoost,18,0.5338582677165353,0.01343206465293859,0.018646695079175858,0.5354330708661418,0.023883072264729296,0.033155019543246476,0.5322834645669291,0.03073893117471361,0.042672477499522805,0.5339868535847762,0.013539302519866703,0.018795565104538062,0.5354330708661418,0.023883072264729296,0.033155019543246476,0.5344076517237764,0.015138903955342642,0.021016167892435336,0.5442200384400768,0.011218147195361804,0.015573284934975347
RepNoise,AdaBoost,19,0.5287401574803149,0.0077349931907041624,0.010737891991534437,0.5149606299212598,0.010967234863924483,0.01522496277774889,0.54251968503937,0.026043835289041292,0.036154639504418204,0.5299061619338682,0.009451013276582003,0.013120109775462754,0.5149606299212598,0.010967234863924483,0.01522496277774889,0.5221322365823746,0.002019483857175463,0.002803493035140392,0.5388089776179552,0.00831996069412029,0.01154995707231418
RepNoise,AdaBoost,20,0.5326771653543307,0.013952791454070372,0.019369579768249677,0.5181102362204724,0.013316168917549437,0.018485806005558603,0.547244094488189,0.028930981213974534,0.04016264059005453,0.5340388532080359,0.014605278759969668,0.02027537736158358,0.5181102362204724,0.013316168917549437,0.018485806005558603,0.525784590477061,0.010395273615084358,0.014430953272896398,0.5448787897575795,0.014173990953230988,0.019676653901608027
RepNoise,AdaBoost,21,0.5204724409448819,0.018152979343934655,0.025200375322112056,0.5236220472440944,0.02184950696930963,0.03033197833796246,0.5173228346456693,0.0274576311404137,0.03811730279006414,0.5204998390355586,0.01790101847589679,0.024850597562729497,0.5236220472440944,0.02184950696930963,0.03033197833796246,0.5219088543574557,0.01800564311719938,0.024995839849343327,0.5316030132060263,0.013765603099812125,0.019109720673284508
RepNoise,AdaBoost,22,0.5346456692913385,0.010608026445124031,0.01472630154968671,0.5409448818897638,0.029524934266539633,0.04098717961281036,0.5283464566929134,0.036374203031342034,0.05049548898092026,0.5345963008643029,0.011442492628647688,0.015884726325035382,0.5409448818897638,0.029524934266539633,0.04098717961281036,0.5372188984172389,0.014499875831617498,0.02012905463933513,0.5379673259346519,0.004549540308447113,0.006315774460144035
RepNoise,AdaBoost,23,0.5287401574803149,0.01668474023654891,0.023162132680631487,0.5291338582677165,0.025948436304384398,0.03602220448242246,0.5283464566929134,0.026043835289041306,0.03615463950441821,0.5287503529146912,0.017140707072469626,0.023795116125493787,0.5291338582677165,0.025948436304384398,0.03602220448242246,0.5287366187972757,0.01948002219638573,0.027042606138149815,0.5391825283650566,0.011248567393475796,0.01561551494005172
RepNoise,AdaBoost,24,0.5133858267716536,0.00926661598105496,0.01286412529117387,0.49055118110236223,0.035703256846471264,0.04956406635550247,0.5362204724409448,0.04010340654565937,0.05567245340272667,0.5142980974161973,0.009691956505316885,0.013454592599488514,0.49055118110236223,0.035703256846471264,0.04956406635550247,0.5013660416935978,0.019545193702127792,0.027133078692207775,0.5255967511935024,0.014185667324515414,0.019692863303557587
RepNoise,AdaBoost,25,0.5295275590551182,0.012512006757536017,0.01736944995908133,0.5251968503937008,0.021216052890248024,0.029452603099373365,0.5338582677165354,0.04237361904590147,0.058824013594754684,0.53059675265975,0.014116628949710268,0.019597022674658307,0.5251968503937008,0.021216052890248024,0.029452603099373365,0.5273518437340267,0.007679170232174521,0.010660397301550795,0.535505921011842,0.01979091557469717,0.02747419533737542
RepNoise,AdaBoost,26,0.5283464566929134,0.017545102326895438,0.024356506737851672,0.5188976377952755,0.03182894949827991,0.0441856655190436,0.5377952755905511,0.020623308431037487,0.028629741873169263,0.5286219021904125,0.017468437661036933,0.02425007911971944,0.5188976377952755,0.03182894949827991,0.0441856655190436,0.5234932751093277,0.023679860833372018,0.0328729168512904,0.5419849339698679,0.017106148113910445,0.023747140599827604
RepNoise,AdaBoost,27,0.5192913385826772,0.02256149414471562,0.03132037499202224,0.5055118110236221,0.031945610669450085,0.044347617187874624,0.5330708661417323,0.04946235834500601,0.0686647613592657,0.5206553571753543,0.023061845365070208,0.03201497384033886,0.5055118110236221,0.031945610669450085,0.044347617187874624,0.5123078893923136,0.02183615786526238,0.03031344681066707,0.5351385702771406,0.017619020301743903,0.024459121337578753
RepNoise,AdaBoost,28,0.5251968503937008,0.012160193079905915,0.01688105427748246,0.5322834645669291,0.03435814839255343,0.04769675646408229,0.5181102362204724,0.02106943017363726,0.029249058137450983,0.5245325735485872,0.011733309213119356,0.016288444466268735,0.5322834645669291,0.03435814839255343,0.04769675646408229,0.5280469617127376,0.021748058842213768,0.030191145760009065,0.5334490668981338,0.007404199488362059,0.010278676713685441
RepNoise,AdaBoost,29,0.5181102362204724,0.014486905112578044,0.020111048394641135,0.5125984251968504,0.04064090677342972,0.0564186233409445,0.5236220472440944,0.015943666717572132,0.022133357708454097,0.5176955151923206,0.013186138166355965,0.01830529438422045,0.5125984251968504,0.04064090677342972,0.0564186233409445,0.5147458867775365,0.026211350894738503,0.03638718844615933,0.5190789881579765,0.013761281933408866,0.01910372193262997
RepNoise,AdaBoost,30,0.5133858267716536,0.010068277049247558,0.01397700926557936,0.5094488188976378,0.04065615950685224,0.05643979752947042,0.5173228346456693,0.05642983580210683,0.07833717069993751,0.5143923404544785,0.011032935054944869,0.015316169264633445,0.5094488188976378,0.04065615950685224,0.05643979752947042,0.5107134103692664,0.01662853886884683,0.02308411267450056,0.5166718333436666,0.01177708369390516,0.016349213187723897
RepNoise,AdaBoost,31,0.5228346456692913,0.0121090996056927,0.016810125164289046,0.515748031496063,0.03149606299212599,0.04372354496374487,0.5299212598425196,0.03613478395459456,0.05016312201905701,0.5234756600659806,0.013377171873398536,0.018570491684643513,0.515748031496063,0.03149606299212599,0.04372354496374487,0.5190260240003564,0.017179276137464457,0.023848658571352266,0.5282596565193131,0.016896149755443193,0.023455616142594615
RepNoise,AdaBoost,32,0.5011811023622047,0.015074165133131206,0.02092629599941273,0.49763779527559054,0.025466081305190926,0.03535258839418326,0.5047244094488189,0.030637915682431065,0.042532245514974296,0.5013436016353061,0.015586046100830633,0.021636900703019223,0.49763779527559054,0.025466081305190926,0.03535258839418326,0.49920483685792016,0.017135406104570566,0.023787757202305713,0.5092039184078369,0.017456982149663895,0.024234176320479833
RepNoise,LR,1,0.5492125984251969,0.019367517915352506,0.026886425157955567,0.5275590551181103,0.04717843205967006,0.06549416338148892,0.5708661417322834,0.025756578320938774,0.035755862902907096,0.5508989539319037,0.01773735881787854,0.02462340153451794,0.5275590551181103,0.04717843205967006,0.06549416338148892,0.5383396953076846,0.030745521734795497,0.04268162666366275,0.5705468410936823,0.013844808163137733,0.019219674928473145
RepNoise,LR,2,0.5547244094488188,0.006750562283260715,0.009371282804346043,0.537007874015748,0.01625178538626008,0.022561094993203457,0.5724409448818897,0.011023622047244075,0.015303240737310672,0.5566958602494705,0.00646086736662032,0.00896912178769259,0.537007874015748,0.01625178538626008,0.022561094993203457,0.54658859279704,0.010477977896215239,0.014545765221158764,0.574223448446897,0.010754504586312327,0.014929645808747071
RepNoise,LR,3,0.562992125984252,0.010781940108369392,0.01496773241920901,0.5551181102362205,0.011941536132364627,0.01657750977162321,0.5708661417322836,0.020532920961268176,0.028504263949163153,0.5641859481936018,0.011771236849302504,0.01634109646618495,0.5551181102362205,0.011941536132364627,0.01657750977162321,0.5595199108966129,0.009390250176486866,0.013035757069544863,0.5799367598735197,0.014160231109970611,0.019657552176873747
RepNoise,LR,4,0.5590551181102362,0.018084541854891074,0.025105368856378516,0.5511811023622047,0.04173971112031047,0.05794400831617806,0.5669291338582677,0.024141275144497466,0.033513462604086636,0.5595738764431808,0.01685246798476079,0.023394976123395854,0.5511811023622047,0.04173971112031047,0.05794400831617806,0.5548780632381418,0.027928380097657374,0.03877080710912222,0.5786192572385145,0.016316509153394894,0.022650945986429163
RepNoise,LR,5,0.5692913385826771,0.010371606198676745,0.0143980976316776,0.552755905511811,0.02263009112314947,0.03141560286452425,0.5858267716535434,0.019190641900714886,0.026640881885421814,0.5716847372330862,0.01044496326827907,0.014499933570092112,0.552755905511811,0.02263009112314947,0.03141560286452425,0.5618569900748385,0.014656454990314828,0.02034642135870573,0.5906255812511625,0.011640531123935774,0.016159647830477054
RepNoise,LR,6,0.5653543307086614,0.010666312743420505,0.01480721590348938,0.5669291338582677,0.027502754640272402,0.03817994425022017,0.5637795275590551,0.020136554098495154,0.027954018531158774,0.5651120623362844,0.009728540270687803,0.01350537900763541,0.5669291338582677,0.027502754640272402,0.03817994425022017,0.565752318387037,0.01630612451863746,0.022636529802258394,0.5905170810341621,0.005137566118137723,0.007132085150666768
RepNoise,LR,7,0.5720472440944881,0.011518691998683281,0.015990508009012624,0.5826771653543308,0.021274419033238276,0.02953362829538065,0.5614173228346456,0.01566909349774202,0.02175218897234624,0.5705028175253095,0.010881693843175637,0.015106212803573011,0.5826771653543308,0.021274419033238276,0.02953362829538065,0.5764074669500602,0.014600620088316318,0.020268910088529244,0.5902783805567611,0.005880554062630997,0.00816351777152143
RepNoise,LR,8,0.5716535433070866,0.018238165073859006,0.02531863207355264,0.578740157480315,0.028930981213974548,0.040162640590054546,0.5645669291338583,0.023037383997366594,0.031981016018025284,0.5705948277175875,0.01794457869394238,0.024911068839816513,0.578740157480315,0.028930981213974548,0.040162640590054546,0.5744440188308546,0.02153335735985576,0.029893092320123254,0.5915369830739661,0.009388242743775541,0.013032970306182173
RepNoise,LR,9,0.5692913385826771,0.018144438774492743,0.02518851911100076,0.5692913385826771,0.024345865879906014,0.03379748007703358,0.5692913385826771,0.018398931410311656,0.02554181152751491,0.5691977145731382,0.017841594192080965,0.02476810343176433,0.5692913385826771,0.024345865879906014,0.03379748007703358,0.5691681080708785,0.020334767606463716,0.02822918299315047,0.591760183520367,0.01652638280702169,0.02294229732559022
RepNoise,LR,10,0.5732283464566928,0.007302061807476919,0.010136886881610541,0.5803149606299212,0.025587522534286478,0.03552117584722903,0.5661417322834646,0.033257814302272246,0.046169247864560566,0.5726578737630975,0.009977111674077385,0.013850451435751983,0.5803149606299212,0.025587522534286478,0.03552117584722903,0.5759952240712606,0.010313630456265632,0.014317614398558828,0.6050716101432203,0.0016791449068199328,0.002331026828729008
RepNoise,LR,11,0.5854330708661417,0.01378515070867057,0.019136857104751184,0.5661417322834646,0.033904015971040945,0.047066319594672314,0.6047244094488189,0.042954902982632624,0.05963096506518834,0.5896723119405515,0.016926883110393167,0.023498280879053195,0.5661417322834646,0.033904015971040945,0.047066319594672314,0.5768779411690469,0.017311083441339754,0.024031636443189213,0.6049724099448199,0.012193430578733906,0.016927195322947456
RepNoise,LR,12,0.5811023622047243,0.013489639133080197,0.018726621270962595,0.562992125984252,0.036764149700563,0.051036821741443625,0.5992125984251968,0.026398511203527892,0.03664700860777213,0.5841005940771329,0.012475248732042346,0.017318421639102008,0.562992125984252,0.036764149700563,0.051036821741443625,0.5728210302742436,0.022478262734292247,0.031204831270987894,0.6029574059148117,0.00941323199519656,0.0130676609485774
RepNoise,LR,13,0.5818897637795275,0.019230983845385543,0.02669688548282931,0.5779527559055118,0.042868212878161255,0.059510619907074035,0.5858267716535434,0.04109602630141695,0.05705043053382453,0.5829721356101533,0.01993589581641518,0.027675460178609602,0.5779527559055118,0.042868212878161255,0.059510619907074035,0.5796108519175959,0.025238059397102625,0.03503604323888845,0.6054622109244218,0.013630523154446489,0.018922199646724105
RepNoise,LR,14,0.5661417322834645,0.011315045561574715,0.015707801432262098,0.5590551181102362,0.024523482680940838,0.03404405172595059,0.573228346456693,0.03664590953770111,0.05087267808073579,0.5676813934211473,0.013808958226229134,0.019169907237547378,0.5590551181102362,0.024523482680940838,0.03404405172595059,0.5628615345492924,0.011388757218089048,0.01581012961622472,0.5966023932047865,0.00523417113267042,0.0072661944105352014
RepNoise,LR,15,0.5673228346456692,0.015419807895721342,0.021406125077582945,0.5566929133858267,0.026539054403705062,0.0368421138478725,0.5779527559055118,0.03771316540103323,0.05235426673960684,0.5693285163715641,0.016983975902884873,0.023577538381181033,0.5566929133858267,0.026539054403705062,0.0368421138478725,0.5624810982916415,0.016049396142354448,0.022280133680410222,0.5935705871411743,0.014366377967686835,0.01994372989390281
RepNoise,LR,16,0.5653543307086614,0.010296611677655115,0.014293988546274018,0.5566929133858267,0.02745763114041368,0.0381173027900641,0.5740157480314961,0.013728815570206861,0.01905865139503208,0.5663071051558417,0.00876495175646318,0.012167703700763524,0.5566929133858267,0.02745763114041368,0.0381173027900641,0.5612431318700599,0.01774651660479833,0.02463611458085189,0.5965403930807862,0.008487829429996019,0.011782996237333136
RepNoise,LR,17,0.5720472440944881,0.010311654215518717,0.014314870936584595,0.568503937007874,0.03622047244094491,0.05028207670830662,0.5755905511811024,0.03269376297956962,0.045386219097561534,0.5727290696554389,0.010071939781730979,0.013982093953416982,0.568503937007874,0.03622047244094491,0.05028207670830662,0.5699838573128292,0.01940569326832627,0.026939421043907168,0.5966147932295864,0.005812965448214338,0.008069689732689313
RepNoise,LR,18,0.5649606299212598,0.004979964819162793,0.0069132994731108885,0.5551181102362205,0.029879788914976838,0.04147979683866544,0.5748031496062993,0.03129859356590833,0.043449413452820745,0.566570060903849,0.007238118418916464,0.010048119227521322,0.5551181102362205,0.029879788914976838,0.04147979683866544,0.5602518285328077,0.013518152489755271,0.018766204155749228,0.5931334862669726,0.0068867501166456745,0.009560341826040627
RepNoise,LR,19,0.5692913385826771,0.010519991508572727,0.014604089465349577,0.5795275590551181,0.03948016106054071,0.05480724996447949,0.5590551181102362,0.02871587799812671,0.03986402945467804,0.5678082674862523,0.008776487921651673,0.012183718465448695,0.5795275590551181,0.03948016106054071,0.05480724996447949,0.5730209993481752,0.0215387416052106,0.029900566850953575,0.5954243908487816,0.0067953988528707794,0.009433525941459906
RepNoise,LR,20,0.5681102362204724,0.009928756073164149,0.013783323100019758,0.5629921259842521,0.036848374667079055,0.051153744739453104,0.573228346456693,0.03491306972818168,0.04846711077711973,0.5691010581369751,0.011266615432264858,0.01564056963452887,0.5629921259842521,0.036848374667079055,0.051153744739453104,0.5653277916273336,0.01899649224193669,0.026371358950526537,0.592234484468969,0.008768747699839334,0.012172973314966688
RepNoise,LR,21,0.5696850393700787,0.01223643328182679,0.016986892645203717,0.5748031496062993,0.03217766416016148,0.04466975907708949,0.5645669291338582,0.049336851016757624,0.06849052925567486,0.570075252543534,0.015940895288209148,0.022129510347709467,0.5748031496062993,0.03217766416016148,0.04466975907708949,0.5715457875863812,0.011890068461239058,0.01650606118983695,0.592990885981772,0.004001261476123465,0.005554641419999757
RepNoise,LR,22,0.5507874015748031,0.015767704247638386,0.02188908263928107,0.5677165354330709,0.0334437174513312,0.046427322808683356,0.5338582677165353,0.026887198549549404,0.0373254154026889,0.5490791062506428,0.015045475059412887,0.020886467792041234,0.5677165354330709,0.0334437174513312,0.046427322808683356,0.5578837294439746,0.02118551648067666,0.029410211766931003,0.5873519747039495,0.00539238571238915,0.0074858314582507005
RepNoise,LR,23,0.5598425196850394,0.006886951056903886,0.0095606207758388,0.5748031496062993,0.031397483523428193,0.043586694722075374,0.5448818897637795,0.025098232205526348,0.03484193197807569,0.5581022319535931,0.006208012975533052,0.00861810361946158,0.5748031496062993,0.031397483523428193,0.043586694722075374,0.565919168645537,0.016342573269359825,0.022687128780025236,0.5882850765701532,0.007884202564771617,0.010945027809674043
RepNoise,LR,24,0.5590551181102362,0.017295970579912407,0.024010656428121467,0.5708661417322834,0.03897438951421915,0.05410512649741308,0.547244094488189,0.032177664160161476,0.044669759077089484,0.5576200911408836,0.01703945159496833,0.02365455098805232,0.5708661417322834,0.03897438951421915,0.05410512649741308,0.5636507447168957,0.02491917471675719,0.034593360333954624,0.5854609709219418,0.01333587429610301,0.018513161456474168
RepNoise,LR,25,0.5570866141732284,0.008351654895904089,0.011593955678017069,0.5590551181102362,0.03718336678147274,0.05161878834759721,0.5551181102362205,0.027949983227242268,0.03880079706081868,0.5567778536590544,0.007133933366395535,0.009903487187968069,0.5590551181102362,0.03718336678147274,0.05161878834759721,0.5573595660812218,0.02016554408124668,0.02799426307901389,0.5817967635935273,0.007665121242100479,0.010640894176688773
RepNoise,LR,26,0.5559055118110237,0.005918620621406646,0.008216362626913618,0.562992125984252,0.03651030903738466,0.0506844344080528,0.5488188976377952,0.03813820799468453,0.05294432045392871,0.5554985813546965,0.007510671589115628,0.010426483685174128,0.562992125984252,0.03651030903738466,0.0506844344080528,0.5584543063795628,0.016718554745834273,0.02320907474502649,0.5786781573563147,0.007638763767954475,0.010604304136649749
RepNoise,LR,27,0.5515748031496063,0.013374242323986613,0.01856642481808093,0.562992125984252,0.03817070753871125,0.052989437053895784,0.5401574803149606,0.027994313125403427,0.03886233682520041,0.5502712074704249,0.011987402002138083,0.016641181806437286,0.562992125984252,0.03817070753871125,0.052989437053895784,0.5560535001364456,0.022683916044264636,0.03149032383390818,0.5734484468968938,0.010613121935273272,0.014733375224028433
RepNoise,LR,28,0.5496062992125984,0.011232553242273291,0.015593283734191669,0.5582677165354331,0.034806356071339126,0.0483189684720206,0.5409448818897638,0.0369827356403697,0.05134026767276432,0.5490142724698182,0.011834827809953425,0.016429374871901985,0.5582677165354331,0.034806356071339126,0.0483189684720206,0.5529973419552905,0.018279293864134155,0.025375727987773718,0.580990761981524,0.009852863388643919,0.0136779671637915
RepNoise,LR,29,0.5523622047244094,0.014227803936687137,0.019751358298864485,0.5574803149606299,0.043528425074284276,0.060427141367232845,0.5472440944881889,0.036764149700562986,0.051036821741443604,0.5518188106160662,0.014358762449720877,0.01993315786011274,0.5574803149606299,0.043528425074284276,0.060427141367232845,0.5538753925786992,0.02499772275637314,0.034702402494011915,0.5744559489118979,0.011369310669710083,0.015783133479194834
RepNoise,LR,30,0.5421259842519686,0.016915394534599094,0.02348233217903863,0.5425196850393701,0.03763087604834182,0.05224003080436185,0.5417322834645668,0.05470032892270366,0.07593623024507508,0.5432505640081505,0.020088271672642124,0.02788699177869541,0.5425196850393701,0.03763087604834182,0.05224003080436185,0.5418384680105995,0.0177799398018637,0.024682513416797995,0.569499038998078,0.012266875341517075,0.01702915299901333
RepNoise,LR,31,0.5413385826771653,0.02206130035609749,0.030625994693992666,0.5307086614173229,0.037049733404782965,0.05143327548029652,0.5519685039370079,0.03979300399525443,0.055241545581870305,0.542458662223867,0.023392879063997764,0.03247452228686033,0.5307086614173229,0.037049733404782965,0.05143327548029652,0.5359953479393041,0.026292836730195397,0.036500308920657955,0.562992125984252,0.011447735701966857,0.015892004877661983
RepNoise,LR,32,0.5405511811023622,0.005511811023622038,0.007651620368655336,0.5338582677165353,0.03271272138242674,0.04541253757996905,0.5472440944881889,0.026115155829570066,0.03625364828724378,0.5410501840677047,0.004572777849119007,0.006348033338171692,0.5338582677165353,0.03271272138242674,0.04541253757996905,0.5369683401032742,0.017194512284984215,0.023869809734953916,0.5561132122264245,0.008979447157902453,0.012465471054470276
RepNoise,RF,1,0.5681102362204724,0.009029405465495823,0.012534824303761063,0.5393700787401574,0.020683347301675124,0.028713089187420993,0.5968503937007874,0.03184842270260894,0.04421269866046451,0.5727796283958841,0.011785061257483296,0.016360287821397857,0.5393700787401574,0.020683347301675124,0.028713089187420993,0.5551829436711371,0.009089644203768904,0.012618449078771857,0.5993474486948974,0.013716472166365611,0.01904151600344382
RepNoise,RF,2,0.5688976377952756,0.008351654895904089,0.011593955678017069,0.5614173228346456,0.01889763779527556,0.026234126978246872,0.5763779527559054,0.016628907151136133,0.023084623932280293,0.5699754697078818,0.008695546353739836,0.012071353555430764,0.5614173228346456,0.01889763779527556,0.026234126978246872,0.5655189551039167,0.01173953763650351,0.01629709090407775,0.5870605741211483,0.008220504824615506,0.011411890191279306
RepNoise,RF,3,0.5566929133858267,0.006274558051381574,0.008710482994518905,0.5535433070866141,0.01771216043968819,0.024588420577625177,0.5598425196850394,0.01935150508258978,0.026864195782383356,0.5571472692570932,0.006771622302621633,0.00940051879818104,0.5535433070866141,0.01771216043968819,0.024588420577625177,0.5551686558366857,0.009510585795537407,0.013202809689791772,0.58000341000682,0.014143092447638709,0.019633759899303223
RepNoise,RF,4,0.5523622047244094,0.015227621736861166,0.021139327917555892,0.5204724409448819,0.021332625486841072,0.02961443180697885,0.584251968503937,0.023700656603610103,0.03290178600853358,0.5560620249166229,0.016840612752357195,0.02337851842240688,0.5204724409448819,0.021332625486841072,0.02961443180697885,0.537508354108526,0.016973111726046312,0.02356245648587832,0.5678219356438713,0.01329027776460017,0.018449863323121637
RepNoise,RF,5,0.5641732283464567,0.011585778716190657,0.016083639303236193,0.5299212598425196,0.01985751214632834,0.027566646200039572,0.5984251968503937,0.027502754640272412,0.03817994425022019,0.5692519544835287,0.014323948170732305,0.019884827892868336,0.5299212598425196,0.01985751214632834,0.027566646200039572,0.5486040878340761,0.012238271279821465,0.016989444195471555,0.5852920205840413,0.011671818313348892,0.01620308141242778
RepNoise,RF,6,0.5547244094488188,0.012160193079905884,0.016881054277482415,0.5244094488188976,0.01417322834645672,0.019675595233685225,0.5850393700787402,0.02032045338671488,0.028209311670472283,0.5584200298628105,0.01350675217482995,0.018750377981463166,0.5244094488188976,0.01417322834645672,0.019675595233685225,0.5407829211153306,0.011819129811261783,0.01640758255608758,0.5877828755657512,0.01864250427197135,0.025879944867271947
RepNoise,RF,7,0.5543307086614173,0.018616677822892707,0.02584409200820743,0.5031496062992126,0.022187405989929732,0.030801057378888365,0.6055118110236221,0.019511042036793495,0.027085668580181892,0.5604829637780474,0.020680405881357142,0.0287090058413989,0.5031496062992126,0.022187405989929732,0.030801057378888365,0.5302129206696365,0.020923257369008515,0.029046137753488733,0.5816836133672268,0.014400724537593194,0.019991410576851228
RepNoise,RF,8,0.5618110236220473,0.021003116013148252,0.029156999324303486,0.5338582677165353,0.0183989314103117,0.025541811527514977,0.5897637795275591,0.028324575982055032,0.03932081517108991,0.5657630139918618,0.022758317608393173,0.03159360976318004,0.5338582677165353,0.0183989314103117,0.025541811527514977,0.5492693444655025,0.019534591230145826,0.027118360101489113,0.588767127534255,0.016860707161701318,0.023406413934639547
RepNoise,RF,9,0.5547244094488188,0.018058810930991643,0.025069648607522126,0.5086614173228347,0.023543175413741818,0.03268316706914831,0.6007874015748031,0.022075347667521564,0.030645495488514942,0.560308702983478,0.019595037986280976,0.027202273651587377,0.5086614173228347,0.023543175413741818,0.03268316706914831,0.5331083424719203,0.020244138135098046,0.028103369117070533,0.5744218488436976,0.012151150814275785,0.016868501600408124
RepNoise,RF,10,0.5515748031496063,0.01762443250834598,0.024466634684843076,0.5047244094488189,0.03868698739067163,0.05370614838783961,0.5984251968503937,0.03089986908716312,0.04289589513915341,0.556891251965345,0.018757705631924824,0.02603986999324943,0.5047244094488189,0.03868698739067163,0.05370614838783961,0.5289331224372826,0.025716409114006723,0.03570009910392401,0.576985553971108,0.014527349459370946,0.020167194148984175
RepNoise,RF,11,0.5366141732283464,0.009530486958197045,0.013230436932618822,0.49921259842519683,0.023805065287922773,0.03304672849878361,0.5740157480314961,0.01696114899884883,0.023545849558192184,0.5394656466169122,0.009776187913069162,0.013571524539367377,0.49921259842519683,0.023805065287922773,0.03304672849878361,0.5183545894771346,0.016182774699253534,0.022465292801130625,0.5684651869303738,0.009123396984136778,0.012665305449691458
RepNoise,RF,12,0.5440944881889764,0.012914346036895067,0.01792798642048395,0.5,0.023490447071143786,0.03260996839479256,0.5881889763779528,0.01464651593522701,0.020332623738281295,0.5482039619723922,0.013724214272116576,0.01905226376925192,0.5,0.023490447071143786,0.03260996839479256,0.5228591294666649,0.01808397822667598,0.025104586414979046,0.5698880897761794,0.02219538541450821,0.030812134596044965
RepNoise,RF,13,0.5590551181102362,0.013694903252697682,0.019011573551054945,0.5181102362204724,0.03175093724985189,0.04407736715639687,0.6,0.018566655311104893,0.025774649629205948,0.5640897551068316,0.013535170169138104,0.01878982848206137,0.5181102362204724,0.03175093724985189,0.04407736715639687,0.5398135554768376,0.021673250187360726,0.030087294698212474,0.5760865521731044,0.0056230143329031,0.007805995310522938
RepNoise,RF,14,0.5374015748031497,0.01078194010836943,0.014967732419209063,0.4866141732283465,0.038138207994684495,0.05294432045392866,0.5881889763779528,0.021649963913177212,0.03005496816722493,0.5411717815608972,0.010313121832223838,0.014316908315193215,0.4866141732283465,0.038138207994684495,0.05294432045392866,0.511906327820703,0.025315323269161753,0.03514330268858204,0.5526009052018104,0.010460056014938476,0.014520885661385362
RepNoise,RF,15,0.5476377952755905,0.008838560756158902,0.01226988937421537,0.521259842519685,0.025948436304384394,0.03602220448242245,0.5740157480314961,0.02843381115790202,0.03947245790573781,0.5505458016129097,0.010219199479637385,0.014186523187139555,0.521259842519685,0.025948436304384394,0.03602220448242245,0.5350848412214979,0.01423330253566504,0.019758991577973305,0.5674762849525699,0.011081519061697642,0.01538361467850326
RepNoise,RF,16,0.5326771653543306,0.01869975131816996,0.025959416507874533,0.4929133858267717,0.022875337080840885,0.03175605883392519,0.5724409448818898,0.03401356073457506,0.04721839210592948,0.5359821504034119,0.02192837934427237,0.030441470747662763,0.4929133858267717,0.022875337080840885,0.03175605883392519,0.5132456373381025,0.018431933172384094,0.025587625317899373,0.5573299646599292,0.018760769467947646,0.026044123279513776
RepNoise,RF,17,0.5338582677165354,0.007407436111112934,0.010283169866382462,0.5086614173228347,0.029293031870453998,0.04066524747656255,0.5590551181102362,0.028715877998126735,0.03986402945467806,0.5357720891623095,0.008453360182915544,0.011735145251164912,0.5086614173228347,0.029293031870453998,0.04066524747656255,0.5214063490088925,0.015947867112816313,0.022139188791861903,0.5552328104656209,0.017203610303237082,0.023882439809076506
RepNoise,RF,18,0.537007874015748,0.012286997271123824,0.017057086715495225,0.5055118110236221,0.04251968503937009,0.05902678570105559,0.5685039370078739,0.01922292222950189,0.026685694165849237,0.5388208404208084,0.01117404365458582,0.015512059405020661,0.5055118110236221,0.04251968503937009,0.05902678570105559,0.5210786756179523,0.02790765628619148,0.03874203784666946,0.5536394072788144,0.010684659879114997,0.014832685811036068
RepNoise,RF,19,0.5440944881889764,0.015480002560108274,0.021489688668231005,0.5267716535433071,0.04033464086571875,0.05599345810076795,0.5614173228346456,0.01856665531110484,0.02577464962920588,0.5451625448043802,0.014042607195216465,0.01949426400568707,0.5267716535433071,0.04033464086571875,0.05599345810076795,0.535381733739035,0.0264017632534796,0.03665152317685726,0.5550514601029202,0.011199959883673815,0.015548036898718939
RepNoise,RF,20,0.5499999999999999,0.022396004178469136,0.03109063808865004,0.49606299212598426,0.016136930340093853,0.02240165062783571,0.6039370078740157,0.05070034655749683,0.07038336451569706,0.5577385599223332,0.028048476447979313,0.03893752757112395,0.49606299212598426,0.016136930340093853,0.02240165062783571,0.5245025486161639,0.013186669495592407,0.01830603198744933,0.5727819455638912,0.020262672093331574,0.028129098375879243
RepNoise,RF,21,0.5354330708661417,0.015197054382377012,0.021096893626687707,0.5015748031496063,0.03105997310758428,0.04311815515106381,0.5692913385826772,0.033830789069198154,0.04696466435807721,0.5382659093214579,0.016818750876555155,0.023348169273376372,0.5015748031496063,0.03105997310758428,0.04311815515106381,0.5187692092272974,0.02029832072106402,0.028178586604866624,0.5461079422158844,0.015930159857765292,0.022114607181055453
RepNoise,RF,22,0.5417322834645669,0.011572392485589797,0.016065056236021787,0.5007874015748032,0.03325781430227225,0.04616924786456057,0.5826771653543308,0.034681441804008235,0.04814555966897049,0.5457947252525325,0.013225917168403165,0.01836051649198225,0.5007874015748032,0.03325781430227225,0.04616924786456057,0.5216528568666401,0.019262118388918517,0.026740107158326663,0.5588133176266352,0.014781529127040229,0.020520052096054765
RepNoise,RF,23,0.5409448818897638,0.006750562283260715,0.009371282804346043,0.4952755905511811,0.022602677314027257,0.03137754639644816,0.5866141732283465,0.018297559115940568,0.025401084222260277,0.5450348812025854,0.006949318669892453,0.009647200902741288,0.4952755905511811,0.022602677314027257,0.03137754639644816,0.5187264733008442,0.013985760340929252,0.019415347920521256,0.5588396676793354,0.01072588526593491,0.014889915822759085
RepNoise,RF,24,0.5389763779527559,0.012286997271123822,0.017057086715495225,0.5259842519685038,0.025948436304384388,0.036022204482422444,0.5519685039370079,0.024447519206708696,0.033938597517847766,0.540079377831753,0.012925602149271662,0.017943612409539726,0.5259842519685038,0.025948436304384388,0.036022204482422444,0.5326594589460171,0.01661313029186346,0.023062722140428794,0.5575314650629302,0.01092947358536055,0.015172541719231467
RepNoise,RF,25,0.5488188976377952,0.016582235975317074,0.02301983395345197,0.49763779527559054,0.01735858872838472,0.024097584354032715,0.6,0.036220472440944895,0.05028207670830661,0.5552052670414765,0.021096152820361955,0.02928615511829934,0.49763779527559054,0.01735858872838472,0.024097584354032715,0.5244834228265315,0.012969298698342622,0.01800427294443078,0.5507517515035031,0.01565909194502225,0.02173830459129965
RepNoise,RF,26,0.5318897637795275,0.007814737496566651,0.010848594835374087,0.5055118110236221,0.031258949986266486,0.043394379341496196,0.558267716535433,0.03444825646335019,0.04782184652013353,0.5339609182063618,0.008999886301027457,0.0124938451339122,0.5055118110236221,0.031258949986266486,0.043394379341496196,0.5187357898775931,0.016262213079268315,0.02257557095180907,0.5442944385888773,0.009401216157822736,0.013050980292146696
RepNoise,RF,27,0.5259842519685038,0.003817070753871162,0.00529894370538963,0.5070866141732283,0.045737120414039704,0.06349330204970141,0.5448818897637795,0.045410616867074705,0.06304004246230106,0.527225565629922,0.004434387849045858,0.006155917219015984,0.5070866141732283,0.045737120414039704,0.06349330204970141,0.5157969129265222,0.02322029562501213,0.03223493806465539,0.5450911401822804,0.015544050890263667,0.02157860200460902
RepNoise,RF,28,0.5275590551181102,0.008714938433534932,0.012098274077944117,0.5015748031496063,0.02801645177111369,0.038893070192459404,0.5535433070866143,0.03739950263633993,0.05191883301574909,0.5295516622782678,0.010555472005075537,0.014653344290772185,0.5015748031496063,0.02801645177111369,0.038893070192459404,0.5145920362502966,0.013448797986126481,0.01866992466968744,0.5445052390104781,0.01140945753168675,0.015838866258406917
RepNoise,RF,29,0.5137795275590551,0.014939894457488419,0.020739898419332724,0.49133858267716535,0.04463948908049879,0.06196954547804071,0.5362204724409448,0.0310400052668142,0.04309043534418009,0.5139293490003088,0.014869323797659515,0.02064193063780645,0.49133858267716535,0.04463948908049879,0.06196954547804071,0.5016721035931074,0.02915163480889919,0.040468956886840955,0.5336908673817348,0.011575434566235743,0.016069279320981317
RepNoise,RF,30,0.5338582677165353,0.010810653714760641,0.01500759329516779,0.5,0.04136669460335024,0.05742617837484198,0.5677165354330709,0.028433811157902045,0.03947245790573784,0.5359582625793206,0.010304595297197586,0.014305071586974246,0.5,0.04136669460335024,0.05742617837484198,0.5166789943375327,0.025776205309985825,0.035783109531741825,0.5420438340876682,0.028375375925608726,0.0393913367984019
RepNoise,RF,31,0.5220472440944881,0.019182563330834398,0.02662966703252097,0.5039370078740157,0.016516674774333065,0.0229288204156705,0.5401574803149606,0.03637420303134206,0.05049548898092029,0.5235250215045717,0.02107746317850441,0.029260209735972702,0.5039370078740157,0.016516674774333065,0.0229288204156705,0.5132889604780189,0.014803102659779233,0.020550000960742283,0.5303645607291215,0.014787280594443184,0.020528036412814088
RepNoise,RF,32,0.5232283464566929,0.01717907419627673,0.023848378232041167,0.4795275590551181,0.05207576618515418,0.07229275306209819,0.5669291338582677,0.024269346468381824,0.033691254104244096,0.5243978302806394,0.017089197633162474,0.023723609560175874,0.4795275590551181,0.05207576618515418,0.07229275306209819,0.500155491514879,0.03489167410446854,0.04843740888975424,0.5328352656705313,0.007179512296554743,0.00996676088673841
TAR,AdaBoost,1,0.5539370078740157,0.01428217098206069,0.019826831857370223,0.5511811023622047,0.02227107972241093,0.03091721514137889,0.5566929133858267,0.02193446972784901,0.030449925555497828,0.5542946454390432,0.014185676649267098,0.019692876248388173,0.5511811023622047,0.02227107972241093,0.03091721514137889,0.5525743790384001,0.016087890706543137,0.022333572702569422,0.5662021824043648,0.005693194091167652,0.007903420433681729
TAR,AdaBoost,2,0.54251968503937,0.016069552466109114,0.02230811514362393,0.5503937007874015,0.035336701846168286,0.049055206437313974,0.5346456692913385,0.042138860347274515,0.058498116274901965,0.5423236972323743,0.01750561669081837,0.024301691887345774,0.5503937007874015,0.035336701846168286,0.049055206437313974,0.5456590533348693,0.020157540997032652,0.027983153017017634,0.5646816293632588,0.008433360188025379,0.011707380807206525
TAR,AdaBoost,3,0.5539370078740158,0.009771396571646326,0.013564873091146994,0.5574803149606299,0.03096000512021654,0.042979377336461996,0.5503937007874015,0.02651568226847675,0.03680966812264616,0.5536072659492011,0.0092641516443858,0.012860704243432546,0.5574803149606299,0.03096000512021654,0.042979377336461996,0.555130774245834,0.01675305898403428,0.02325697430665599,0.5746729493458986,0.014744704933786401,0.02046893192049854
TAR,AdaBoost,4,0.5496062992125984,0.009675752541294871,0.013432097891191652,0.5433070866141732,0.03494856853727899,0.04851639102449901,0.5559055118110237,0.024573994542247617,0.0341141734309904,0.5500896293223857,0.008766294784536012,0.012169568122622999,0.5433070866141732,0.03494856853727899,0.04851639102449901,0.5462344191698149,0.019811539853108812,0.02750282642579754,0.5666888833777668,0.013309243119655678,0.018476191456727745
TAR,AdaBoost,5,0.5519685039370079,0.028596881570606088,0.03969883593031521,0.5480314960629921,0.02568426209496077,0.035655471887085594,0.5559055118110237,0.04779209734013708,0.06634606736358016,0.5533473472460377,0.02999783140138019,0.04164366608045542,0.5480314960629921,0.02568426209496077,0.035655471887085594,0.5503063486781498,0.02408064022461396,0.03342928784082932,0.5705003410006819,0.028909469865624485,0.04013277805113818
TAR,AdaBoost,6,0.5448818897637795,0.013140408872660351,0.01824181194739778,0.5464566929133858,0.013952791454070359,0.019369579768249663,0.5433070866141732,0.03404999733927505,0.04726897422231414,0.545318231672122,0.01490917406682856,0.020697251680194054,0.5464566929133858,0.013952791454070359,0.019369579768249663,0.5456089364396435,0.007569737077549746,0.010508479728298641,0.5553893607787217,0.020268064215683387,0.028136583841734404
TAR,AdaBoost,7,0.5303149606299212,0.010824981956588629,0.015027484083612493,0.5275590551181102,0.028930981213974555,0.04016264059005456,0.5330708661417323,0.03500174924550057,0.0485902176830154,0.5307981649534594,0.011943753638179233,0.016580588163205564,0.5275590551181102,0.028930981213974555,0.04016264059005456,0.5286787605064698,0.015346463526362946,0.021304306769933477,0.5508633517267035,0.0107416198954874,0.014911758990360641
TAR,AdaBoost,8,0.5322834645669291,0.015529986553792157,0.021559077575531934,0.5409448818897638,0.025587522534286495,0.03552117584722905,0.5236220472440944,0.02477501216149965,0.03439323062350581,0.5317568678827952,0.015337789458234954,0.02129226523293542,0.5409448818897638,0.025587522534286495,0.03552117584722905,0.5361096425691944,0.018243648919183647,0.025326244871307274,0.5503968007936016,0.01578495745618374,0.021913033932488415
TAR,AdaBoost,9,0.5531496062992126,0.017868985382535743,0.024806128500096187,0.5551181102362205,0.012938328130043272,0.017961278903050815,0.5511811023622046,0.04312776043347765,0.05987092967683615,0.5539162305088456,0.02003401926493884,0.027811677362788917,0.5551181102362205,0.012938328130043272,0.017961278903050815,0.554138312757227,0.008869920495285717,0.012313423671314829,0.5706522413044826,0.014410997091510284,0.020005671167871723
TAR,AdaBoost,10,0.5350393700787401,0.014486905112578054,0.020111048394641153,0.5480314960629922,0.011784747674878535,0.01635985249895382,0.5220472440944881,0.026186282123332127,0.03635238741232705,0.5344385784579422,0.0145588402663849,0.020210910397480485,0.5480314960629922,0.011784747674878535,0.01635985249895382,0.5410450747272412,0.010987025544871543,0.015252436647370885,0.5506386012772027,0.015307394612225267,0.021250070422221996
TAR,AdaBoost,11,0.5429133858267716,0.009514209428027236,0.013207840098136485,0.5377952755905512,0.02179268110724103,0.03025309139466795,0.5480314960629921,0.03335089540873601,0.04629846515577441,0.5437872590408814,0.010997008611218221,0.015266295365217434,0.5377952755905512,0.02179268110724103,0.03025309139466795,0.5403968209811787,0.009795227482584238,0.01359795569915998,0.5473045446090892,0.01096632440248796,0.015223698854649434
TAR,AdaBoost,12,0.5519685039370079,0.023178245715803215,0.032176563432356836,0.5559055118110237,0.014604123614953838,0.020273773763221082,0.5480314960629921,0.03507253141940173,0.04868847909314697,0.5521095948266865,0.0246591996219263,0.03423245704419634,0.5559055118110237,0.014604123614953838,0.020273773763221082,0.5538981448912436,0.018763511065993242,0.026047929227750833,0.5631750263500527,0.025204139769730384,0.034988955247194545
TAR,AdaBoost,13,0.5224409448818897,0.011718800052076565,0.016268302521689846,0.5204724409448819,0.023805065287922797,0.03304672849878364,0.5244094488188976,0.024192585032657053,0.0335846921480011,0.5225766864549755,0.011463248841928952,0.015913540568418986,0.5204724409448819,0.023805065287922797,0.03304672849878364,0.5212918205225225,0.015221718802001898,0.021131133330257734,0.5377100254200509,0.013212040764635355,0.018341252955322806
TAR,AdaBoost,14,0.5417322834645668,0.016156129550144255,0.022428303404219762,0.5503937007874016,0.011518691998683281,0.015990508009012624,0.5330708661417323,0.02745763114041369,0.038117302790064124,0.5413488161503548,0.01644844639329276,0.022834104238383036,0.5503937007874016,0.011518691998683281,0.015990508009012624,0.5457374791461135,0.012358273330802038,0.017156033749000908,0.5613460226920454,0.015028159429763797,0.020862429844449918
TAR,AdaBoost,15,0.5582677165354331,0.017720909346341542,0.02460056600715195,0.5763779527559055,0.022354440262328173,0.031032938122888824,0.5401574803149607,0.03746575512872543,0.05201080621984451,0.5568190126086312,0.019689313169616716,0.027333148587244446,0.5763779527559055,0.022354440262328173,0.031032938122888824,0.566084776731379,0.0152065608411829,0.02111009070719739,0.5715651931303862,0.018168137311197725,0.025221417954118207
TAR,AdaBoost,16,0.5507874015748031,0.020735738712226278,0.028785820125110575,0.5614173228346455,0.0425925301930662,0.05912791098626404,0.5401574803149607,0.03940156221479311,0.05469813727420443,0.5498667197002653,0.0192576783498831,0.026733943396003275,0.5614173228346455,0.0425925301930662,0.05912791098626404,0.554887828325852,0.026621932460181196,0.036957167034988234,0.5730330460660922,0.017030362089420544,0.02364193273145891
TAR,AdaBoost,17,0.5562992125984252,0.01548000256010824,0.02148968866823096,0.5503937007874016,0.035424320879376366,0.049176841155250346,0.5622047244094488,0.02246510648454662,0.031186567468383393,0.556758468710426,0.0136669501875872,0.01897276847565431,0.5503937007874016,0.035424320879376366,0.049176841155250346,0.553194017164776,0.022636267815496484,0.03142417748814084,0.5723448446896893,0.01153250576324266,0.01600968458851024
TAR,AdaBoost,18,0.5622047244094488,0.01572833413814027,0.021834428165377492,0.5464566929133858,0.01677738248241143,0.02329074073566125,0.5779527559055118,0.021621307429521217,0.03001518659033549,0.5643574531698987,0.01652541965887868,0.022940960261616593,0.5464566929133858,0.01677738248241143,0.02329074073566125,0.5551884225323074,0.015440453904846763,0.02143478633307202,0.585467170934342,0.020014577305844227,0.027784687596707075
TAR,AdaBoost,19,0.5444881889763779,0.015826575781292766,0.02197080943000616,0.536220472440945,0.043442879446090446,0.06030838499689793,0.552755905511811,0.0427378480161005,0.05932964446549484,0.5454257906578649,0.016481320030306435,0.02287974016267137,0.536220472440945,0.043442879446090446,0.06030838499689793,0.5399080112798486,0.025564683236094905,0.03548946981839396,0.5588009176018353,0.013405757544488939,0.018610174957932386
TAR,AdaBoost,20,0.5464566929133858,0.01000650789538489,0.013891259933132252,0.5488188976377952,0.015063879110007089,0.020912016710135276,0.5440944881889763,0.024320386159811816,0.0337621085549649,0.5464720896322168,0.011041634663057603,0.015328246256814315,0.5488188976377952,0.015063879110007089,0.020912016710135276,0.5474777129088622,0.009078365060680728,0.01260279111796286,0.5639577779155557,0.0038637153334743855,0.005363696762751318
TAR,AdaBoost,21,0.5452755905511811,0.01940749219506495,0.026941918354576277,0.5488188976377952,0.018229664413842873,0.025306831265606268,0.5417322834645668,0.03781167623163138,0.052491021696318446,0.5456000523895005,0.020471088289107597,0.02841842643918238,0.5488188976377952,0.018229664413842873,0.025306831265606268,0.5469252281767991,0.015009642512565608,0.02083672424239079,0.5602579205158411,0.017418139681095304,0.024180254329614303
TAR,AdaBoost,22,0.5444881889763779,0.01597280533472503,0.02217380859393729,0.5598425196850393,0.024573994542247634,0.03411417343099043,0.5291338582677165,0.025098232205526348,0.03484193197807569,0.5432274054363972,0.015522843198567032,0.02154916100870719,0.5598425196850393,0.024573994542247634,0.03411417343099043,0.5512230789655582,0.017751360888715963,0.02464283952503754,0.568508587017174,0.019402611913190752,0.026935143437215477
TAR,AdaBoost,23,0.5393700787401575,0.021310816697203718,0.02958415635335939,0.5417322834645669,0.023037383997366604,0.031981016018025304,0.537007874015748,0.0376473483082895,0.05226289796711352,0.5396723648837385,0.02223754040179439,0.030870655100100158,0.5417322834645669,0.023037383997366604,0.031981016018025304,0.5404364024886434,0.019298441026834524,0.026790531063451545,0.5548375596751193,0.021536295170738688,0.02989717065544621
TAR,AdaBoost,24,0.5551181102362205,0.014730934593598168,0.02044981562369228,0.5464566929133858,0.025319582977659082,0.03514921611198553,0.5637795275590551,0.039322806265145734,0.054588806488752604,0.5567306424517919,0.016762672544819952,0.02327032006854944,0.5464566929133858,0.025319582977659082,0.03514921611198553,0.5510624094346883,0.014031971133676907,0.019479498785187028,0.5606624713249426,0.01453679197716744,0.02018030246514258
TAR,AdaBoost,25,0.536220472440945,0.014867092589369467,0.020638833224138658,0.5409448818897638,0.03988637839972895,0.05537117003599732,0.5314960629921259,0.035301593340881725,0.04900646801848714,0.5358960325505696,0.015037941422674521,0.020876009427617945,0.5409448818897638,0.03988637839972895,0.05537117003599732,0.5377880747655678,0.023095150614515815,0.032061208938739184,0.5542966085932172,0.017135988452442075,0.0237885656307544
TAR,AdaBoost,26,0.5421259842519685,0.02547216711751467,0.03536103685610196,0.5488188976377952,0.03355476496482288,0.04658148147132253,0.5354330708661417,0.030597416106654247,0.042476023090510226,0.5415433299005519,0.024541895615663743,0.03406961297719246,0.5488188976377952,0.03355476496482288,0.04658148147132253,0.5449498317065189,0.027367009718483576,0.03799150008839215,0.5496698493396986,0.021776018872330518,0.030229960504388472
TAR,AdaBoost,27,0.5220472440944881,0.012781640221061378,0.017743761214082582,0.526771653543307,0.02133262548684106,0.029614431806978838,0.5173228346456693,0.019700781107396544,0.0273490686371022,0.5218268379844101,0.012936104564476355,0.017958192099183642,0.526771653543307,0.02133262548684106,0.029614431806978838,0.5241558771261741,0.015520124740873682,0.021545387184428992,0.5320370140740281,0.010966229101985865,0.015223566556343151
TAR,AdaBoost,28,0.5354330708661417,0.024396745487920743,0.033868112296347015,0.5393700787401574,0.021274419033238276,0.02953362829538065,0.5314960629921259,0.0323697713245582,0.04493644657522084,0.5354798721461312,0.025043891078170625,0.03476649439954682,0.5393700787401574,0.021274419033238276,0.02953362829538065,0.5373332765245531,0.022181813041591746,0.030793293121870045,0.5554467108934218,0.033505300829961907,0.04651281424376374
TAR,AdaBoost,29,0.5421259842519686,0.010006507895384919,0.013891259933132293,0.5417322834645669,0.013997156562701719,0.019431168412600217,0.5425196850393701,0.021477451491316316,0.029815482532594174,0.5423324627770254,0.010555137507364273,0.014652879933505615,0.5417322834645669,0.013997156562701719,0.019431168412600217,0.5419068303489472,0.00930086689582903,0.012911673183510377,0.5513857027714055,0.01323046419612824,0.018366828778417492
TAR,AdaBoost,30,0.5374015748031497,0.015549935163883078,0.021586770685953147,0.54251968503937,0.017851628423235646,0.02478203317775125,0.5322834645669291,0.02651568226847675,0.03680966812264616,0.5372424303412272,0.015845598668414323,0.021997217430923855,0.54251968503937,0.017851628423235646,0.02478203317775125,0.5397279448630867,0.0145413500477408,0.02018663008150886,0.5426793353586706,0.021180739900748913,0.029403580810951013
TAR,AdaBoost,31,0.5334645669291338,0.00980307054959745,0.013608843621669269,0.5377952755905512,0.03996402374944732,0.05547895906158079,0.5291338582677165,0.024599211577658764,0.03414918028825784,0.5328329855757675,0.007843064060468545,0.010887918410220332,0.5377952755905512,0.03996402374944732,0.05547895906158079,0.5347761364240953,0.022880750193231027,0.03176357343862493,0.5507936015872033,0.012984945943653726,0.018025994803257697
TAR,AdaBoost,32,0.5543307086614173,0.002007487997477471,0.002786840112169827,0.5464566929133857,0.01439028888385596,0.019976923566982087,0.5622047244094488,0.01395279145407033,0.01936957976824962,0.5552381882078267,0.002449915699622799,0.0034010282261824802,0.5464566929133857,0.01439028888385596,0.019976923566982087,0.5507013146192821,0.0068322726710640155,0.009484715007476188,0.5630882261764525,0.011976165529024281,0.016625583081049035
TAR,LR,1,0.5405511811023622,0.020929187181105546,0.0290543696523745,0.5314960629921259,0.05169337814856646,0.0717619133658631,0.5496062992125983,0.020773080249248677,0.02883765848895378,0.5403829165494713,0.018341258008234707,0.025461748010066593,0.5314960629921259,0.05169337814856646,0.0717619133658631,0.5352817849746777,0.034061546771857056,0.047285007405094205,0.5640120280240561,0.017281839204398085,0.02399103893393324
TAR,LR,2,0.5507874015748031,0.008925814211617806,0.012391016588875602,0.5456692913385827,0.04695449296338765,0.06518328607762106,0.5559055118110237,0.03498403132523321,0.04856562126651509,0.5511545215138183,0.007182972386363019,0.009971564261444278,0.5456692913385827,0.04695449296338765,0.06518328607762106,0.5474803299007218,0.025416360680313013,0.035283565101398434,0.5778256556513113,0.012896648013862144,0.01790341762577323
TAR,LR,3,0.5602362204724409,0.007428331600044556,0.01031217745536492,0.5582677165354331,0.03585920484011245,0.049780556877307716,0.5622047244094488,0.02950392755148851,0.04095801761722037,0.5605144227838119,0.006863541832930977,0.009528123563180769,0.5582677165354331,0.03585920484011245,0.049780556877307716,0.5588212844908547,0.018366894971827114,0.025497337821105723,0.5854098208196417,0.010693985308799971,0.014845631582837422
TAR,LR,4,0.5622047244094488,0.019904290802778807,0.02763158538590439,0.5755905511811024,0.03507253141940173,0.04868847909314697,0.5488188976377952,0.027570301417341073,0.03827371420950228,0.5604998471489819,0.01952473197611893,0.02710467326269717,0.5755905511811024,0.03507253141940173,0.04868847909314697,0.5676248075655939,0.024513291019418577,0.034029903431576934,0.5835730671461343,0.012903376524299239,0.0179127582957074
TAR,LR,5,0.5649606299212598,0.013292868516641024,0.01845345986353295,0.584251968503937,0.024345865879906003,0.03379748007703355,0.5456692913385827,0.012842131047480401,0.01782773594354282,0.5623914648059826,0.011895014752590947,0.01651292774304337,0.584251968503937,0.024345865879906003,0.03379748007703355,0.5730053259186416,0.01725409329765107,0.023952521440444723,0.5869985739971479,0.007602447772172964,0.010553889452285766
TAR,LR,6,0.5566929133858267,0.021142868633224482,0.029351007063278096,0.5685039370078739,0.018229664413842873,0.025306831265606268,0.5448818897637795,0.03805683771210889,0.05283136039254586,0.55598226462939,0.021840279088716857,0.030319167986010878,0.5685039370078739,0.018229664413842873,0.025306831265606268,0.5619467425796351,0.016899798259086125,0.023460681077634975,0.5827391654783309,0.016400954806480003,0.022768175346510853
TAR,LR,7,0.55,0.019629843877665965,0.02725059197497132,0.5417322834645668,0.02546608130519092,0.03535258839418325,0.5582677165354331,0.04477816443500135,0.06216205773265082,0.551778041601256,0.02257030038671462,0.031332600015768895,0.5417322834645668,0.02546608130519092,0.03535258839418325,0.5461635538137678,0.016544822638866963,0.022967895916023953,0.5825035650071301,0.018105090922609538,0.025133895535620173
TAR,LR,8,0.574015748031496,0.012109099605692654,0.01681012516428898,0.5834645669291338,0.022875337080840875,0.031756058833925176,0.5645669291338582,0.02757030141734109,0.038273714209502305,0.5728799259695192,0.012389458119179953,0.01719932517552515,0.5834645669291338,0.022875337080840875,0.031756058833925176,0.5778544356243109,0.013427380388835607,0.018640192278105767,0.5983399466798934,0.009465210404976396,0.013139818549281992
TAR,LR,9,0.573228346456693,0.012902338274152722,0.01791131697343877,0.5866141732283465,0.03776245293947021,0.05242268881202715,0.5598425196850393,0.04944982194679553,0.06864735804854157,0.5723004356049457,0.016694938489818033,0.023176290125816804,0.5866141732283465,0.03776245293947021,0.05242268881202715,0.5784001866690198,0.015765625095741604,0.02188619631372768,0.6039122078244157,0.013895713388042737,0.01929034270973139
TAR,LR,10,0.5811023622047243,0.018015844391570956,0.0250100014884912,0.5724409448818898,0.041858374362211064,0.05810873930474897,0.5897637795275591,0.025924531705754844,0.03598901957949408,0.5823161525029557,0.01596280658230379,0.022159928100328283,0.5724409448818898,0.041858374362211064,0.05810873930474897,0.5767910899833365,0.026437981687432673,0.03670180242369074,0.608506417012834,0.012750603239489547,0.017700674976299974
TAR,LR,11,0.5708661417322834,0.015992201583929028,0.022200734904518113,0.5653543307086614,0.03252264004419429,0.045148662379406575,0.5763779527559055,0.02522144468983775,0.03501297832755852,0.5716449220700118,0.01563568053637304,0.021705804345824704,0.5653543307086614,0.03252264004419429,0.045148662379406575,0.5681385357459042,0.020881708763468856,0.02898845904224954,0.5994729989459978,0.022034842325171333,0.030589265058763613
TAR,LR,12,0.5732283464566928,0.018608350075742477,0.025832531241801144,0.5692913385826771,0.0496500244738093,0.06892528371162937,0.5771653543307087,0.024974411853785364,0.034670041773318123,0.5732888817262211,0.015448318690120325,0.02144570440536012,0.5692913385826771,0.0496500244738093,0.06892528371162937,0.5706075506659255,0.02994949332939093,0.04157656207877078,0.5925537851075703,0.020093733238769944,0.02789457364796656
TAR,LR,13,0.5720472440944881,0.01000650789538489,0.013891259933132252,0.5724409448818898,0.03437618890227255,0.047721800706534756,0.5716535433070866,0.04785691779219761,0.06643605257700025,0.5730265755419905,0.01518004939398089,0.021073286918289528,0.5724409448818898,0.03437618890227255,0.047721800706534756,0.5718011526723775,0.012569776458675894,0.017449647161060605,0.5997349494698989,0.010156532955208386,0.014099528104634225
TAR,LR,14,0.5748031496062992,0.021017870574864775,0.029177481939632075,0.5874015748031496,0.036117621861983376,0.05013929721504437,0.5622047244094489,0.026979278266160357,0.03745324254192514,0.5728376471392667,0.020835492207275305,0.0289243001766382,0.5874015748031496,0.036117621861983376,0.05013929721504437,0.5797154707539837,0.02597248954440973,0.0360555957326887,0.6032922065844132,0.017149129507627908,0.02380680833992832
TAR,LR,15,0.5779527559055118,0.012733040652595434,0.017676294197091588,0.5811023622047244,0.024974411853785346,0.0346700417733181,0.5748031496062992,0.0366797313349673,0.05091963026247013,0.5780767407669923,0.014893636853244688,0.020675682569892377,0.5811023622047244,0.024974411853785346,0.0346700417733181,0.5791007546419712,0.012719586463849537,0.01765761678884761,0.6029543059086118,0.011513271948546809,0.015982983773176952
TAR,LR,16,0.574015748031496,0.013033815241926667,0.01809383626524988,0.5976377952755906,0.01714294571423406,0.023798223858478372,0.5503937007874016,0.011518691998683281,0.015990508009012624,0.5706141129033806,0.011976213876373291,0.01662565019792929,0.5976377952755906,0.01714294571423406,0.023798223858478372,0.58379025307258,0.014163625564652818,0.01966226443541736,0.6005146010292022,0.00873379310244197,0.01212444855454265
TAR,LR,17,0.5775590551181102,0.006886951056903886,0.0095606207758388,0.5968503937007874,0.020013015790769827,0.02778251986626457,0.5582677165354331,0.017677121512317845,0.024539778748430795,0.574714535063325,0.006592283282061581,0.009151556325278577,0.5968503937007874,0.020013015790769827,0.02778251986626457,0.5854089680259168,0.010825501887923908,0.015028205864017931,0.6028024056048111,0.005962800481302094,0.00827769410479114
TAR,LR,18,0.5929133858267717,0.01810167548436639,0.025129154147224022,0.5984251968503937,0.033958832524169785,0.04714241716998151,0.5874015748031496,0.0029461869187196337,0.004089963124738456,0.5914096293971813,0.01574878134181991,0.021862813434663154,0.5984251968503937,0.033958832524169785,0.04714241716998151,0.594751877979402,0.02493121514858228,0.03461007513295724,0.6150985801971605,0.007859206003676749,0.01091032701982473
TAR,LR,19,0.5870078740157479,0.01546998638140827,0.0214757839830688,0.6086614173228346,0.03105997310758427,0.043118155151063806,0.5653543307086614,0.008106795386603924,0.01125403618498828,0.583054333256762,0.012952424573477039,0.017980847903737003,0.6086614173228346,0.03105997310758427,0.043118155151063806,0.5954333058146322,0.0214931640042122,0.029837294997354238,0.6128650257300514,0.01041325998443814,0.01445592235647269
TAR,LR,20,0.5791338582677165,0.010666312743420546,0.014807215903489436,0.5960629921259841,0.025828692073790124,0.035855972840967885,0.5622047244094487,0.023278339368652732,0.03231551569861455,0.5766087652193569,0.01018449878113241,0.014138350894884012,0.5960629921259841,0.025828692073790124,0.035855972840967885,0.5859144842319262,0.014745272560856691,0.020469719913198983,0.6086939673879348,0.011758321882053606,0.016323167617383953
TAR,LR,21,0.5767716535433071,0.015449934543581576,0.021447947569576725,0.5795275590551181,0.027660107197244564,0.03839838461851803,0.574015748031496,0.0204421338358223,0.028378231214133565,0.5762753055705883,0.014567014322445752,0.02022225780645037,0.5795275590551181,0.027660107197244564,0.03839838461851803,0.5777005896501655,0.019301166856150284,0.02679431512118222,0.6073625147250294,0.009837241424550334,0.013656280400920897
TAR,LR,22,0.5736220472440945,0.01031165421551872,0.014314870936584597,0.5811023622047243,0.014646515935227,0.02033262373828128,0.5661417322834645,0.01982626505829004,0.02752326828772176,0.5726832729267473,0.011231098843522509,0.015591264705045365,0.5811023622047243,0.014646515935227,0.02033262373828128,0.5767509595989295,0.010130659341205054,0.014063609770157562,0.6088598177196355,0.007392110227327236,0.010261894128872646
TAR,LR,23,0.5763779527559054,0.007195144441927965,0.009988461783491023,0.5787401574803149,0.009643660404658165,0.01338754686335149,0.574015748031496,0.008768132854850412,0.012172119773286715,0.5760208313237032,0.007172499423310348,0.009957025457942024,0.5787401574803149,0.009643660404658165,0.01338754686335149,0.5773583778894406,0.007812944868782486,0.010846106269055694,0.6101184202368405,0.010036997649939148,0.01393358649802768
TAR,LR,24,0.571259842519685,0.018356760987204325,0.02548326959510468,0.5716535433070866,0.021764212537142124,0.030213570683616405,0.5708661417322834,0.03159433487832892,0.0438599682124582,0.571575867189399,0.019613895858890253,0.02722845257563761,0.5716535433070866,0.021764212537142124,0.030213570683616405,0.5713909672296691,0.01724620426306811,0.02394156970471843,0.6067502635005271,0.014740754726896822,0.020463448154207
TAR,LR,25,0.5771653543307086,0.013717520779672726,0.019042971712085716,0.5913385826771653,0.022875337080840878,0.03175605883392518,0.5629921259842519,0.03198440316785812,0.04440146980903631,0.5754151291622985,0.014707809049504876,0.02041771222184085,0.5913385826771653,0.022875337080840878,0.03175605883392518,0.5829591227616012,0.013514020839338697,0.018760468505461488,0.6045477090954183,0.010875951054724902,0.015098240535130893
TAR,LR,26,0.5688976377952756,0.01618488566227908,0.02246822328761039,0.5716535433070866,0.03453812944797055,0.047946610224252895,0.5661417322834644,0.02044213383582232,0.02837823121413359,0.5682740057196136,0.01435836622866115,0.019932607817101815,0.5716535433070866,0.03453812944797055,0.047946610224252895,0.5696520306030799,0.02300988981736251,0.03194284797727841,0.602287804575609,0.012613202583439384,0.017509932286829254
TAR,LR,27,0.5716535433070866,0.013210993492568887,0.018339799108621428,0.5622047244094488,0.02074321239735349,0.0287961952633552,0.5811023622047244,0.01625178538626009,0.022561094993203475,0.5729989808252797,0.013203732213465264,0.018329718837209064,0.5622047244094488,0.02074321239735349,0.0287961952633552,0.5674485782422095,0.015783220068650315,0.021910622051931915,0.6072106144212288,0.009346908884678023,0.012975589710797054
TAR,LR,28,0.5751968503937007,0.01437951367539346,0.019961965179585494,0.5724409448818898,0.027116811586964665,0.0376441693995995,0.5779527559055118,0.01902841885605443,0.02641568019627291,0.5755217010137258,0.013580056809442779,0.018852141128442714,0.5724409448818898,0.027116811586964665,0.0376441693995995,0.573779608859173,0.01881115117744603,0.02611406430487792,0.6055924111848223,0.010100263591653977,0.014021413705127609
TAR,LR,29,0.571259842519685,0.016582235975317088,0.02301983395345199,0.5708661417322836,0.027838849653013663,0.038646518926723605,0.5716535433070866,0.03297699463208178,0.04577940766518877,0.5716580230855584,0.018340493823049787,0.025460687150958523,0.5708661417322836,0.027838849653013663,0.038646518926723605,0.5708925293105306,0.018331239818862873,0.0254478405336444,0.6091155682311366,0.010853111966145277,0.015066534797283855
TAR,LR,30,0.5783464566929133,0.011369707935585567,0.01578368497264256,0.5818897637795276,0.024320386159811812,0.0337621085549649,0.5748031496062993,0.03573797076507156,0.049612257000192485,0.5783823492443569,0.014250492294110574,0.019782854788321126,0.5818897637795276,0.024320386159811812,0.0337621085549649,0.5796675631239891,0.011392748599621739,0.015815670542084426,0.606488312976626,0.012792156521533819,0.017758360179568333
TAR,LR,31,0.5724409448818897,0.019542793143292683,0.027129746182294034,0.5669291338582677,0.028930981213974548,0.040162640590054546,0.5779527559055119,0.02367448248562663,0.032865450507654534,0.5732058034884353,0.019129961920561423,0.026556644568481523,0.5669291338582677,0.028930981213974548,0.040162640590054546,0.5698643556927049,0.022320230782287065,0.030985447751183077,0.6043167586335173,0.01162638551961959,0.016140010583545184
TAR,LR,32,0.5669291338582677,0.020795452986211434,0.028868716826968843,0.5637795275590551,0.030738931174713612,0.042672477499522805,0.5700787401574804,0.030434878882027873,0.04225038524964707,0.5674966339284893,0.021184912956095505,0.029409373940496395,0.5637795275590551,0.030738931174713612,0.042672477499522805,0.5653470678398773,0.02279440908473422,0.03164371276459328,0.596469092938186,0.0169931566993406,0.023590283369871696
TAR,RF,1,0.5665354330708661,0.010446062331828012,0.014501459314897495,0.5496062992125984,0.01699766389364009,0.023596540358647194,0.5834645669291338,0.0067734844622383125,0.009403103890157452,0.5687519823225091,0.010090244250328138,0.014007504629536895,0.5496062992125984,0.01699766389364009,0.023596540358647194,0.5589805932455023,0.01350549215357195,0.01874862879153606,0.5895948291896584,0.019581277318376125,0.027183170782063035
TAR,RF,2,0.5633858267716535,0.0057593459993416415,0.007995254004506312,0.5291338582677165,0.02343760010415311,0.03253660504337966,0.5976377952755906,0.019826265058290046,0.02752326828772177,0.568095577464363,0.005903228002778706,0.008194994246590757,0.5291338582677165,0.02343760010415311,0.03253660504337966,0.5476474935718721,0.012945943643807307,0.017971850931007675,0.5970518941037882,0.005050319230780895,0.007010967053993964
TAR,RF,3,0.5677165354330709,0.004757104714013603,0.00660392004906822,0.5393700787401574,0.01670330979180823,0.02318791135603421,0.5960629921259842,0.012096292516328544,0.016792346074000573,0.5717725139733496,0.0044544828058055725,0.006183813491183319,0.5393700787401574,0.01670330979180823,0.02318791135603421,0.5549802943724349,0.009796849812358755,0.013600207853940718,0.5901481802963606,0.008699808542225079,0.012077270421609406
TAR,RF,4,0.5413385826771654,0.020720783255024848,0.02876505862213912,0.5007874015748032,0.015629474993133215,0.021697189670748056,0.5818897637795276,0.045533330062365235,0.06321039568750488,0.5461880102231005,0.024169099072337122,0.033552088408215525,0.5007874015748032,0.015629474993133215,0.021697189670748056,0.5220683878165339,0.013114920963526054,0.018206429057118955,0.5708645917291835,0.009004212552358533,0.012499850933578215
TAR,RF,5,0.5641732283464567,0.00928332765555242,0.01288732481460294,0.5409448818897638,0.014433309275451492,0.020036645444816637,0.5874015748031496,0.02287533708084086,0.031756058833925155,0.5675610605697775,0.011263395505660148,0.015636099659798498,0.5409448818897638,0.014433309275451492,0.020036645444816637,0.5537606010871393,0.008667691166764743,0.012032684356665081,0.5863522227044455,0.016821025708068194,0.023351327245786133
TAR,RF,6,0.5507874015748031,0.02522144468983778,0.03501297832755856,0.5125984251968504,0.022602677314027295,0.03137754639644821,0.5889763779527559,0.03223541652040742,0.04474993220604872,0.5553306906532947,0.02807095571148512,0.03896873379168852,0.5125984251968504,0.022602677314027295,0.03137754639644821,0.5330232842064722,0.024307612654463726,0.03374437608676494,0.5722099944199888,0.012042802526023189,0.016718090063120382
TAR,RF,7,0.5610236220472441,0.018922228095587235,0.026268263787714723,0.5228346456692913,0.04191758001324776,0.0581909299247594,0.5992125984251968,0.015022664589243253,0.020854801782916366,0.5653575339343886,0.01785966435138851,0.024793188834444122,0.5228346456692913,0.04191758001324776,0.0581909299247594,0.5428688645154873,0.030172424523880723,0.04188604019063932,0.5868110236220473,0.016564982986968277,0.022995882965926442
TAR,RF,8,0.5519685039370079,0.016403674532283165,0.022771950931207693,0.5236220472440944,0.03188733343514424,0.04426671541690816,0.5803149606299213,0.02834645669291339,0.03935119046737038,0.555108338284809,0.017301473300174428,0.024018295428489843,0.5236220472440944,0.03188733343514424,0.04426671541690816,0.5385130769312519,0.022481934005815225,0.03120992781291281,0.577999255998512,0.021449726509940138,0.029776994088177373
TAR,RF,9,0.5641732283464567,0.019904290802778803,0.027631585385904385,0.5330708661417323,0.02092177993005737,0.029044086739416664,0.5952755905511811,0.03182894949827989,0.044185665519043564,0.5688704691243528,0.023109042478710193,0.03208049393791146,0.5330708661417323,0.02092177993005737,0.029044086739416664,0.5501800545291139,0.019079785586085633,0.026486988649355482,0.5836939673879348,0.019665607996652505,0.027300240531522267
TAR,RF,10,0.5551181102362205,0.014678229828588357,0.02037664968027623,0.49763779527559054,0.05418787569790631,0.07522483112125936,0.6125984251968504,0.025344058172332394,0.035183193129210276,0.561324732818975,0.01090034362770091,0.015132102855052103,0.49763779527559054,0.05418787569790631,0.07522483112125936,0.5265106877055187,0.03512209347715542,0.04875728225947385,0.5708676917353834,0.014501225788751628,0.02013092868027377
TAR,RF,11,0.5566929133858267,0.017972775134666663,0.024950211774732983,0.5149606299212598,0.02732181350062595,0.03792875767947002,0.5984251968503937,0.026351496898711035,0.03658174228953061,0.5619306982524317,0.019170976269834713,0.02661358161312287,0.5149606299212598,0.02732181350062595,0.03792875767947002,0.5371628388744949,0.021512937602736645,0.02986474515277191,0.5801754603509206,0.01571072957621976,0.021809989115490817
TAR,RF,12,0.5637795275590551,0.022465106484546624,0.031186567468383393,0.5259842519685038,0.0169976638936401,0.023596540358647205,0.6015748031496063,0.04124661686207494,0.05725948374633848,0.569983345716994,0.02611264605498709,0.036250164161565755,0.5259842519685038,0.0169976638936401,0.023596540358647205,0.5467811416173988,0.017235301360475436,0.023926434049450492,0.5779140058280117,0.022092175533883644,0.030668856312110908
TAR,RF,13,0.5507874015748031,0.011437668540420413,0.015878029416962553,0.5259842519685038,0.0414116339915109,0.05748856424698661,0.5755905511811024,0.030738931174713595,0.042672477499522785,0.5532983679398066,0.011155322766011605,0.015486070645297244,0.5259842519685038,0.0414116339915109,0.05748856424698661,0.5385863104973114,0.024230909354679957,0.03363789483614636,0.57249519499039,0.01012230637028614,0.014052013987546725
TAR,RF,14,0.5606299212598426,0.017842943612007348,0.024769976726939064,0.5314960629921259,0.024141275144497473,0.03351346260408664,0.5897637795275591,0.024825012236904646,0.03446264185581468,0.5644700103770321,0.018925733721241046,0.02627313037630831,0.5314960629921259,0.024141275144497473,0.03351346260408664,0.5473149228956673,0.019871890504731708,0.027586606561444484,0.5827081654163309,0.007832276246593927,0.010872942523706347
TAR,RF,15,0.5551181102362205,0.022787080517303587,0.031633539082007826,0.5275590551181102,0.03149606299212599,0.04372354496374487,0.5826771653543308,0.02599617955782547,0.0360884827435838,0.5582563788889707,0.02424415413908225,0.03365628154455793,0.5275590551181102,0.03149606299212599,0.04372354496374487,0.5422765751051661,0.026408306555712725,0.03666060673658577,0.574237398474797,0.023479390476009075,0.0325946193800716
TAR,RF,16,0.5633858267716535,0.010810653714760594,0.015007593295167728,0.5330708661417323,0.0169976638936401,0.023596540358647205,0.5937007874015748,0.014814872222225828,0.020566339732764866,0.5674769764870107,0.011250884449168693,0.015618731529020224,0.5330708661417323,0.0169976638936401,0.023596540358647205,0.5496498853059268,0.013114920535536232,0.01820642846297383,0.583018166036332,0.010681304051264932,0.01482802717513197
TAR,RF,17,0.5645669291338582,0.020434550035214143,0.028367703211094903,0.5291338582677165,0.015669093497742072,0.021752188972346317,0.6,0.032522640044194286,0.045148662379406575,0.5700304893287349,0.023173108372685065,0.03216943165677979,0.5291338582677165,0.015669093497742072,0.021752188972346317,0.5486750639907696,0.017258181813457202,0.023958197210293457,0.5943672887345774,0.022316816094576107,0.030980707404692644
TAR,RF,18,0.5594488188976378,0.014540303395763272,0.020185177095628934,0.5385826771653542,0.04025771033437548,0.055886661402173826,0.5803149606299213,0.020167320432859383,0.027996729050383994,0.5615862533764574,0.013075254262596883,0.018151362848301884,0.5385826771653542,0.04025771033437548,0.055886661402173826,0.5493631451818398,0.026176825187127457,0.036339259080209234,0.5746744993489987,0.008043534360498518,0.011166215801848208
TAR,RF,19,0.5519685039370079,0.025502574394805737,0.03540324892420055,0.5236220472440944,0.01944738430744642,0.026997297484655045,0.5803149606299213,0.03973063247730037,0.05515496003400664,0.5557992616678351,0.027455136295136986,0.038113839389585756,0.5236220472440944,0.01944738430744642,0.026997297484655045,0.5390480631560829,0.021539712940502276,0.029901915280511608,0.5773854547709095,0.01810400396054771,0.025132386590372122
TAR,RF,20,0.5503937007874015,0.02697927826616034,0.037453242541925114,0.5354330708661417,0.00964366040465821,0.013387546863351555,0.5653543307086615,0.048704463288794075,0.06761263434972908,0.5532676847473821,0.030115622678777185,0.04180718658823737,0.5354330708661417,0.00964366040465821,0.013387546863351555,0.543914475822924,0.017988839819233104,0.024972513132148502,0.5764182528365056,0.02519721701024619,0.03497934491635237
TAR,RF,21,0.5507874015748031,0.013830053598622256,0.019199192309258983,0.5133858267716536,0.02303738399736661,0.03198101601802531,0.5881889763779528,0.028236883585891503,0.039199078609044265,0.5551620931037993,0.016293341638453862,0.022618784319700352,0.5133858267716536,0.02303738399736661,0.03198101601802531,0.5331675613336919,0.01612434087827814,0.02238417365301805,0.5820168640337281,0.011346312149314553,0.015751206414505354
TAR,RF,22,0.5598425196850394,0.008314453575568046,0.011542311966140119,0.5228346456692913,0.02419258503265704,0.03358469214800109,0.5968503937007874,0.0376473483082895,0.0522628979671135,0.5653876606538696,0.012872151179179087,0.017869410567398922,0.5228346456692913,0.02419258503265704,0.03358469214800109,0.5426957930485465,0.008844481715795799,0.012278108983916335,0.5819688139376279,0.007956031082359385,0.011044741777709132
TAR,RF,23,0.5543307086614173,0.01798139723884916,0.02496218117420998,0.526771653543307,0.028542628284081665,0.039623520294409395,0.5818897637795276,0.022187405989929732,0.030801057378888365,0.5574022228733562,0.018114530307429568,0.025146999502510002,0.526771653543307,0.028542628284081665,0.039623520294409395,0.541452694507899,0.022097241767722736,0.03067588937218307,0.5738374976749954,0.01632085006807308,0.022656972142084335
TAR,RF,24,0.5468503937007874,0.02771049504687838,0.038468334167756656,0.5188976377952755,0.0388469177434457,0.053928167310405666,0.5748031496062992,0.042182977121193295,0.05855936017540393,0.549986951665576,0.03078407786098959,0.04273515114758623,0.5188976377952755,0.0388469177434457,0.053928167310405666,0.5334682118085203,0.03096889646929846,0.04299172050778055,0.5820757641515283,0.01723326361880743,0.0239236052105106
TAR,RF,25,0.5413385826771653,0.014357938999063383,0.019932014727339055,0.5204724409448819,0.01919064190071488,0.026640881885421804,0.5622047244094489,0.026515682268476747,0.03680966812264616,0.5434037039398658,0.016244338994896232,0.022550757744776686,0.5204724409448819,0.01919064190071488,0.026640881885421804,0.5314946041715974,0.014428708287077603,0.020030258248991763,0.5595852191704384,0.008476412148601805,0.011767146509812318
TAR,RF,26,0.5362204724409448,0.017545102326895445,0.024356506737851686,0.5181102362204724,0.02688719854954942,0.03732541540268892,0.5543307086614173,0.04002603158153964,0.05556503973252912,0.5382557610162982,0.020474350294336453,0.028422954828407777,0.5181102362204724,0.02688719854954942,0.03732541540268892,0.527480586151887,0.017348585646656298,0.024083697850381836,0.558748217496435,0.010029586795329252,0.01392329858252419
TAR,RF,27,0.5492125984251969,0.01207063757224871,0.016756731302043287,0.537007874015748,0.020921779930057366,0.029044086739416657,0.5614173228346457,0.028672663710288388,0.03980403840570637,0.5507475507690106,0.013443685114756224,0.018662826866342713,0.537007874015748,0.020921779930057366,0.029044086739416657,0.543508995281894,0.01306769288742019,0.018140865976752938,0.5689208878417757,0.01708299405808528,0.023714997617346977
TAR,RF,28,0.5499999999999999,0.012610722344918888,0.017506489163779275,0.5362204724409448,0.026398511203527892,0.03664700860777213,0.5637795275590551,0.016021251928642337,0.022241063248209902,0.5512546516734057,0.012279319553881254,0.017046428335266615,0.5362204724409448,0.026398511203527892,0.03664700860777213,0.5434529091283534,0.01824822527838372,0.025332597876357606,0.5803521607043214,0.01708658696842788,0.023719985376514038
TAR,RF,29,0.5598425196850394,0.018322954768850513,0.025436339040367836,0.5488188976377952,0.03355476496482289,0.04658148147132254,0.5708661417322836,0.016516674774333096,0.02292882041567054,0.5608485182535666,0.017140068517345834,0.02379422966886987,0.5488188976377952,0.03355476496482289,0.04658148147132254,0.5545553187579119,0.02451735290910406,0.03403554223844449,0.5726393452786908,0.014829683638304217,0.020586901274600812
TAR,RF,30,0.5519685039370079,0.02583469246696522,0.035864302722098014,0.5236220472440944,0.024012520759018753,0.03333472286241907,0.5803149606299213,0.039338570068651345,0.05461069015629382,0.5557119554952576,0.02762577301722347,0.03835072113548776,0.5236220472440944,0.024012520759018753,0.03333472286241907,0.5389559296181673,0.023389780681584545,0.032470221042517726,0.5698539897079794,0.027529202959585164,0.03821666040356849
TAR,RF,31,0.5330708661417323,0.0186083500757425,0.025832531241801168,0.5023622047244094,0.013081297421918226,0.01815975209836072,0.5637795275590551,0.03471717745676945,0.04819516870806545,0.5358446627778355,0.02045755713716765,0.028399642188896703,0.5023622047244094,0.013081297421918226,0.01815975209836072,0.5183753677322012,0.013777132143267073,0.01912572555141856,0.5543152086304172,0.019456272510417986,0.027009636288472253
TAR,RF,32,0.5476377952755905,0.022732598477562264,0.03155790588572734,0.5283464566929135,0.03994850675264825,0.05545741801667572,0.5669291338582677,0.020381384418180725,0.028293897502506278,0.5490145707355168,0.021898152668804776,0.030399509395088568,0.5283464566929135,0.03994850675264825,0.05545741801667572,0.5381938383193344,0.03037967457629505,0.0421737493874282,0.5640213280426561,0.02129808459032909,0.029566481355453932
base,AdaBoost,1,0.5539370078740158,0.017633224942172166,0.024478840539772825,0.553543307086614,0.02653905440370507,0.036842113847872504,0.5543307086614173,0.045465196955124576,0.06311581177145474,0.5549096669001836,0.020083961786277655,0.027881008697245115,0.553543307086614,0.02653905440370507,0.036842113847872504,0.5536204354893259,0.014864756202639409,0.020635589799388402,0.5687689875379751,0.022614584855591455,0.031394076714193586
base,AdaBoost,2,0.5433070866141733,0.010781940108369427,0.014967732419209056,0.5448818897637795,0.013546968924476589,0.018806207780314853,0.5417322834645668,0.01485666320008914,0.020624354910729878,0.5432044113373912,0.010992366348048682,0.015259850870790381,0.5448818897637795,0.013546968924476589,0.018806207780314853,0.5439959740554927,0.011230155414982361,0.015589955016269167,0.5577717155434311,0.020418630134515826,0.028345602845910364
base,AdaBoost,3,0.537007874015748,0.026539054403705072,0.03684211384787251,0.537007874015748,0.015469986381408282,0.021475783983068812,0.537007874015748,0.038942560689380276,0.05406094100494904,0.5376673426732351,0.02717949207249028,0.03773118386321401,0.537007874015748,0.015469986381408282,0.021475783983068812,0.5372459042782487,0.02099977631215714,0.029152363076068683,0.5509114018228036,0.027889945106221337,0.03871745078720176
base,AdaBoost,4,0.5295275590551181,0.031000031000046512,0.04303494216552958,0.5440944881889763,0.022465106484546617,0.03118656746838339,0.5149606299212598,0.05502804790442881,0.07639117712642068,0.5299650791257925,0.03052597521215403,0.04237684722958719,0.5440944881889763,0.022465106484546617,0.03118656746838339,0.5365272903037103,0.022687770787440213,0.031495675075318995,0.5515887531775062,0.02131234061645115,0.02958627189242702
base,AdaBoost,5,0.5389763779527559,0.008106795386603959,0.011254036184988329,0.5393700787401575,0.010266460480634074,0.014252131974581557,0.5385826771653544,0.012044927984864858,0.01672104067301901,0.5389757491627524,0.0081708202225055,0.011342916906113294,0.5393700787401575,0.010266460480634074,0.014252131974581557,0.5391406133931568,0.00825789008480234,0.011463789252605449,0.5581654163308327,0.009407400807683625,0.01305956596256351
base,AdaBoost,6,0.547244094488189,0.026322070315664237,0.03654089164329912,0.5614173228346456,0.022902424523226748,0.03179366223233746,0.5330708661417323,0.04767519843534049,0.06618378566756741,0.5469538931917959,0.029039864071300905,0.04031379422818641,0.5614173228346456,0.022902424523226748,0.03179366223233746,0.5537018573474252,0.021291867931893606,0.02955785125001199,0.5693765887531774,0.027023448755186846,0.03751456101095103
base,AdaBoost,7,0.5590551181102362,0.007365467296799084,0.01022490781184614,0.574015748031496,0.02367448248562663,0.032865450507654534,0.5440944881889763,0.022187405989929715,0.030801057378888337,0.5574091346007038,0.007216876034717078,0.010018630070704764,0.574015748031496,0.02367448248562663,0.032865450507654534,0.5653313170091309,0.012712214046557169,0.017647382232895175,0.5756463512927026,0.008092496863685518,0.011234186653004097
base,AdaBoost,8,0.5409448818897638,0.024504513889126677,0.034017718821358615,0.5401574803149606,0.03426780338108494,0.04757133748164693,0.5417322834645669,0.06380382544845006,0.08857390942962196,0.5428519011500249,0.027184521788422508,0.03773816622830429,0.5401574803149606,0.03426780338108494,0.04757133748164693,0.5403785704066697,0.018641000783181875,0.025877857690226817,0.5601649203298407,0.02244530123320191,0.031159073371806775
base,AdaBoost,9,0.5562992125984252,0.014173228346456668,0.019675595233685155,0.5629921259842521,0.035125524445977115,0.048762045207769396,0.5496062992125983,0.019700781107396547,0.027349068637102205,0.555271237449191,0.012566309684292258,0.017444834506676467,0.5629921259842521,0.035125524445977115,0.048762045207769396,0.5587807260806847,0.02223906566770218,0.030872772508632063,0.5704181908363817,0.015142925345415748,0.021021750476827618
base,AdaBoost,10,0.5590551181102361,0.026174441163141195,0.03633594952434557,0.5574803149606298,0.03764734830828949,0.05226289796711348,0.5606299212598426,0.03299579029882987,0.0458055002336596,0.5592136526883383,0.02704564695647903,0.03754537705461197,0.5574803149606298,0.03764734830828949,0.05226289796711348,0.5580261667080786,0.02992816157498551,0.04154694885621868,0.5827314154628309,0.026580478881777225,0.036899620242561916
base,AdaBoost,11,0.5795275590551181,0.021405160974910534,0.029715127207380645,0.5850393700787401,0.028888088705266355,0.04010309624212829,0.5740157480314959,0.02393493567491443,0.033227017498920174,0.5786101621809442,0.020145668878362458,0.027966671874132536,0.5850393700787401,0.028888088705266355,0.04010309624212829,0.5816675390046716,0.023082198821226498,0.03204322896719835,0.6075702151404303,0.02079202375747201,0.02886395629429475
base,AdaBoost,12,0.5763779527559054,0.02955117166109479,0.041023602955653264,0.584251968503937,0.04715214148529092,0.06545766621321501,0.5685039370078739,0.03988637839972894,0.05537117003599731,0.5752744763903409,0.028158709986372026,0.03909055625517349,0.584251968503937,0.04715214148529092,0.06545766621321501,0.5791026425686452,0.03362384163408003,0.046677375261443735,0.6121830243660487,0.02170152991285914,0.03012655325093068
base,AdaBoost,13,0.6133858267716535,0.01000650789538489,0.013891259933132252,0.6023622047244095,0.015943666717572136,0.022133357708454104,0.6244094488188976,0.028016451771113712,0.038893070192459425,0.6164115049097385,0.013444125140210185,0.01866343771960162,0.6023622047244095,0.015943666717572136,0.022133357708454104,0.6090428519439748,0.007830095714670965,0.010869915460114229,0.6491304482608965,0.0059371302232576854,0.008242058073642857
base,AdaBoost,14,0.6200787401574803,0.019166395975807972,0.026607223145657416,0.637007874015748,0.02674848464797326,0.03713284963616191,0.6031496062992125,0.02354317541374181,0.032683167069148304,0.6161948648439848,0.018631812289896545,0.02586510201662372,0.637007874015748,0.02674848464797326,0.03713284963616191,0.6262696373954311,0.02047883271035709,0.02842917741941776,0.6767096534193069,0.018007673855580955,0.02499865896616306
base,AdaBoost,15,0.6248031496062992,0.012487205926892661,0.017335020886659034,0.6181102362204725,0.017955518505498202,0.024926255732939488,0.6314960629921259,0.011301338657013622,0.015688773198224065,0.6264358384030396,0.01167138614454952,0.01620248146595396,0.6181102362204725,0.017955518505498202,0.024926255732939488,0.622200391049584,0.014184458201547673,0.019691184771784904,0.6699097898195796,0.010608115678009093,0.014726425424790189
base,AdaBoost,16,0.6444881889763779,0.01819562206030133,0.025259572902676358,0.6448818897637795,0.034717177456769444,0.048195168708065436,0.6440944881889764,0.016814296459891832,0.023341985551705677,0.6441578999336491,0.01485337212702772,0.020619786168883766,0.6448818897637795,0.034717177456769444,0.048195168708065436,0.6442467500779357,0.023335973485452147,0.032395524679354616,0.7012896025792051,0.017239067583561887,0.023931662405277224
base,AdaBoost,17,0.6444881889763779,0.011784747674878573,0.016359852498953876,0.6503937007874016,0.03516080875868677,0.04881102768642588,0.6385826771653542,0.0260438352890413,0.036154639504418204,0.6430206532373715,0.011306506887665234,0.015695947852571664,0.6503937007874016,0.03516080875868677,0.04881102768642588,0.6461464408097489,0.01826194276531233,0.025351640801076887,0.7019359538719077,0.011755292794400391,0.01631896256958996
base,AdaBoost,18,0.6413385826771654,0.018441005399417898,0.02560021958807,0.6464566929133858,0.03202314867348465,0.04445525719375892,0.6362204724409448,0.024599211577658747,0.03414918028825783,0.6399779406358039,0.017992971923621894,0.02497824941265071,0.6464566929133858,0.03202314867348465,0.04445525719375892,0.6428948326427906,0.021645427441948716,0.030048670535556307,0.7030705561411124,0.016989993711840838,0.023585892439290938
base,AdaBoost,19,0.6488188976377953,0.022602677314027275,0.03137754639644817,0.6559055118110235,0.011023622047244119,0.015303240737310734,0.6417322834645669,0.04232970096288382,0.05876304552144267,0.6477575121058905,0.02643711172474389,0.03670059472186625,0.6559055118110235,0.011023622047244119,0.015303240737310734,0.6515408991129334,0.016008681443987476,0.022223612617914924,0.6982221464442929,0.026383999606938977,0.036626863282113176
base,AdaBoost,20,0.6334645669291339,0.010666312743420506,0.014807215903489384,0.6354330708661416,0.023569495349757105,0.03271970499790769,0.631496062992126,0.02062330843103747,0.02862974187316924,0.633079645636489,0.011249328569225402,0.015616571621393814,0.6354330708661416,0.023569495349757105,0.03271970499790769,0.6340171553169265,0.013617268592691899,0.01890379936517157,0.6984546469092938,0.018157841421201495,0.025207124967426366
base,AdaBoost,21,0.6444881889763779,0.021223357436131577,0.02946274343470541,0.6401574803149606,0.03933857006865133,0.05461069015629381,0.6488188976377953,0.018024445893322208,0.025021942287208505,0.6454304196263487,0.01758613051689767,0.024413462996505084,0.6401574803149606,0.03933857006865133,0.05461069015629381,0.6424588315198374,0.02696882570830457,0.037438732065377386,0.6981942463884927,0.016759079502790687,0.02326533212657198
base,AdaBoost,22,0.6405511811023622,0.012793761267143251,0.01776058792361453,0.64251968503937,0.009771396571646327,0.013564873091146998,0.6385826771653542,0.03182894949827992,0.0441856655190436,0.640682248785172,0.017985337792457295,0.024967651539598523,0.64251968503937,0.009771396571646327,0.013564873091146998,0.6413458354147712,0.0069060358833190946,0.009587114762280828,0.7020522041044082,0.009080449982129592,0.01260568545293857
base,AdaBoost,23,0.6381889763779528,0.023138087015614345,0.03212081421907159,0.6488188976377952,0.025319582977659103,0.035149216111985564,0.6275590551181102,0.041486424794707065,0.05759239052671051,0.6361462861450946,0.0258066575379593,0.035825384001391486,0.6488188976377952,0.025319582977659103,0.035149216111985564,0.6420285150080749,0.020227853111451324,0.028080761879974544,0.699009548019096,0.019225272487872074,0.02668895684752316
base,AdaBoost,24,0.6405511811023622,0.00721665463772572,0.010018322722408284,0.658267716535433,0.020136554098495164,0.027954018531158784,0.6228346456692913,0.02044213383582232,0.028378231214133583,0.6359224064812378,0.008516773897341406,0.011823177599674963,0.658267716535433,0.020136554098495164,0.027954018531158784,0.6466892201604427,0.009598910276041196,0.013325423725573715,0.6968364436728873,0.013984538570453207,0.019413651831192313
base,AdaBoost,25,0.6263779527559056,0.019222922229501862,0.026685694165849202,0.6251968503937008,0.03480635607133913,0.04831896847202061,0.6275590551181103,0.018732877564362715,0.026005403109922262,0.6264531935247404,0.017224117468227156,0.023910908318005596,0.6251968503937008,0.03480635607133913,0.04831896847202061,0.6255658454650943,0.024374548762783138,0.033837298301917146,0.6790641081282163,0.012474715378455436,0.01731768122562415
base,AdaBoost,26,0.6255905511811024,0.021614137372143,0.030005232954979623,0.6275590551181102,0.01662890715113609,0.023084623932280238,0.6236220472440945,0.029419750696487265,0.04084116140870079,0.6254356586558589,0.023008617130139963,0.03194108120417366,0.6275590551181102,0.01662890715113609,0.023084623932280238,0.6264326675019272,0.019153158892348445,0.02658884712786827,0.6819207638415277,0.024143238370639225,0.03351618799889247
base,AdaBoost,27,0.6255905511811024,0.028564341964121363,0.03965366371474041,0.6228346456692913,0.031239109330515536,0.043366836095724365,0.6283464566929134,0.03135796496336989,0.043531834165756206,0.6263743187172321,0.029407513432070865,0.04082417336225583,0.6228346456692913,0.031239109330515536,0.043366836095724365,0.6244975411533016,0.02922302348382223,0.04056806025536928,0.6861662223324446,0.02625077745421096,0.03644192128519037
base,AdaBoost,28,0.6161417322834646,0.012757363579543008,0.017710059832825423,0.6291338582677165,0.032408056105916065,0.04498959437212315,0.6031496062992125,0.027883356235631138,0.0387083039684523,0.6133973510897615,0.01268904035762924,0.017615211995298516,0.6291338582677165,0.032408056105916065,0.04498959437212315,0.6207171748865307,0.017809528319048494,0.02472358886365188,0.6670841341682683,0.013810736722022978,0.019172376185518095
base,AdaBoost,29,0.6385826771653542,0.014657094857469528,0.02034730963672055,0.6417322834645669,0.024523482680940845,0.034044051725950604,0.6354330708661416,0.019222922229501886,0.026685694165849233,0.6377560581259711,0.013879178681649725,0.01926738885741601,0.6417322834645669,0.024523482680940845,0.034044051725950604,0.6395648240012379,0.016750620130542602,0.02325358863523636,0.6868776737553476,0.02069705529128908,0.02873211892775388
base,AdaBoost,30,0.6377952755905512,0.014730934593598168,0.02044981562369228,0.6409448818897637,0.01982626505829004,0.02752326828772176,0.6346456692913385,0.03585920484011246,0.049780556877307716,0.6376968589892036,0.01901170115148539,0.02639247230176248,0.6409448818897637,0.01982626505829004,0.02752326828772176,0.6389306655110295,0.01141811477307857,0.015850884436150334,0.6848750697501396,0.012553178748371129,0.017426605845294027
base,AdaBoost,31,0.6196850393700787,0.014908737188001144,0.020696645195153088,0.6259842519685039,0.020832687488697526,0.028920406603054838,0.6133858267716537,0.028324575982055053,0.03932081517108994,0.6185786086238135,0.017277076537613376,0.023984427292492193,0.6259842519685039,0.020832687488697526,0.028920406603054838,0.6220112031880135,0.014352828122648415,0.019924919693436252,0.6636105772211545,0.012671346917415264,0.017590649562560415
base,AdaBoost,32,0.611023622047244,0.02002075926786004,0.027793269535796732,0.6157480314960629,0.02558752253428648,0.03552117584722903,0.6062992125984252,0.025756578320938778,0.0357558629029071,0.6101076455763752,0.020380060923299057,0.028292060197063294,0.6157480314960629,0.02558752253428648,0.03552117584722903,0.6127573749340385,0.020830787449749855,0.02891776892613686,0.6656860313720628,0.03137504406099888,0.04355554375426279
base,LR,1,0.5515748031496063,0.02235444026232817,0.031032938122888817,0.547244094488189,0.04724409448818899,0.06558531744561731,0.5559055118110237,0.007634141507742237,0.010597887410779138,0.5510588186731098,0.020278118929394483,0.02815054202206807,0.547244094488189,0.04724409448818899,0.06558531744561731,0.5487882266957047,0.03357187980227509,0.046605240674657766,0.5664021328042657,0.014794647647900243,0.020538263522569378
base,LR,2,0.5578740157480315,0.01548000256010824,0.021489688668230957,0.5448818897637795,0.013997156562701724,0.019431168412600227,0.5708661417322834,0.021849506969309606,0.030331978337962424,0.5595862675596669,0.01631299476471344,0.022646067232802967,0.5448818897637795,0.013997156562701724,0.019431168412600227,0.5520808962880749,0.014169139591884747,0.01966991913237637,0.5747256494512989,0.01422511745522884,0.01974762886471694
base,LR,3,0.5523622047244094,0.01309314106166603,0.018176193706163482,0.5393700787401575,0.013863635324140972,0.019245811217979247,0.5653543307086615,0.023437600104153123,0.03253660504337968,0.5539927382787903,0.014079280030098677,0.019545174062138293,0.5393700787401575,0.013863635324140972,0.019245811217979247,0.5464677747215869,0.011548904793927344,0.016032450092747483,0.5750666501333003,0.012910939674120827,0.017923257630858416
base,LR,4,0.5614173228346456,0.013374242323986612,0.01856642481808093,0.5858267716535432,0.023805065287922787,0.03304672849878362,0.537007874015748,0.03570325684647129,0.0495640663555025,0.559027044564749,0.014117782627969037,0.01959862423683557,0.5858267716535432,0.023805065287922787,0.03304672849878362,0.5717315413103903,0.012484338265489626,0.017331039934426126,0.5775342550685101,0.012136591182321039,0.016848289590971004
base,LR,5,0.5614173228346456,0.014162287991027494,0.019660407585544926,0.5669291338582678,0.034140918722328835,0.04739519333678289,0.5559055118110237,0.029293031870454,0.04066524747656256,0.560777934971457,0.014150581231855515,0.019644155998444535,0.5669291338582678,0.034140918722328835,0.04739519333678289,0.563392825095675,0.020713057521950875,0.028754333585250473,0.5905573811147622,0.008803365927683389,0.012221031119590811
base,LR,6,0.5755905511811024,0.017808162012438823,0.024721692126002573,0.5692913385826771,0.009514209428027205,0.01320784009813644,0.5818897637795275,0.04048806340844864,0.05620644273466266,0.5774894593649781,0.02105289893025917,0.029226109092571017,0.5692913385826771,0.009514209428027205,0.01320784009813644,0.5730543627727288,0.009413970846769615,0.013068686638994138,0.5984437968875937,0.010765426662105951,0.014944808080684971
base,LR,7,0.5661417322834645,0.023044111223089588,0.03199035490449038,0.5669291338582677,0.016327906577423373,0.02266676814750703,0.5653543307086615,0.03846196769077109,0.05339377096565864,0.5667293586275113,0.024954613898416744,0.034642557805180066,0.5669291338582677,0.016327906577423373,0.02266676814750703,0.5666393391541013,0.018288818841725722,0.025388950776479326,0.6042222084444169,0.018127210377819017,0.02516460226219317
base,LR,8,0.5775590551181102,0.008589537098138342,0.011924189116020553,0.6023622047244095,0.021128201362202725,0.029330645626860607,0.552755905511811,0.017179074196276685,0.023848378232041105,0.5739083679404228,0.007960806483498891,0.011051371097268696,0.6023622047244095,0.021128201362202725,0.029330645626860607,0.5876335185625281,0.012004033417673133,0.016664269912564686,0.6112189224378448,0.015048266702860396,0.020890343214433883
base,LR,9,0.5889763779527559,0.02062330843103748,0.02862974187316925,0.5913385826771653,0.046676379008752565,0.06479720201360417,0.5866141732283464,0.031199390167179434,0.043311697057410836,0.5883275155955958,0.019479038518218573,0.027041240573933666,0.5913385826771653,0.046676379008752565,0.06479720201360417,0.5891824610061296,0.029636379054610508,0.041141889780979955,0.6163711327422654,0.015471429995305113,0.02147778804043764
base,LR,10,0.6035433070866141,0.015278431426718324,0.021209863074906157,0.6062992125984252,0.0476361683850525,0.06612960327152859,0.6007874015748031,0.0297341851787389,0.041277666448277274,0.6028365270524627,0.011477042604861746,0.015932689381207493,0.6062992125984252,0.0476361683850525,0.06612960327152859,0.603744655747929,0.026929455736115025,0.03738407778208867,0.6403496806993614,0.012942150537540971,0.017966585255344343
base,LR,11,0.6098425196850394,0.014271314142040841,0.019811760147204708,0.6118110236220472,0.049524992735484705,0.06875171183269652,0.6078740157480315,0.03805683771210887,0.05283136039254582,0.6096443541363965,0.013836696749115798,0.019208414480594425,0.6118110236220472,0.049524992735484705,0.06875171183269652,0.6096668203397723,0.026386649707161824,0.03663054221100919,0.6490544981089961,0.010639100240215929,0.01476943889282812
base,LR,12,0.6165354330708661,0.01437951367539342,0.01996196517958543,0.6220472440944882,0.028499151292683253,0.039563164554430964,0.611023622047244,0.019190641900714865,0.026640881885421783,0.6152159928365285,0.013273237829934099,0.01842620810152339,0.6220472440944882,0.028499151292683253,0.039563164554430964,0.6183855636224178,0.018541459505051712,0.02573967224301201,0.6543586087172175,0.012255146731634229,0.01701287107826333
base,LR,13,0.6334645669291339,0.013546968924476595,0.018806207780314863,0.6503937007874014,0.026398511203527885,0.036647008607772126,0.6165354330708661,0.010738725745658135,0.014907741266297054,0.628934472544999,0.010449299433393861,0.014505953132296258,0.6503937007874014,0.026398511203527885,0.036647008607772126,0.639348828887588,0.01734894735439789,0.02408419998122616,0.6816541633083266,0.011228792459682207,0.015588062930983306
base,LR,14,0.6598425196850395,0.012032052590500917,0.016703166760189382,0.6708661417322834,0.014216905578951023,0.01973622895286892,0.6488188976377952,0.014604123614953876,0.020273773763221134,0.656439843097566,0.012176922640388596,0.016904278630639584,0.6708661417322834,0.014216905578951023,0.01973622895286892,0.6635339020459043,0.012100030616955002,0.01679753538959411,0.7132990265980533,0.009837919372420293,0.01365722154344346
base,LR,15,0.6602362204724409,0.013210993492568938,0.018339799108621498,0.6637795275590551,0.018058810930991695,0.025069648607522196,0.6566929133858268,0.013952791454070378,0.019369579768249687,0.659098106714586,0.012755218230259342,0.01770708161056664,0.6637795275590551,0.018058810930991695,0.025069648607522196,0.6613751243548707,0.014331470795335786,0.019895270969997624,0.7127348254696508,0.011443409091958684,0.015885998580072336
base,LR,16,0.6551181102362205,0.00614980289441473,0.008537295072064516,0.6543307086614173,0.00802995198990993,0.011147360448679373,0.6559055118110236,0.012598425196850421,0.017489417985497982,0.6554558489676843,0.007706158063994483,0.010697862418329014,0.6543307086614173,0.00802995198990993,0.011147360448679373,0.6548442956440155,0.005516057664534082,0.007657515651342227,0.716017732035464,0.0067990182354815635,0.00943855045002668
base,LR,17,0.65,0.007714928323726565,0.010710037490681239,0.6543307086614173,0.014604123614953888,0.020273773763221155,0.6456692913385826,0.02007487997477476,0.027868401121698343,0.6489471631595222,0.010188663388819436,0.014144132297197869,0.6543307086614173,0.014604123614953888,0.020273773763221155,0.6514691632975259,0.007531892648556727,0.010455943238480304,0.7139810279620559,0.0057501597105832705,0.007982501391277255
base,LR,18,0.6562992125984252,0.011585778716190707,0.016083639303236263,0.6598425196850394,0.01873287756436272,0.02600540310992227,0.6527559055118111,0.03372065055962811,0.046811767595182435,0.6559750660551043,0.01777474573932723,0.024675302902045254,0.6598425196850394,0.01873287756436272,0.02600540310992227,0.6574990447761002,0.008372724161389405,0.011623204507530478,0.7162781325562652,0.012737301158986379,0.017682208728148994
base,LR,19,0.6566929133858268,0.010460889965028702,0.014522043369708354,0.658267716535433,0.02118680952295073,0.02941200679737733,0.6551181102362206,0.020623308431037483,0.028629741873169256,0.6563880150761828,0.011568310637608005,0.016059389722597184,0.658267716535433,0.02118680952295073,0.02941200679737733,0.657111136056099,0.012507534966536154,0.01736324211796481,0.7200880401760804,0.011726452749157602,0.01627892616836595
base,LR,20,0.6586614173228347,0.011718800052076579,0.016268302521689863,0.6732283464566928,0.02527056147382867,0.03508116335480584,0.6440944881889763,0.01699766389364009,0.02359654035864719,0.6542015379705581,0.01024821746854279,0.0142268066137691,0.6732283464566928,0.02527056147382867,0.03508116335480584,0.663368033758082,0.015034253488223553,0.020870889753840608,0.7176824353648706,0.00880993728466154,0.012230153625549058
base,LR,21,0.6610236220472442,0.004384066427425206,0.006086059886643357,0.6700787401574803,0.02287533708084086,0.031756058833925155,0.6519685039370078,0.022902424523226755,0.03179366223233748,0.6584819743952871,0.008433070342394471,0.011706978436964928,0.6700787401574803,0.02287533708084086,0.031756058833925155,0.6638958109142052,0.008744477207880122,0.012139280470666237,0.7191177382354764,0.011829708957852516,0.016422268765972088
base,LR,22,0.6594488188976378,0.01375137732013623,0.01908997212511013,0.6645669291338583,0.036882010798835796,0.05120043917614,0.6543307086614172,0.011518691998683332,0.01599050800901269,0.6575709766218826,0.007050458720499741,0.00978760580196532,0.6645669291338583,0.036882010798835796,0.05120043917614,0.6606869015611896,0.02156311358588001,0.02993440058417035,0.7159867319734639,0.011498167466639663,0.01596201539074813
base,LR,23,0.655511811023622,0.00964366040465821,0.013387546863351555,0.658267716535433,0.025319582977659103,0.035149216111985564,0.652755905511811,0.020892124663656073,0.02900291862979506,0.6548318831155416,0.009952614746426754,0.013816444248317997,0.658267716535433,0.025319582977659103,0.035149216111985564,0.6562546998124723,0.01335756904884913,0.018543278601509387,0.7189503379006758,0.007024359586917019,0.009751374396122494
base,LR,24,0.6629921259842521,0.007814737496566658,0.010848594835374098,0.6606299212598425,0.025563280442122725,0.03548752242816513,0.6653543307086615,0.030189432303434346,0.0419096507737853,0.6643694515510846,0.013472602999624815,0.01870297132629075,0.6606299212598425,0.025563280442122725,0.03548752242816513,0.6620138895523822,0.0100564668902591,0.013960614136521802,0.7148180296360594,0.009117683722760605,0.012657374171400162
base,LR,25,0.6622047244094489,0.009114832206921473,0.012653415632803186,0.6692913385826771,0.02670208654773728,0.037068438747016576,0.6551181102362206,0.0282368835858915,0.03919907860904426,0.6604066996587769,0.012867197692927712,0.017862534026070777,0.6692913385826771,0.02670208654773728,0.037068438747016576,0.6643802844789626,0.011892767344717309,0.016509807840748295,0.7145576291152582,0.009978460098545505,0.013852323349009106
base,LR,26,0.6653543307086615,0.011679052735583726,0.016213124400529196,0.6763779527559055,0.02568426209496079,0.035655471887085614,0.6543307086614172,0.009448818897637821,0.013117063489123495,0.6616649776318242,0.007955645169578982,0.011044206044884037,0.6763779527559055,0.02568426209496079,0.035655471887085614,0.6687883325117109,0.01569539288762897,0.0217886983785069,0.7170748341496683,0.006155596064176082,0.00854533728097826
base,LR,27,0.6519685039370078,0.006274558051381615,0.00871048299451896,0.6551181102362205,0.025587522534286495,0.03552117584722906,0.6488188976377952,0.03211980795963957,0.04458944179471729,0.6517095789386078,0.013668474328670698,0.018974884322679766,0.6551181102362205,0.025587522534286495,0.03552117584722906,0.6528796005260489,0.008283956777448595,0.011499975623208642,0.7151683303366607,0.004910711201062555,0.006817160038615067
base,LR,28,0.6610236220472442,0.0019287320809316328,0.002677509372670298,0.6637795275590551,0.0260676304838533,0.03618767253049971,0.6582677165354331,0.026632337835098836,0.03697161201111715,0.6606121531492372,0.009313086169274348,0.01292863625448354,0.6637795275590551,0.0260676304838533,0.03618767253049971,0.6617287035344228,0.008803244098396503,0.012220861993427189,0.7224843449686899,0.004400157143268181,0.006108397381264036
base,LR,29,0.6594488188976377,0.007971833358786082,0.011066678854227073,0.6519685039370079,0.029524934266539644,0.04098717961281037,0.6669291338582678,0.03681470780334162,0.051107007639937516,0.6628408834335964,0.016074301428976423,0.022314707760977784,0.6519685039370079,0.029524934266539644,0.04098717961281037,0.6566287845355966,0.010615003791755687,0.014735987659638074,0.7195455390910782,0.004421541353423433,0.006138083424071071
base,LR,30,0.6653543307086615,0.007572985851051738,0.010512989748942391,0.6622047244094488,0.025924531705754848,0.035989019579494096,0.668503937007874,0.031040005266814205,0.0430904353441801,0.6670701592649999,0.01384729906413058,0.019223132853407703,0.6622047244094488,0.025924531705754848,0.035989019579494096,0.664110915811398,0.00976660112513806,0.01355821594415444,0.718776737553475,0.006748939194609667,0.00936902959607579
base,LR,31,0.6496062992125985,0.009643660404658213,0.01338754686335156,0.6480314960629922,0.02396082528299675,0.03326295803673799,0.6511811023622048,0.02845560787337425,0.03950271659772893,0.650529798975794,0.013294706244402078,0.01845601103865638,0.6480314960629922,0.02396082528299675,0.03326295803673799,0.6489050405107097,0.01130662022859511,0.015696105195006655,0.7117521235042471,0.007750992560395253,0.010760102677366976
base,LR,32,0.6594488188976377,0.010266460480634117,0.014252131974581616,0.662992125984252,0.022215332251442343,0.03083982524492994,0.6559055118110235,0.01605990397981982,0.02229472089735869,0.6583866594444963,0.009677895245669886,0.013435072441728601,0.662992125984252,0.022215332251442343,0.03083982524492994,0.6605041524536854,0.013019376445607462,0.018073792002567174,0.7152055304110607,0.00889763021320715,0.012351890926659519
base,RF,1,0.5665354330708661,0.01775586186421994,0.024649087880740855,0.5480314960629922,0.015629474993133205,0.021697189670748043,0.5850393700787402,0.03096000512021653,0.042979377336461976,0.5695571074560369,0.019507150256993098,0.027080265923693236,0.5480314960629922,0.015629474993133205,0.021697189670748043,0.5584156436795571,0.014706893448393604,0.020416441163728993,0.6005316510633022,0.01818097304119887,0.025239236803984866
base,RF,2,0.5677165354330709,0.013785150708670525,0.01913685710475112,0.5614173228346457,0.02779427180271307,0.03858463494958994,0.574015748031496,0.006773484462238277,0.009403103890157404,0.568265569371784,0.01235764284973457,0.017155158500964062,0.5614173228346457,0.02779427180271307,0.03858463494958994,0.5646948231081133,0.019970221240750013,0.02772311150679874,0.5979384958769919,0.015175573200909663,0.02106707296611826
base,RF,3,0.5574803149606299,0.007302061807476919,0.010136886881610541,0.5385826771653542,0.014390288883855983,0.019976923566982118,0.5763779527559054,0.006396880633571612,0.008880293961807246,0.5596681066842535,0.0068543344374970274,0.009515341649188663,0.5385826771653542,0.014390288883855983,0.019976923566982118,0.5488808305494992,0.010386913435878265,0.014419347483578728,0.5940200880401763,0.0016069473526251945,0.0022308005557533915
base,RF,4,0.5598425196850394,0.02768811176774368,0.03843726119486075,0.5307086614173229,0.027994313125403448,0.038862336825200454,0.5889763779527559,0.03870301016517953,0.05372839156476668,0.5640761201765985,0.030655212023197806,0.04255625668530413,0.5307086614173229,0.027994313125403448,0.038862336825200454,0.5466466912819541,0.026865975249975683,0.03729595273958009,0.5915462830925662,0.022966581980530774,0.03188272706148432
base,RF,5,0.5685039370078739,0.018058810930991646,0.025069648607522126,0.5322834645669291,0.024064105181001782,0.03340633352037869,0.6047244094488189,0.04244671487226317,0.05892548686941084,0.5748142729347512,0.021155663041652475,0.029368768549604993,0.5322834645669291,0.024064105181001782,0.03340633352037869,0.5521902017860761,0.015491920296510999,0.021506233138681198,0.5964582429164859,0.015081488266721042,0.020936462138617832
base,RF,6,0.5543307086614173,0.008498831946820025,0.01179827017932357,0.5236220472440944,0.02112820136220274,0.02933064562686063,0.5850393700787402,0.03544181869268313,0.049201132014303955,0.5585969138031736,0.012886085290802906,0.01788875421540554,0.5236220472440944,0.02112820136220274,0.02933064562686063,0.5400424264777652,0.007334509326019568,0.010181931258627317,0.5810791121582243,0.012994154403096774,0.01803877819433123
base,RF,7,0.552755905511811,0.01942345887172285,0.026964083655202833,0.5228346456692913,0.015429856647453099,0.021420074981362433,0.5826771653543308,0.03865492191695616,0.05366163437406802,0.5569487431123968,0.022309594897398193,0.030970682775913496,0.5228346456692913,0.015429856647453099,0.021420074981362433,0.5390525537097204,0.014106771112710954,0.019583337803016014,0.5959281418562836,0.01640174244257438,0.02276926876070031
base,RF,8,0.5688976377952756,0.01085358169455921,0.015067186884861673,0.5330708661417323,0.018897637795275604,0.026234126978246935,0.6047244094488189,0.014433309275451483,0.020036645444816627,0.5741881574140569,0.011509677417289792,0.015977993763819944,0.5330708661417323,0.018897637795275604,0.026234126978246935,0.5527606298677006,0.014064865515656243,0.01952516350810454,0.602768305536611,0.012988303301371393,0.018030655562958506
base,RF,9,0.5586614173228346,0.0238635944262862,0.033127979968643896,0.5283464566929134,0.03542432087937636,0.04917684115525033,0.5889763779527559,0.02235444026232818,0.03103293812288883,0.5620917001078944,0.024345807453484993,0.03379739896815824,0.5283464566929134,0.03542432087937636,0.04917684115525033,0.5445080857797682,0.029409753710339485,0.040827283367072434,0.5897932295864592,0.02680047892332915,0.03720502926181699
base,RF,10,0.581496062992126,0.005511811023622038,0.007651620368655336,0.5472440944881889,0.016327906577423404,0.022666768147507076,0.6157480314960629,0.025828692073790113,0.03585597284096787,0.5878875380423089,0.00924705887995935,0.012836975682369488,0.5472440944881889,0.016327906577423404,0.022666768147507076,0.5665573647207356,0.0052645640238096775,0.007308386507453404,0.6126418252836505,0.016781720144800328,0.023296762376415085
base,RF,11,0.5909448818897637,0.011771587706870933,0.01634158353457419,0.5551181102362205,0.015943666717572087,0.022133357708454034,0.626771653543307,0.022326687998043812,0.030994411803723587,0.5982193037179904,0.014311143295171547,0.019867051875831668,0.5551181102362205,0.015943666717572087,0.022133357708454034,0.5757044176360471,0.011745340625266365,0.016305146743950824,0.6261888523777047,0.016747844534448757,0.02324973549014198
base,RF,12,0.5937007874015748,0.012044927984864876,0.016721040673019032,0.5559055118110237,0.016403674532283165,0.022771950931207693,0.6314960629921259,0.025708390106007104,0.035688966936169464,0.6017474308417192,0.015034940125811134,0.02087184295962515,0.5559055118110237,0.016403674532283165,0.022771950931207693,0.5776999053853842,0.011278287319916196,0.01565677281219786,0.6291772583545167,0.017333871157394595,0.02406327086453876
base,RF,13,0.623228346456693,0.007634141507742237,0.010597887410779138,0.589763779527559,0.03240805610591601,0.04498959437212306,0.6566929133858267,0.028104831964684638,0.03901576157037765,0.6324359293199355,0.009860442127174476,0.013688488139539871,0.589763779527559,0.03240805610591601,0.04498959437212306,0.6097546815629544,0.016073940526561255,0.022314206748105764,0.6759641019282038,0.012164748821856705,0.01688737866120237
base,RF,14,0.6311023622047245,0.011915547992457897,0.016541432449704595,0.6204724409448819,0.0101449596273426,0.014083461749882323,0.6417322834645669,0.02761524081377982,0.038336100093138724,0.634451366696017,0.015972103036054015,0.022172833647083535,0.6204724409448819,0.0101449596273426,0.014083461749882323,0.6271961127192526,0.007719017955644444,0.010715714809941466,0.6823563147126295,0.009983273125461935,0.013859004901520757
base,RF,15,0.6279527559055118,0.019407492195064942,0.026941918354576266,0.6196850393700787,0.0235694953497571,0.03271970499790768,0.6362204724409449,0.016628907151136133,0.02308462393228029,0.6299807651759457,0.01886353136875041,0.026186779667756108,0.6196850393700787,0.0235694953497571,0.03271970499790768,0.6247651961098104,0.021034355015841364,0.02920036601236276,0.6880107260214521,0.016907925608295314,0.023471963647100018
base,RF,16,0.6547244094488189,0.011585778716190709,0.016083639303236263,0.658267716535433,0.015022664589243246,0.020854801782916356,0.6511811023622048,0.0275703014173411,0.03827371420950232,0.654107744601996,0.015598906542109683,0.021654753857639174,0.658267716535433,0.015022664589243246,0.020854801782916356,0.6559535230733987,0.00924283589417223,0.012831113238260503,0.7229245458490917,0.015142017173640356,0.021020489732287387
base,RF,17,0.6358267716535433,0.019367517915352513,0.02688642515795558,0.6118110236220472,0.018058810930991646,0.025069648607522126,0.6598425196850395,0.023437600104153106,0.03253660504337965,0.642840462086611,0.021213921673955752,0.02944964449685197,0.6118110236220472,0.018058810930991646,0.025069648607522126,0.6268993293699785,0.018925493687609665,0.026272797156207842,0.7057505115010231,0.012357562029047092,0.017155046303862987
base,RF,18,0.6507874015748032,0.010824981956588623,0.015027484083612486,0.64251968503937,0.018195622060301297,0.025259572902676306,0.6590551181102362,0.01681429645989184,0.023341985551705687,0.6534089452146167,0.011256615003753105,0.015626686814133203,0.64251968503937,0.018195622060301297,0.025259572902676306,0.647793054092215,0.012481455837322727,0.017327038482638592,0.7107818215636431,0.010450852194716469,0.014508108710583107
base,RF,19,0.6401574803149607,0.012536758526055652,0.01740381092235699,0.6251968503937008,0.016403674532283165,0.022771950931207693,0.6551181102362205,0.028126883621246847,0.03904637417733948,0.6450124223938545,0.01749049629662889,0.024280701415127753,0.6251968503937008,0.016403674532283165,0.022771950931207693,0.6346895133920318,0.010707104416167918,0.014863843823555576,0.7133796267592535,0.015241411018554337,0.021158470509386493
base,RF,20,0.6440944881889764,0.011967467837457231,0.016613508749460104,0.6330708661417322,0.029187012587166345,0.040518069116492264,0.6551181102362205,0.02757030141734109,0.038273714209502305,0.6477035824369469,0.014605782814228755,0.020276077101073778,0.6330708661417322,0.029187012587166345,0.040518069116492264,0.6398651834020853,0.01589508440268195,0.022065914643266085,0.7147978795957591,0.007585092484227301,0.01052979645015275
base,RF,21,0.6456692913385826,0.008258337387166532,0.01146441020783525,0.6456692913385826,0.01976362267403327,0.027436306717147953,0.6456692913385826,0.02514758964200207,0.03491045108452976,0.6460654859333484,0.012077660559251451,0.0167664807709871,0.6456692913385826,0.01976362267403327,0.027436306717147953,0.6455699200265562,0.009027656449261926,0.012532396279980308,0.7189580879161759,0.01682196348907257,0.023352629094525807
base,RF,22,0.638976377952756,0.01626132002209715,0.022574331189703294,0.6259842519685039,0.011941536132364627,0.01657750977162321,0.6519685039370079,0.026887198549549407,0.037325415402688904,0.6430946400750758,0.019429372127253788,0.02697229256989016,0.6259842519685039,0.011941536132364627,0.01657750977162321,0.6343096562008039,0.013535232561783966,0.018789915096939478,0.7041710583421167,0.01299899599622648,0.018045499403104397
base,RF,23,0.639763779527559,0.017024998669637522,0.023634487111157065,0.6346456692913385,0.021621307429521223,0.0300151865903355,0.6448818897637796,0.02162130742952122,0.03001518659033549,0.64130510945637,0.017185250999184873,0.02385695300914121,0.6346456692913385,0.021621307429521223,0.0300151865903355,0.6378435602207524,0.017706159782780284,0.02458009033037522,0.7101339202678405,0.012393219387710883,0.017204546653326172
base,RF,24,0.6425196850393701,0.01645085229588677,0.02283744416662339,0.6370078740157481,0.03023047845740544,0.04196663197042541,0.6480314960629922,0.023037383997366614,0.03198101601802531,0.6441814048485265,0.01560468182137497,0.021662771230562802,0.6370078740157481,0.03023047845740544,0.04196663197042541,0.6402785132871857,0.01980461039659579,0.02749320679798891,0.7062387624775249,0.020621904154079027,0.028627792424225435
base,RF,25,0.6271653543307087,0.015529986553792115,0.02155907757553187,0.6196850393700787,0.017358588728384732,0.024097584354032735,0.6346456692913386,0.022602677314027278,0.03137754639644818,0.6292921420536718,0.017138191316434036,0.023791623696228347,0.6196850393700787,0.017358588728384732,0.024097584354032735,0.6243448455687712,0.015249598910729065,0.021169837125961693,0.6980469960939921,0.011211589970360869,0.015564182047346583
base,RF,26,0.6480314960629922,0.014486905112578044,0.020111048394641135,0.6291338582677165,0.01951104203679349,0.02708566858018189,0.6669291338582677,0.03437618890227254,0.047721800706534735,0.6546264664375503,0.019504783294300974,0.027076980052702867,0.6291338582677165,0.01951104203679349,0.02708566858018189,0.6412443440250934,0.01184263264457164,0.016440209719338295,0.7103896707793416,0.015899912609913105,0.022072617269432996
base,RF,27,0.637007874015748,0.012487205926892661,0.017335020886659034,0.6165354330708661,0.023037383997366604,0.031981016018025304,0.6574803149606299,0.03303334954866617,0.04585764083134106,0.6435899263927664,0.017519717549388573,0.024321267017223935,0.6165354330708661,0.023037383997366604,0.031981016018025304,0.6293070825835247,0.012128263758824046,0.016836729273867437,0.6989506479012958,0.011908242177137637,0.016531290352111885
base,RF,28,0.6366141732283465,0.004757104714013602,0.00660392004906822,0.6165354330708661,0.0058923738374392675,0.00817992624947691,0.6566929133858268,0.01204492798486487,0.01672104067301903,0.642431389755063,0.0068649692363513,0.009530105116800516,0.6165354330708661,0.0058923738374392675,0.00817992624947691,0.6291710388605469,0.0034237027102663534,0.004752861315785727,0.694736189472379,0.012630905170193666,0.017534507417000886
base,RF,29,0.6440944881889764,0.016299402790932626,0.022627198548266118,0.621259842519685,0.030536566030969013,0.042391549643116644,0.6669291338582677,0.020320453386714857,0.02820931167047225,0.6509673345234882,0.016362805748304513,0.022715215963591235,0.621259842519685,0.030536566030969013,0.042391549643116644,0.6354859941642091,0.021124554763060105,0.029325583335690537,0.6993350486700974,0.02016138825427651,0.027988493866289203
base,RF,30,0.6381889763779528,0.02723089207211115,0.03780253850189127,0.6118110236220472,0.03715000350263133,0.05157247269148092,0.6645669291338583,0.020442133835822333,0.02837823121413361,0.6454539203491878,0.026309691758271078,0.0365237074507573,0.6118110236220472,0.03715000350263133,0.05157247269148092,0.6280718181532461,0.0315437003937371,0.043789676279008614,0.6974409448818897,0.017288176489525714,0.023999836496069668
base,RF,31,0.6421259842519685,0.013489639133080177,0.018726621270962564,0.6181102362204725,0.012198372743960345,0.01693405614817347,0.6661417322834646,0.016777382482411427,0.02329074073566125,0.6493920432725806,0.015112586768025783,0.020979633779481102,0.6181102362204725,0.012198372743960345,0.01693405614817347,0.6333419344928523,0.013088103301077883,0.018169200173300423,0.6956320912641825,0.008025205078402006,0.01114077067906888
base,RF,32,0.6200787401574803,0.010924753484654789,0.015165989168981193,0.6062992125984252,0.021563880216738825,0.029935464838418076,0.6338582677165354,0.020381384418180756,0.028293897502506323,0.62362078182936,0.012067131932641455,0.01675186469407921,0.6062992125984252,0.021563880216738825,0.029935464838418076,0.6146351673575503,0.013379248472406206,0.018573374466218668,0.6755347510695021,0.007182592277396851,0.009971036585604998
