model,clf,layer,mean_accuracy,std_accuracy,mean_true_accuracy,std_true_accuracy,mean_false_accuracy,std_false_accuracy,mean_precision,std_precision,mean_recall,std_recall,mean_f1,std_f1,mean_auc,std_auc
ELM,AdaBoost,1,0.5539370078740158,0.017633224942172166,0.553543307086614,0.02653905440370507,0.5543307086614173,0.045465196955124576,0.5549096669001836,0.020083961786277655,0.553543307086614,0.02653905440370507,0.5536204354893259,0.014864756202639409,0.5687689875379751,0.022614584855591455
ELM,AdaBoost,2,0.5433070866141733,0.010781940108369427,0.5448818897637795,0.013546968924476589,0.5417322834645668,0.01485666320008914,0.5432044113373912,0.010992366348048682,0.5448818897637795,0.013546968924476589,0.5439959740554927,0.011230155414982361,0.5577717155434311,0.020418630134515826
ELM,AdaBoost,3,0.537007874015748,0.026539054403705072,0.537007874015748,0.015469986381408282,0.537007874015748,0.038942560689380276,0.5376673426732351,0.02717949207249028,0.537007874015748,0.015469986381408282,0.5372459042782487,0.02099977631215714,0.5509114018228036,0.027889945106221337
ELM,AdaBoost,4,0.5295275590551181,0.031000031000046512,0.5440944881889763,0.022465106484546617,0.5149606299212598,0.05502804790442881,0.5299650791257925,0.03052597521215403,0.5440944881889763,0.022465106484546617,0.5365272903037103,0.022687770787440213,0.5515887531775062,0.02131234061645115
ELM,AdaBoost,5,0.5433070866141733,0.020381384418180763,0.5503937007874016,0.016213590773207887,0.536220472440945,0.027547804227615595,0.5429585667144592,0.020598168034236235,0.5503937007874016,0.016213590773207887,0.546600503463994,0.01781653301545375,0.5623132246264493,0.01655305387770709
ELM,AdaBoost,6,0.5551181102362205,0.009881811337016624,0.5440944881889763,0.04654335970435165,0.5661417322834645,0.03240805610591604,0.5561313738425271,0.007592913045940371,0.5440944881889763,0.04654335970435165,0.5491891599152277,0.0256855231478973,0.5738390476780953,0.01132026446060503
ELM,AdaBoost,7,0.547244094488189,0.016703309791808223,0.5582677165354331,0.015227621736861164,0.536220472440945,0.02218740598992973,0.5463659650977803,0.016662606149426863,0.5582677165354331,0.015227621736861164,0.5522082519648462,0.015184554582802693,0.5672623845247691,0.01222765704404518
ELM,AdaBoost,8,0.5381889763779528,0.007634141507742273,0.5173228346456693,0.018058810930991695,0.5590551181102362,0.02998335868450359,0.5402666190656161,0.009662465074555203,0.5173228346456693,0.018058810930991695,0.528223384928628,0.006937935094128093,0.550491350982702,0.010460178435901296
ELM,AdaBoost,9,0.5314960629921259,0.012449912047907024,0.5322834645669291,0.03594555026933334,0.5307086614173229,0.013269527201852553,0.5309918284598916,0.010484439658074652,0.5322834645669291,0.03594555026933334,0.5313317921213817,0.02260213653660446,0.5506262012524025,0.014171121175542156
ELM,AdaBoost,10,0.5421259842519686,0.0164036745322832,0.5677165354330709,0.027208114241214186,0.5165354330708661,0.04450038157777887,0.5407565829711377,0.016618011268399582,0.5677165354330709,0.027208114241214186,0.5533701878889009,0.014588920406631381,0.5606314712629425,0.010867725563307336
ELM,AdaBoost,11,0.5397637795275589,0.01343206465293858,0.5456692913385827,0.011301338657013622,0.5338582677165353,0.029419750696487255,0.5397044061731157,0.014280152403746313,0.5456692913385827,0.011301338657013622,0.5425059183371618,0.008707169107756789,0.5501116002232005,0.018583563059028304
ELM,AdaBoost,12,0.5322834645669291,0.02287533708084087,0.5401574803149607,0.039085586286585386,0.5244094488188976,0.020593223355310275,0.5313258554325357,0.022016969108788444,0.5401574803149607,0.039085586286585386,0.5354711477518327,0.029136299324086446,0.5565363630727261,0.01998147105658504
ELM,AdaBoost,13,0.5433070866141732,0.017340720902004135,0.5464566929133858,0.009771396571646326,0.5401574803149607,0.03844584445900381,0.5438197282018653,0.019401451826522958,0.5464566929133858,0.009771396571646326,0.5448663148202553,0.009347791314579707,0.563009176018352,0.023427245671464786
ELM,AdaBoost,14,0.5496062992125984,0.02276666503118261,0.5519685039370078,0.03307086614173228,0.5472440944881889,0.040380728834513664,0.5498273319474853,0.02348833172346763,0.5519685039370078,0.03307086614173228,0.5504184703482198,0.023805355220011013,0.5595092690185381,0.016866551297940947
ELM,AdaBoost,15,0.5503937007874016,0.01355840579348231,0.5598425196850393,0.031239109330515574,0.5409448818897638,0.040350009371083344,0.5500505054664521,0.01613010495292658,0.5598425196850393,0.031239109330515574,0.5542782872460522,0.01589909085214978,0.5771343542687086,0.02229302022939053
ELM,AdaBoost,16,0.5476377952755905,0.013489639133080144,0.5417322834645669,0.016251785386260095,0.5535433070866141,0.025708390106007093,0.5484763561117745,0.01500049986850426,0.5417322834645669,0.016251785386260095,0.5449239628588372,0.012410384308199901,0.5626991753983508,0.007852759030942626
ELM,AdaBoost,17,0.5429133858267716,0.01383005359862228,0.5614173228346456,0.016059903979819767,0.5244094488188976,0.027660107197244575,0.5416583986548311,0.014067006594689178,0.5614173228346456,0.016059903979819767,0.5511997830722658,0.011832996610585698,0.5625751751503503,0.02268649020871882
ELM,AdaBoost,18,0.5322834645669291,0.0123624554866989,0.5299212598425196,0.018058810930991688,0.5346456692913386,0.02810483196468463,0.5327317532764859,0.013579263320761942,0.5299212598425196,0.018058810930991688,0.531106384991529,0.011536223921815615,0.5439348378696757,0.00911547189902858
ELM,AdaBoost,19,0.5397637795275589,0.02656824065953227,0.526771653543307,0.038203179435301444,0.552755905511811,0.022075347667521557,0.5403550328825728,0.026604427894439238,0.526771653543307,0.038203179435301444,0.53332579065699,0.03196765841113589,0.5551692603385207,0.02345710218154343
ELM,AdaBoost,20,0.5543307086614173,0.009691758759914291,0.5354330708661417,0.029037935298560268,0.573228346456693,0.022902424523226748,0.5564607611679298,0.00960212848173035,0.5354330708661417,0.029037935298560268,0.5453941234420873,0.016839544239665168,0.5682109864219729,0.011981675954625896
ELM,AdaBoost,21,0.5460629921259843,0.011980412641498355,0.5346456692913386,0.012299605788829396,0.5574803149606298,0.020167320432859362,0.5472986648989785,0.012876226143025837,0.5346456692913386,0.012299605788829396,0.5408218827814548,0.010832984381026405,0.5616405232810466,0.011368429661974194
ELM,AdaBoost,22,0.5377952755905511,0.02440944881889764,0.5456692913385826,0.019060973916394018,0.5299212598425196,0.04939964453971063,0.5383634046231842,0.026180588068729513,0.5456692913385826,0.019060973916394018,0.5415588460799164,0.016841175206597427,0.5468162936325873,0.03238833655883214
ELM,AdaBoost,23,0.5385826771653544,0.00822071378654375,0.5244094488188976,0.030839615791442752,0.552755905511811,0.0417099925610993,0.5404045611765155,0.01143998141666537,0.5244094488188976,0.030839615791442752,0.5315240137696389,0.013162927167055345,0.5485491970983942,0.016372372903226493
ELM,AdaBoost,24,0.5531496062992125,0.02410915101164544,0.5724409448818898,0.03175093724985188,0.5338582677165353,0.036305958687869296,0.5514518078335874,0.02366962621314537,0.5724409448818898,0.03175093724985188,0.5614335737469318,0.02445566826456259,0.5689534379068758,0.019108096227408562
ELM,AdaBoost,25,0.5330708661417323,0.01066631274342055,0.5401574803149606,0.026632337835098843,0.5259842519685038,0.019383517519828624,0.5325053135010317,0.010009098090525475,0.5401574803149606,0.026632337835098843,0.5360743735779604,0.016777253576382944,0.5383238266476533,0.01163810927757635
ELM,AdaBoost,26,0.5362204724409448,0.010083660216429717,0.5393700787401575,0.02977585889951028,0.5330708661417323,0.024599211577658757,0.5359382795154368,0.009406949095481053,0.5393700787401575,0.02977585889951028,0.5373031510128146,0.017609904888525384,0.5450260400520801,0.016864729932919906
ELM,AdaBoost,27,0.5326771653543306,0.017097677756384634,0.5236220472440944,0.0278388496530137,0.5417322834645669,0.03482416438975745,0.5335523279111591,0.017269512020974636,0.5236220472440944,0.0278388496530137,0.5281747002516118,0.0189794495123768,0.5550902101804203,0.02489260225004829
ELM,AdaBoost,28,0.5385826771653544,0.015176641942831807,0.5385826771653542,0.03288285514617496,0.5385826771653542,0.018699751318169956,0.5382891202022242,0.014185857003170169,0.5385826771653542,0.03288285514617496,0.5381789830749016,0.022312608456760558,0.5455158410316822,0.015583914934401063
ELM,AdaBoost,29,0.537007874015748,0.01203205259050091,0.5141732283464566,0.029629744444451628,0.5598425196850394,0.03542432087937635,0.5391733922987649,0.01357543398114606,0.5141732283464566,0.029629744444451628,0.5258203310868088,0.01671820870273565,0.5516817533635068,0.012275297085857926
ELM,AdaBoost,30,0.5255905511811023,0.026614872096307977,0.5125984251968504,0.05062692096276695,0.5385826771653544,0.03362859291978365,0.5255999881195368,0.026382567405462236,0.5125984251968504,0.05062692096276695,0.5183967767426443,0.0370839551372828,0.53000496000992,0.020020632066476605
ELM,AdaBoost,31,0.5362204724409448,0.017278037998024975,0.5401574803149606,0.03063791568243105,0.5322834645669291,0.038846917743445696,0.5362901316452279,0.01769911103865703,0.5401574803149606,0.03063791568243105,0.5377586956341647,0.019288002143408263,0.5479477958955917,0.026124681920136256
ELM,AdaBoost,32,0.5283464566929134,0.011718800052076572,0.5275590551181102,0.026933277758247366,0.5291338582677165,0.03184842270260895,0.5286007945218294,0.012501536275928997,0.5275590551181102,0.026933277758247366,0.5277033865554942,0.015451784451012578,0.5406488312976626,0.01448541297246705
ELM,LR,1,0.5515748031496063,0.02235444026232817,0.547244094488189,0.04724409448818899,0.5559055118110237,0.007634141507742237,0.5510588186731098,0.020278118929394483,0.547244094488189,0.04724409448818899,0.5487882266957047,0.03357187980227509,0.5663711327422655,0.014758748279638472
ELM,LR,2,0.5578740157480315,0.015278431426718284,0.5464566929133858,0.013033815241926662,0.5692913385826771,0.022075347667521544,0.5594136358961663,0.01617255738758931,0.5464566929133858,0.013033815241926662,0.5528047819397168,0.01360804897885203,0.5747101494202989,0.014222519657903504
ELM,LR,3,0.5515748031496063,0.012349911134927633,0.5377952755905512,0.014856663200089154,0.5653543307086615,0.023437600104153123,0.5532618039273322,0.013315274534936139,0.5377952755905512,0.014856663200089154,0.5452841191348762,0.011320761850846784,0.5751286502573005,0.012895925190496472
ELM,LR,4,0.5618110236220473,0.013785150708670525,0.5866141732283464,0.023883072264729285,0.537007874015748,0.03570325684647129,0.5593541886849966,0.01445449928994897,0.5866141732283464,0.023883072264729285,0.5722830882863262,0.012881726332433851,0.5776737553475108,0.012159801091401901
ELM,LR,5,0.5704724409448818,0.010882106268571046,0.5771653543307086,0.023569495349757087,0.5637795275590551,0.017677121512317803,0.5694975569751541,0.010413509965896654,0.5771653543307086,0.023569495349757087,0.5731313815709372,0.015300649948908913,0.594249488498977,0.01425548426517016
ELM,LR,6,0.5665354330708661,0.011505227713545221,0.5716535433070866,0.008768132854850412,0.5614173228346456,0.018058810930991643,0.566000857352914,0.012026378261899414,0.5716535433070866,0.008768132854850412,0.5687746075562872,0.009471074528283776,0.5967139934279869,0.0065520271959196175
ELM,LR,7,0.5807086614173228,0.011478251761506504,0.5913385826771653,0.0219061854224308,0.5700787401574804,0.032408056105916024,0.5795071233851394,0.013785062998448679,0.5913385826771653,0.0219061854224308,0.5850036392845913,0.010769094461078222,0.6080507161014322,0.017585360007071477
ELM,LR,8,0.5637795275590551,0.014118441792945729,0.5708661417322834,0.03159433487832896,0.5566929133858267,0.03410457925623262,0.563199761243889,0.014667736198054221,0.5708661417322834,0.03159433487832896,0.5664997981159885,0.018283213517142825,0.5960784921569843,0.016601963310393177
ELM,LR,9,0.574015748031496,0.014118441792945767,0.5913385826771653,0.012044927984864872,0.5566929133858267,0.01822966441384284,0.5716342533137835,0.014154100746035852,0.5913385826771653,0.012044927984864872,0.5812984316962287,0.012742534432393265,0.604234608469217,0.018990427467118726
ELM,LR,10,0.5775590551181102,0.02187077860209629,0.6031496062992125,0.03297699463208176,0.5519685039370079,0.030024686558956865,0.5738120680331313,0.020741207487724185,0.6031496062992125,0.03297699463208176,0.5878451545116185,0.02429583142079025,0.6067084134168269,0.02009341088862295
ELM,LR,11,0.5755905511811024,0.015429856647453062,0.5889763779527559,0.026421986985137813,0.5622047244094488,0.02074321239735349,0.5735820882464532,0.01470390208738618,0.5889763779527559,0.026421986985137813,0.5809989523982887,0.018521980934970247,0.6076849153698307,0.016110260085451182
ELM,LR,12,0.581496062992126,0.01772090934634158,0.5826771653543308,0.03944874031456805,0.5803149606299213,0.011301338657013656,0.580749443974088,0.014707812644643077,0.5826771653543308,0.03944874031456805,0.5814041475647909,0.0268417058129352,0.6111848223696448,0.01906837828318776
ELM,LR,13,0.5830708661417322,0.018398931410311695,0.5889763779527559,0.04230039690886077,0.5771653543307087,0.01954279314329269,0.581637688365317,0.015085319842484252,0.5889763779527559,0.04230039690886077,0.5848453830344151,0.027775574040834708,0.6072540145080291,0.01216549869741649
ELM,LR,14,0.5807086614173228,0.012006260379509394,0.5834645669291338,0.008029951989909913,0.5779527559055118,0.024573994542247617,0.5806070399302927,0.014286271728225252,0.5834645669291338,0.008029951989909913,0.5819175607024799,0.008082473550834385,0.6092101184202369,0.00861577222690034
ELM,LR,15,0.5755905511811024,0.011585778716190659,0.5803149606299213,0.024472866563653634,0.5708661417322834,0.030597416106654247,0.5752518793680755,0.013209665572674154,0.5803149606299213,0.024472866563653634,0.5774060420486228,0.013032002674795456,0.599277698555397,0.010221670520505717
ELM,LR,16,0.5830708661417322,0.009514209428027205,0.5921259842519685,0.033830789069198154,0.574015748031496,0.02810483196468467,0.5816919592329675,0.00936893833653089,0.5921259842519685,0.033830789069198154,0.5863834637362098,0.01723034882230044,0.6053568107136215,0.008049161173421934
ELM,LR,17,0.5661417322834645,0.00911483220692142,0.5708661417322834,0.014085467574801799,0.5614173228346457,0.0260676304838533,0.5658603536585719,0.011231046593240328,0.5708661417322834,0.014085467574801799,0.568149330390837,0.006733861743437396,0.5950492900985802,0.004171880494246894
ELM,LR,18,0.562992125984252,0.015649296782954136,0.5803149606299213,0.02396082528299676,0.5456692913385827,0.027570301417341115,0.5610849727001501,0.01573973233335496,0.5803149606299213,0.02396082528299676,0.5703027403393475,0.016413954791493508,0.5909014818029636,0.014585681040922081
ELM,LR,19,0.5637795275590551,0.013785150708670525,0.5826771653543308,0.030189432303434346,0.5448818897637795,0.018897637795275583,0.561305536696921,0.01234883614392264,0.5826771653543308,0.030189432303434346,0.5715528404620743,0.019383860733272484,0.5920205840411681,0.014239855449867543
ELM,LR,20,0.5618110236220473,0.01248720592689266,0.5771653543307087,0.022215332251442343,0.5464566929133858,0.015227621736861166,0.5598941807870946,0.011895378879175167,0.5771653543307087,0.022215332251442343,0.5682874640304797,0.015695141287357075,0.5891561783123567,0.010178378343190393
ELM,LR,21,0.5562992125984252,0.011980412641498355,0.578740157480315,0.03599725811232269,0.5338582677165353,0.023437600104153102,0.5536996265044536,0.010115694282234645,0.578740157480315,0.03599725811232269,0.5655329380168721,0.02081424718522157,0.5870078740157479,0.011740851853671326
ELM,LR,22,0.5574803149606299,0.013717520779672688,0.5755905511811024,0.031239109330515526,0.5393700787401574,0.025876656260086582,0.5554740111736793,0.013391673512069865,0.5755905511811024,0.031239109330515526,0.5650167033352191,0.018931528070434227,0.5840473680947362,0.007939917772176546
ELM,LR,23,0.5625984251968503,0.020623308431037473,0.5795275590551181,0.03721670015148497,0.5456692913385826,0.02941975069648728,0.5604814628324561,0.020281925404244283,0.5795275590551181,0.03721670015148497,0.5694744400845461,0.025378416963635585,0.5854578709157418,0.01659426861714317
ELM,LR,24,0.5578740157480315,0.009366438782181337,0.5732283464566928,0.014646515935226995,0.5425196850393701,0.013033815241926629,0.5561523520549414,0.009146440623111164,0.5732283464566928,0.014646515935226995,0.5645055721881735,0.01066550635304535,0.5827236654473309,0.013750695932417347
ELM,LR,25,0.5641732283464567,0.024636988735688238,0.5748031496062992,0.037266644302989704,0.5535433070866141,0.013081297421918206,0.5622929065630329,0.022659443541999478,0.5748031496062992,0.037266644302989704,0.5683855229114696,0.0297491613553549,0.5878820757641515,0.013418821490666009
ELM,LR,26,0.5716535433070866,0.017006780367287543,0.5889763779527558,0.032807349064566386,0.5543307086614173,0.018024445893322166,0.5690227122648313,0.015042654070637634,0.5889763779527558,0.032807349064566386,0.5786016616168793,0.02222167261717091,0.5828662657325314,0.012616146995339849
ELM,LR,27,0.571259842519685,0.006516907620963314,0.5921259842519685,0.013773902113807822,0.5503937007874016,0.0062992125984251855,0.5683536182098499,0.005609107802101102,0.5921259842519685,0.013773902113807822,0.5799579601870934,0.009151721839367764,0.5878975757951517,0.00954423090191185
ELM,LR,28,0.5751968503937007,0.020396588735415156,0.5866141732283465,0.02716250127663045,0.5637795275590551,0.022326687998043812,0.5734501788877978,0.01988587321819502,0.5866141732283465,0.02716250127663045,0.5798475166958146,0.022415861425871157,0.5927025854051708,0.011923989188417769
ELM,LR,29,0.5700787401574803,0.01663822567646882,0.5779527559055118,0.035336701846168314,0.5622047244094488,0.02380506528792279,0.5688000809185182,0.015352164344893048,0.5779527559055118,0.035336701846168314,0.5729908447900532,0.023524126195815395,0.5881207762415526,0.013393804146516418
ELM,LR,30,0.5696850393700787,0.010967234863924483,0.5708661417322834,0.023752918313383237,0.5685039370078739,0.01443330927545144,0.5694119745619886,0.010022498990977624,0.5708661417322834,0.023752918313383237,0.569987502955245,0.01579860941576592,0.5904178808357617,0.009095677049292865
ELM,LR,31,0.5586614173228346,0.018187101515671024,0.552755905511811,0.022630091123149464,0.5645669291338582,0.030148330266262447,0.5596519117590812,0.01898952859405399,0.552755905511811,0.022630091123149464,0.5559683598836868,0.01789335040080678,0.5903434806869613,0.014050918225241429
ELM,LR,32,0.5594488188976378,0.013140408872660318,0.5472440944881889,0.022821065742030626,0.5716535433070866,0.032693762979569586,0.561393981300306,0.015335569714517607,0.5472440944881889,0.022821065742030626,0.5538611075117613,0.013434394892634887,0.5870791741583483,0.013718811162865623
ELM,RF,1,0.5665354330708661,0.01775586186421994,0.5480314960629922,0.015629474993133205,0.5850393700787402,0.03096000512021653,0.5695571074560369,0.019507150256993098,0.5480314960629922,0.015629474993133205,0.5584156436795571,0.014706893448393604,0.6005316510633022,0.01818097304119887
ELM,RF,2,0.5677165354330709,0.013785150708670525,0.5614173228346457,0.02779427180271307,0.574015748031496,0.006773484462238277,0.568265569371784,0.01235764284973457,0.5614173228346457,0.02779427180271307,0.5646948231081133,0.019970221240750013,0.5979384958769919,0.015175573200909663
ELM,RF,3,0.5574803149606299,0.007302061807476919,0.5385826771653542,0.014390288883855983,0.5763779527559054,0.006396880633571612,0.5596681066842535,0.0068543344374970274,0.5385826771653542,0.014390288883855983,0.5488808305494992,0.010386913435878265,0.5940200880401763,0.0016069473526251945
ELM,RF,4,0.5598425196850394,0.02768811176774368,0.5307086614173229,0.027994313125403448,0.5889763779527559,0.03870301016517953,0.5640761201765985,0.030655212023197806,0.5307086614173229,0.027994313125403448,0.5466466912819541,0.026865975249975683,0.5915462830925662,0.022966581980530774
ELM,RF,5,0.5673228346456692,0.022354440262328166,0.5251968503937008,0.02688719854954942,0.6094488188976378,0.02810483196468463,0.5736204703924961,0.024570293823605743,0.5251968503937008,0.02688719854954942,0.5481799219849963,0.024432496990614044,0.5968736437472876,0.02547488656671091
ELM,RF,6,0.5625984251968503,0.008838560756158902,0.5291338582677165,0.025466081305190912,0.5960629921259842,0.035789978511381125,0.5677567611245472,0.013017198216244766,0.5291338582677165,0.025466081305190912,0.5471960588565111,0.01094244940131394,0.5907139314278629,0.008807923131631536
ELM,RF,7,0.5570866141732284,0.01888122646973512,0.5307086614173229,0.02028991925468524,0.5834645669291338,0.04094488188976379,0.5611370574097763,0.021454518185320546,0.5307086614173229,0.02028991925468524,0.5450799926549331,0.014968256847696563,0.5831747163494327,0.025511316583361386
ELM,RF,8,0.5688976377952756,0.014085467574801842,0.5307086614173228,0.027093937848953163,0.6070866141732283,0.02028991925468524,0.5745277601133205,0.014409085596154558,0.5307086614173228,0.027093937848953163,0.5515122711427012,0.01931626403409186,0.5854175708351417,0.011410547188536948
ELM,RF,9,0.5598425196850393,0.020404186645432976,0.5354330708661417,0.03599725811232271,0.584251968503937,0.026421986985137827,0.5627341265316931,0.02117459655101978,0.5354330708661417,0.03599725811232271,0.548393920678078,0.02680868722979646,0.58250356500713,0.012042096283984383
ELM,RF,10,0.5665354330708661,0.025828692073790113,0.537007874015748,0.02757030141734109,0.5960629921259842,0.030250980649289032,0.5708408796640543,0.02777952747820799,0.537007874015748,0.02757030141734109,0.5533035793628704,0.026754874764852162,0.5934729369458739,0.02607512127383263
ELM,RF,11,0.562992125984252,0.012635280736914318,0.5275590551181102,0.03340661958361641,0.5984251968503937,0.017429876867069826,0.5675051525539712,0.011340468494023403,0.5275590551181102,0.03340661958361641,0.5464550498424429,0.022005803949567852,0.5907139314278629,0.006401017383348526
ELM,RF,12,0.5519685039370079,0.021799792440798587,0.5283464566929134,0.028866618550902935,0.5755905511811024,0.018533231962109962,0.5543025050116277,0.02220348181358784,0.5283464566929134,0.028866618550902935,0.5409464089174192,0.025296025340530198,0.5766414532829066,0.011753192634752309
ELM,RF,13,0.5574803149606299,0.011837241242813292,0.5291338582677165,0.0204724409448819,0.5858267716535434,0.015629474993133247,0.5608824420398889,0.012301526458509779,0.5291338582677165,0.0204724409448819,0.5444299793526594,0.015415032532573132,0.5714690929381859,0.016627525162581053
ELM,RF,14,0.5685039370078739,0.014216905578950988,0.526771653543307,0.019669285034325676,0.610236220472441,0.027389806505395426,0.5751030055150231,0.017383331436358982,0.526771653543307,0.019669285034325676,0.5496359721236449,0.014538782475760929,0.5915183830367661,0.01275151611727026
ELM,RF,15,0.5614173228346456,0.01571847620289535,0.5149606299212598,0.0334437174513312,0.6078740157480316,0.041336707868997444,0.5684250621896162,0.018625671936230877,0.5149606299212598,0.0334437174513312,0.5395899386857741,0.020669051227582398,0.5855601711203422,0.008469438769793738
ELM,RF,16,0.5535433070866141,0.012781640221061336,0.5236220472440944,0.00964366040465821,0.5834645669291338,0.022047244094488196,0.5572164076323316,0.014938082566121768,0.5236220472440944,0.00964366040465821,0.5398166254957655,0.010334515051245066,0.5728811457622915,0.023166641065784387
ELM,RF,17,0.5437007874015747,0.01571847620289538,0.5204724409448819,0.02992125984251968,0.5669291338582677,0.015349282432769996,0.545536906667663,0.015220868528086037,0.5204724409448819,0.02992125984251968,0.5325219878706284,0.02204176565349051,0.5749581499162999,0.013314511291411868
ELM,RF,18,0.5594488188976378,0.0038170707538711184,0.5385826771653544,0.025684262094960764,0.5803149606299213,0.0261862821233321,0.5622360574722975,0.005566572879949357,0.5385826771653544,0.025684262094960764,0.5497614235280597,0.012001462262419535,0.578751007502015,0.012336851018633745
ELM,RF,19,0.5421259842519686,0.021223357436131584,0.5086614173228347,0.03426780338108496,0.5755905511811024,0.013033815241926663,0.5446154490116151,0.02142760193694744,0.5086614173228347,0.03426780338108496,0.525890863365117,0.02805909897901783,0.5695098890197781,0.012226177448085018
ELM,RF,20,0.5582677165354331,0.021764212537142124,0.5362204724409448,0.03221617723697449,0.5803149606299213,0.02888808870526635,0.5610018233190844,0.022002498804288756,0.5362204724409448,0.03221617723697449,0.5480418683203692,0.024780739701690736,0.582977865955732,0.019558729579373994
ELM,RF,21,0.5401574803149607,0.011037673833760793,0.48976377952755906,0.035789978511381146,0.5905511811023623,0.01991985927665122,0.5442620568851618,0.010834443807157439,0.48976377952755906,0.035789978511381146,0.5151286374642792,0.02365124797670985,0.5614374728749458,0.012877688998956029
ELM,RF,22,0.5468503937007874,0.021792681107241033,0.5196850393700788,0.040303886274235375,0.5740157480314961,0.030536566030968996,0.5493078268341233,0.022489744615562177,0.5196850393700788,0.040303886274235375,0.5336062824881355,0.02963328446383066,0.5692804885609771,0.009306583904133133
ELM,RF,23,0.5547244094488188,0.012902338274152686,0.536220472440945,0.025196850393700794,0.573228346456693,0.029629744444451624,0.5570874818518049,0.013937338817596892,0.536220472440945,0.025196850393700794,0.5461098443631612,0.015738383293675107,0.5632866265732532,0.01522090022230251
ELM,RF,24,0.54251968503937,0.015529986553792157,0.4881889763779528,0.011135539861205477,0.5968503937007874,0.033369480473097776,0.5484280234785706,0.01963630331284926,0.4881889763779528,0.011135539861205477,0.5163108989724663,0.010146485761767072,0.5611119722239445,0.01702318282574835
ELM,RF,25,0.54251968503937,0.018905838115815716,0.5023622047244094,0.01699766389364009,0.5826771653543308,0.024141275144497477,0.5464233921249175,0.02074899390380977,0.5023622047244094,0.01699766389364009,0.523418581213662,0.018107205720643317,0.5676684853369707,0.018911789496546823
ELM,RF,26,0.5448818897637795,0.014646515935226999,0.5236220472440944,0.03029194340420685,0.5661417322834646,0.030536566030968985,0.5470490214795933,0.015424585170323442,0.5236220472440944,0.03029194340420685,0.534647829958155,0.01954147707631302,0.5605834211668423,0.011163727073639478
ELM,RF,27,0.5429133858267716,0.016582235975317088,0.5062992125984251,0.022766665031182617,0.5795275590551181,0.03594555026933329,0.5469313342350406,0.019191548789967237,0.5062992125984251,0.022766665031182617,0.5254233893808526,0.015676362114638572,0.5570292640585282,0.017127320058730647
ELM,RF,28,0.5448818897637795,0.012536758526055656,0.5062992125984251,0.01662890715113611,0.5834645669291338,0.035772650997167095,0.549338561424123,0.015133328105571754,0.5062992125984251,0.01662890715113611,0.5265691456964122,0.007956338341350438,0.5652659805319611,0.016024010162552314
ELM,RF,29,0.5559055118110237,0.022082367972252246,0.5299212598425196,0.01906097391639404,0.5818897637795275,0.027660107197244547,0.5592087280356444,0.023812146270550786,0.5299212598425196,0.01906097391639404,0.5441262615334228,0.020860520870979223,0.568996837993676,0.022528415746586223
ELM,RF,30,0.5409448818897638,0.017580404379343387,0.48267716535433075,0.031750937249851875,0.5992125984251968,0.03462776917684415,0.5466637369862498,0.021845299865532287,0.48267716535433075,0.031750937249851875,0.5121565594214567,0.023105605415646248,0.5603214706429414,0.012957017818602055
ELM,RF,31,0.5456692913385826,0.01827212816672803,0.511023622047244,0.02341113188554095,0.5803149606299213,0.03544181869268312,0.549653726124985,0.02106886570364622,0.511023622047244,0.02341113188554095,0.529270630393261,0.017409672784818916,0.5568866637733276,0.020129604712023564
ELM,RF,32,0.5374015748031495,0.022026142882991137,0.5102362204724409,0.027344496620764328,0.5645669291338582,0.0313579649633699,0.5397819270203777,0.023646974518129193,0.5102362204724409,0.027344496620764328,0.5243579606047912,0.023112132155680937,0.5528287556575112,0.025835510349259773
GradDiff,AdaBoost,1,0.5515748031496063,0.011837241242813292,0.5338582677165353,0.023171557432381362,0.5692913385826771,0.016059903979819767,0.553374637155488,0.011548288470496904,0.5338582677165353,0.023171557432381362,0.5432917779085221,0.016340357157381795,0.5781232562465124,0.01837691454128256
GradDiff,AdaBoost,2,0.5543307086614173,0.014497600503560618,0.5653543307086613,0.030250980649289064,0.5433070866141732,0.03599725811232269,0.5535211519297765,0.014693103547219302,0.5653543307086613,0.030250980649289064,0.5588900275617592,0.01715871189661647,0.5591713683427366,0.020854493077938525
GradDiff,AdaBoost,3,0.5519685039370079,0.012109099605692654,0.5645669291338582,0.022215332251442337,0.5393700787401574,0.023358105471167453,0.5507980896886309,0.012088261828390451,0.5645669291338582,0.022215332251442337,0.5573965319125793,0.014075997452605018,0.5681551863103727,0.014337876709367127
GradDiff,AdaBoost,4,0.5511811023622047,0.01599220158392907,0.5480314960629921,0.028973810225156056,0.5543307086614174,0.030637915682431065,0.5517016428541804,0.016087964558459626,0.5480314960629921,0.028973810225156056,0.5495000922445946,0.018844994832027524,0.5617195734391469,0.012398694050981448
GradDiff,AdaBoost,5,0.5377952755905511,0.021397918490868018,0.5346456692913385,0.01966928503432568,0.5409448818897638,0.03473503149624058,0.5384940809117384,0.022185842164282397,0.5346456692913385,0.01966928503432568,0.5363809945628789,0.01855878511682388,0.5651140802281605,0.015083969189626305
GradDiff,AdaBoost,6,0.5409448818897638,0.012902338274152717,0.5393700787401575,0.026233592518043594,0.54251968503937,0.0175008746227503,0.5409313171066914,0.012652203789520554,0.5393700787401575,0.026233592518043594,0.5399739191257732,0.018113206342411044,0.5672220844441689,0.013090865357849266
GradDiff,AdaBoost,7,0.5448818897637795,0.01177158770687092,0.5590551181102362,0.027502754640272395,0.5307086614173228,0.01966928503432567,0.5435454478971643,0.01070070714775737,0.5590551181102362,0.027502754640272395,0.5509587782723309,0.01737238760961743,0.555747411494823,0.013364897033504464
GradDiff,AdaBoost,8,0.55,0.01455095953746165,0.5496062992125983,0.013316168917549439,0.5503937007874016,0.025319582977659082,0.550309124049295,0.015628261908406785,0.5496062992125983,0.013316168917549439,0.5498499383349322,0.012299793257896957,0.5729446958893918,0.015032499836630684
GradDiff,AdaBoost,9,0.5677165354330709,0.009850390553698253,0.5929133858267717,0.012096292516328539,0.54251968503937,0.01919064190071487,0.5646028773109901,0.010152318102673545,0.5929133858267717,0.012096292516328539,0.5783291095706338,0.00872034517107534,0.584236468472937,0.011730108048998898
GradDiff,AdaBoost,10,0.5645669291338582,0.017043197497569544,0.5535433070866141,0.027905582908140728,0.5755905511811024,0.038203179435301396,0.5666275290488366,0.019786385754508973,0.5535433070866141,0.027905582908140728,0.5595223160482338,0.017466224968547592,0.5791896583793168,0.01997215232945314
GradDiff,AdaBoost,11,0.5716535433070866,0.016213590773207876,0.5700787401574804,0.031239109330515536,0.5732283464566928,0.019060973916394015,0.5716838384551999,0.015126691343670916,0.5700787401574804,0.031239109330515536,0.5706476187844497,0.02177266225642597,0.589796329592659,0.025807188828043975
GradDiff,AdaBoost,12,0.5661417322834645,0.007634141507742237,0.5811023622047244,0.021216052890248003,0.5511811023622047,0.023752918313383223,0.5643804514550277,0.008391703135263202,0.5811023622047244,0.021216052890248003,0.5723758126595165,0.010803681770633332,0.5855927211854424,0.007052683411026922
GradDiff,AdaBoost,13,0.5566929133858267,0.01571847620289535,0.5700787401574802,0.026280817745320702,0.5433070866141733,0.033033349548666185,0.555511050469067,0.016155098406701915,0.5700787401574802,0.026280817745320702,0.5623675305185247,0.01694068376866417,0.5905186310372621,0.016388441157045394
GradDiff,AdaBoost,14,0.5492125984251969,0.007259483824640056,0.5299212598425196,0.03252264004419429,0.5685039370078739,0.03318316142630784,0.5514019691962584,0.008112433192443461,0.5299212598425196,0.03252264004419429,0.5398737825356815,0.01638767482642768,0.5625844751689504,0.00961689377492616
GradDiff,AdaBoost,15,0.5598425196850394,0.01714294571423402,0.5582677165354332,0.04221236268875656,0.5614173228346457,0.053438990554195764,0.5610195738021939,0.02007257659506412,0.5582677165354332,0.04221236268875656,0.5585174526890802,0.021795934167647607,0.5743474486948975,0.02205236066863364
GradDiff,AdaBoost,16,0.5468503937007874,0.017536265709700877,0.5574803149606299,0.033462250962009076,0.5362204724409448,0.020593223355310285,0.5456069749941144,0.016377152606243586,0.5574803149606299,0.033462250962009076,0.5512342084238598,0.023634216599912595,0.5515949531899065,0.0190930830183818
GradDiff,AdaBoost,17,0.555511811023622,0.012032052590500865,0.5480314960629922,0.03812194783278805,0.562992125984252,0.031199390167179458,0.5564092693961348,0.011927577311696453,0.5480314960629922,0.03812194783278805,0.5515767726097075,0.020906917896812295,0.5630603261206522,0.01361652924844408
GradDiff,AdaBoost,18,0.545275590551181,0.01716101946275858,0.552755905511811,0.031159620373873025,0.5377952755905511,0.022630091123149475,0.5444414364846194,0.01651121045499435,0.552755905511811,0.031159620373873025,0.5483322309187745,0.0223023977527334,0.5658193316386633,0.013052641723809875
GradDiff,AdaBoost,19,0.5460629921259843,0.025744539723262704,0.5377952755905512,0.04352842507428425,0.5543307086614173,0.019511042036793488,0.5461068149341984,0.025509008566613044,0.5377952755905512,0.04352842507428425,0.5416591140656146,0.034184616816076464,0.565238080476161,0.03149526753757682
GradDiff,AdaBoost,20,0.5448818897637795,0.012598425196850371,0.5503937007874015,0.02971332640017831,0.5393700787401575,0.02817093514960365,0.5444692596165182,0.012573502733297015,0.5503937007874015,0.02971332640017831,0.5470530148952546,0.017661544613089906,0.5618962737925476,0.019749632963183123
GradDiff,AdaBoost,21,0.5507874015748031,0.018608350075742484,0.5551181102362205,0.026351496898711028,0.5464566929133857,0.052372564246664234,0.5515153621286464,0.019730732234248483,0.5551181102362205,0.026351496898711028,0.5526151799662327,0.012928841452735278,0.5713760927521856,0.0124857896071552
GradDiff,AdaBoost,22,0.5374015748031497,0.009063672782064068,0.537007874015748,0.005340417309547485,0.5377952755905512,0.020013015790769823,0.53763165365137,0.009655542037278909,0.537007874015748,0.005340417309547485,0.5372506979449502,0.004948005308812478,0.5479121458242917,0.015618217962493467
GradDiff,AdaBoost,23,0.5444881889763779,0.028461054443980813,0.5377952755905512,0.044861163884233446,0.5511811023622046,0.037016249680450905,0.545007033433263,0.02892997214770234,0.5377952755905512,0.044861163884233446,0.540871908877325,0.03345888312302505,0.5676452352904706,0.026217843387919944
GradDiff,AdaBoost,24,0.5492125984251969,0.006099186371980173,0.5480314960629922,0.017677121512317828,0.5503937007874016,0.019511042036793488,0.5494291436128016,0.006733984371968726,0.5480314960629922,0.017677121512317828,0.5485581917328417,0.009107820944749514,0.5670686341372683,0.008589410392255564
GradDiff,AdaBoost,25,0.5259842519685038,0.014593506293583202,0.5188976377952755,0.040103406545659345,0.5330708661417323,0.021934469727849022,0.5258785190134462,0.013610646198439014,0.5188976377952755,0.040103406545659345,0.5219134688082294,0.025964669562082075,0.5363072726145452,0.023704313204786387
GradDiff,AdaBoost,26,0.5255905511811023,0.02312468528439121,0.5204724409448819,0.04086910007042829,0.5307086614173228,0.030839615791442735,0.5255803723237431,0.023616319192834564,0.5204724409448819,0.04086910007042829,0.522601499216899,0.02991498962260765,0.5320742141484283,0.022936214853211997
GradDiff,AdaBoost,27,0.547244094488189,0.03291583459224959,0.5590551181102362,0.028930981213974555,0.5354330708661418,0.04038072883451364,0.5465432016154045,0.03201089510291083,0.5590551181102362,0.028930981213974555,0.5526532626885879,0.02998133156457876,0.5492032984065969,0.03708472723996331
GradDiff,AdaBoost,28,0.5275590551181102,0.021635640415801717,0.526771653543307,0.034448256463350174,0.5283464566929134,0.025924531705754848,0.5273777896897985,0.021649104426450825,0.526771653543307,0.034448256463350174,0.5268354034609122,0.02661759240432755,0.5350595201190402,0.017868521115915283
GradDiff,AdaBoost,29,0.5476377952755905,0.007814737496566602,0.5354330708661417,0.03039410876475398,0.5598425196850394,0.027660107197244568,0.548905065978544,0.007899850630006536,0.5354330708661417,0.03039410876475398,0.5416377359212283,0.01645979232374933,0.5575020150040301,0.011784600890429731
GradDiff,AdaBoost,30,0.5299212598425196,0.011232553242273336,0.526771653543307,0.01935150508258979,0.5330708661417323,0.02179268110724103,0.5302047557973208,0.011396138299010403,0.526771653543307,0.01935150508258979,0.5283211735797735,0.012865517495337724,0.5350874201748403,0.008986027974554289
GradDiff,AdaBoost,31,0.5350393700787401,0.01388597802247908,0.5251968503937008,0.03308960848732393,0.5448818897637795,0.051308140339039084,0.5368861405818638,0.016863587807899927,0.5251968503937008,0.03308960848732393,0.5299939347744456,0.014315331655451038,0.5398211296422593,0.011729582685112415
GradDiff,AdaBoost,32,0.5232283464566929,0.02472491097339779,0.5125984251968504,0.047662191969831666,0.5338582677165353,0.02062330843103748,0.5227725630951437,0.02537058372109467,0.5125984251968504,0.047662191969831666,0.517246460826819,0.03632262798671479,0.5305226610453222,0.022812858320888616
GradDiff,LR,1,0.5480314960629921,0.02032807975342611,0.5417322834645669,0.03830042994335532,0.5543307086614172,0.020593223355310265,0.5482485506889335,0.018756080281172805,0.5417322834645669,0.03830042994335532,0.5446681552355047,0.02712923377233977,0.5734670469340938,0.014529962202922679
GradDiff,LR,2,0.5622047244094488,0.01815297934393462,0.5519685039370079,0.040026031581539626,0.5724409448818897,0.011837241242813292,0.5628911934367348,0.015835169821436377,0.5519685039370079,0.040026031581539626,0.557060924008384,0.027721568404613522,0.583504867009734,0.013523474949019829
GradDiff,LR,3,0.5586614173228346,0.015767704247638386,0.5488188976377952,0.022492687963914477,0.5685039370078739,0.021216052890247996,0.5598608230579097,0.01619616015821535,0.5488188976377952,0.022492687963914477,0.5541567721371541,0.017756017570192146,0.5823857647715295,0.01718212211690104
GradDiff,LR,4,0.5661417322834645,0.02048001071439359,0.5881889763779528,0.02653905440370507,0.5440944881889764,0.0408691000704283,0.5640276191674862,0.021960571101948843,0.5881889763779528,0.02653905440370507,0.5754228067726184,0.01824450612976806,0.5835668671337343,0.016652653920694465
GradDiff,LR,5,0.5641732283464567,0.015278431426718283,0.5669291338582677,0.02038138441818076,0.5614173228346456,0.0286726637102884,0.564131527134481,0.016386377986742626,0.5669291338582677,0.02038138441818076,0.5653056312693486,0.01469413661181753,0.5911463822927646,0.015726336646837653
GradDiff,LR,6,0.5661417322834645,0.010534715086818604,0.5795275590551181,0.02327833936865273,0.552755905511811,0.03805683771210888,0.5650570533644491,0.0133036494377505,0.5795275590551181,0.02327833936865273,0.5717295059228383,0.0086403262161714,0.5910285820571641,0.011449751932978874
GradDiff,LR,7,0.5669291338582677,0.010266460480634074,0.5826771653543308,0.01363819533518803,0.5511811023622047,0.025024013515071965,0.5651662278824929,0.011480208031875857,0.5826771653543308,0.01363819533518803,0.5736257549449911,0.00803505283722851,0.5905728811457622,0.012967487863202069
GradDiff,LR,8,0.574015748031496,0.013897135901356503,0.6,0.01922292222950189,0.5480314960629922,0.022047244094488175,0.5704806321142379,0.01385986771777326,0.6,0.01922292222950189,0.5847422790189019,0.014006388135464511,0.5926157852315705,0.01475027579476648
GradDiff,LR,9,0.5905511811023623,0.013807620406889933,0.6023622047244095,0.03275060526470148,0.578740157480315,0.048153968035970565,0.5895342934180074,0.01793321207331657,0.6023622047244095,0.03275060526470148,0.5950467820307093,0.013299922693549855,0.6088815177630356,0.01590179477692054
GradDiff,LR,10,0.5826771653543307,0.007259483824640056,0.5850393700787401,0.04073233750040175,0.5803149606299213,0.038461967690771044,0.5827267836252307,0.00937969677904087,0.5850393700787401,0.04073233750040175,0.582985826239202,0.0186785617081149,0.6179769359538719,0.016373593601808876
GradDiff,LR,11,0.5925196850393701,0.014357938999063383,0.5913385826771653,0.03671352197440873,0.5937007874015748,0.016021251928642385,0.592431362825353,0.011120651214784059,0.5913385826771653,0.03671352197440873,0.5915324926870136,0.02254575990928499,0.6352284704569409,0.017618365357942548
GradDiff,LR,12,0.5996062992125986,0.008314453575568077,0.6125984251968504,0.03509020465379087,0.5866141732283465,0.0236220472440945,0.5970746994886583,0.005715942070104417,0.6125984251968504,0.03509020465379087,0.6042620046370694,0.017824150739441227,0.6364529729059459,0.014068296749326184
GradDiff,LR,13,0.6149606299212598,0.02399960732933571,0.6307086614173227,0.02897381022515607,0.5992125984251968,0.02457399454224761,0.6114050104930158,0.023140017680660385,0.6307086614173227,0.02897381022515607,0.6208206876445648,0.025005156856166586,0.6499875999752,0.01752344582390651
GradDiff,LR,14,0.6047244094488189,0.01735858872838473,0.6031496062992125,0.028324575982055036,0.6062992125984252,0.03293937112338879,0.6054504331139576,0.018037391469227476,0.6031496062992125,0.028324575982055036,0.6039154508553459,0.01831668435571625,0.6454708909417819,0.013065161397131157
GradDiff,LR,15,0.6011811023622047,0.012299605788829404,0.5984251968503937,0.013863635324140972,0.6039370078740157,0.027344496620764318,0.6021504385321689,0.014758748416911662,0.5984251968503937,0.013863635324140972,0.60008943968303,0.009544864924042934,0.6357151714303428,0.012719376437919455
GradDiff,LR,16,0.589763779527559,0.02074321239735354,0.5968503937007874,0.010738725745658186,0.5826771653543308,0.03459194115982487,0.5891040283266846,0.022586346888385553,0.5968503937007874,0.010738725745658186,0.5928252726188784,0.015606739036420745,0.6398164796329594,0.015131138201221283
GradDiff,LR,17,0.5980314960629921,0.013257841134238392,0.6078740157480315,0.022492687963914484,0.5881889763779528,0.03223541652040743,0.5966116193533179,0.015036192708018509,0.6078740157480315,0.022492687963914484,0.6018484461346515,0.01239529428294275,0.6347107694215388,0.01687032659229037
GradDiff,LR,18,0.5992125984251968,0.013443599274774726,0.594488188976378,0.006587874224677788,0.6039370078740157,0.023960825282996746,0.6004797270606771,0.015564140381767145,0.594488188976378,0.006587874224677788,0.5973918067002728,0.009778243648152317,0.6326306652613305,0.011509657163803843
GradDiff,LR,19,0.6055118110236221,0.017981397238849183,0.6086614173228346,0.024974411853785367,0.6023622047244095,0.032273860680187706,0.6052547833360692,0.019589142174229166,0.6086614173228346,0.024974411853785367,0.6066534493880009,0.017991273105535926,0.6369179738359476,0.013145724601542936
GradDiff,LR,20,0.6007874015748031,0.009913132529145049,0.6078740157480315,0.025828692073790127,0.5937007874015748,0.029080606791526593,0.5997121548570712,0.01167269285404393,0.6078740157480315,0.025828692073790127,0.603380959356087,0.012966978002834176,0.6408363816727634,0.012781432705273457
GradDiff,LR,21,0.5937007874015748,0.007108452789475543,0.6125984251968504,0.01906097391639403,0.5748031496062992,0.023358105471167425,0.5904983026478609,0.008270901393044702,0.6125984251968504,0.01906097391639403,0.6011227372247889,0.008848573108219692,0.6350703701407403,0.01812553875555996
GradDiff,LR,22,0.5854330708661417,0.008856080219844123,0.5984251968503937,0.024141275144497463,0.5724409448818898,0.034645669291338596,0.5838109796571023,0.011793227054844778,0.5984251968503937,0.024141275144497463,0.5905714186624148,0.009564797313300115,0.6279434558869118,0.008893996125047068
GradDiff,LR,23,0.5858267716535432,0.006299212598425224,0.6094488188976378,0.00944881889763778,0.5622047244094488,0.01886480086726133,0.5821262988128784,0.00766290182085108,0.6094488188976378,0.00944881889763778,0.5953777503514981,0.003903536201293663,0.6232190464380929,0.00541208703021554
GradDiff,LR,24,0.59251968503937,0.011941536132364676,0.6070866141732283,0.012549116102763148,0.5779527559055119,0.030230478457405483,0.5903810150230082,0.014472428592989896,0.6070866141732283,0.012549116102763148,0.5984015746693976,0.007314786745072386,0.6259129518259037,0.009901133480030681
GradDiff,LR,25,0.6039370078740157,0.01037160619867678,0.6023622047244095,0.020381384418180777,0.6055118110236221,0.025073517052111267,0.6045397325596906,0.012226009482166088,0.6023622047244095,0.020381384418180777,0.6032005454229656,0.011557438387266855,0.6282317564635129,0.010580003707252034
GradDiff,LR,26,0.5913385826771653,0.005511811023622086,0.594488188976378,0.014730934593598217,0.5881889763779526,0.021792681107241023,0.591019231229643,0.0083111570014024,0.594488188976378,0.014730934593598217,0.5925576208265885,0.005453651226317103,0.6230702461404923,0.008505735752412811
GradDiff,LR,27,0.5992125984251968,0.03278844537583783,0.6047244094488189,0.05063916595531819,0.5937007874015748,0.03173140421985808,0.5976701051367457,0.029198601005785824,0.6047244094488189,0.05063916595531819,0.6007462736303584,0.037822378673271186,0.6283092566185132,0.014171263923803051
GradDiff,LR,28,0.5909448818897637,0.024881142219409395,0.5921259842519685,0.0368147078033416,0.5897637795275591,0.022187405989929725,0.5904153761304748,0.023182899020681495,0.5921259842519685,0.0368147078033416,0.5910869496431574,0.028960030876821842,0.6190898381796763,0.01755542953935307
GradDiff,LR,29,0.5893700787401575,0.015629474993133247,0.5771653543307086,0.030658145407766575,0.6015748031496063,0.008029951989909913,0.5912524786491457,0.013171584611938071,0.5771653543307086,0.030658145407766575,0.5839645495624295,0.02176617620490193,0.6249457498914998,0.022899655782889924
GradDiff,LR,30,0.5885826771653543,0.01765079667044088,0.5889763779527559,0.01938351751982862,0.5881889763779526,0.023037383997366614,0.5886374861267879,0.018434009995442965,0.5889763779527559,0.01938351751982862,0.5887243454443964,0.017616108671599663,0.6213621427242855,0.018591120995188504
GradDiff,LR,31,0.5858267716535432,0.01273304065259547,0.5929133858267717,0.02317155743238136,0.5787401574803149,0.027276390670376006,0.5848812189651432,0.014009803576923227,0.5929133858267717,0.02317155743238136,0.5885967410762818,0.014306359672635924,0.6114483228966459,0.014025749806190167
GradDiff,LR,32,0.5598425196850394,0.007531939555003526,0.5606299212598425,0.01822966441384284,0.5590551181102362,0.013175748449355497,0.5597127576498679,0.007118735332576871,0.5606299212598425,0.01822966441384284,0.5600621594836664,0.011475152033094098,0.5862917725835451,0.01121802854855322
GradDiff,RF,1,0.5645669291338582,0.011232553242273291,0.5551181102362205,0.022131447752055413,0.5740157480314961,0.03637420303134203,0.566474040029578,0.01433651442574242,0.5551181102362205,0.022131447752055413,0.5602744010787802,0.00971145958743635,0.5909510819021639,0.018647266926975232
GradDiff,RF,2,0.565748031496063,0.016544804243661934,0.5456692913385826,0.025587522534286485,0.5858267716535434,0.034086394995139144,0.5689855446214755,0.01926867436258039,0.5456692913385826,0.025587522534286485,0.5566968800339017,0.017135195371826863,0.5936496372992747,0.010606382976349107
GradDiff,RF,3,0.5574803149606299,0.011232553242273291,0.5314960629921259,0.032369771324558205,0.5834645669291338,0.0351608087586868,0.560958998965744,0.01248615680044892,0.5314960629921259,0.032369771324558205,0.5452409688170444,0.017693569915915187,0.5938743877487754,0.013230931598512007
GradDiff,RF,4,0.5625984251968503,0.015115239228702702,0.521259842519685,0.026186282123332117,0.6039370078740157,0.020472440944881896,0.5681679081317954,0.016122643943552263,0.521259842519685,0.026186282123332117,0.5434987970500077,0.019999876915892657,0.5870822741645483,0.010387133417585993
GradDiff,RF,5,0.5614173228346456,0.020585695216380113,0.5259842519685038,0.020921779930057366,0.5968503937007874,0.030759094463975754,0.5664780136645687,0.022622982004079546,0.5259842519685038,0.020921779930057366,0.5453117280685708,0.019490410667734943,0.5912796825593651,0.014899740494658953
GradDiff,RF,6,0.5688976377952756,0.013057577914785016,0.5377952755905511,0.02711681158696467,0.6,0.012842131047480394,0.573239225958422,0.01215765561952032,0.5377952755905511,0.02711681158696467,0.5547724046448972,0.019368391383363763,0.5955592411184822,0.013616427794678105
GradDiff,RF,7,0.5606299212598425,0.011902532643961376,0.5322834645669291,0.01998201187472366,0.5889763779527559,0.016059903979819806,0.5642581525246458,0.012184048953796012,0.5322834645669291,0.01998201187472366,0.5476865178454234,0.014769326414901422,0.5831840163680327,0.014508249757341551
GradDiff,RF,8,0.5535433070866141,0.017313884588422066,0.5181102362204724,0.02665560768474136,0.5889763779527559,0.031848422702608944,0.5579467338804764,0.01997785813999253,0.5181102362204724,0.02665560768474136,0.5369462457118327,0.019644618165200852,0.5818851137702274,0.024070189431717383
GradDiff,RF,9,0.5590551181102362,0.010266460480634074,0.531496062992126,0.0205329209612682,0.5866141732283465,0.02322500976968917,0.5626569617362416,0.011411738099400423,0.531496062992126,0.0205329209612682,0.5464100017054818,0.012930049485802278,0.5842829685659372,0.016618934463130477
GradDiff,RF,10,0.565748031496063,0.01853323196210992,0.5244094488188976,0.042358984744292165,0.6070866141732283,0.020289919254685238,0.5710860320773821,0.018298332016060043,0.5244094488188976,0.042358984744292165,0.5462680757930416,0.03009400885261904,0.595759191518383,0.017299000543253427
GradDiff,RF,11,0.5755905511811024,0.024605511798424788,0.5440944881889764,0.04862802411541579,0.6070866141732283,0.028973810225156046,0.580232245510053,0.023297824053581634,0.5440944881889764,0.04862802411541579,0.5609394595966891,0.03380133228121653,0.6023885547771096,0.023761205063973622
GradDiff,RF,12,0.5779527559055118,0.00911483220692142,0.5488188976377952,0.017536265709700866,0.6070866141732283,0.01853323196210996,0.5828820766685655,0.009956092257945434,0.5488188976377952,0.017536265709700866,0.5651823965615475,0.011451844252314632,0.6060574121148242,0.010370699276817502
GradDiff,RF,13,0.5625984251968503,0.007814737496566602,0.5385826771653542,0.008029951989909913,0.5866141732283465,0.016327906577423414,0.5658996684099747,0.009106926046826853,0.5385826771653542,0.008029951989909913,0.5518390627570419,0.006170958231401868,0.5974052948105897,0.013060490759155764
GradDiff,RF,14,0.5393700787401574,0.014572248443560438,0.49763779527559054,0.038461967690771065,0.5811023622047244,0.040656159506852245,0.5432510964806907,0.016140877222596876,0.49763779527559054,0.038461967690771065,0.5186481124792791,0.02328874358623598,0.5664935829871659,0.016476785501024008
GradDiff,RF,15,0.552755905511811,0.027961072290653078,0.5141732283464566,0.0499612348951663,0.5913385826771653,0.03426780338108493,0.5566935778855414,0.029665958638501414,0.5141732283464566,0.0499612348951663,0.5339230869369198,0.03778860297652388,0.5784441068882138,0.026643451132053318
GradDiff,RF,16,0.5543307086614173,0.017589218821802075,0.5070866141732283,0.024320386159811823,0.6015748031496063,0.04900902777825334,0.5614635360809362,0.02415384970462157,0.5070866141732283,0.024320386159811823,0.5321316533826802,0.012770795488956115,0.5764384028768057,0.020003122403715507
GradDiff,RF,17,0.5507874015748031,0.011437668540420413,0.5125984251968504,0.020136554098495168,0.5889763779527559,0.03544181869268313,0.5556848844050968,0.015436670583554751,0.5125984251968504,0.020136554098495168,0.5328303289352799,0.009626113467524278,0.5799104098208197,0.016848191466596267
GradDiff,RF,18,0.5519685039370079,0.009199465705155828,0.5062992125984251,0.02472491097339779,0.5976377952755906,0.038686987390671626,0.5579915978408966,0.013132013191131912,0.5062992125984251,0.02472491097339779,0.5302718396387258,0.009861023680594036,0.5734096968193938,0.016270687828118045
GradDiff,RF,19,0.5350393700787401,0.023037383997366614,0.4937007874015748,0.023700656603610117,0.5763779527559055,0.04163560335874733,0.5390568855307918,0.0264098922636544,0.4937007874015748,0.023700656603610117,0.5149882403369113,0.02026573976006067,0.5555133610267221,0.01973538791715493
GradDiff,RF,20,0.5476377952755905,0.005623171990978611,0.5165354330708661,0.040717113303457966,0.5787401574803149,0.04061038412040198,0.5511536723692829,0.007541383154629866,0.5165354330708661,0.040717113303457966,0.5323439906195426,0.019428160985892035,0.563285076570153,0.014976637681162211
GradDiff,RF,21,0.5417322834645669,0.016299402790932647,0.5039370078740157,0.03667973133496729,0.5795275590551181,0.033536282581176136,0.5452552998770125,0.01722158131752568,0.5039370078740157,0.03667973133496729,0.5231776866781288,0.023703204248977393,0.5650133300266601,0.01546050621238037
GradDiff,RF,22,0.5401574803149607,0.016069552466109114,0.49763779527559054,0.051549251349080026,0.5826771653543308,0.041216542766306784,0.5437018153552652,0.016544965244025323,0.49763779527559054,0.051549251349080026,0.5184769583170047,0.031796217480157624,0.561249922499845,0.017945727045878858
GradDiff,RF,23,0.5200787401574802,0.01196746783745723,0.46771653543307085,0.005786196242794899,0.5724409448818897,0.02642198698513781,0.5228658607040471,0.014115030478178598,0.46771653543307085,0.005786196242794899,0.4936199661675621,0.00602944151914033,0.5437937875875752,0.017725974918872255
GradDiff,RF,24,0.5421259842519686,0.01082498195658858,0.511023622047244,0.0326937629795696,0.5732283464566928,0.033647024597199184,0.5452063171090243,0.012544303267556551,0.511023622047244,0.0326937629795696,0.5269556614251811,0.018131030303259642,0.5525947051894105,0.01661392613529576
GradDiff,RF,25,0.5460629921259843,0.00961146111475093,0.5385826771653542,0.032119807959639576,0.5535433070866141,0.03698273564036969,0.5471216077359484,0.010903003231435978,0.5385826771653542,0.032119807959639576,0.5422172313441224,0.015903391399501653,0.5485770971541942,0.014431630969403865
GradDiff,RF,26,0.5409448818897638,0.016535433070866162,0.5078740157480315,0.02362204724409449,0.574015748031496,0.031338186995484074,0.5442010657663939,0.018676487673340025,0.5078740157480315,0.02362204724409449,0.5251059587454167,0.017449533168593948,0.5546624093248187,0.014956316687264302
GradDiff,RF,27,0.5330708661417323,0.015914474749139977,0.5086614173228347,0.029608812089705765,0.5574803149606299,0.03821940503783181,0.5351923756910697,0.01756178723523908,0.5086614173228347,0.029608812089705765,0.5210754725719122,0.018876909102430686,0.5521560543121086,0.012115438781564694
GradDiff,RF,28,0.5437007874015748,0.012720861749136602,0.5031496062992126,0.02897381022515607,0.584251968503937,0.017536265709700877,0.5473500206032664,0.012464520987741468,0.5031496062992126,0.02897381022515607,0.5240617997257783,0.02003776246413057,0.5548840597681195,0.012188287915119788
GradDiff,RF,29,0.5381889763779527,0.022705308433537352,0.5031496062992126,0.02743504155934543,0.5732283464566928,0.04812821036200354,0.5422872261683253,0.028190192300381757,0.5031496062992126,0.02743504155934543,0.5213309132631133,0.020083416536644527,0.5495659991319983,0.020666307992078213
GradDiff,RF,30,0.5409448818897638,0.003817070753871118,0.515748031496063,0.04225640272440547,0.5661417322834645,0.03963689117686053,0.5433249786879127,0.004402471900904989,0.515748031496063,0.04225640272440547,0.5281701169447186,0.02208233849231257,0.5502945005890012,0.00859575681443141
GradDiff,RF,31,0.5153543307086614,0.018101675484366392,0.4866141732283465,0.03473503149624059,0.5440944881889763,0.029080606791526593,0.5160998140135662,0.01946934037493472,0.4866141732283465,0.03473503149624059,0.5005319902164292,0.025697772215388808,0.5343124186248372,0.019321241326710144
GradDiff,RF,32,0.5283464566929135,0.013952791454070383,0.5,0.020532920961268165,0.5566929133858267,0.03204250385728476,0.5304790519485998,0.0153703640747649,0.5,0.020532920961268165,0.5144686519886468,0.013518426120675114,0.5374015748031497,0.01590054193755431
PB&J,AdaBoost,1,0.5413385826771654,0.022096401890397296,0.5440944881889764,0.029293031870453963,0.5385826771653544,0.03231225910028852,0.5412998605595692,0.022962945311081426,0.5440944881889764,0.029293031870453963,0.5424388422247569,0.023369618954430918,0.5610840721681443,0.019785538764552555
PB&J,AdaBoost,2,0.5393700787401575,0.012817968973306863,0.511023622047244,0.02832457598205506,0.5677165354330709,0.02103998301714548,0.5416233550659435,0.012863566721891347,0.511023622047244,0.02832457598205506,0.5256075168992551,0.019204684189108565,0.5593573687147375,0.01731149674567394
PB&J,AdaBoost,3,0.5381889763779527,0.020328079753426136,0.5307086614173228,0.023674482485626636,0.5456692913385826,0.03327645135293772,0.539154931550595,0.021533158085050106,0.5307086614173228,0.023674482485626636,0.5346507611560031,0.01940673944329905,0.5595635191270383,0.019325872641899486
PB&J,AdaBoost,4,0.5519685039370079,0.026486438096935686,0.5440944881889764,0.04147147742445258,0.5598425196850394,0.019190641900714834,0.5521796813544751,0.024874526621218196,0.5440944881889764,0.04147147742445258,0.5479115966950489,0.0327939129793319,0.565520181040362,0.021955686620253358
PB&J,AdaBoost,5,0.5531496062992126,0.013292868516641064,0.5787401574803149,0.022409841686232602,0.5275590551181102,0.013175748449355549,0.550443868002225,0.012134274726078392,0.5787401574803149,0.022409841686232602,0.5641553240562481,0.016260420206511483,0.5667958335916671,0.019333239305793375
PB&J,AdaBoost,6,0.5460629921259843,0.012109099605692683,0.5559055118110237,0.02960881208970579,0.536220472440945,0.02367448248562663,0.5451217524570199,0.011185106046306851,0.5559055118110237,0.02960881208970579,0.5501521399380828,0.018142697759911494,0.5509625519251038,0.011390759019136745
PB&J,AdaBoost,7,0.5291338582677165,0.007086614173228379,0.521259842519685,0.028016451771113712,0.537007874015748,0.02823688358589151,0.5296936295494977,0.007170203386419523,0.521259842519685,0.028016451771113712,0.5250345289787021,0.015020307928846203,0.5420097340194682,0.013364852272524031
PB&J,AdaBoost,8,0.5295275590551181,0.024364958183883158,0.5118110236220472,0.014085467574801837,0.547244094488189,0.052408067062342474,0.5321542076928727,0.02812693504040531,0.5118110236220472,0.014085467574801837,0.5212744268683858,0.014040006825980628,0.5435938371876744,0.021488104483124857
PB&J,AdaBoost,9,0.5200787401574802,0.015012343279478452,0.5149606299212598,0.02327833936865272,0.5251968503937008,0.023037383997366604,0.5203078489926536,0.015527033453160302,0.5149606299212598,0.02327833936865272,0.5174596494252316,0.017436229021772182,0.5250201500403001,0.013586611919399022
PB&J,AdaBoost,10,0.5354330708661417,0.01972437015728402,0.5322834645669291,0.052667689789576824,0.5385826771653544,0.04491641164394225,0.5356333787782201,0.01992239524390834,0.5322834645669291,0.052667689789576824,0.5329043100730086,0.03040283699719118,0.5443843387686775,0.02272902316767949
PB&J,AdaBoost,11,0.5216535433070867,0.018508124840225463,0.5149606299212598,0.029713326400178285,0.5283464566929134,0.020136554098495164,0.5217275714191947,0.01863282798123818,0.5149606299212598,0.029713326400178285,0.5181613772834578,0.023204374483188017,0.5301723603447207,0.017506208350270964
PB&J,AdaBoost,12,0.5173228346456693,0.014751963775744243,0.5299212598425196,0.034195355512769234,0.5047244094488189,0.038040542769074516,0.5171449657165448,0.014800984186650303,0.5299212598425196,0.034195355512769234,0.5228863908006919,0.019574432678284702,0.518246636493273,0.015867398162940645
PB&J,AdaBoost,13,0.5263779527559055,0.021692877659773097,0.5047244094488189,0.033350895408736016,0.5480314960629922,0.030024686558956893,0.5275160808561147,0.023215988974958447,0.5047244094488189,0.033350895408736016,0.5155769414587372,0.02612877142703903,0.5385888771777545,0.018441035363985975
PB&J,AdaBoost,14,0.5389763779527559,0.027542177058886133,0.558267716535433,0.03408639499513916,0.5196850393700787,0.02998335868450358,0.5374580081030793,0.02564855071994496,0.558267716535433,0.03408639499513916,0.5475229206566964,0.028527073876152664,0.5534735569471139,0.029254572416574615
PB&J,AdaBoost,15,0.5200787401574802,0.02005170327282968,0.5362204724409448,0.022739415871171113,0.5039370078740157,0.052526236472938345,0.5206694937242926,0.02202773794218851,0.5362204724409448,0.022739415871171113,0.5276862304499035,0.012190515249403407,0.5317471634943269,0.02091362991168476
PB&J,AdaBoost,16,0.5385826771653542,0.0083144535755681,0.5244094488188976,0.018864800867261337,0.552755905511811,0.027457631140413708,0.5400062801233568,0.009610462555753362,0.5244094488188976,0.018864800867261337,0.5318158902598437,0.00919393528422402,0.5486437472874945,0.009134801740764715
PB&J,AdaBoost,17,0.5303149606299212,0.02715108606230971,0.5322834645669291,0.036374203031342034,0.5283464566929134,0.022187405989929725,0.5297922034715865,0.026603350298392413,0.5322834645669291,0.036374203031342034,0.5309474868508691,0.031186419453820318,0.5437116374232748,0.03292233928280857
PB&J,AdaBoost,18,0.5188976377952755,0.015972805334725042,0.5346456692913385,0.031139716430370383,0.5031496062992126,0.02732181350062595,0.5182437160910875,0.01589125543469051,0.5346456692913385,0.031139716430370383,0.5260231445905088,0.0210663706058897,0.5353245706491412,0.02527584832100552
PB&J,AdaBoost,19,0.5409448818897638,0.02269848079590485,0.547244094488189,0.040990283731717723,0.5346456692913385,0.019982011874723666,0.5398868987303465,0.021578163862486253,0.547244094488189,0.040990283731717723,0.5432636750755576,0.030227769821537825,0.5492451484902969,0.019709543093329205
PB&J,AdaBoost,20,0.5318897637795275,0.021470233392812572,0.5196850393700787,0.05656152754667078,0.5440944881889763,0.027994313125403427,0.5315236297393356,0.020679285362288077,0.5196850393700787,0.05656152754667078,0.5246880091865489,0.03880369061732713,0.5367397234794471,0.01673631133659231
PB&J,AdaBoost,21,0.5385826771653544,0.019311414910914534,0.5433070866141733,0.0399174546634223,0.5338582677165353,0.028126883621246854,0.5380078692924278,0.017851096380451563,0.5433070866141733,0.0399174546634223,0.5402006258826544,0.02597364043231604,0.5551785603571208,0.03257407406031614
PB&J,AdaBoost,22,0.5303149606299213,0.014867092589369477,0.5307086614173228,0.02246510648454663,0.5299212598425196,0.02856434196412134,0.5305164677498702,0.015731747884782227,0.5307086614173228,0.02246510648454663,0.5303731160350724,0.015684565092509394,0.5403419306838615,0.012471765123432994
PB&J,AdaBoost,23,0.536220472440945,0.02409628936708561,0.5330708661417323,0.02618628212333211,0.5393700787401575,0.0294618691871964,0.5365577515192024,0.02411027873193639,0.5330708661417323,0.02618628212333211,0.534705455381776,0.024173124102610077,0.552015004030008,0.026084120958693308
PB&J,AdaBoost,24,0.5417322834645669,0.012962265852877436,0.5291338582677165,0.02016732043285937,0.5543307086614173,0.013033815241926629,0.5427112085840683,0.012960734324079114,0.5291338582677165,0.02016732043285937,0.5357684919360176,0.01591742655254232,0.55998666997334,0.018693108973974738
PB&J,AdaBoost,25,0.5307086614173228,0.007108452789475543,0.526771653543307,0.043228274744286005,0.5346456692913385,0.03763087604834181,0.5309055200843422,0.006375342785148367,0.526771653543307,0.043228274744286005,0.5279270721205556,0.024081733855429846,0.5503441006882015,0.010717694792979855
PB&J,AdaBoost,26,0.5129921259842519,0.01572833413814029,0.5015748031496063,0.017179074196276706,0.5244094488188976,0.026979278266160357,0.5135235923077552,0.015806739973342254,0.5015748031496063,0.017179074196276706,0.5073417279800398,0.01445257101513164,0.5324353648707297,0.018154656644368498
PB&J,AdaBoost,27,0.5409448818897638,0.02103261478613085,0.5692913385826772,0.030353283885663607,0.5125984251968504,0.046074767994733194,0.5393940445411763,0.021425752832105696,0.5692913385826772,0.030353283885663607,0.5534326097230442,0.019545107148457933,0.5518584537169074,0.020451982017584552
PB&J,AdaBoost,28,0.5299212598425196,0.01827212816672803,0.5196850393700787,0.00746994722874419,0.5401574803149606,0.031731404219858116,0.5310840555267978,0.020035964533865823,0.5196850393700787,0.00746994722874419,0.5252090887500138,0.012618339824944588,0.5477059954119909,0.01089099572214024
PB&J,AdaBoost,29,0.5287401574803149,0.018491367820184863,0.5188976377952755,0.017500874622750306,0.5385826771653542,0.024573994542247617,0.5294852785351102,0.01925933660406417,0.5188976377952755,0.017500874622750306,0.5240770687636556,0.01746627090212942,0.5414284828569658,0.01626963291972998
PB&J,AdaBoost,30,0.5169291338582677,0.012793761267143253,0.5314960629921259,0.013638195335188036,0.5023622047244094,0.03544181869268315,0.5170007574015161,0.0133336116507872,0.5314960629921259,0.013638195335188036,0.5238670517350649,0.0058554987143252905,0.5246124992249984,0.013801433710942059
PB&J,AdaBoost,31,0.5405511811023621,0.012109099605692683,0.5409448818897638,0.03706646392421993,0.5401574803149607,0.03123910933051557,0.5405191459604073,0.011752509226180553,0.5409448818897638,0.03706646392421993,0.5401668420652594,0.020963589915737255,0.5492776985553972,0.021609910974276184
PB&J,AdaBoost,32,0.5460629921259843,0.012672029086166216,0.562992125984252,0.02587665626008657,0.5291338582677165,0.023437600104153106,0.5445704505528723,0.01231221724903419,0.562992125984252,0.02587665626008657,0.5533949846552987,0.016496757426478135,0.5616172732345465,0.019125233558358764
PB&J,LR,1,0.5515748031496063,0.0167218587256656,0.5417322834645669,0.038056837712108896,0.5614173228346456,0.018398931410311698,0.5521955223146031,0.015457718302786888,0.5417322834645669,0.038056837712108896,0.5465654524038545,0.025421604353661587,0.5670717341434683,0.01442385081485027
PB&J,LR,2,0.5515748031496063,0.010296611677655117,0.5464566929133858,0.007634141507742237,0.5566929133858267,0.020167320432859362,0.5523122603654875,0.011252659151800825,0.5464566929133858,0.007634141507742237,0.5492981252963702,0.007304404146165646,0.5736778473556947,0.012555593814356763
PB&J,LR,3,0.5590551181102362,0.008714938433534889,0.5559055118110237,0.008029951989909884,0.5622047244094488,0.011784747674878533,0.5594730250566362,0.008945228591753127,0.5559055118110237,0.008029951989909884,0.5576691402114737,0.008013197524735647,0.5790532581065162,0.012809747027081332
PB&J,LR,4,0.5590551181102362,0.015247965929950433,0.5905511811023623,0.022684819355729035,0.5275590551181102,0.022547749705947036,0.5556015381327635,0.014073698788983291,0.5905511811023623,0.022684819355729035,0.5724048555788115,0.016258380351605994,0.5768584537169074,0.01434002890530185
PB&J,LR,5,0.574015748031496,0.005369362872829068,0.5771653543307087,0.022354440262328183,0.5708661417322833,0.029566902922076525,0.5739243943307561,0.008230847995008131,0.5771653543307087,0.022354440262328183,0.5751673655089113,0.008318312226486433,0.5969495938991878,0.007733980559684766
PB&J,LR,6,0.5673228346456692,0.011902532643961376,0.5724409448818898,0.02396082528299675,0.5622047244094488,0.02393493567491442,0.5667493889765185,0.012004999428759213,0.5724409448818898,0.02396082528299675,0.5693417887063665,0.014816054243035792,0.6067177134354269,0.009702127989506914
PB&J,LR,7,0.5763779527559054,0.01918256333083437,0.5842519685039369,0.018058810930991695,0.568503937007874,0.027905582908140724,0.5754700014083514,0.01960064880798663,0.5842519685039369,0.018058810930991695,0.579721680553928,0.017199928932357045,0.6034503069006137,0.01238446230318509
PB&J,LR,8,0.5755905511811024,0.012610722344918848,0.5716535433070866,0.020743212397353522,0.5795275590551181,0.03288285514617494,0.5767101850607632,0.014729064813849236,0.5716535433070866,0.020743212397353522,0.5738163186941954,0.011364973823429011,0.5990389980779962,0.008467674737835372
PB&J,LR,9,0.5606299212598425,0.014052415982342295,0.5377952755905512,0.024472866563653623,0.5834645669291338,0.04064090677342974,0.5643491696757502,0.01697223602257931,0.5377952755905512,0.024472866563653623,0.550195593059702,0.012585679661802986,0.5965992931985864,0.006583601629432638
PB&J,LR,10,0.5791338582677165,0.01566909349774205,0.5637795275590551,0.013033815241926629,0.594488188976378,0.031199390167179437,0.5821777723883585,0.01811995864211622,0.5637795275590551,0.013033815241926629,0.5726318226567944,0.011651890311313692,0.5990823981647964,0.016563065362409177
PB&J,LR,11,0.5740157480314961,0.021076785534368793,0.5740157480314961,0.04351417914849796,0.574015748031496,0.021764212537142127,0.5735017132731584,0.018623961168577757,0.5740157480314961,0.04351417914849796,0.573324283955352,0.030126426081604075,0.5955266910533822,0.015266735842738672
PB&J,LR,12,0.571259842519685,0.011639169684326343,0.5637795275590551,0.021186809522950722,0.578740157480315,0.02750275464027244,0.5726257930945344,0.012583261949735032,0.5637795275590551,0.021186809522950722,0.5678995672958544,0.012564696699460604,0.6042129084258169,0.018075393166900856
PB&J,LR,13,0.5751968503937007,0.016535433070866155,0.5763779527559054,0.031555062849628134,0.5740157480314961,0.018533231962109945,0.5748167859407555,0.014785978199919917,0.5763779527559054,0.031555062849628134,0.5753680856087013,0.021755960402575786,0.5956196912393825,0.01480648767018805
PB&J,LR,14,0.5574803149606299,0.015619554665257747,0.547244094488189,0.028170935149603633,0.5677165354330709,0.025924531705754865,0.5587368044719431,0.015741237935457168,0.547244094488189,0.028170935149603633,0.5526472832658647,0.01940053620915715,0.5876929753859508,0.010376969662939503
PB&J,LR,15,0.565748031496063,0.017677121512317803,0.5519685039370079,0.016403674532283165,0.5795275590551181,0.023805065287922787,0.5678049284229821,0.01883349915714303,0.5519685039370079,0.016403674532283165,0.5597103876703173,0.016505217323000334,0.5777233554467109,0.01418775878809588
PB&J,LR,16,0.5566929133858267,0.012096292516328495,0.5590551181102363,0.04099028373171771,0.5543307086614173,0.033904015971040924,0.5564485825108385,0.011892993240246268,0.5590551181102363,0.04099028373171771,0.5570478284720912,0.022654451889851355,0.5823764647529296,0.012690372821221796
PB&J,LR,17,0.5531496062992126,0.03845390691992056,0.553543307086614,0.0484491970485517,0.552755905511811,0.04156108100912331,0.5529617682054833,0.037900216153529696,0.553543307086614,0.0484491970485517,0.5529311124372176,0.04118306919439222,0.5713218426436854,0.025639769914111512
PB&J,LR,18,0.5610236220472441,0.01375137732013618,0.5574803149606299,0.0216499639131772,0.5645669291338582,0.009514209428027205,0.5612893205312144,0.013202684728688458,0.5574803149606299,0.0216499639131772,0.5593273430059316,0.017157470262753615,0.5748093496186992,0.013515375019610707
PB&J,LR,19,0.5551181102362205,0.01034167365083754,0.5346456692913385,0.030230478457405452,0.5755905511811024,0.029398668822983403,0.5576662321002746,0.011358970138865426,0.5346456692913385,0.030230478457405452,0.5454402583192639,0.01680947355791405,0.5705468410936823,0.006786292387959218
PB&J,LR,20,0.5551181102362205,0.014572248443560405,0.5456692913385828,0.03135796496336989,0.5645669291338582,0.01546998638140824,0.5559077245587354,0.01333838442569358,0.5456692913385828,0.03135796496336989,0.5505134193829418,0.021164141525771323,0.5702833405666811,0.013500484647286343
PB&J,LR,21,0.5594488188976378,0.015012343279478414,0.5566929133858267,0.01954279314329269,0.5622047244094487,0.02327833936865273,0.5599046342871359,0.015374339616531736,0.5566929133858267,0.01954279314329269,0.55816411512781,0.015524085812748943,0.5715512431024862,0.009880592722304621
PB&J,LR,22,0.5515748031496063,0.013885978022479067,0.5496062992125984,0.029314189714939015,0.5535433070866141,0.019700781107396505,0.5516347433219841,0.013595704111163207,0.5496062992125984,0.029314189714939015,0.5503780826754643,0.019765268801650093,0.5702182404364808,0.010977364016447676
PB&J,LR,23,0.55,0.019669285034325665,0.5456692913385828,0.04499915610151041,0.5543307086614173,0.03444825646335017,0.5502986402081793,0.019435998288270608,0.5456692913385828,0.04499915610151041,0.5472711304315767,0.028874279480712903,0.5762663525327051,0.017215695686771594
PB&J,LR,24,0.5488188976377952,0.019582409630623444,0.5464566929133857,0.0392438922657547,0.5511811023622046,0.03423159861304593,0.5491241253316418,0.019424132077615175,0.5464566929133857,0.0392438922657547,0.5472159245925013,0.025491947457734934,0.5725990451980904,0.021240371549286246
PB&J,LR,25,0.5570866141732284,0.013116796259021773,0.5488188976377952,0.05343899055419576,0.5653543307086615,0.03797529307649605,0.5578021420435213,0.011681379332336463,0.5488188976377952,0.05343899055419576,0.5521319050347002,0.030105931472649467,0.5789478578957158,0.01978751368518095
PB&J,LR,26,0.5578740157480315,0.014444044352633157,0.552755905511811,0.048576997843109225,0.562992125984252,0.030189432303434335,0.5581143298508756,0.011600557879689492,0.552755905511811,0.048576997843109225,0.5545989392386301,0.028229773328489683,0.5715729431458864,0.020449671119959902
PB&J,LR,27,0.5440944881889763,0.01705228962811631,0.537007874015748,0.04649004541456855,0.5511811023622046,0.02452348268094086,0.5441677350819372,0.014932864593383765,0.537007874015748,0.04649004541456855,0.5399642832798909,0.029043547426588125,0.5686837373674748,0.016302871595931367
PB&J,LR,28,0.5468503937007874,0.01371752077967272,0.537007874015748,0.04793458663062812,0.5566929133858267,0.043953655864418496,0.5480363310840415,0.01352640549042521,0.537007874015748,0.04793458663062812,0.5413517016503718,0.025887779525118972,0.5684078368156736,0.012172104768689228
PB&J,LR,29,0.5464566929133858,0.016497895149414934,0.5409448818897638,0.0440944881889764,0.5519685039370079,0.04250510102760876,0.5472797056059355,0.01843752132592128,0.5409448818897638,0.0440944881889764,0.5431770554476629,0.025331968386244352,0.5725339450678902,0.013889555552221326
PB&J,LR,30,0.5515748031496063,0.010221066917911139,0.5480314960629921,0.04086910007042829,0.5551181102362205,0.02575657832093879,0.5516756090795695,0.007593998465020903,0.5480314960629921,0.04086910007042829,0.5492503068646475,0.023142827287840673,0.5726889453778907,0.014965231688542038
PB&J,LR,31,0.552755905511811,0.01667544770436798,0.5511811023622049,0.029461869187196402,0.5543307086614173,0.033720650559628126,0.5532556850374283,0.018053566756459156,0.5511811023622049,0.029461869187196402,0.5517997436151282,0.018847228632081967,0.5739661479322958,0.010351291600400558
PB&J,LR,32,0.5566929133858267,0.012598425196850371,0.5700787401574804,0.03211980795963957,0.5433070866141733,0.04362801630612621,0.5559781774605782,0.015589333025772112,0.5700787401574804,0.03211980795963957,0.5622100965460473,0.014129940192883182,0.5716225432450865,0.01492326499310598
PB&J,RF,1,0.5661417322834645,0.014657094857469488,0.5551181102362205,0.02599617955782546,0.5771653543307086,0.024974411853785357,0.5677375747088695,0.0155728540014341,0.5551181102362205,0.02599617955782546,0.5611016089109586,0.017770858657528827,0.6018987537975076,0.019274884919715348
PB&J,RF,2,0.5736220472440945,0.016356360691213347,0.5606299212598426,0.019542793143292693,0.5866141732283464,0.03217766416016148,0.5760830738115905,0.018715064689458025,0.5606299212598426,0.019542793143292693,0.5679850407224019,0.014473475893527562,0.6016848533697068,0.009937352139452219
PB&J,RF,3,0.5582677165354331,0.016261320022097122,0.5181102362204724,0.026186282123332103,0.5984251968503937,0.012449912047907033,0.5630897566390909,0.01631771402517716,0.5181102362204724,0.026186282123332103,0.5395646761998221,0.0212376640254563,0.5860515221030443,0.012980700459091728
PB&J,RF,4,0.5519685039370079,0.022291949081719775,0.5354330708661418,0.029775858899510295,0.5685039370078739,0.020921779930057356,0.5535354132351917,0.022690858487155647,0.5354330708661418,0.029775858899510295,0.5442396662727926,0.025743898213066302,0.5881021762043525,0.019203300493418386
PB&J,RF,5,0.5795275590551181,0.009928756073164149,0.5503937007874016,0.018699751318169915,0.6086614173228346,0.02356949534975711,0.5847140687501409,0.012209635052585084,0.5503937007874016,0.018699751318169915,0.5668041370606526,0.011137810935703051,0.6008308016616034,0.014959997348602285
PB&J,RF,6,0.5519685039370079,0.011451212261613355,0.5070866141732283,0.032882855146174964,0.5968503937007874,0.03846196769077105,0.5576476241559071,0.013958316933070175,0.5070866141732283,0.032882855146174964,0.5304350797013724,0.017709666468321287,0.5684403868807737,0.014996899580482915
PB&J,RF,7,0.5283464566929134,0.028406541744169216,0.5062992125984251,0.02179268110724104,0.5503937007874016,0.03713331062220975,0.5301536654566225,0.029980338386691417,0.5062992125984251,0.02179268110724104,0.5178870534145397,0.02535568551908209,0.5521870543741088,0.025266497506897002
PB&J,RF,8,0.5405511811023621,0.008220713786543762,0.5149606299212598,0.025804676548305434,0.5661417322834645,0.027883356235631155,0.5429315254522735,0.009746157882803653,0.5149606299212598,0.025804676548305434,0.5281933820995158,0.013953099855414463,0.553256556513113,0.01498448563843087
PB&J,RF,9,0.5271653543307087,0.015963098372215215,0.48267716535433075,0.02193446972784901,0.5716535433070866,0.025319582977659082,0.5299474791624551,0.018040937336144282,0.48267716535433075,0.02193446972784901,0.5050259400663336,0.01810585631752559,0.5453933907867816,0.01871572640648115
PB&J,RF,10,0.5429133858267716,0.008925814211617849,0.5149606299212598,0.021477451491316323,0.5708661417322836,0.025876656260086575,0.5456785798222845,0.010001326811756544,0.5149606299212598,0.021477451491316323,0.529582020155466,0.011940662228061808,0.5587094674189348,0.011546866249547857
PB&J,RF,11,0.5496062992125984,0.016108088618487237,0.5023622047244094,0.018732877564362732,0.5968503937007874,0.04793458663062811,0.5562589442984005,0.021531516613437236,0.5023622047244094,0.018732877564362732,0.5272547686689332,0.00629387083645389,0.5635749271498544,0.018470993162090336
PB&J,RF,12,0.5263779527559055,0.013672248310382173,0.4952755905511811,0.022465106484546627,0.5574803149606299,0.01906097391639399,0.5280659439698654,0.014727753509029462,0.4952755905511811,0.022465106484546627,0.5110042041712524,0.017597153397890516,0.5408038316076633,0.016466281224902738
PB&J,RF,13,0.5377952755905511,0.019263196571220595,0.521259842519685,0.026186282123332117,0.5543307086614173,0.01853323196210996,0.5389330577938944,0.01946337940737214,0.521259842519685,0.026186282123332117,0.5298666192497925,0.02225469130323627,0.5558326616653233,0.01908219348251066
PB&J,RF,14,0.5409448818897638,0.016860325279814077,0.5078740157480315,0.015145971702103394,0.574015748031496,0.026515682268476757,0.5441592554203727,0.018912374005311986,0.5078740157480315,0.015145971702103394,0.5252794262538198,0.015095892164474508,0.5554451608903218,0.018836634458118295
PB&J,RF,15,0.5354330708661417,0.02436495818388316,0.4881889763779528,0.028170935149603664,0.5826771653543307,0.03477071207215686,0.5395016744160792,0.027798141297133247,0.4881889763779528,0.028170935149603664,0.5123013607699158,0.025276291109155052,0.5516771033542068,0.026092977954255626
PB&J,RF,16,0.5539370078740158,0.004757104714013602,0.5133858267716536,0.019542793143292686,0.594488188976378,0.012449912047907033,0.558633884748898,0.0038326248117962185,0.5133858267716536,0.019542793143292686,0.53489896771614,0.011752132266740118,0.5654411308822619,0.009983438693696353
PB&J,RF,17,0.5433070866141733,0.018212651190898235,0.4929133858267717,0.029608812089705762,0.5937007874015748,0.026515682268476747,0.5481445072917737,0.02097200970834908,0.4929133858267717,0.029608812089705762,0.5187758555658124,0.023528270892037694,0.5687131874263749,0.024702604375494715
PB&J,RF,18,0.5381889763779528,0.014814872222225812,0.49133858267716535,0.029293031870453966,0.5850393700787402,0.021934469727849,0.5419758442227248,0.015945962593832547,0.49133858267716535,0.029293031870453966,0.5151429569662959,0.0216412084590742,0.5628960257920514,0.011144438860192693
PB&J,RF,19,0.544488188976378,0.007531939555003526,0.5062992125984251,0.024345865879906003,0.5826771653543308,0.0292506702693019,0.5484929712975649,0.009552783311671689,0.5062992125984251,0.024345865879906003,0.526131982613687,0.012291169448918404,0.5570788641577282,0.009100391474720693
PB&J,RF,20,0.5559055118110237,0.01806739197729727,0.5102362204724409,0.02092177993005737,0.6015748031496063,0.039085586286585386,0.5624768399967272,0.02321978923920088,0.5102362204724409,0.02092177993005737,0.5346194440747991,0.015152721638339415,0.5740482980965962,0.02572434457483736
PB&J,RF,21,0.5433070866141733,0.012324784127951603,0.48897637795275595,0.033720650559628106,0.5976377952755906,0.04010340654565936,0.5492398976286983,0.01575834356845571,0.48897637795275595,0.033720650559628106,0.5165261761075908,0.019260252122842096,0.5713047926095852,0.012865201831608065
PB&J,RF,22,0.5393700787401575,0.010924753484654819,0.5015748031496063,0.02582869207379012,0.5771653543307086,0.03252264004419428,0.542973542051708,0.013626779074377563,0.5015748031496063,0.02582869207379012,0.5210023642646542,0.014616050987072714,0.5638120776241553,0.010770359575572114
PB&J,RF,23,0.5547244094488188,0.01625178538626008,0.5188976377952755,0.031535408495276834,0.5905511811023623,0.021849506969309627,0.5587524264559557,0.01761590055554349,0.5188976377952755,0.031535408495276834,0.5377959604995005,0.02348622339828596,0.5714551429102859,0.012568449379818034
PB&J,RF,24,0.545275590551181,0.0220964018903973,0.5181102362204724,0.04141163399151086,0.5724409448818897,0.018229664413842883,0.5472373092888067,0.021968054092687726,0.5181102362204724,0.04141163399151086,0.5319581377069367,0.031085901267578795,0.5694416888833779,0.021165555051925553
PB&J,RF,25,0.5421259842519686,0.006773484462238277,0.5094488188976378,0.01938351751982862,0.5748031496062993,0.026115155829570073,0.5453383644768102,0.00828313217471461,0.5094488188976378,0.01938351751982862,0.5264946352145856,0.009432504163196707,0.5654519809039618,0.006916032545168773
PB&J,RF,26,0.5377952755905512,0.022180418930713812,0.5,0.022956503523012973,0.5755905511811024,0.028542628284081658,0.5410997286199934,0.024851117706875342,0.5,0.022956503523012973,0.519628306419443,0.022498144736365123,0.5612979725959453,0.016451228348836926
PB&J,RF,27,0.5507874015748031,0.010371606198676745,0.5039370078740157,0.02452348268094086,0.5976377952755906,0.01714294571423407,0.5559479357526567,0.010734620377531348,0.5039370078740157,0.02452348268094086,0.5284501908933665,0.016598852672407228,0.5691502883005766,0.015502350871095968
PB&J,RF,28,0.5437007874015747,0.029682010747985453,0.5015748031496063,0.05250262386825088,0.5858267716535432,0.03671352197440869,0.5472995040676689,0.03168118183688615,0.5015748031496063,0.05250262386825088,0.5227049132240574,0.038873605997904646,0.5616761733523468,0.018984537311564565
PB&J,RF,29,0.5539370078740157,0.018575001751315674,0.511023622047244,0.03696596722615906,0.5968503937007874,0.04004151853572008,0.5595603288385176,0.0216241840534313,0.511023622047244,0.03696596722615906,0.5334228136354071,0.02385112449982799,0.5659262818525638,0.01710793872125154
PB&J,RF,30,0.5311023622047244,0.011902532643961426,0.47480314960629916,0.04437481197985945,0.5874015748031496,0.029398668822983413,0.5345947781750366,0.011512089872903083,0.47480314960629916,0.04437481197985945,0.5021135069720761,0.028384084306547947,0.5585436170872342,0.011534748789036786
PB&J,RF,31,0.5299212598425196,0.03096000512021654,0.5062992125984251,0.05124768533944244,0.5535433070866141,0.020773080249248697,0.5303214837325738,0.03138945430582299,0.5062992125984251,0.05124768533944244,0.5177049905834434,0.040788827542058745,0.5638973277946556,0.02458678091112713
PB&J,RF,32,0.5381889763779527,0.013152199282275658,0.4881889763779528,0.014939894457488404,0.5881889763779528,0.03194561066945006,0.5430407947431395,0.016142290056939193,0.4881889763779528,0.014939894457488404,0.5138585765638906,0.009674740895937393,0.5575066650133301,0.018068081306019862
RMU,AdaBoost,1,0.5539370078740158,0.017633224942172166,0.553543307086614,0.02653905440370507,0.5543307086614173,0.045465196955124576,0.5549096669001836,0.020083961786277655,0.553543307086614,0.02653905440370507,0.5536204354893259,0.014864756202639409,0.5687689875379751,0.022614584855591455
RMU,AdaBoost,2,0.5433070866141733,0.010781940108369427,0.5448818897637795,0.013546968924476589,0.5417322834645668,0.01485666320008914,0.5432044113373912,0.010992366348048682,0.5448818897637795,0.013546968924476589,0.5439959740554927,0.011230155414982361,0.5577717155434311,0.020418630134515826
RMU,AdaBoost,3,0.537007874015748,0.026539054403705072,0.537007874015748,0.015469986381408282,0.537007874015748,0.038942560689380276,0.5376673426732351,0.02717949207249028,0.537007874015748,0.015469986381408282,0.5372459042782487,0.02099977631215714,0.5509114018228036,0.027889945106221337
RMU,AdaBoost,4,0.5295275590551181,0.031000031000046512,0.5440944881889763,0.022465106484546617,0.5149606299212598,0.05502804790442881,0.5299650791257925,0.03052597521215403,0.5440944881889763,0.022465106484546617,0.5365272903037103,0.022687770787440213,0.5515887531775062,0.02131234061645115
RMU,AdaBoost,5,0.5389763779527559,0.008106795386603959,0.5393700787401575,0.010266460480634074,0.5385826771653544,0.012044927984864858,0.5389757491627524,0.0081708202225055,0.5393700787401575,0.010266460480634074,0.5391406133931568,0.00825789008480234,0.5581654163308327,0.009407400807683625
RMU,AdaBoost,6,0.5401574803149606,0.011177220131164121,0.5519685039370079,0.02354317541374184,0.5283464566929134,0.021477451491316316,0.5392521287457331,0.011056889559262794,0.5519685039370079,0.02354317541374184,0.5453377334196299,0.014640363168769184,0.5548050096100192,0.01791669267318113
RMU,AdaBoost,7,0.5515748031496063,0.012781640221061336,0.5637795275590551,0.026515682268476747,0.5393700787401574,0.045913007046025994,0.551189874067945,0.01483555440860939,0.5637795275590551,0.026515682268476747,0.5567971620573877,0.009649749441577118,0.5644088288176576,0.012213901882772807
RMU,AdaBoost,8,0.5460629921259843,0.01754510232689543,0.5590551181102362,0.015145971702103394,0.5330708661417323,0.04259253019306622,0.5457645128950436,0.01905572202486865,0.5590551181102362,0.015145971702103394,0.5519594122736764,0.00965437161663154,0.5661944323888648,0.024348884882174994
RMU,AdaBoost,9,0.5417322834645668,0.026333844894788412,0.5385826771653542,0.03259880558186527,0.5448818897637795,0.02421819921138535,0.5417729957421547,0.026342592073088505,0.5385826771653542,0.03259880558186527,0.5401026978602192,0.02904982349034561,0.5495504991009982,0.0329000357315167
RMU,AdaBoost,10,0.5318897637795275,0.018566655311104886,0.5283464566929135,0.02897381022515607,0.5354330708661417,0.044888796263745576,0.5328534901342222,0.019822571697774568,0.5283464566929135,0.02897381022515607,0.529993190100492,0.018093600656473762,0.5474068448136895,0.016289804756500114
RMU,AdaBoost,11,0.5248031496062993,0.014550959537461697,0.5251968503937008,0.015865702109929065,0.5244094488188976,0.026632337835098843,0.5250473285793802,0.015022703552384534,0.5251968503937008,0.015865702109929065,0.524978147075994,0.012691418547986957,0.5315720131440262,0.007974297319664996
RMU,AdaBoost,12,0.5161417322834645,0.016299402790932657,0.515748031496063,0.03485975373413962,0.5165354330708661,0.026280817745320692,0.515950825703347,0.016249851882448655,0.515748031496063,0.03485975373413962,0.5154914969507757,0.023412218777499556,0.5225246450492902,0.01572650408166841
RMU,AdaBoost,13,0.5425196850393701,0.011518691998683318,0.5267716535433071,0.020892124663656066,0.5582677165354331,0.03307086614173229,0.5443754146116351,0.013071713345841122,0.5267716535433071,0.020892124663656066,0.5350598786049271,0.011095393596644078,0.547236344472689,0.011283618027017515
RMU,AdaBoost,14,0.5322834645669291,0.02222230833333873,0.5464566929133858,0.017142945714234047,0.5181102362204724,0.03184842270260896,0.5317558352873865,0.02220824510380926,0.5464566929133858,0.017142945714234047,0.5389233667099971,0.01878349021392189,0.5353664207328415,0.021967147142614683
RMU,AdaBoost,15,0.5216535433070866,0.024428491429115868,0.5133858267716536,0.04338575531954617,0.5299212598425196,0.026771653543307086,0.5214628062028169,0.02434665789136183,0.5133858267716536,0.04338575531954617,0.5170200906936231,0.03267544692812482,0.5309582119164238,0.021710307860852266
RMU,AdaBoost,16,0.521259842519685,0.01109370299496486,0.5133858267716536,0.03613478395459455,0.5291338582677165,0.024345865879906003,0.5212739550690059,0.011371568132108904,0.5133858267716536,0.03613478395459455,0.516864662668393,0.022825239524129775,0.5281976563953128,0.01936362835934714
RMU,AdaBoost,17,0.5259842519685038,0.021032614786130867,0.5346456692913385,0.03654425633345604,0.5173228346456693,0.020921779930057356,0.5251440640629113,0.021005781677504453,0.5346456692913385,0.03654425633345604,0.5296289757377417,0.02752659114870201,0.5361724223448446,0.02056287799874122
RMU,AdaBoost,18,0.5196850393700787,0.016422561901271036,0.5007874015748032,0.0238050652879228,0.5385826771653542,0.020442133835822326,0.5203916843687473,0.016965999111621114,0.5007874015748032,0.0238050652879228,0.5102812598083142,0.01935998013098673,0.5263299026598054,0.023799199349354035
RMU,AdaBoost,19,0.5303149606299212,0.016213590773207887,0.5330708661417323,0.03965253011658008,0.5275590551181102,0.02489982409581402,0.52981119225963,0.014424827694326481,0.5330708661417323,0.03965253011658008,0.5309901912881664,0.02514024520466933,0.5347572695145391,0.012985209043251528
RMU,AdaBoost,20,0.5031496062992126,0.01465709485746951,0.4874015748031496,0.03297699463208176,0.5188976377952755,0.019826265058290053,0.5028706273744206,0.015436213555543133,0.4874015748031496,0.03297699463208176,0.49474455144162305,0.023515287393606674,0.515730981461963,0.02315877387024374
RMU,AdaBoost,21,0.5228346456692913,0.008314453575568098,0.5196850393700787,0.02882363026413091,0.525984251968504,0.03115962037387305,0.5231066631356995,0.008762366564736512,0.5196850393700787,0.02882363026413091,0.5209719322493116,0.01494532654574783,0.5323237646475294,0.009226257753281593
RMU,AdaBoost,22,0.5307086614173228,0.011585778716190702,0.5362204724409448,0.032408056105916024,0.5251968503937008,0.025828692073790124,0.5302912227962847,0.011120873763311584,0.5362204724409448,0.032408056105916024,0.5328578880171333,0.019141940110600605,0.5310047120094239,0.01391724263091637
RMU,AdaBoost,23,0.5173228346456693,0.013660906750312998,0.5283464566929134,0.027208114241214165,0.5062992125984251,0.030859713294906176,0.517129258834149,0.013803855050701981,0.5283464566929134,0.027208114241214165,0.5223325396768763,0.01646754337803798,0.5198787897575794,0.014770856992300503
RMU,AdaBoost,24,0.5129921259842519,0.015875468624925962,0.5393700787401574,0.029356459657176755,0.4866141732283465,0.04193236836439166,0.5127885524437248,0.016101835242939806,0.5393700787401574,0.029356459657176755,0.5252558068542476,0.016265860965458824,0.525747101494203,0.011555969499405452
RMU,AdaBoost,25,0.5118110236220472,0.02184950696930962,0.5062992125984251,0.04193236836439163,0.5173228346456693,0.033922297997697665,0.511680818545807,0.021039828941113482,0.5062992125984251,0.04193236836439163,0.5084605023673838,0.02928319524653265,0.5232965465930932,0.02063923330540898
RMU,AdaBoost,26,0.5181102362204724,0.011369707935585567,0.5291338582677165,0.026771653543307093,0.5070866141732283,0.024064105181001782,0.5176978881719696,0.010990083234839852,0.5291338582677165,0.026771653543307093,0.5230916170963107,0.016368747766050712,0.5199376898753798,0.014793269375881712
RMU,AdaBoost,27,0.502755905511811,0.006886951056903886,0.511023622047244,0.02204724409448819,0.494488188976378,0.024218199211385367,0.50277016505954,0.00672431736230253,0.511023622047244,0.02204724409448819,0.5066219142443021,0.011672858870637029,0.5066154132308264,0.008763606498918584
RMU,AdaBoost,28,0.5299212598425196,0.0208475626690925,0.5259842519685038,0.02642198698513782,0.5338582677165353,0.04581838275898003,0.531075534884844,0.022668618380044657,0.5259842519685038,0.02642198698513782,0.5279539109968431,0.017728684455915116,0.5361925723851448,0.029705568600090722
RMU,AdaBoost,29,0.5220472440944881,0.01591447474913996,0.5275590551181103,0.03625469112825618,0.5165354330708661,0.02832457598205504,0.5216403462440726,0.01560302305365242,0.5275590551181103,0.03625469112825618,0.5241630102608151,0.023417146984394517,0.5299104098208196,0.02355981084541062
RMU,AdaBoost,30,0.5129921259842519,0.018449408683244073,0.5220472440944881,0.021792681107241023,0.5039370078740157,0.03178996730423047,0.5130515930876071,0.019069062998753505,0.5220472440944881,0.021792681107241023,0.5173084224611458,0.01746757892023349,0.5180823361646724,0.0187039943418837
RMU,AdaBoost,31,0.5299212598425197,0.01095309271121542,0.5314960629921259,0.016703309791808223,0.5283464566929135,0.03662898692791498,0.5303974943943083,0.01170886573565869,0.5314960629921259,0.016703309791808223,0.5306040464586382,0.004784562288281573,0.5218054436108872,0.012196734573472624
RMU,AdaBoost,32,0.5181102362204724,0.019020271384537282,0.5259842519685038,0.0195427931432927,0.5102362204724409,0.02317155743238137,0.5179071027072859,0.018872481515520994,0.5259842519685038,0.0195427931432927,0.5218665243187958,0.018567420958378166,0.5294686589373179,0.020862639020797134
RMU,LR,1,0.5515748031496063,0.02235444026232817,0.547244094488189,0.04724409448818899,0.5559055118110237,0.007634141507742237,0.5510588186731098,0.020278118929394483,0.547244094488189,0.04724409448818899,0.5487882266957047,0.03357187980227509,0.5663401326802653,0.014742623710823861
RMU,LR,2,0.5582677165354331,0.015278431426718283,0.5456692913385827,0.012842131047480394,0.5708661417322834,0.021849506969309606,0.559956625229157,0.016153787184921557,0.5456692913385827,0.012842131047480394,0.5526706649423596,0.013594417324552792,0.574750449500899,0.014243594408684718
RMU,LR,3,0.5511811023622047,0.012878289160469368,0.537007874015748,0.014646515935227002,0.5653543307086615,0.023437600104153123,0.5528998457335035,0.013824788835000778,0.537007874015748,0.014646515935227002,0.5447123236358546,0.011686848886260572,0.5750914501829003,0.012938456626428443
RMU,LR,4,0.5618110236220473,0.013785150708670525,0.5866141732283464,0.023883072264729285,0.537007874015748,0.03570325684647129,0.5593541886849966,0.01445449928994897,0.5866141732283464,0.023883072264729285,0.5722830882863262,0.012881726332433851,0.5776241552483105,0.012244267123340223
RMU,LR,5,0.5618110236220473,0.01411844179294573,0.5669291338582678,0.034140918722328835,0.5566929133858267,0.028455607873374283,0.561187637597895,0.014010581882058866,0.5669291338582678,0.034140918722328835,0.5636115468048908,0.02083087497573019,0.5905697811395624,0.008794605586383081
RMU,LR,6,0.574015748031496,0.007323257967613481,0.5685039370078739,0.015865702109929054,0.5795275590551181,0.025804676548305407,0.5751621087451882,0.009556091954058389,0.5685039370078739,0.015865702109929054,0.5715860770011436,0.006259842935165014,0.5973618947237894,0.008839762124925349
RMU,LR,7,0.5716535433070866,0.016544804243661965,0.5818897637795275,0.00944881889763778,0.5614173228346457,0.028672663710288395,0.5706191789379427,0.01780948696309876,0.5818897637795275,0.00944881889763778,0.5760980501847038,0.012149642270803427,0.6083328166656333,0.014779955058369177
RMU,LR,8,0.5704724409448818,0.007913287890646355,0.5795275590551181,0.01677738248241142,0.5614173228346456,0.029314189714939022,0.5696606616251945,0.010905596229744382,0.5795275590551181,0.01677738248241142,0.5742539298988675,0.005603799893702216,0.6076570153140306,0.018345572681134886
RMU,LR,9,0.5681102362204724,0.012424987274062575,0.553543307086614,0.02558752253428648,0.5826771653543307,0.0024899824095813965,0.5698579578156937,0.01104688870057064,0.553543307086614,0.02558752253428648,0.5614774921375065,0.018573510229913173,0.6045136090272181,0.015380856254513622
RMU,LR,10,0.5881889763779526,0.011771587706870933,0.5913385826771653,0.0173228346456693,0.5850393700787401,0.020472440944881907,0.5877732057204978,0.012549899220952107,0.5913385826771653,0.0173228346456693,0.5894237653379472,0.012213715564855447,0.6139004278008555,0.01325759830493242
RMU,LR,11,0.5877952755905511,0.008856080219844109,0.5968503937007874,0.027794271802713058,0.578740157480315,0.019606141099194858,0.5862076570046495,0.0075891650959283964,0.5968503937007874,0.027794271802713058,0.5911975654909114,0.0154694523550359,0.6064914129828259,0.010091282534719012
RMU,LR,12,0.5704724409448818,0.011837241242813292,0.5732283464566928,0.01526828301548451,0.5677165354330709,0.023674482485626615,0.5703231893808399,0.012791405326060224,0.5732283464566928,0.01526828301548451,0.5716243730877948,0.010706717659683727,0.6001953003906009,0.01155671916983784
RMU,LR,13,0.5645669291338582,0.012962265852877401,0.5881889763779528,0.021506299659445137,0.5409448818897638,0.04178424932731213,0.562483128572994,0.015888731078839254,0.5881889763779528,0.021506299659445137,0.5745396148992039,0.007832899305856282,0.5946028892057784,0.012216619030751726
RMU,LR,14,0.5728346456692913,0.004821830202329082,0.5803149606299213,0.02447286656365363,0.5653543307086614,0.031555062849628134,0.5721942149661694,0.00857093589547334,0.5803149606299213,0.02447286656365363,0.5757768025371439,0.008851253705120025,0.5887748775497551,0.0037953065854224024
RMU,LR,15,0.5637795275590551,0.021585433325783936,0.5858267716535434,0.03551172372843992,0.5417322834645669,0.03233144120889422,0.5611642958396255,0.021147760561662503,0.5858267716535434,0.03551172372843992,0.5728743452556044,0.024414369428234692,0.5900613801227601,0.015739328936295555
RMU,LR,16,0.5692913385826771,0.01775586186421994,0.5905511811023623,0.03991745466342227,0.5480314960629922,0.04056455707839767,0.5668313739208306,0.018211808564434752,0.5905511811023623,0.03991745466342227,0.5777487469757661,0.022564598207406954,0.5921972843945689,0.012166477396193899
RMU,LR,17,0.5653543307086614,0.007814737496566604,0.5692913385826771,0.01443330927545144,0.5614173228346456,0.006396880633571612,0.5647762543386214,0.007162154264019386,0.5692913385826771,0.01443330927545144,0.5669894856690086,0.010474628474008369,0.5925661851323704,0.007710108675165697
RMU,LR,18,0.5547244094488188,0.006396880633571612,0.552755905511811,0.022354440262328183,0.5566929133858267,0.01699766389364005,0.554916497951233,0.0058860525240033235,0.552755905511811,0.022354440262328183,0.5536346986008532,0.012591019457607655,0.5824229648459296,0.007425059109918943
RMU,LR,19,0.5574803149606299,0.014699334411491682,0.5614173228346456,0.015063879110007053,0.5535433070866141,0.0283464566929134,0.5573905996250428,0.015791669807323622,0.5614173228346456,0.015063879110007053,0.5592286638516781,0.011949155281174136,0.5794004588009176,0.012944508623371693
RMU,LR,20,0.5594488188976378,0.009834642517162814,0.5669291338582677,0.01829755911594052,0.5519685039370079,0.026979278266160357,0.5588652316328412,0.010830337413371091,0.5669291338582677,0.01829755911594052,0.5626246903406376,0.009718033014277655,0.5770289540579081,0.012232188445455611
RMU,LR,21,0.5543307086614173,0.01828060908069906,0.5692913385826771,0.023569495349757108,0.5393700787401574,0.02670208654773728,0.5528732969678114,0.0177767370451936,0.5692913385826771,0.023569495349757108,0.5608047218605277,0.01874316847103117,0.5701190402380806,0.01070644218455219
RMU,LR,22,0.5460629921259843,0.002362204724409445,0.5566929133858267,0.009514209428027205,0.5354330708661417,0.010266460480634126,0.5451273453711244,0.0025907388471242175,0.5566929133858267,0.009514209428027205,0.5508009482090767,0.004471362997592902,0.5674654349308699,0.009501974637396547
RMU,LR,23,0.5484251968503937,0.01955072286288997,0.5566929133858268,0.0216499639131772,0.5401574803149606,0.022465106484546627,0.5476714855903404,0.01916512677832637,0.5566929133858268,0.0216499639131772,0.5520899736068138,0.01969121814479121,0.5673383346766694,0.016397871280128238
RMU,LR,24,0.5570866141732284,0.0168419288474074,0.5700787401574804,0.019190641900714865,0.5440944881889763,0.015022664589243262,0.5555765555765556,0.016177648513685826,0.5700787401574804,0.019190641900714865,0.5627269693534862,0.017569448779010434,0.5691611383222765,0.012869622628814083
RMU,LR,25,0.5519685039370079,0.02709393784895315,0.5582677165354331,0.02604383528904129,0.5456692913385826,0.029838260348813254,0.5514344358021755,0.027076306964680753,0.5582677165354331,0.02604383528904129,0.5548030818909268,0.026299628788325036,0.5704445408890818,0.01804805505775798
RMU,LR,26,0.5523622047244093,0.015379547231987888,0.562992125984252,0.014518967649280113,0.5417322834645668,0.02016732043285937,0.551381475184701,0.015592712352591652,0.562992125984252,0.014518967649280113,0.5570875073161711,0.01432798356814688,0.5698555397110795,0.014724841490588607
RMU,LR,27,0.5551181102362205,0.004979964819162793,0.5748031496062993,0.02098096471570744,0.5354330708661417,0.014303859940618087,0.5529800109770091,0.0037224151714403872,0.5748031496062993,0.02098096471570744,0.5635237448802697,0.011346547448261437,0.5665385330770661,0.011486421979495252
RMU,LR,28,0.5562992125984252,0.011585778716190659,0.5645669291338582,0.021934469727848998,0.5480314960629921,0.03240805610591606,0.5558135214287858,0.013301330757199555,0.5645669291338582,0.021934469727848998,0.5598060931266406,0.01123096095645206,0.570295740591481,0.01090020281449892
RMU,LR,29,0.5578740157480315,0.01673112548100452,0.573228346456693,0.029314189714939036,0.54251968503937,0.03288285514617496,0.556395267283928,0.016711508810169598,0.573228346456693,0.029314189714939036,0.5643231177135799,0.018702214632454778,0.5720968441936884,0.017981501989443514
RMU,LR,30,0.5535433070866141,0.015914474749139963,0.5692913385826771,0.013773902113807772,0.5377952755905511,0.021506299659445154,0.5520502212588163,0.01587650406383126,0.5692913385826771,0.013773902113807772,0.5605003425029444,0.01417703971239115,0.5668423336846674,0.018869736975550805
RMU,LR,31,0.5503937007874016,0.009691758759914291,0.5559055118110237,0.01750087462275026,0.5448818897637795,0.011572392485589798,0.5497881626324659,0.009172255333418814,0.5559055118110237,0.01750087462275026,0.5527606535792584,0.012399262306093199,0.5696075392150786,0.017605621084481396
RMU,LR,32,0.5507874015748031,0.00730206180747692,0.5519685039370079,0.0164036745322832,0.5496062992125984,0.013316168917549396,0.5506587243527418,0.007052287660607847,0.5519685039370079,0.0164036745322832,0.5512175576732933,0.010388128539860467,0.5658301816603634,0.01622167398358678
RMU,RF,1,0.5665354330708661,0.01775586186421994,0.5480314960629922,0.015629474993133205,0.5850393700787402,0.03096000512021653,0.5695571074560369,0.019507150256993098,0.5480314960629922,0.015629474993133205,0.5584156436795571,0.014706893448393604,0.6005316510633022,0.01818097304119887
RMU,RF,2,0.5677165354330709,0.013785150708670525,0.5614173228346457,0.02779427180271307,0.574015748031496,0.006773484462238277,0.568265569371784,0.01235764284973457,0.5614173228346457,0.02779427180271307,0.5646948231081133,0.019970221240750013,0.5979384958769919,0.015175573200909663
RMU,RF,3,0.5574803149606299,0.007302061807476919,0.5385826771653542,0.014390288883855983,0.5763779527559054,0.006396880633571612,0.5596681066842535,0.0068543344374970274,0.5385826771653542,0.014390288883855983,0.5488808305494992,0.010386913435878265,0.5940200880401763,0.0016069473526251945
RMU,RF,4,0.5598425196850394,0.02768811176774368,0.5307086614173229,0.027994313125403448,0.5889763779527559,0.03870301016517953,0.5640761201765985,0.030655212023197806,0.5307086614173229,0.027994313125403448,0.5466466912819541,0.026865975249975683,0.5915462830925662,0.022966581980530774
RMU,RF,5,0.5685039370078739,0.018058810930991646,0.5322834645669291,0.024064105181001782,0.6047244094488189,0.04244671487226317,0.5748142729347512,0.021155663041652475,0.5322834645669291,0.024064105181001782,0.5521902017860761,0.015491920296510999,0.5964582429164859,0.015081488266721042
RMU,RF,6,0.5685039370078739,0.024818767736180275,0.5393700787401574,0.04348567329601283,0.5976377952755906,0.024192585032657036,0.5722273986100821,0.0249332809178172,0.5393700787401574,0.04348567329601283,0.5549179375826215,0.03305000329737153,0.5927211854423708,0.016876752348954457
RMU,RF,7,0.5551181102362205,0.017912304198546978,0.526771653543307,0.03259880558186526,0.5834645669291338,0.017677121512317855,0.5581283189719664,0.017565234065892065,0.526771653543307,0.03259880558186526,0.5417728050684425,0.02411755363289411,0.5845495690991382,0.011114306496616938
RMU,RF,8,0.5515748031496062,0.015318957841215532,0.5236220472440944,0.033958832524169785,0.5795275590551181,0.029817474376002344,0.5547054676661551,0.01619390405857394,0.5236220472440944,0.033958832524169785,0.5382401369210739,0.02161095183260872,0.5725540951081902,0.01502644619530645
RMU,RF,9,0.5389763779527559,0.011505227713545256,0.5086614173228347,0.029817474376002354,0.5692913385826772,0.03698273564036967,0.5419839313763781,0.013306939555631895,0.5086614173228347,0.029817474376002354,0.5241728431410226,0.016302305366824584,0.5678777357554716,0.015003579731807977
RMU,RF,10,0.5358267716535432,0.0074074361111129226,0.49606299212598426,0.03236977132455821,0.5755905511811024,0.034717177456769444,0.539246973886512,0.009400577512712829,0.49606299212598426,0.03236977132455821,0.5160864846822212,0.016870086539219592,0.5497814495628991,0.009382596010544194
RMU,RF,11,0.5377952755905511,0.015718476202895397,0.5070866141732283,0.04250510102760876,0.568503937007874,0.03446624980825084,0.540140981228111,0.01622379986031394,0.5070866141732283,0.04250510102760876,0.5223339268993086,0.027309925639398526,0.5575919151838304,0.01744097168548119
RMU,RF,12,0.534251968503937,0.00969175875991432,0.5102362204724409,0.03135796496336989,0.5582677165354331,0.0240641051810018,0.5358695192146373,0.009239188238616896,0.5102362204724409,0.03135796496336989,0.5223368784543205,0.019106989030285106,0.556520863041726,0.012107954157686163
RMU,RF,13,0.5287401574803149,0.012974218152192215,0.5165354330708661,0.02556328044212274,0.5409448818897638,0.02343760010415309,0.5294725964715934,0.013743864760615256,0.5165354330708661,0.02556328044212274,0.522682021380805,0.01727508941740588,0.5412424824849649,0.01343796156991534
RMU,RF,14,0.5405511811023622,0.009691758759914335,0.515748031496063,0.01846620377883241,0.5653543307086615,0.031945610669450085,0.5431564496266765,0.011553745711736873,0.515748031496063,0.01846620377883241,0.5287476770352375,0.008369033472499595,0.5523963047926096,0.00457388660131298
RMU,RF,15,0.5503937007874016,0.018238165073859013,0.5204724409448819,0.03231225910028849,0.5803149606299213,0.020013015790769827,0.5533152994857641,0.019107289309206566,0.5204724409448819,0.03231225910028849,0.5361632300652037,0.024799042501782664,0.5604842209684419,0.013853242866332178
RMU,RF,16,0.5511811023622047,0.024301258837812523,0.5354330708661418,0.021419638596433775,0.5669291338582676,0.03246539862691072,0.5531908422414298,0.02570240595706659,0.5354330708661418,0.021419638596433775,0.5440743878783353,0.022508867147176048,0.556474362948726,0.024148781174775646
RMU,RF,17,0.5389763779527559,0.015063879110007084,0.5141732283464566,0.016059903979819795,0.5637795275590551,0.02992125984251969,0.5414187597429152,0.016753403884917358,0.5141732283464566,0.016059903979819795,0.5272438590238916,0.012807530132570463,0.5581499162998326,0.015779382817134938
RMU,RF,18,0.5374015748031497,0.015500015500023277,0.5149606299212598,0.030839615791442725,0.5598425196850394,0.028104831964684652,0.5392056665109022,0.01643306417673124,0.5149606299212598,0.030839615791442725,0.5264446281313635,0.02044521987795645,0.5447981895963793,0.013842119205753485
RMU,RF,19,0.521259842519685,0.010371606198676771,0.4881889763779528,0.027615240813779807,0.5543307086614172,0.04086910007042829,0.5234213168698043,0.012197747423840659,0.4881889763779528,0.027615240813779807,0.5045310757807686,0.013112663314458694,0.5239940479880959,0.018104809202533833
RMU,RF,20,0.5393700787401574,0.010637209516619157,0.5133858267716536,0.02459921157765875,0.5653543307086614,0.03578997851138114,0.5420283009772807,0.012731652508207065,0.5133858267716536,0.02459921157765875,0.5268553469624825,0.011966974944970496,0.555235910471821,0.010205403800715133
RMU,RF,21,0.5334645669291338,0.010924753484654838,0.5236220472440944,0.0366797313349673,0.5433070866141732,0.027048132342232536,0.533907041865409,0.010435762670297406,0.5236220472440944,0.0366797313349673,0.5282102146093778,0.022557716789012836,0.5443703887407775,0.013665367780574367
RMU,RF,22,0.5141732283464566,0.017043197497569586,0.49921259842519683,0.023674482485626612,0.5291338582677165,0.03383078906919817,0.5149355430925209,0.01756201718580641,0.49921259842519683,0.023674482485626612,0.5066549727065809,0.017224050238562383,0.5236421972843945,0.01769024764928958
RMU,RF,23,0.5433070866141732,0.011941536132364662,0.5385826771653544,0.03240805610591604,0.5480314960629921,0.03852639314244117,0.5441348148811714,0.012769641344927902,0.5385826771653544,0.03240805610591604,0.5407065541255681,0.01740889284107153,0.5521994543989088,0.01000667235890964
RMU,RF,24,0.5216535433070866,0.017385356036078443,0.5181102362204724,0.045953500665873614,0.5251968503937008,0.034285891428468086,0.5213716338559137,0.01802976695635739,0.5181102362204724,0.045953500665873614,0.5190256159000345,0.030406120459955513,0.5373101246202492,0.013631767842419968
RMU,RF,25,0.5259842519685038,0.011369707935585584,0.5007874015748032,0.03746575512872541,0.5511811023622046,0.03293937112338882,0.5272724593368769,0.0119241323733207,0.5007874015748032,0.03746575512872541,0.5130502459515908,0.02321339015791466,0.5325469650939303,0.011291270550104272
RMU,RF,26,0.5334645669291338,0.01702499866963754,0.5023622047244094,0.022630091123149485,0.5645669291338583,0.03715000350263131,0.5363599067110776,0.020126826354079967,0.5023622047244094,0.022630091123149485,0.5183853518954891,0.01556594698893094,0.5437999875999753,0.01908725802288576
RMU,RF,27,0.5385826771653544,0.010967234863924527,0.5275590551181102,0.016327906577423418,0.5496062992125984,0.019700781107396544,0.5395517038981091,0.011238478645715073,0.5275590551181102,0.016327906577423418,0.5333726948623776,0.011653452896029424,0.5406906813813628,0.009813963817956422
RMU,RF,28,0.5334645669291338,0.01859168339073639,0.5299212598425196,0.043953655864418455,0.537007874015748,0.040350009371083316,0.5336775512849978,0.018536135327672558,0.5299212598425196,0.043953655864418455,0.5310508715184901,0.02746327283215832,0.5486406472812946,0.010089832537186875
RMU,RF,29,0.5374015748031497,0.012387506080749837,0.5291338582677165,0.028888088705266362,0.5456692913385826,0.019700781107396526,0.53788351437481,0.012010138057793324,0.5291338582677165,0.028888088705266362,0.5332153357994911,0.018953015378570363,0.5505781511563023,0.011378574129576999
RMU,RF,30,0.5374015748031497,0.009562958898811938,0.520472440944882,0.02886661855090295,0.5543307086614173,0.01998201187472362,0.5385569055584437,0.009187665341207978,0.520472440944882,0.02886661855090295,0.5290585707773671,0.01826157743741397,0.5504402008804018,0.014085978071235202
RMU,RF,31,0.5318897637795275,0.0192631965712206,0.511023622047244,0.039793003995254435,0.552755905511811,0.008838560756158902,0.5325187452473339,0.019162609385738615,0.511023622047244,0.039793003995254435,0.5212913744989189,0.02968290329748423,0.5484608469216938,0.02413966437973516
RMU,RF,32,0.5244094488188976,0.009691758759914315,0.5181102362204724,0.03544181869268315,0.5307086614173228,0.019190641900714882,0.524340375356011,0.00890077671327945,0.5181102362204724,0.03544181869268315,0.5208285631775966,0.021695996519977195,0.5321966643933289,0.007898275893876986
RMU-LAT,AdaBoost,1,0.5539370078740158,0.017633224942172166,0.553543307086614,0.02653905440370507,0.5543307086614173,0.045465196955124576,0.5549096669001836,0.020083961786277655,0.553543307086614,0.02653905440370507,0.5536204354893259,0.014864756202639409,0.5687689875379751,0.022614584855591455
RMU-LAT,AdaBoost,2,0.5433070866141733,0.010781940108369427,0.5448818897637795,0.013546968924476589,0.5417322834645668,0.01485666320008914,0.5432044113373912,0.010992366348048682,0.5448818897637795,0.013546968924476589,0.5439959740554927,0.011230155414982361,0.5577717155434311,0.020418630134515826
RMU-LAT,AdaBoost,3,0.537007874015748,0.026539054403705072,0.537007874015748,0.015469986381408282,0.537007874015748,0.038942560689380276,0.5376673426732351,0.02717949207249028,0.537007874015748,0.015469986381408282,0.5372459042782487,0.02099977631215714,0.5509114018228036,0.027889945106221337
RMU-LAT,AdaBoost,4,0.5295275590551181,0.031000031000046512,0.5440944881889763,0.022465106484546617,0.5149606299212598,0.05502804790442881,0.5299650791257925,0.03052597521215403,0.5440944881889763,0.022465106484546617,0.5365272903037103,0.022687770787440213,0.5515887531775062,0.02131234061645115
RMU-LAT,AdaBoost,5,0.5389763779527559,0.008106795386603959,0.5393700787401575,0.010266460480634074,0.5385826771653544,0.012044927984864858,0.5389757491627524,0.0081708202225055,0.5393700787401575,0.010266460480634074,0.5391406133931568,0.00825789008480234,0.5581654163308327,0.009407400807683625
RMU-LAT,AdaBoost,6,0.5598425196850394,0.02092918718110553,0.5661417322834645,0.025196850393700773,0.5535433070866141,0.02973418517873889,0.5592888560125209,0.02065126182920744,0.5661417322834645,0.025196850393700773,0.5625156530155603,0.020883888076955633,0.5750387500775002,0.01809075186842448
RMU-LAT,AdaBoost,7,0.5539370078740158,0.021223357436131584,0.5937007874015748,0.030230478457405452,0.5141732283464566,0.04096002142878724,0.5504809713526123,0.020726873478746334,0.5937007874015748,0.030230478457405452,0.5708419651263454,0.019788045081196512,0.5719092938185877,0.03113945835390504
RMU-LAT,AdaBoost,8,0.5531496062992125,0.023191616496099427,0.5708661417322834,0.013408965642461709,0.5354330708661417,0.03538929929802244,0.5518723998805385,0.02378395107413475,0.5708661417322834,0.013408965642461709,0.5611129513436225,0.01808411374644844,0.5680885361770723,0.02477869861036215
RMU-LAT,AdaBoost,9,0.5468503937007874,0.014856663200089142,0.5637795275590551,0.032023148673484665,0.5299212598425196,0.023569495349757115,0.5452007326007327,0.013815152300758705,0.5637795275590551,0.032023148673484665,0.554038774699778,0.020429700520163987,0.5569672639345279,0.008691578772804414
RMU-LAT,AdaBoost,10,0.5543307086614173,0.016165720604447105,0.5519685039370079,0.028866618550902903,0.5566929133858268,0.02546608130519091,0.5546220791445069,0.01631839049108825,0.5519685039370079,0.028866618550902903,0.5530176410858045,0.019832534103851385,0.568029636059272,0.008492612535173237
RMU-LAT,AdaBoost,11,0.5456692913385826,0.024630696566326077,0.5503937007874016,0.02592453170575484,0.5409448818897638,0.035529178496625125,0.5455762653133185,0.02488653957457203,0.5503937007874016,0.02592453170575484,0.5477866180648847,0.02340528992112845,0.5600114700229402,0.025663128761845816
RMU-LAT,AdaBoost,12,0.5330708661417323,0.00848057449942445,0.5385826771653544,0.042358984744292165,0.5275590551181102,0.03441224154868059,0.5325825477836597,0.0073153802729700665,0.5385826771653544,0.042358984744292165,0.5347833315472662,0.023746312956633753,0.5507223014446029,0.017517765428906613
RMU-LAT,AdaBoost,13,0.5318897637795275,0.006634763600926305,0.5456692913385827,0.035266449884344415,0.5181102362204724,0.02421819921138536,0.5308277550416125,0.004879467968489921,0.5456692913385827,0.035266449884344415,0.5376959198576239,0.019371680785700018,0.5342860685721371,0.01325559805583347
RMU-LAT,AdaBoost,14,0.5322834645669292,0.014814872222225836,0.521259842519685,0.023171557432381383,0.5433070866141733,0.012449912047907024,0.5328214167641269,0.014802883551897454,0.521259842519685,0.023171557432381383,0.526908275703157,0.018758143951319212,0.5516337032674065,0.018649098938532477
RMU-LAT,AdaBoost,15,0.5291338582677165,0.029760238092857095,0.5228346456692913,0.028973810225156056,0.5354330708661417,0.04312776043347766,0.5301133622736229,0.031224718737338304,0.5228346456692913,0.028973810225156056,0.5261933879471157,0.027514072972290464,0.5309442618885238,0.03271398861115718
RMU-LAT,AdaBoost,16,0.5381889763779527,0.015826575781292766,0.5307086614173228,0.01395279145407037,0.5456692913385826,0.023037383997366614,0.5389636758334995,0.01648899134858179,0.5307086614173228,0.01395279145407037,0.5347413063589124,0.014061725354394284,0.5508974517949036,0.016730612120224673
RMU-LAT,AdaBoost,17,0.5318897637795275,0.018272128166728033,0.5275590551181102,0.0238830722647293,0.5362204724409448,0.028104831964684638,0.5323337435720393,0.018464308871039985,0.5275590551181102,0.0238830722647293,0.5297485566337066,0.018759758249357803,0.5466442432884866,0.02165746544719308
RMU-LAT,AdaBoost,18,0.5350393700787401,0.011837241242813342,0.5173228346456693,0.016628907151136133,0.552755905511811,0.023437600104153078,0.5365212409223514,0.012894714249716287,0.5173228346456693,0.016628907151136133,0.5265924963574297,0.011803867872613437,0.5532844565689132,0.014993808675459843
RMU-LAT,AdaBoost,19,0.5232283464566929,0.013773902113807806,0.5118110236220472,0.011941536132364627,0.5346456692913385,0.02354317541374182,0.5240041799105832,0.014561271969049645,0.5118110236220472,0.011941536132364627,0.5177494053479028,0.01143379384476883,0.5325330150660301,0.022081011115147268
RMU-LAT,AdaBoost,20,0.5299212598425196,0.01265979148882958,0.5448818897637795,0.016441427573087482,0.5149606299212598,0.02044213383582232,0.5291485766197473,0.012609254626227594,0.5448818897637795,0.016441427573087482,0.5368046381128345,0.012617720037895996,0.5480516461032922,0.01807445741378524
RMU-LAT,AdaBoost,21,0.5326771653543306,0.020175004685541682,0.511023622047244,0.029398668822983413,0.5543307086614173,0.029713326400178288,0.5342509073729349,0.021681269203274286,0.511023622047244,0.029398668822983413,0.5221109844840065,0.023078562735506607,0.5471092442184884,0.020378460607096048
RMU-LAT,AdaBoost,22,0.5322834645669291,0.016869515972935883,0.5236220472440944,0.031000031000046502,0.5409448818897638,0.02688719854954941,0.5328145292702292,0.016832464425788323,0.5236220472440944,0.031000031000046502,0.5278723555321638,0.02153809421661994,0.5374217248434497,0.012586203268437086
RMU-LAT,AdaBoost,23,0.5275590551181102,0.006587874224677801,0.5299212598425196,0.0135469689244766,0.5251968503937008,0.023569495349757122,0.527645461675492,0.007245209983596183,0.5299212598425196,0.0135469689244766,0.5286121624908736,0.005299447150085394,0.538519127038254,0.005820366693047623
RMU-LAT,AdaBoost,24,0.5311023622047244,0.013773902113807825,0.5440944881889763,0.015429856647453118,0.5181102362204724,0.029101919074923363,0.5306436424851757,0.014058730077504349,0.5440944881889763,0.015429856647453118,0.5371048009695288,0.01101589720721312,0.537992125984252,0.02272933097063966
RMU-LAT,AdaBoost,25,0.5440944881889764,0.006773484462238277,0.5377952755905511,0.018398931410311695,0.5503937007874016,0.012549116102763148,0.5446051246703002,0.00624875037838278,0.5377952755905511,0.018398931410311695,0.5410657312309006,0.01134664957696018,0.5663029326058652,0.004553661142776941
RMU-LAT,AdaBoost,26,0.518503937007874,0.013501124566521463,0.5204724409448819,0.035424320879376366,0.5165354330708661,0.04580484904645353,0.519009166720339,0.014930190307406454,0.5204724409448819,0.035424320879376366,0.5189435746994968,0.017981419113122052,0.5301630603261206,0.019158087850901284
RMU-LAT,AdaBoost,27,0.5196850393700787,0.009881811337016653,0.5133858267716536,0.0367304056368208,0.5259842519685038,0.02570839010600712,0.519640652700598,0.009623714297451328,0.5133858267716536,0.0367304056368208,0.5160193291406655,0.022164543175228202,0.5294640089280178,0.011551630808901536
RMU-LAT,AdaBoost,28,0.5236220472440944,0.017115799306522964,0.5165354330708661,0.02074321239735353,0.5307086614173228,0.03628887754898555,0.5244926522625921,0.018696341730938554,0.5165354330708661,0.02074321239735353,0.5201712608965876,0.014729006251544682,0.5388105276210553,0.01903830792342701
RMU-LAT,AdaBoost,29,0.5283464566929134,0.012109099605692704,0.5220472440944881,0.024472866563653654,0.5346456692913386,0.02260267731402728,0.528699138163305,0.01186236359928159,0.5220472440944881,0.024472866563653654,0.5251336311694011,0.016319345108326024,0.5423693347386696,0.01617781607358933
RMU-LAT,AdaBoost,30,0.5208661417322834,0.014444044352633181,0.5322834645669291,0.06276533979017206,0.5094488188976378,0.04222704780406905,0.519605941194315,0.013387919070049936,0.5322834645669291,0.06276533979017206,0.5245791807544296,0.03499625536220719,0.53748682497365,0.018233892181127063
RMU-LAT,AdaBoost,31,0.5393700787401574,0.01056410068110139,0.5511811023622047,0.021563880216738808,0.5275590551181102,0.007042733787400949,0.5382866496032005,0.009498280805412054,0.5511811023622047,0.021563880216738808,0.5445813801870751,0.015125061210446726,0.5409557319114637,0.015126820538265239
RMU-LAT,AdaBoost,32,0.5169291338582677,0.010967234863924513,0.5299212598425196,0.02856434196412134,0.5039370078740157,0.029356459657176773,0.5165671400930092,0.011186652936082364,0.5299212598425196,0.02856434196412134,0.5228065542172929,0.0163080954920672,0.5348998697997396,0.006217499673426105
RMU-LAT,LR,1,0.5515748031496063,0.02235444026232817,0.547244094488189,0.04724409448818899,0.5559055118110237,0.007634141507742237,0.5510588186731098,0.020278118929394483,0.547244094488189,0.04724409448818899,0.5487882266957047,0.03357187980227509,0.5663401326802653,0.014742623710823861
RMU-LAT,LR,2,0.5582677165354331,0.015278431426718283,0.5456692913385827,0.012842131047480394,0.5708661417322834,0.021849506969309606,0.559956625229157,0.016153787184921557,0.5456692913385827,0.012842131047480394,0.5526706649423596,0.013594417324552792,0.574750449500899,0.014243594408684718
RMU-LAT,LR,3,0.5511811023622047,0.012878289160469368,0.537007874015748,0.014646515935227002,0.5653543307086615,0.023437600104153123,0.5528998457335035,0.013824788835000778,0.537007874015748,0.014646515935227002,0.5447123236358546,0.011686848886260572,0.5750914501829003,0.012938456626428443
RMU-LAT,LR,4,0.5618110236220473,0.013785150708670525,0.5866141732283464,0.023883072264729285,0.537007874015748,0.03570325684647129,0.5593541886849966,0.01445449928994897,0.5866141732283464,0.023883072264729285,0.5722830882863262,0.012881726332433851,0.5776241552483105,0.012244267123340223
RMU-LAT,LR,5,0.5618110236220473,0.01411844179294573,0.5669291338582678,0.034140918722328835,0.5566929133858267,0.028455607873374283,0.561187637597895,0.014010581882058866,0.5669291338582678,0.034140918722328835,0.5636115468048908,0.02083087497573019,0.5905697811395624,0.008794605586383081
RMU-LAT,LR,6,0.5692913385826771,0.011771587706870888,0.5685039370078739,0.012842131047480365,0.5700787401574804,0.031040005266814236,0.5698957931306319,0.013821184238448466,0.5685039370078739,0.012842131047480365,0.5689680568950672,0.006809350327253878,0.5942990885981773,0.008214433842172183
RMU-LAT,LR,7,0.574015748031496,0.006658084458774699,0.5881889763779526,0.009182601409205206,0.5598425196850394,0.00911483220692142,0.571984646202184,0.006511820895920892,0.5881889763779526,0.009182601409205206,0.5799522821442522,0.007113648359729538,0.6053506107012214,0.010637541072478557
RMU-LAT,LR,8,0.5893700787401575,0.01542985664745311,0.6,0.01284213104748041,0.578740157480315,0.027502754640272402,0.587858537177403,0.01671708743515249,0.6,0.01284213104748041,0.5937444702938409,0.012353263364526043,0.6139624279248558,0.011188130673019988
RMU-LAT,LR,9,0.5937007874015748,0.007108452789475536,0.6062992125984252,0.02414127514449744,0.5811023622047243,0.013316168917549425,0.5913252777983555,0.004755882240101296,0.6062992125984252,0.02414127514449744,0.5985332460274075,0.01312248586779139,0.6206491412982826,0.012983325598871056
RMU-LAT,LR,10,0.5909448818897639,0.013489639133080197,0.5929133858267717,0.017886325498583554,0.5889763779527559,0.01753626570970087,0.5906222589079163,0.013432398351840562,0.5929133858267717,0.017886325498583554,0.5916896016431359,0.014446869247887519,0.6183024366048733,0.016012174518718787
RMU-LAT,LR,11,0.6,0.005483617431962281,0.5968503937007874,0.0240898559697297,0.6031496062992125,0.01602125192864239,0.6006244422348437,0.0036514915250464917,0.5968503937007874,0.0240898559697297,0.5984964539222588,0.012706070880199248,0.6226796453592908,0.0089079065185304
RMU-LAT,LR,12,0.5905511811023622,0.01213467323419092,0.6039370078740157,0.019383517519828627,0.5771653543307087,0.016059903979819816,0.588189410369339,0.011478091682802066,0.6039370078740157,0.019383517519828627,0.5958632459881135,0.013910381779674342,0.6163649327298654,0.008011399708530586
RMU-LAT,LR,13,0.5881889763779526,0.00892581421161784,0.6,0.023037383997366604,0.5763779527559055,0.022766665031182617,0.5862921473155204,0.00951976636355032,0.6,0.023037383997366604,0.5928207976461793,0.012216453929029557,0.611256122512245,0.009571192708881876
RMU-LAT,LR,14,0.574015748031496,0.01000650789538489,0.5858267716535434,0.014604123614953881,0.5622047244094488,0.029398668822983424,0.5727338927785152,0.012045881871839427,0.5858267716535434,0.014604123614953881,0.578966212507158,0.00633282575569654,0.5999565999131999,0.010328527506546913
RMU-LAT,LR,15,0.5692913385826771,0.01571847620289535,0.5850393700787402,0.024974411853785364,0.5535433070866141,0.027682513120073922,0.5673358023257256,0.015566177416363533,0.5850393700787402,0.024974411853785364,0.5758140118416861,0.01721750412892486,0.5939580879161758,0.014662398169563585
RMU-LAT,LR,16,0.5700787401574803,0.015924211351304444,0.5811023622047243,0.02290242452322676,0.5590551181102362,0.013863635324140927,0.5684370131806823,0.01503672399840886,0.5811023622047243,0.02290242452322676,0.5746424064002584,0.018327377563804544,0.5905263810527621,0.016878731268230383
RMU-LAT,LR,17,0.5724409448818897,0.01516642542067578,0.5724409448818897,0.01954279314329265,0.5724409448818897,0.028016451771113685,0.5727549741590326,0.01706094803172358,0.5724409448818897,0.01954279314329265,0.5723915245403662,0.014708209730398367,0.5919399838799677,0.01696945375986781
RMU-LAT,LR,18,0.5614173228346456,0.011837241242813292,0.5748031496062993,0.02156388021673884,0.5480314960629921,0.022602677314027292,0.5599163146526098,0.011802248247132718,0.5748031496062993,0.02156388021673884,0.5670760988629786,0.013740102234990746,0.5870016740033479,0.012094279977983317
RMU-LAT,LR,19,0.5606299212598425,0.018398931410311656,0.5826771653543307,0.0035213668937004497,0.5385826771653542,0.03679786282062337,0.5587658449613783,0.01987825808898414,0.5826771653543307,0.0035213668937004497,0.5702880598922725,0.010498442673141813,0.5827453654907309,0.015112797618101494
RMU-LAT,LR,20,0.5661417322834645,0.009366438782181337,0.5818897637795276,0.030738931174713595,0.5503937007874016,0.03192619674443039,0.5643976179501508,0.010667895801695327,0.5818897637795276,0.030738931174713595,0.5725221874502381,0.014846348008850374,0.5828755657511315,0.01764525162921671
RMU-LAT,LR,21,0.5586614173228346,0.01922292222950186,0.5858267716535432,0.02918701258716635,0.531496062992126,0.04218297712119332,0.5562858581631411,0.020878906355512875,0.5858267716535432,0.02918701258716635,0.5701855438689687,0.01789899407820354,0.5765329530659062,0.021635675061524424
RMU-LAT,LR,22,0.5590551181102362,0.024109151011645447,0.573228346456693,0.02677165354330712,0.5448818897637795,0.04568286521058359,0.5582557060425912,0.025891085633725164,0.573228346456693,0.02677165354330712,0.5652024361106756,0.021081363622201667,0.5842426684853369,0.019076517298830885
RMU-LAT,LR,23,0.5519685039370079,0.019982011874723656,0.5700787401574802,0.04086910007042828,0.5338582677165354,0.05100514878961149,0.5509110955899174,0.019945053710820514,0.5700787401574802,0.04086910007042828,0.5594040676481209,0.022729391353076805,0.5814557629115259,0.015313451405422559
RMU-LAT,LR,24,0.5622047244094488,0.01223643328182679,0.5755905511811024,0.023805065287922797,0.5488188976377952,0.03838128380142974,0.5612292583189791,0.01459486511036954,0.5755905511811024,0.023805065287922797,0.5678403048118453,0.010677698128249037,0.5824167648335297,0.014936994419705637
RMU-LAT,LR,25,0.5586614173228346,0.021969773902840484,0.5716535433070866,0.03852639314244117,0.5456692913385827,0.04080837329086595,0.557451312903928,0.02217635220312662,0.5716535433070866,0.03852639314244117,0.5638738394632454,0.02615209564913409,0.5908983817967636,0.02178889720895182
RMU-LAT,LR,26,0.5610236220472441,0.023883072264729292,0.5748031496062993,0.041291686935832746,0.547244094488189,0.048602517675625095,0.5600159097607372,0.025014107847930633,0.5748031496062993,0.041291686935832746,0.56652583017197,0.026660179737516925,0.588988777977556,0.02166982697355298
RMU-LAT,LR,27,0.5618110236220473,0.01763322494217221,0.5755905511811024,0.02544172349827323,0.5480314960629922,0.02810483196468462,0.5603029800356956,0.017562827884239966,0.5755905511811024,0.02544172349827323,0.567624393923938,0.018877074248971802,0.5913044826089652,0.025408318389613892
RMU-LAT,LR,28,0.5543307086614173,0.015125490324644499,0.5708661417322836,0.037183366781472785,0.5377952755905512,0.03105997310758428,0.5525658834304823,0.014517281413355607,0.5708661417322836,0.037183366781472785,0.5610734275999016,0.022343417026697975,0.5899032798065595,0.02641388183720491
RMU-LAT,LR,29,0.5559055118110237,0.012610722344918848,0.5763779527559055,0.027116811586964672,0.5354330708661418,0.03217766416016149,0.55397305383432,0.0128399012830943,0.5763779527559055,0.027116811586964672,0.5645792597085608,0.015123774235333613,0.5870853741707484,0.026169022517629828
RMU-LAT,LR,30,0.5531496062992126,0.018674868071860473,0.5740157480314961,0.032882855146174936,0.5322834645669292,0.04344287944609048,0.551621563125298,0.019850538545457437,0.5740157480314961,0.032882855146174936,0.5620071180447784,0.019328796734833325,0.5792609585219171,0.022716266290324905
RMU-LAT,LR,31,0.5519685039370079,0.012914346036895036,0.558267716535433,0.03182894949827991,0.5456692913385827,0.038703010165179554,0.5517557761650002,0.013931210102755285,0.558267716535433,0.03182894949827991,0.5544129071072419,0.016634828810127483,0.5749689999379999,0.01217157894148262
RMU-LAT,LR,32,0.5519685039370079,0.009771396571646326,0.558267716535433,0.050688116344664816,0.5456692913385827,0.04799921465867141,0.5517102944989827,0.010758772400966838,0.558267716535433,0.050688116344664816,0.5537034517658123,0.02401173270370691,0.5743381486762973,0.013759792295917082
RMU-LAT,RF,1,0.5665354330708661,0.01775586186421994,0.5480314960629922,0.015629474993133205,0.5850393700787402,0.03096000512021653,0.5695571074560369,0.019507150256993098,0.5480314960629922,0.015629474993133205,0.5584156436795571,0.014706893448393604,0.6005316510633022,0.01818097304119887
RMU-LAT,RF,2,0.5677165354330709,0.013785150708670525,0.5614173228346457,0.02779427180271307,0.574015748031496,0.006773484462238277,0.568265569371784,0.01235764284973457,0.5614173228346457,0.02779427180271307,0.5646948231081133,0.019970221240750013,0.5979384958769919,0.015175573200909663
RMU-LAT,RF,3,0.5574803149606299,0.007302061807476919,0.5385826771653542,0.014390288883855983,0.5763779527559054,0.006396880633571612,0.5596681066842535,0.0068543344374970274,0.5385826771653542,0.014390288883855983,0.5488808305494992,0.010386913435878265,0.5940200880401763,0.0016069473526251945
RMU-LAT,RF,4,0.5598425196850394,0.02768811176774368,0.5307086614173229,0.027994313125403448,0.5889763779527559,0.03870301016517953,0.5640761201765985,0.030655212023197806,0.5307086614173229,0.027994313125403448,0.5466466912819541,0.026865975249975683,0.5915462830925662,0.022966581980530774
RMU-LAT,RF,5,0.5685039370078739,0.018058810930991646,0.5322834645669291,0.024064105181001782,0.6047244094488189,0.04244671487226317,0.5748142729347512,0.021155663041652475,0.5322834645669291,0.024064105181001782,0.5521902017860761,0.015491920296510999,0.5964582429164859,0.015081488266721042
RMU-LAT,RF,6,0.5748031496062992,0.01765079667044086,0.5503937007874015,0.028973810225156056,0.5992125984251968,0.02147745149131631,0.5785572896849693,0.017579643604190703,0.5503937007874015,0.028973810225156056,0.5639092059254515,0.021802787644414713,0.6133284766569533,0.0182310861220245
RMU-LAT,RF,7,0.5708661417322834,0.008163953288711686,0.5425196850393701,0.008029951989909925,0.5992125984251968,0.01562947499313326,0.5752541446486669,0.009498715924614825,0.5425196850393701,0.008029951989909925,0.5583528580069478,0.006842872219392619,0.597262694525389,0.003496420158500257
RMU-LAT,RF,8,0.5460629921259843,0.015379547231987879,0.5196850393700787,0.02977585889951031,0.5724409448818897,0.028346456692913396,0.5486861523573665,0.015826647896521894,0.5196850393700787,0.02977585889951031,0.5334372989786133,0.020406431576138858,0.5772568045136091,0.006568602617831928
RMU-LAT,RF,9,0.552755905511811,0.010810653714760594,0.5094488188976378,0.02421819921138536,0.5960629921259842,0.027682513120073932,0.5580275642637738,0.013067226491763442,0.5094488188976378,0.02421819921138536,0.5322788897138017,0.01455149002394201,0.5781124062248125,0.00895919892868
RMU-LAT,RF,10,0.5437007874015748,0.013199255601763948,0.494488188976378,0.02779427180271308,0.5929133858267717,0.03355476496482285,0.5488678262523428,0.015856465668415358,0.494488188976378,0.02779427180271308,0.5197664252551956,0.017420112979908878,0.5536084072168144,0.011567646654625178
RMU-LAT,RF,11,0.5496062992125983,0.019582409630623437,0.5149606299212598,0.02260267731402728,0.584251968503937,0.04715214148529092,0.5544854659622056,0.02334084254504971,0.5149606299212598,0.02260267731402728,0.5334014802504627,0.015006597804826006,0.5667880835761672,0.02605710271351538
RMU-LAT,RF,12,0.5511811023622046,0.01863332215149485,0.5448818897637795,0.03723335564578546,0.5574803149606298,0.04876807107780164,0.5526463429520599,0.020036985777436185,0.5448818897637795,0.03723335564578546,0.5478706520613096,0.021259894612783072,0.5691549383098765,0.023710903291745127
RMU-LAT,RF,13,0.5492125984251969,0.014030338331657854,0.5228346456692913,0.014604123614953876,0.5755905511811024,0.03955860373883613,0.5528751733057256,0.017615168376191325,0.5228346456692913,0.014604123614953876,0.5370187797124262,0.005723994198097868,0.5751999503999008,0.024110260305029572
RMU-LAT,RF,14,0.5417322834645669,0.009991005937361845,0.5330708661417323,0.02845560787337425,0.5503937007874016,0.03269376297956961,0.5427541979774901,0.011517254209885136,0.5330708661417323,0.02845560787337425,0.5374125640112722,0.014608851445120023,0.5593093186186373,0.016146669093613415
RMU-LAT,RF,15,0.5393700787401575,0.015298708053327125,0.5118110236220472,0.012198372743960382,0.5669291338582677,0.0267020865477373,0.5420058033570583,0.016866962646767163,0.5118110236220472,0.012198372743960382,0.5263653538686437,0.012440544829495944,0.5551351602703205,0.015810227952570217
RMU-LAT,RF,16,0.5452755905511811,0.005705266435507643,0.5047244094488189,0.013501124566521448,0.5858267716535434,0.017500874622750313,0.5493932205435149,0.006840978937153179,0.5047244094488189,0.013501124566521448,0.5259808449555727,0.007437762410149098,0.5579375658751318,0.008739676226122749
RMU-LAT,RF,17,0.5559055118110237,0.015579810186936492,0.5338582677165353,0.023437600104153106,0.5779527559055119,0.02314478497117962,0.5585443358579354,0.01650590455258231,0.5338582677165353,0.023437600104153106,0.545747181580758,0.018064897416846505,0.5763407526815053,0.015038743706485115
RMU-LAT,RF,18,0.55,0.014390288883855965,0.5307086614173228,0.02799431312540343,0.5692913385826771,0.015469986381408242,0.5517816344564848,0.013979667917041095,0.5307086614173228,0.02799431312540343,0.54086041416793,0.020293206113188984,0.5666780333560666,0.012986571821251241
RMU-LAT,RF,19,0.544488188976378,0.005511811023622038,0.5259842519685038,0.03570325684647129,0.5629921259842519,0.03667973133496729,0.5465316571442032,0.007274676682712873,0.5259842519685038,0.03570325684647129,0.5352766599914766,0.01794359295172714,0.5669151838303678,0.006798958163803011
RMU-LAT,RF,20,0.5425196850393701,0.014336331855144201,0.521259842519685,0.042665250973682074,0.5637795275590551,0.027883356235631155,0.544035553820709,0.014204779564913199,0.521259842519685,0.042665250973682074,0.5317870103671767,0.02682304655113507,0.5599091698183396,0.006251505507486037
RMU-LAT,RF,21,0.5366141732283464,0.019271241339402244,0.515748031496063,0.023490447071143793,0.5574803149606298,0.03464566929133859,0.5386369530171246,0.021104824919566764,0.515748031496063,0.023490447071143793,0.5266564514390002,0.018840323465073788,0.5668392336784673,0.007619774250829611
RMU-LAT,RF,22,0.5350393700787401,0.009991005937361852,0.5165354330708661,0.04408042520402646,0.5535433070866141,0.024599211577658747,0.5358681945883087,0.007639692222197783,0.5165354330708661,0.04408042520402646,0.5253668733425819,0.02606986594192489,0.5567936635873272,0.008965552632672106
RMU-LAT,RF,23,0.5334645669291338,0.014357938999063386,0.4952755905511811,0.013269527201852534,0.5716535433070866,0.03620335096873277,0.5369884226166108,0.017249275222511098,0.4952755905511811,0.013269527201852534,0.5149663222110556,0.007928063857036358,0.5550452600905202,0.01706203155299856
RMU-LAT,RF,24,0.5397637795275589,0.02606763048385331,0.5228346456692914,0.03559891198569236,0.5566929133858267,0.0286726637102884,0.5409493010885773,0.027423696234717965,0.5228346456692914,0.03559891198569236,0.5315383834274148,0.030487773423368378,0.5598022196044392,0.024342799721893574
RMU-LAT,RF,25,0.5322834645669291,0.01158577871619071,0.5118110236220472,0.0246495682559032,0.552755905511811,0.016059903979819767,0.533522372183363,0.011652931463756191,0.5118110236220472,0.0246495682559032,0.5222722477080803,0.017096133346141795,0.5548484096968194,0.018608202245095525
RMU-LAT,RF,26,0.5299212598425197,0.021828214607289943,0.5259842519685038,0.022630091123149468,0.5338582677165353,0.030556862853436607,0.530424865547348,0.022864599312240566,0.5259842519685038,0.022630091123149468,0.5280570631982852,0.020888479719493078,0.5382013764027528,0.024532550561789143
RMU-LAT,RF,27,0.5484251968503937,0.01223643328182683,0.5236220472440944,0.02401252075901875,0.5732283464566928,0.02303738399736661,0.5510314640361926,0.012965375274220018,0.5236220472440944,0.02401252075901875,0.5367385294199565,0.01574938826417144,0.5619086738173477,0.00748540838799939
RMU-LAT,RF,28,0.5307086614173228,0.013785150708670573,0.5181102362204724,0.026067630483853306,0.5433070866141733,0.027838849653013663,0.5316364067128937,0.014171353879243705,0.5181102362204724,0.026067630483853306,0.5244827541771008,0.017067493452487932,0.5470394940789882,0.014513339288813853
RMU-LAT,RF,29,0.5377952755905512,0.01810167548436638,0.5133858267716536,0.032042503857284736,0.5622047244094488,0.016403674532283165,0.5393636603132499,0.018422727838165304,0.5133858267716536,0.032042503857284736,0.5258705210554463,0.024825023384643725,0.5513903527807056,0.018539770380616074
RMU-LAT,RF,30,0.5397637795275589,0.011232553242273331,0.5196850393700787,0.0181273455641281,0.5598425196850394,0.013269527201852508,0.5413678339479421,0.011492983313993746,0.5196850393700787,0.0181273455641281,0.530231994272258,0.014074450457965324,0.5557892615785233,0.011717444835948875
RMU-LAT,RF,31,0.5181102362204724,0.009432400433630675,0.4929133858267717,0.02469982226985531,0.5433070866141733,0.03693240755766482,0.5196015257778777,0.011150528806065183,0.4929133858267717,0.02469982226985531,0.5053786028932826,0.01143241191547785,0.5368637237274475,0.017486956507304786
RMU-LAT,RF,32,0.5417322834645669,0.011771587706870921,0.5393700787401574,0.012449912047907024,0.5440944881889763,0.025684262094960778,0.5422304966071032,0.012616443773114393,0.5393700787401574,0.012449912047907024,0.5406478626160826,0.008945362982475655,0.5586118172236345,0.015820897207085127
RR,AdaBoost,1,0.547244094488189,0.005426790847279605,0.5480314960629922,0.00944881889763778,0.5464566929133858,0.012549116102763148,0.5472222753183644,0.005780122931473047,0.5480314960629922,0.00944881889763778,0.5475748449181477,0.005749172638712449,0.5571982143964288,0.008757862623969628
RR,AdaBoost,2,0.5393700787401574,0.01808454185489111,0.5330708661417323,0.0164414275730875,0.5456692913385826,0.03596279447769836,0.5404834598651067,0.01979863095073358,0.5330708661417323,0.0164414275730875,0.5364985188745686,0.013760048608945027,0.5560806621613243,0.015631935648334528
RR,AdaBoost,3,0.5401574803149606,0.027799847943164924,0.5464566929133858,0.02380506528792279,0.5338582677165354,0.042954902982632624,0.5403656896777764,0.029262670482715882,0.5464566929133858,0.02380506528792279,0.5431621740577594,0.024036125480311678,0.5464039928079856,0.024418389718993398
RR,AdaBoost,4,0.5440944881889763,0.015022664589243232,0.5496062992125984,0.0216499639131772,0.5385826771653542,0.022739415871171117,0.5436723898600059,0.014947971130995396,0.5496062992125984,0.0216499639131772,0.5464822714288449,0.016509488477133117,0.5628526257052513,0.008260622242073908
RR,AdaBoost,5,0.5468503937007874,0.019935415592397112,0.5440944881889763,0.020892124663656052,0.5496062992125984,0.027116811586964697,0.5473086688987422,0.020506958540820353,0.5440944881889763,0.020892124663656052,0.5455885044869814,0.019155226496348602,0.5615847231694463,0.026878128901996912
RR,AdaBoost,6,0.5677165354330709,0.01815297934393462,0.5464566929133857,0.0388469177434457,0.5889763779527559,0.02801645177111369,0.5706290885202688,0.01835183202069865,0.5464566929133857,0.0388469177434457,0.5577882890713155,0.025278838103355312,0.5829282658565317,0.016917280600509843
RR,AdaBoost,7,0.5425196850393701,0.02144133669951198,0.5598425196850394,0.02028991925468524,0.5251968503937008,0.05285570534437293,0.5423689724470192,0.023024948597652736,0.5598425196850394,0.02028991925468524,0.5503936616081143,0.012217903191852274,0.567750635501271,0.018152139179703028
RR,AdaBoost,8,0.5448818897637795,0.013546968924476592,0.5582677165354331,0.027883356235631127,0.5314960629921259,0.03089986908716313,0.5438950382802064,0.01323066760387887,0.5582677165354331,0.027883356235631127,0.5506289882184179,0.016785316711502164,0.5633098766197533,0.010342782887946732
RR,AdaBoost,9,0.5484251968503937,0.024668425508378798,0.5590551181102363,0.04136669460335025,0.5377952755905512,0.020472440944881903,0.5468797020742011,0.02324968154972375,0.5590551181102363,0.04136669460335025,0.5526583318605496,0.03121394372933035,0.5688030876061753,0.019754067641278118
RR,AdaBoost,10,0.5397637795275589,0.024186177249460896,0.5433070866141732,0.031984403167858104,0.5362204724409448,0.03083961579144274,0.5395000918990057,0.023642714633920703,0.5433070866141732,0.031984403167858104,0.5411793092555446,0.026162484787240373,0.5455437410874822,0.02264554826166443
RR,AdaBoost,11,0.5437007874015748,0.012412506118452337,0.5637795275590551,0.019028418856054444,0.5236220472440944,0.03178996730423046,0.5424004079838586,0.013099983459616002,0.5637795275590551,0.019028418856054444,0.552610507531532,0.010433434203266298,0.542756835513671,0.017935657785539804
RR,AdaBoost,12,0.524015748031496,0.006750562283260746,0.526771653543307,0.019826265058290042,0.521259842519685,0.018732877564362718,0.5238962842700021,0.006711670792333652,0.526771653543307,0.019826265058290042,0.5251623498659168,0.011173224977340248,0.5347402194804389,0.00975378982038689
RR,AdaBoost,13,0.5196850393700787,0.019685039370078754,0.5173228346456693,0.032427181546415745,0.5220472440944881,0.03805683771210889,0.5200491036803104,0.019655190399745656,0.5173228346456693,0.032427181546415745,0.5182357907925798,0.021913337951946093,0.5311023622047244,0.015124966784015256
RR,AdaBoost,14,0.5271653543307087,0.021434106439080638,0.5314960629921259,0.04038072883451367,0.5228346456692913,0.01303381524192667,0.5262999590958682,0.019514637587001962,0.5314960629921259,0.04038072883451367,0.528651332215479,0.02914159740870651,0.5477028954057908,0.01591554051789339
RR,AdaBoost,15,0.5291338582677165,0.008106795386603973,0.5039370078740157,0.02882363026413092,0.5543307086614173,0.03820317943530144,0.5311837751949293,0.010311144187068738,0.5039370078740157,0.02882363026413092,0.5165878116195438,0.01292549205304446,0.5368792237584474,0.008159448933363138
RR,AdaBoost,16,0.5354330708661418,0.025605689041746614,0.5377952755905512,0.01906097391639404,0.5330708661417323,0.042737848016100526,0.536064536932752,0.026655588306943128,0.5377952755905512,0.01906097391639404,0.5366907636660161,0.02018912854717012,0.549759749519499,0.024074589370456485
RR,AdaBoost,17,0.524015748031496,0.00943240043363069,0.5236220472440944,0.03059741610665426,0.5244094488188976,0.03679786282062338,0.524336024183307,0.010136093619484653,0.5236220472440944,0.03059741610665426,0.5234335238797714,0.015097522397489231,0.5339667679335359,0.0039792972117148745
RR,AdaBoost,18,0.5480314960629922,0.009530486958196995,0.5377952755905511,0.02150629965944514,0.5582677165354331,0.030637915682431033,0.5493919736299565,0.011012964441050432,0.5377952755905511,0.02150629965944514,0.5431917511418045,0.010821087345618824,0.569771839543679,0.011682672071224202
RR,AdaBoost,19,0.5259842519685038,0.02252711732428344,0.5196850393700787,0.031984403167858125,0.5322834645669292,0.015429856647453104,0.525925871114713,0.022661406098127026,0.5196850393700787,0.031984403167858125,0.5227214440021484,0.027172631341117404,0.5381316262632525,0.018086873466651415
RR,AdaBoost,20,0.5224409448818897,0.007428331600044583,0.5181102362204724,0.013773902113807806,0.526771653543307,0.012549116102763202,0.5226316763807042,0.007389957874256038,0.5181102362204724,0.013773902113807806,0.5202984294426543,0.00950287821391068,0.5308140616281232,0.009311348679407848
RR,AdaBoost,21,0.5452755905511811,0.013175748449355497,0.5606299212598425,0.037647348308289516,0.5299212598425196,0.04345714874502876,0.5443338188756495,0.01385076042970188,0.5606299212598425,0.037647348308289516,0.5516180615191353,0.01938482179751872,0.5558729617459235,0.010259630342007392
RR,AdaBoost,22,0.5322834645669291,0.008679294364192399,0.552755905511811,0.01464651593522696,0.5118110236220472,0.01991985927665121,0.531129635680919,0.008823014573432523,0.552755905511811,0.01464651593522696,0.541609922809776,0.008798759623273755,0.5422220844441688,0.0150489608606038
RR,AdaBoost,23,0.5314960629921259,0.018424187333539527,0.5511811023622047,0.008258337387166532,0.5118110236220472,0.029983358684503584,0.5306987232324241,0.018231936353545863,0.5511811023622047,0.008258337387166532,0.5406757313100701,0.013089891585172018,0.5415462830925662,0.017174030431092942
RR,AdaBoost,24,0.5318897637795275,0.016394222687918923,0.49685039370078743,0.02981747437600235,0.5669291338582678,0.027838849653013715,0.5343318545177567,0.017065700788211728,0.49685039370078743,0.02981747437600235,0.514571633582414,0.021076825263831738,0.5464675429350858,0.007393219728140995
RR,AdaBoost,25,0.5346456692913386,0.022187405989929725,0.537007874015748,0.034466249808250866,0.5322834645669291,0.022047244094488196,0.5342109195167689,0.021178205018346195,0.537007874015748,0.034466249808250866,0.5354193998844018,0.026414075732190217,0.5492776985553972,0.03054090591074545
RR,AdaBoost,26,0.5358267716535433,0.008106795386603962,0.5472440944881889,0.03494856853727896,0.5244094488188976,0.03202314867348464,0.535098080393074,0.008114712845716363,0.5472440944881889,0.03494856853727896,0.5405417598622038,0.01801965024894607,0.5467170934341868,0.003880964483537674
RR,AdaBoost,27,0.5334645669291339,0.02841745264979304,0.5165354330708661,0.03426780338108495,0.5503937007874016,0.03542432087937635,0.5347319223887675,0.029078525514282038,0.5165354330708661,0.03426780338108495,0.5252462909655952,0.03011010384408833,0.5466907433814867,0.02970113359858205
RR,AdaBoost,28,0.5358267716535433,0.01805881093099168,0.5307086614173228,0.022465106484546627,0.5409448818897638,0.019060973916394025,0.5361417020795021,0.017735676917503634,0.5307086614173228,0.022465106484546627,0.5333522332695744,0.019482888204772873,0.5457173414346828,0.01510552417682118
RR,AdaBoost,29,0.5271653543307087,0.018897637795275594,0.49921259842519683,0.012549116102763169,0.5551181102362205,0.03913314532217063,0.5295805804410293,0.0206437807753604,0.49921259842519683,0.012549116102763169,0.5136768759481364,0.012139924446720922,0.538753177506355,0.01401943881697382
RR,AdaBoost,30,0.5224409448818897,0.009366438782181385,0.49685039370078743,0.023674482485626612,0.5480314960629921,0.027208114241214155,0.5237974914450778,0.00989163092651408,0.49685039370078743,0.023674482485626612,0.50965308193037,0.013852439407117403,0.5236809473618946,0.011521853559731917
RR,AdaBoost,31,0.521259842519685,0.013140408872660351,0.537007874015748,0.04178424932731211,0.5055118110236221,0.023171557432381366,0.5201174512454443,0.011755147808024132,0.537007874015748,0.04178424932731211,0.5279395841920909,0.02565168175509961,0.5357213714427429,0.00855619597827594
RR,AdaBoost,32,0.5299212598425196,0.02293623884036143,0.5322834645669291,0.03507253141940171,0.5275590551181102,0.016703309791808223,0.5293440334650331,0.02228320098141793,0.5322834645669291,0.03507253141940171,0.5306884954488542,0.028137752409681607,0.5467232934465869,0.01797005531224817
RR,LR,1,0.5511811023622047,0.017429876867069777,0.5464566929133858,0.03900619236693177,0.5559055118110237,0.009771396571646326,0.5510728014909037,0.01480826885303276,0.5464566929133858,0.03900619236693177,0.5484704140128923,0.026588724390921237,0.5671461342922686,0.01935673759009151
RR,LR,2,0.5543307086614173,0.01309314106166603,0.5409448818897638,0.031945610669450064,0.5677165354330709,0.009771396571646326,0.5554324338971657,0.011393542257880465,0.5409448818897638,0.031945610669450064,0.5478701891991365,0.021590942990822513,0.5728873457746916,0.0147912649927315
RR,LR,3,0.5559055118110237,0.01902841885605441,0.5511811023622047,0.020683347301675106,0.5606299212598425,0.027905582908140724,0.5566562543988347,0.01963626281986785,0.5511811023622047,0.020683347301675106,0.553775871771783,0.01837896007719433,0.575283650567301,0.015636807399146514
RR,LR,4,0.555511811023622,0.012842131047480365,0.5850393700787401,0.030759094463975747,0.5259842519685038,0.029838260348813272,0.5525200116370191,0.012537022131149565,0.5850393700787401,0.030759094463975747,0.5679486020464963,0.0172315204343494,0.5755626511253022,0.013651041945691883
RR,LR,5,0.5665354330708661,0.012536758526055613,0.5771653543307086,0.02931418971493902,0.5559055118110237,0.03628887754898557,0.5656097457461648,0.014425728676827378,0.5771653543307086,0.02931418971493902,0.5708221455365854,0.014933852982445575,0.5917229834459669,0.0151641599921022
RR,LR,6,0.5673228346456692,0.013489639133080145,0.5685039370078739,0.024974411853785357,0.5661417322834645,0.02013655409849515,0.5671467855619119,0.013186855459234766,0.5685039370078739,0.024974411853785357,0.5676386754640391,0.016939028472606116,0.6006138012276023,0.00893833126006991
RR,LR,7,0.5744094488188976,0.01977930186941806,0.5850393700787401,0.01044606233182805,0.5637795275590551,0.03250357077252015,0.5733610476766349,0.021032944897920482,0.5850393700787401,0.01044606233182805,0.5790380970303941,0.014905099337293044,0.6043152086304172,0.009983189618348523
RR,LR,8,0.5755905511811024,0.014336331855144204,0.6047244094488189,0.011023622047244119,0.5464566929133857,0.02494957404370844,0.5716985558491319,0.015092628667634575,0.6047244094488189,0.011023622047244119,0.5876594209134673,0.011230799082750702,0.6033914067828136,0.008118380613900234
RR,LR,9,0.5795275590551181,0.02140516097491053,0.5858267716535434,0.03297699463208176,0.5732283464566928,0.035266449884344395,0.5787752804864245,0.021126066754559525,0.5858267716535434,0.03297699463208176,0.5818986399433518,0.023483162965789263,0.6151218302436605,0.016337977942726713
RR,LR,10,0.5964566929133859,0.01980279738576267,0.5921259842519684,0.020320453386714878,0.6007874015748031,0.022902424523226755,0.5973848077578495,0.020334781679642814,0.5921259842519684,0.020320453386714878,0.5946982436470116,0.01965339067459874,0.6294841589683179,0.019119287673111204
RR,LR,11,0.5988188976377952,0.014486905112578045,0.6031496062992125,0.022875337080840868,0.594488188976378,0.044122600712194975,0.5990986513709251,0.02028260981554315,0.6031496062992125,0.022875337080840868,0.6005002010326683,0.009331420526282016,0.6216504433008866,0.013993448589451769
RR,LR,12,0.6007874015748031,0.0051932700623121995,0.6236220472440944,0.01464651593522696,0.5779527559055119,0.02133262548684106,0.5966054861901714,0.007510391717050812,0.6236220472440944,0.01464651593522696,0.6096416139092941,0.0051267418545741785,0.6201500403000806,0.007462009205710134
RR,LR,13,0.5929133858267717,0.006516907620963364,0.610236220472441,0.023358105471167442,0.5755905511811024,0.031139716430370386,0.5902250032647297,0.009743366376039191,0.610236220472441,0.023358105471167442,0.5996764539922748,0.008199519261171496,0.6181381362762726,0.0110223090867887
RR,LR,14,0.5842519685039369,0.009755521018396753,0.5905511811023623,0.022409841686232612,0.5779527559055118,0.016777382482411438,0.5831990983640744,0.009221991945770691,0.5905511811023623,0.022409841686232612,0.5866817323802997,0.013596540201115332,0.6213373426746853,0.005262733265645794
RR,LR,15,0.5846456692913385,0.011679052735583726,0.5952755905511811,0.03288285514617495,0.574015748031496,0.027660107197244554,0.5830099412413041,0.011357799055423098,0.5952755905511811,0.03288285514617495,0.5886172030324021,0.018006143960833464,0.6156054312108623,0.010279377491948818
RR,LR,16,0.6011811023622048,0.009199465705155854,0.6007874015748031,0.01753626570970087,0.6015748031496063,0.02301045542709049,0.6015071276937434,0.011266693298502113,0.6007874015748031,0.01753626570970087,0.6009472141222355,0.009767323215182377,0.6292113584227168,0.004604750086031674
RR,LR,17,0.5909448818897637,0.012659791488829574,0.6023622047244095,0.020381384418180763,0.5795275590551181,0.04456998960026739,0.5900496931084451,0.018227997156484467,0.6023622047244095,0.020381384418180763,0.5955327360829007,0.00357549146803278,0.6163370326740653,0.008346542033607575
RR,LR,18,0.5854330708661417,0.012854195053003578,0.5952755905511811,0.025196850393700794,0.5755905511811024,0.011518691998683281,0.5836170993400518,0.011117956454574014,0.5952755905511811,0.025196850393700794,0.5892655572952925,0.01714862385661088,0.6171895343790688,0.00803119773510091
RR,LR,19,0.582283464566929,0.017224128231675084,0.5858267716535434,0.022187405989929732,0.578740157480315,0.02946186918719639,0.58200681653181,0.01811691361342599,0.5858267716535434,0.022187405989929732,0.583693939040462,0.01677618409024724,0.6101432202864406,0.011761086063456425
RR,LR,20,0.5783464566929133,0.013660906750312979,0.5716535433070866,0.017851628423235642,0.5850393700787402,0.016814296459891836,0.579429593842313,0.013924129061742683,0.5716535433070866,0.017851628423235642,0.5754474201375193,0.014765066382823317,0.6093155186310373,0.00842806456956793
RR,LR,21,0.5803149606299212,0.017842943612007355,0.5732283464566928,0.037150003502631306,0.5874015748031496,0.01714294571423407,0.5811029770380692,0.015604828941552702,0.5732283464566928,0.037150003502631306,0.5768316064752969,0.025084777615557486,0.6063984127968256,0.006979232815902324
RR,LR,22,0.581496062992126,0.010460889965028692,0.5850393700787402,0.01377390211380781,0.5779527559055119,0.02327833936865273,0.581172569582151,0.011928802501467271,0.5850393700787402,0.01377390211380781,0.5829542998500398,0.009065191936186533,0.6086831173662348,0.012868018568643223
RR,LR,23,0.5787401574803149,0.012998089778912715,0.5874015748031496,0.02327833936865274,0.5700787401574804,0.016777382482411445,0.5773513430782128,0.012463210953653022,0.5874015748031496,0.02327833936865274,0.5821958070832629,0.01613667383109941,0.6027683055366111,0.009837093910971838
RR,LR,24,0.5724409448818897,0.0022956503523012955,0.5740157480314961,0.024447519206708707,0.5708661417322834,0.02053292096126818,0.572270864702192,0.0017801716629696582,0.5740157480314961,0.024447519206708707,0.5728554757597282,0.011555480754263004,0.6013330026660053,0.009008735360133866
RR,LR,25,0.581496062992126,0.0160695524661091,0.6015748031496063,0.015022664589243244,0.5614173228346457,0.0383004299433553,0.5790793902109913,0.01845696000565808,0.6015748031496063,0.015022664589243244,0.5898007069452732,0.0100601689450579,0.604234608469217,0.01389921028301296
RR,LR,26,0.5771653543307086,0.01123255324227333,0.5866141732283465,0.01473093459359822,0.5677165354330709,0.012549116102763148,0.5757233058996578,0.010907898375211137,0.5866141732283465,0.01473093459359822,0.581083747318666,0.012106112296088644,0.5991970983941968,0.008248780395260833
RR,LR,27,0.5688976377952756,0.010190692209090363,0.5700787401574804,0.030939972762816525,0.5677165354330709,0.022187405989929715,0.5686963933730625,0.009159367626847069,0.5700787401574804,0.030939972762816525,0.569034363085151,0.01731712918254813,0.5987134974269949,0.009016854976895751
RR,LR,28,0.5724409448818897,0.007814737496566602,0.5803149606299213,0.028888088705266362,0.5645669291338582,0.020623308431037466,0.5712765362493293,0.006332605512761526,0.5803149606299213,0.028888088705266362,0.5754409839919572,0.01573801170679106,0.5958087916175832,0.006147144238536954
RR,LR,29,0.574015748031496,0.005223031165914006,0.5811023622047244,0.02303738399736659,0.5669291338582678,0.02914449688712088,0.5733197021959648,0.007679335933031749,0.5811023622047244,0.02303738399736659,0.5768110415552006,0.009048697990715289,0.6002976005952012,0.006156298558378727
RR,LR,30,0.5732283464566928,0.015419807895721373,0.5897637795275591,0.01602125192864239,0.5566929133858267,0.02472491097339775,0.5711018871603006,0.01590638463695807,0.5897637795275591,0.01602125192864239,0.5801771819725541,0.013871038661269888,0.600988901977804,0.009557332689096209
RR,LR,31,0.5748031496062993,0.016887882353958442,0.5795275590551181,0.031040005266814195,0.5700787401574804,0.02592453170575484,0.5741297501517623,0.01702860266426553,0.5795275590551181,0.031040005266814195,0.5765173846974643,0.020780615930021385,0.5950709901419804,0.008066807042023682
RR,LR,32,0.5696850393700787,0.010753149829722551,0.5748031496062993,0.013638195335188018,0.5645669291338582,0.013546968924476554,0.5689955091451486,0.010634270297464849,0.5748031496062993,0.013638195335188018,0.5718459610689374,0.011291791427957778,0.5870884741769485,0.00635228714448951
RR,RF,1,0.5677165354330709,0.009283327655552422,0.5566929133858267,0.01644142757308745,0.578740157480315,0.008977759252749141,0.5691712258308053,0.008824484555573955,0.5566929133858267,0.01644142757308745,0.5628100515001908,0.012123589326236356,0.5971340442680886,0.017828000357278283
RR,RF,2,0.5602362204724409,0.016261320022097122,0.5488188976377952,0.024472866563653616,0.5716535433070866,0.031239109330515547,0.5619745616256652,0.01773836383923132,0.5488188976377952,0.024472866563653616,0.5550161250723779,0.017123884441052624,0.596238142476285,0.024717798107552594
RR,RF,3,0.5622047244094488,0.022739415871171103,0.547244094488189,0.011941536132364625,0.5771653543307087,0.03878302474338505,0.5648986998196703,0.024613904280644902,0.547244094488189,0.011941536132364625,0.5557613396712293,0.01662776081919024,0.5911386322772645,0.02395435109122035
RR,RF,4,0.5496062992125984,0.013489639133080145,0.511023622047244,0.01982626505829005,0.5881889763779528,0.03870301016517954,0.5546162150630488,0.017184060036030808,0.511023622047244,0.01982626505829005,0.5314406783757765,0.009831944588406891,0.5906581313162625,0.014052063784412467
RR,RF,5,0.5799212598425196,0.024256569764959636,0.5582677165354331,0.0258046765483054,0.6015748031496063,0.03390401597104091,0.5838977551567367,0.025927619359701903,0.5582677165354331,0.0258046765483054,0.5706023744408509,0.023817167022297425,0.6045725091450184,0.019801762120391305
RR,RF,6,0.5669291338582677,0.011545573463476498,0.5425196850393701,0.017677121512317824,0.5913385826771653,0.02843381115790202,0.5707641892124973,0.013708669060791413,0.5425196850393701,0.017677121512317824,0.5560249279050357,0.010527919890732443,0.591505983011966,0.012174484918539178
RR,RF,7,0.565748031496063,0.01923098384538554,0.5582677165354331,0.016777382482411403,0.573228346456693,0.0325226400441943,0.5672268265684468,0.021268027475035964,0.5582677165354331,0.016777382482411403,0.5625407547719637,0.01630515556618478,0.5909417818835638,0.011757744243376136
RR,RF,8,0.5700787401574803,0.019150214971677647,0.552755905511811,0.02546608130519091,0.5874015748031496,0.01836520281841041,0.5724592394349413,0.019418263512116382,0.552755905511811,0.02546608130519091,0.562360348286063,0.021944673254543624,0.5990591481182963,0.023092380551061102
RR,RF,9,0.5649606299212598,0.012006260379509352,0.5314960629921259,0.034049997339275044,0.5984251968503937,0.03634009687941518,0.570018778233744,0.014123095176128631,0.5314960629921259,0.034049997339275044,0.5494128422564873,0.019091284268153385,0.5888074276148553,0.014798751497552352
RR,RF,10,0.5468503937007874,0.018524866702391504,0.5322834645669291,0.031436952405790766,0.5614173228346456,0.012349911134927633,0.5478434824811906,0.018295008613042188,0.5322834645669291,0.031436952405790766,0.5398229713516718,0.024834225166669485,0.5639608779217559,0.014245161800510645
RR,RF,11,0.5531496062992126,0.015894983652115207,0.5346456692913385,0.013501124566521472,0.5716535433070866,0.02854262828408167,0.5555930361125166,0.017644072210279037,0.5346456692913385,0.013501124566521472,0.5447719407983994,0.012874634522092507,0.5750232500465001,0.02069700084980102
RR,RF,12,0.524015748031496,0.00892581421161784,0.4866141732283465,0.031357964963369886,0.5614173228346456,0.02092177993005732,0.5257296420512914,0.008654828502428892,0.4866141732283465,0.031357964963369886,0.5050426417327777,0.019680201779649784,0.5403062806125613,0.010367397550316007
RR,RF,13,0.5377952755905512,0.010738725745658173,0.5125984251968504,0.022187405989929725,0.562992125984252,0.0418879876480957,0.5406641187184772,0.013625527618434179,0.5125984251968504,0.022187405989929725,0.5256788175410144,0.00666105121108816,0.554257858515717,0.011946150523975456
RR,RF,14,0.5287401574803149,0.01709767775638463,0.5031496062992126,0.03585920484011244,0.5543307086614173,0.029608812089705783,0.5301528770798314,0.017442565810425952,0.5031496062992126,0.03585920484011244,0.5158438856168686,0.024836519251515542,0.5410564821129642,0.01816640438795401
RR,RF,15,0.5519685039370079,0.01517664194283177,0.5417322834645668,0.027344496620764304,0.5622047244094488,0.016021251928642337,0.5528446006760035,0.014695032763251082,0.5417322834645668,0.027344496620764304,0.547077601200028,0.02040013602140105,0.5591853183706368,0.013519555317123897
RR,RF,16,0.5515748031496063,0.012902338274152684,0.5496062992125984,0.016251785386260046,0.5535433070866141,0.029208247229907718,0.5521830730054094,0.014882912865694828,0.5496062992125984,0.016251785386260046,0.5506635979950854,0.010634126487786139,0.5638399776799554,0.010493014533630194
RR,RF,17,0.539763779527559,0.0068644077851034106,0.515748031496063,0.029671564852624843,0.5637795275590551,0.030637915682431065,0.5419776013041752,0.007861637668670454,0.515748031496063,0.029671564852624843,0.5280191564964365,0.015543384009290688,0.5595449190898382,0.01533985484216346
RR,RF,18,0.5338582677165354,0.009595320950357464,0.515748031496063,0.013863635324140958,0.5519685039370079,0.03033285084135156,0.5356009652303422,0.011466179142195382,0.515748031496063,0.013863635324140958,0.525220006358127,0.004968004376452979,0.5569006138012277,0.01816357295620029
RR,RF,19,0.5507874015748031,0.00360832731886286,0.5448818897637795,0.015669093497742047,0.5566929133858267,0.01906097391639402,0.5515151698010172,0.004813110022851394,0.5448818897637795,0.015669093497742047,0.5480155430229681,0.006837294888053495,0.5656271312542624,0.007088559207658944
RR,RF,20,0.5531496062992126,0.01034167365083754,0.5283464566929134,0.02044213383582232,0.5779527559055119,0.028104831964684635,0.556255512440615,0.012111313391199635,0.5283464566929134,0.02044213383582232,0.5416439719579628,0.01139403672150363,0.5720363940727882,0.014226302183803236
RR,RF,21,0.5464566929133858,0.011518691998683312,0.5244094488188976,0.019190641900714882,0.5685039370078739,0.03125894998626649,0.5490400193430656,0.0133260550211132,0.5244094488188976,0.019190641900714882,0.5361283663826428,0.010626979303395984,0.5643948787897577,0.006880287248961366
RR,RF,22,0.5492125984251969,0.016516674774333096,0.5228346456692913,0.023674482485626636,0.5755905511811024,0.0183652028184104,0.551878212154427,0.01717421018502784,0.5228346456692913,0.023674482485626636,0.5368563256244325,0.01946353677971256,0.5710955421910844,0.01567946132193467
RR,RF,23,0.5559055118110235,0.014919130174406638,0.5377952755905511,0.020623308431037487,0.574015748031496,0.017500874622750257,0.557978548607139,0.015303461254612237,0.5377952755905511,0.020623308431037487,0.5476168530545318,0.016988669511268633,0.5674359848719698,0.01311573533696701
RR,RF,24,0.5421259842519686,0.012299605788829377,0.5236220472440944,0.024775012161499646,0.5606299212598425,0.03561632402487762,0.5442394773376591,0.014404876599115369,0.5236220472440944,0.024775012161499646,0.5332855680513872,0.013315348562002786,0.5529186558373117,0.01427092189194631
RR,RF,25,0.5456692913385827,0.007407436111112891,0.5322834645669291,0.015022664589243262,0.5590551181102362,0.011135539861205452,0.5468951535144753,0.007237326942941202,0.5322834645669291,0.015022664589243262,0.5394219371740935,0.010311079140745994,0.5593124186248372,0.007492773984074491
RR,RF,26,0.5385826771653542,0.012854195053003578,0.511023622047244,0.04315650269620385,0.5661417322834645,0.022602677314027278,0.5402189543476394,0.012015436669085056,0.511023622047244,0.04315650269620385,0.5246091845603933,0.028353042523522182,0.5539447578895158,0.019329819884216542
RR,RF,27,0.5413385826771654,0.013292868516641024,0.5244094488188976,0.02720811424121417,0.558267716535433,0.01853323196210996,0.5426404130487231,0.012869580450684667,0.5244094488188976,0.02720811424121417,0.5331608196477137,0.018907270468636304,0.5471557443114887,0.014940641087487851
RR,RF,28,0.5354330708661418,0.011745223535571905,0.5023622047244094,0.028346456692913403,0.5685039370078739,0.029524934266539633,0.5381210024372847,0.012510659522509144,0.5023622047244094,0.028346456692913403,0.5191903883512836,0.017554013942667868,0.5399854299708599,0.004274296485197138
RR,RF,29,0.5330708661417323,0.010371606198676792,0.5070866141732283,0.021186809522950732,0.5590551181102362,0.03582460839709392,0.5355270784270714,0.01330594698615424,0.5070866141732283,0.021186809522950732,0.5204450023018816,0.009318013297520383,0.5559318618637237,0.006731601184535321
RR,RF,30,0.534251968503937,0.018905838115815716,0.5181102362204724,0.032139104932218186,0.5503937007874015,0.013952791454070372,0.5349970945234859,0.01840054468637928,0.5181102362204724,0.032139104932218186,0.5262728852708944,0.024893884241556433,0.5502154504309008,0.023221168852010282
RR,RF,31,0.5255905511811023,0.005970768066182342,0.521259842519685,0.023700656603610117,0.5299212598425196,0.022492687963914498,0.5258308655894244,0.005978940722676493,0.521259842519685,0.023700656603610117,0.523266955021066,0.013121604025219712,0.5528985057970116,0.01615546645752885
RR,RF,32,0.5374015748031495,0.017868985382535788,0.5094488188976378,0.029734185178738902,0.5653543307086614,0.039417294522153784,0.5402037092878962,0.01964223388240824,0.5094488188976378,0.029734185178738902,0.5238165412097447,0.01935016416644023,0.5466628433256867,0.013644621913123281
RepNoise,AdaBoost,1,0.5480314960629922,0.024288498921554623,0.5496062992125984,0.010738725745658135,0.5464566929133858,0.04124661686207495,0.5487532750803641,0.026159495430773654,0.5496062992125984,0.010738725745658135,0.5489966115338281,0.017196575082101113,0.5662052824105648,0.029951729302091477
RepNoise,AdaBoost,2,0.5381889763779527,0.010083660216429698,0.547244094488189,0.016703309791808178,0.5291338582677165,0.029734185178738902,0.5378843782480146,0.011432248406983451,0.547244094488189,0.016703309791808178,0.5422688810468754,0.007747143733420825,0.5628014756029511,0.01659253855693101
RepNoise,AdaBoost,3,0.5389763779527559,0.010738725745658175,0.5472440944881889,0.028715877998126717,0.5307086614173228,0.023278339368652742,0.5382961918773782,0.010330117053349568,0.5472440944881889,0.028715877998126717,0.5424333579956662,0.017075653323390998,0.5609058218116436,0.005721358122913151
RepNoise,AdaBoost,4,0.5318897637795275,0.005759345999341691,0.5456692913385826,0.028672663710288378,0.5181102362204724,0.022902424523226775,0.5309685085890085,0.004955513421974562,0.5456692913385826,0.028672663710288378,0.5378953589591164,0.015125330577007224,0.5462086924173848,0.016853226971826583
RepNoise,AdaBoost,5,0.537007874015748,0.015268283015484526,0.536220472440945,0.0260438352890413,0.5377952755905511,0.03383078906919817,0.5373735951839997,0.016174652593600663,0.536220472440945,0.0260438352890413,0.536442451784863,0.016857187085379182,0.550733151466303,0.018805460375644747
RepNoise,AdaBoost,6,0.547244094488189,0.017251104173391065,0.5480314960629922,0.03533670184616831,0.5464566929133858,0.012549116102763188,0.5466794260501721,0.016136315282273293,0.5480314960629922,0.03533670184616831,0.5471354304650143,0.02545627819433884,0.5630231260462522,0.019480881461511244
RepNoise,AdaBoost,7,0.5393700787401574,0.019724370157284017,0.5456692913385826,0.017536265709700856,0.5330708661417323,0.03280734906456638,0.5393023641756423,0.020764251668983623,0.5456692913385826,0.017536265709700856,0.5423072061993063,0.01679877729543543,0.559512369024738,0.01810460882430579
RepNoise,AdaBoost,8,0.5350393700787401,0.018272128166728036,0.5196850393700787,0.015145971702103434,0.5503937007874016,0.04169512533818498,0.5370259187746036,0.01994669212386167,0.5196850393700787,0.015145971702103434,0.5278573271401521,0.011310782317974463,0.5553025606051212,0.01766219207929379
RepNoise,AdaBoost,9,0.5413385826771653,0.015043285964206945,0.5354330708661418,0.026585737033282094,0.5472440944881889,0.01846620377883241,0.5416853227041418,0.014567053041845548,0.5354330708661418,0.026585737033282094,0.538377865693245,0.019576497212847717,0.5578988157976317,0.017011663857355967
RepNoise,AdaBoost,10,0.5393700787401574,0.014085467574801853,0.5448818897637795,0.02121605289024799,0.5338582677165353,0.036476330147718,0.5394974054104662,0.015308536092215183,0.5448818897637795,0.02121605289024799,0.5417997563949679,0.011639779856562863,0.5552607105214211,0.02005036800179538
RepNoise,AdaBoost,11,0.521259842519685,0.014856663200089156,0.5259842519685038,0.032331441208894196,0.5165354330708661,0.01853323196210996,0.5207492817702895,0.014024847171123888,0.5259842519685038,0.032331441208894196,0.5231099464160899,0.022200187178087815,0.5374713249426499,0.01482673125648265
RepNoise,AdaBoost,12,0.536220472440945,0.009283327655552455,0.5188976377952756,0.037216700151484955,0.5535433070866143,0.02618628212333213,0.5373003935602254,0.00835499591769787,0.5188976377952756,0.037216700151484955,0.5273873635853814,0.022187713213938587,0.5404535309070619,0.007065983544227531
RepNoise,AdaBoost,13,0.5476377952755904,0.012096292516328528,0.547244094488189,0.025024013515071955,0.5480314960629921,0.03182894949827989,0.5480004204632236,0.013105613498190805,0.547244094488189,0.025024013515071955,0.5472524374643036,0.013974995693286236,0.5564929629859259,0.017553645572520236
RepNoise,AdaBoost,14,0.5409448818897638,0.01852486670239148,0.5251968503937008,0.029838260348813248,0.5566929133858267,0.02790558290814073,0.5423239969585835,0.018671431326660028,0.5251968503937008,0.029838260348813248,0.5333405393262806,0.021722632742324114,0.5475664951329903,0.017140499297006777
RepNoise,AdaBoost,15,0.5299212598425197,0.010221066917911187,0.5236220472440944,0.026351496898711052,0.536220472440945,0.022739415871171106,0.5302536444064297,0.010374021145040904,0.5236220472440944,0.026351496898711052,0.5266534334641515,0.01650096126390046,0.5497163494326989,0.01207094010546804
RepNoise,AdaBoost,16,0.5275590551181103,0.02638089065787554,0.5377952755905511,0.03096000512021653,0.5173228346456693,0.0476101305758456,0.5278008373223266,0.026651237011960944,0.5377952755905511,0.03096000512021653,0.5322432144018269,0.023768414972460055,0.5413680327360655,0.019126970048794184
RepNoise,AdaBoost,17,0.5354330708661418,0.009063672782064049,0.5283464566929134,0.03812194783278804,0.54251968503937,0.033164471950634156,0.5359097309271383,0.008556378271835339,0.5283464566929134,0.03812194783278804,0.5314639060593841,0.02084379097522471,0.5373581747163495,0.009109580131788123
RepNoise,AdaBoost,18,0.5338582677165353,0.01343206465293859,0.5354330708661418,0.023883072264729296,0.5322834645669291,0.03073893117471361,0.5339868535847762,0.013539302519866703,0.5354330708661418,0.023883072264729296,0.5344076517237764,0.015138903955342642,0.5442200384400768,0.011218147195361804
RepNoise,AdaBoost,19,0.5287401574803149,0.0077349931907041624,0.5149606299212598,0.010967234863924483,0.54251968503937,0.026043835289041292,0.5299061619338682,0.009451013276582003,0.5149606299212598,0.010967234863924483,0.5221322365823746,0.002019483857175463,0.5388089776179552,0.00831996069412029
RepNoise,AdaBoost,20,0.5326771653543307,0.013952791454070372,0.5181102362204724,0.013316168917549437,0.547244094488189,0.028930981213974534,0.5340388532080359,0.014605278759969668,0.5181102362204724,0.013316168917549437,0.525784590477061,0.010395273615084358,0.5448787897575795,0.014173990953230988
RepNoise,AdaBoost,21,0.5204724409448819,0.018152979343934655,0.5236220472440944,0.02184950696930963,0.5173228346456693,0.0274576311404137,0.5204998390355586,0.01790101847589679,0.5236220472440944,0.02184950696930963,0.5219088543574557,0.01800564311719938,0.5316030132060263,0.013765603099812125
RepNoise,AdaBoost,22,0.5346456692913385,0.010608026445124031,0.5409448818897638,0.029524934266539633,0.5283464566929134,0.036374203031342034,0.5345963008643029,0.011442492628647688,0.5409448818897638,0.029524934266539633,0.5372188984172389,0.014499875831617498,0.5379673259346519,0.004549540308447113
RepNoise,AdaBoost,23,0.5287401574803149,0.01668474023654891,0.5291338582677165,0.025948436304384398,0.5283464566929134,0.026043835289041306,0.5287503529146912,0.017140707072469626,0.5291338582677165,0.025948436304384398,0.5287366187972757,0.01948002219638573,0.5391825283650566,0.011248567393475796
RepNoise,AdaBoost,24,0.5133858267716536,0.00926661598105496,0.49055118110236223,0.035703256846471264,0.5362204724409448,0.04010340654565937,0.5142980974161973,0.009691956505316885,0.49055118110236223,0.035703256846471264,0.5013660416935978,0.019545193702127792,0.5255967511935024,0.014185667324515414
RepNoise,AdaBoost,25,0.5295275590551182,0.012512006757536017,0.5251968503937008,0.021216052890248024,0.5338582677165354,0.04237361904590147,0.53059675265975,0.014116628949710268,0.5251968503937008,0.021216052890248024,0.5273518437340267,0.007679170232174521,0.535505921011842,0.01979091557469717
RepNoise,AdaBoost,26,0.5283464566929134,0.017545102326895438,0.5188976377952755,0.03182894949827991,0.5377952755905511,0.020623308431037487,0.5286219021904125,0.017468437661036933,0.5188976377952755,0.03182894949827991,0.5234932751093277,0.023679860833372018,0.5419849339698679,0.017106148113910445
RepNoise,AdaBoost,27,0.5192913385826772,0.02256149414471562,0.5055118110236221,0.031945610669450085,0.5330708661417323,0.04946235834500601,0.5206553571753543,0.023061845365070208,0.5055118110236221,0.031945610669450085,0.5123078893923136,0.02183615786526238,0.5351385702771406,0.017619020301743903
RepNoise,AdaBoost,28,0.5251968503937008,0.012160193079905915,0.5322834645669291,0.03435814839255343,0.5181102362204724,0.02106943017363726,0.5245325735485872,0.011733309213119356,0.5322834645669291,0.03435814839255343,0.5280469617127376,0.021748058842213768,0.5334490668981338,0.007404199488362059
RepNoise,AdaBoost,29,0.5181102362204724,0.014486905112578044,0.5125984251968504,0.04064090677342972,0.5236220472440944,0.015943666717572132,0.5176955151923206,0.013186138166355965,0.5125984251968504,0.04064090677342972,0.5147458867775365,0.026211350894738503,0.5190789881579765,0.013761281933408866
RepNoise,AdaBoost,30,0.5133858267716536,0.010068277049247558,0.5094488188976378,0.04065615950685224,0.5173228346456693,0.05642983580210683,0.5143923404544785,0.011032935054944869,0.5094488188976378,0.04065615950685224,0.5107134103692664,0.01662853886884683,0.5166718333436666,0.01177708369390516
RepNoise,AdaBoost,31,0.5228346456692913,0.0121090996056927,0.515748031496063,0.03149606299212599,0.5299212598425196,0.03613478395459456,0.5234756600659806,0.013377171873398536,0.515748031496063,0.03149606299212599,0.5190260240003564,0.017179276137464457,0.5282596565193131,0.016896149755443193
RepNoise,AdaBoost,32,0.5011811023622047,0.015074165133131206,0.49763779527559054,0.025466081305190926,0.5047244094488189,0.030637915682431065,0.5013436016353061,0.015586046100830633,0.49763779527559054,0.025466081305190926,0.49920483685792016,0.017135406104570566,0.5092039184078369,0.017456982149663895
RepNoise,LR,1,0.5492125984251969,0.019367517915352506,0.5275590551181103,0.04717843205967006,0.5708661417322834,0.025756578320938774,0.5508989539319037,0.01773735881787854,0.5275590551181103,0.04717843205967006,0.5383396953076846,0.030745521734795497,0.5705468410936823,0.013844808163137733
RepNoise,LR,2,0.5547244094488188,0.006750562283260715,0.537007874015748,0.01625178538626008,0.5724409448818897,0.011023622047244075,0.5566958602494705,0.00646086736662032,0.537007874015748,0.01625178538626008,0.54658859279704,0.010477977896215239,0.574223448446897,0.010754504586312327
RepNoise,LR,3,0.562992125984252,0.010781940108369392,0.5551181102362205,0.011941536132364627,0.5708661417322836,0.020532920961268176,0.5641859481936018,0.011771236849302504,0.5551181102362205,0.011941536132364627,0.5595199108966129,0.009390250176486866,0.5799367598735197,0.014160231109970611
RepNoise,LR,4,0.5590551181102362,0.018084541854891074,0.5511811023622047,0.04173971112031047,0.5669291338582677,0.024141275144497466,0.5595738764431808,0.01685246798476079,0.5511811023622047,0.04173971112031047,0.5548780632381418,0.027928380097657374,0.5786192572385145,0.016316509153394894
RepNoise,LR,5,0.5692913385826771,0.010371606198676745,0.552755905511811,0.02263009112314947,0.5858267716535434,0.019190641900714886,0.5716847372330862,0.01044496326827907,0.552755905511811,0.02263009112314947,0.5618569900748385,0.014656454990314828,0.5906255812511625,0.011640531123935774
RepNoise,LR,6,0.5653543307086614,0.010666312743420505,0.5669291338582677,0.027502754640272402,0.5637795275590551,0.020136554098495154,0.5651120623362844,0.009728540270687803,0.5669291338582677,0.027502754640272402,0.565752318387037,0.01630612451863746,0.5905170810341621,0.005137566118137723
RepNoise,LR,7,0.5720472440944881,0.011518691998683281,0.5826771653543308,0.021274419033238276,0.5614173228346456,0.01566909349774202,0.5705028175253095,0.010881693843175637,0.5826771653543308,0.021274419033238276,0.5764074669500602,0.014600620088316318,0.5902783805567611,0.005880554062630997
RepNoise,LR,8,0.5716535433070866,0.018238165073859006,0.578740157480315,0.028930981213974548,0.5645669291338583,0.023037383997366594,0.5705948277175875,0.01794457869394238,0.578740157480315,0.028930981213974548,0.5744440188308546,0.02153335735985576,0.5915369830739661,0.009388242743775541
RepNoise,LR,9,0.5692913385826771,0.018144438774492743,0.5692913385826771,0.024345865879906014,0.5692913385826771,0.018398931410311656,0.5691977145731382,0.017841594192080965,0.5692913385826771,0.024345865879906014,0.5691681080708785,0.020334767606463716,0.591760183520367,0.01652638280702169
RepNoise,LR,10,0.5732283464566928,0.007302061807476919,0.5803149606299212,0.025587522534286478,0.5661417322834646,0.033257814302272246,0.5726578737630975,0.009977111674077385,0.5803149606299212,0.025587522534286478,0.5759952240712606,0.010313630456265632,0.6050716101432203,0.0016791449068199328
RepNoise,LR,11,0.5854330708661417,0.01378515070867057,0.5661417322834646,0.033904015971040945,0.6047244094488189,0.042954902982632624,0.5896723119405515,0.016926883110393167,0.5661417322834646,0.033904015971040945,0.5768779411690469,0.017311083441339754,0.6049724099448199,0.012193430578733906
RepNoise,LR,12,0.5811023622047243,0.013489639133080197,0.562992125984252,0.036764149700563,0.5992125984251968,0.026398511203527892,0.5841005940771329,0.012475248732042346,0.562992125984252,0.036764149700563,0.5728210302742436,0.022478262734292247,0.6029574059148117,0.00941323199519656
RepNoise,LR,13,0.5818897637795275,0.019230983845385543,0.5779527559055118,0.042868212878161255,0.5858267716535434,0.04109602630141695,0.5829721356101533,0.01993589581641518,0.5779527559055118,0.042868212878161255,0.5796108519175959,0.025238059397102625,0.6054622109244218,0.013630523154446489
RepNoise,LR,14,0.5661417322834645,0.011315045561574715,0.5590551181102362,0.024523482680940838,0.573228346456693,0.03664590953770111,0.5676813934211473,0.013808958226229134,0.5590551181102362,0.024523482680940838,0.5628615345492924,0.011388757218089048,0.5966023932047865,0.00523417113267042
RepNoise,LR,15,0.5673228346456692,0.015419807895721342,0.5566929133858267,0.026539054403705062,0.5779527559055118,0.03771316540103323,0.5693285163715641,0.016983975902884873,0.5566929133858267,0.026539054403705062,0.5624810982916415,0.016049396142354448,0.5935705871411743,0.014366377967686835
RepNoise,LR,16,0.5653543307086614,0.010296611677655115,0.5566929133858267,0.02745763114041368,0.5740157480314961,0.013728815570206861,0.5663071051558417,0.00876495175646318,0.5566929133858267,0.02745763114041368,0.5612431318700599,0.01774651660479833,0.5965403930807862,0.008487829429996019
RepNoise,LR,17,0.5720472440944881,0.010311654215518717,0.568503937007874,0.03622047244094491,0.5755905511811024,0.03269376297956962,0.5727290696554389,0.010071939781730979,0.568503937007874,0.03622047244094491,0.5699838573128292,0.01940569326832627,0.5966147932295864,0.005812965448214338
RepNoise,LR,18,0.5649606299212598,0.004979964819162793,0.5551181102362205,0.029879788914976838,0.5748031496062993,0.03129859356590833,0.566570060903849,0.007238118418916464,0.5551181102362205,0.029879788914976838,0.5602518285328077,0.013518152489755271,0.5931334862669726,0.0068867501166456745
RepNoise,LR,19,0.5692913385826771,0.010519991508572727,0.5795275590551181,0.03948016106054071,0.5590551181102362,0.02871587799812671,0.5678082674862523,0.008776487921651673,0.5795275590551181,0.03948016106054071,0.5730209993481752,0.0215387416052106,0.5954243908487816,0.0067953988528707794
RepNoise,LR,20,0.5681102362204724,0.009928756073164149,0.5629921259842521,0.036848374667079055,0.573228346456693,0.03491306972818168,0.5691010581369751,0.011266615432264858,0.5629921259842521,0.036848374667079055,0.5653277916273336,0.01899649224193669,0.592234484468969,0.008768747699839334
RepNoise,LR,21,0.5696850393700787,0.01223643328182679,0.5748031496062993,0.03217766416016148,0.5645669291338582,0.049336851016757624,0.570075252543534,0.015940895288209148,0.5748031496062993,0.03217766416016148,0.5715457875863812,0.011890068461239058,0.592990885981772,0.004001261476123465
RepNoise,LR,22,0.5507874015748031,0.015767704247638386,0.5677165354330709,0.0334437174513312,0.5338582677165353,0.026887198549549404,0.5490791062506428,0.015045475059412887,0.5677165354330709,0.0334437174513312,0.5578837294439746,0.02118551648067666,0.5873519747039495,0.00539238571238915
RepNoise,LR,23,0.5598425196850394,0.006886951056903886,0.5748031496062993,0.031397483523428193,0.5448818897637795,0.025098232205526348,0.5581022319535931,0.006208012975533052,0.5748031496062993,0.031397483523428193,0.565919168645537,0.016342573269359825,0.5882850765701532,0.007884202564771617
RepNoise,LR,24,0.5590551181102362,0.017295970579912407,0.5708661417322834,0.03897438951421915,0.547244094488189,0.032177664160161476,0.5576200911408836,0.01703945159496833,0.5708661417322834,0.03897438951421915,0.5636507447168957,0.02491917471675719,0.5854609709219418,0.01333587429610301
RepNoise,LR,25,0.5570866141732284,0.008351654895904089,0.5590551181102362,0.03718336678147274,0.5551181102362205,0.027949983227242268,0.5567778536590544,0.007133933366395535,0.5590551181102362,0.03718336678147274,0.5573595660812218,0.02016554408124668,0.5817967635935273,0.007665121242100479
RepNoise,LR,26,0.5559055118110237,0.005918620621406646,0.562992125984252,0.03651030903738466,0.5488188976377952,0.03813820799468453,0.5554985813546965,0.007510671589115628,0.562992125984252,0.03651030903738466,0.5584543063795628,0.016718554745834273,0.5786781573563147,0.007638763767954475
RepNoise,LR,27,0.5515748031496063,0.013374242323986613,0.562992125984252,0.03817070753871125,0.5401574803149606,0.027994313125403427,0.5502712074704249,0.011987402002138083,0.562992125984252,0.03817070753871125,0.5560535001364456,0.022683916044264636,0.5734484468968938,0.010613121935273272
RepNoise,LR,28,0.5496062992125984,0.011232553242273291,0.5582677165354331,0.034806356071339126,0.5409448818897638,0.0369827356403697,0.5490142724698182,0.011834827809953425,0.5582677165354331,0.034806356071339126,0.5529973419552905,0.018279293864134155,0.580990761981524,0.009852863388643919
RepNoise,LR,29,0.5523622047244094,0.014227803936687137,0.5574803149606299,0.043528425074284276,0.5472440944881889,0.036764149700562986,0.5518188106160662,0.014358762449720877,0.5574803149606299,0.043528425074284276,0.5538753925786992,0.02499772275637314,0.5744559489118979,0.011369310669710083
RepNoise,LR,30,0.5421259842519686,0.016915394534599094,0.5425196850393701,0.03763087604834182,0.5417322834645668,0.05470032892270366,0.5432505640081505,0.020088271672642124,0.5425196850393701,0.03763087604834182,0.5418384680105995,0.0177799398018637,0.569499038998078,0.012266875341517075
RepNoise,LR,31,0.5413385826771653,0.02206130035609749,0.5307086614173229,0.037049733404782965,0.5519685039370079,0.03979300399525443,0.542458662223867,0.023392879063997764,0.5307086614173229,0.037049733404782965,0.5359953479393041,0.026292836730195397,0.562992125984252,0.011447735701966857
RepNoise,LR,32,0.5405511811023622,0.005511811023622038,0.5338582677165353,0.03271272138242674,0.5472440944881889,0.026115155829570066,0.5410501840677047,0.004572777849119007,0.5338582677165353,0.03271272138242674,0.5369683401032742,0.017194512284984215,0.5561132122264245,0.008979447157902453
RepNoise,RF,1,0.5681102362204724,0.009029405465495823,0.5393700787401574,0.020683347301675124,0.5968503937007874,0.03184842270260894,0.5727796283958841,0.011785061257483296,0.5393700787401574,0.020683347301675124,0.5551829436711371,0.009089644203768904,0.5993474486948974,0.013716472166365611
RepNoise,RF,2,0.5688976377952756,0.008351654895904089,0.5614173228346456,0.01889763779527556,0.5763779527559054,0.016628907151136133,0.5699754697078818,0.008695546353739836,0.5614173228346456,0.01889763779527556,0.5655189551039167,0.01173953763650351,0.5870605741211483,0.008220504824615506
RepNoise,RF,3,0.5566929133858267,0.006274558051381574,0.5535433070866141,0.01771216043968819,0.5598425196850394,0.01935150508258978,0.5571472692570932,0.006771622302621633,0.5535433070866141,0.01771216043968819,0.5551686558366857,0.009510585795537407,0.58000341000682,0.014143092447638709
RepNoise,RF,4,0.5523622047244094,0.015227621736861166,0.5204724409448819,0.021332625486841072,0.584251968503937,0.023700656603610103,0.5560620249166229,0.016840612752357195,0.5204724409448819,0.021332625486841072,0.537508354108526,0.016973111726046312,0.5678219356438713,0.01329027776460017
RepNoise,RF,5,0.5641732283464567,0.011585778716190657,0.5299212598425196,0.01985751214632834,0.5984251968503937,0.027502754640272412,0.5692519544835287,0.014323948170732305,0.5299212598425196,0.01985751214632834,0.5486040878340761,0.012238271279821465,0.5852920205840413,0.011671818313348892
RepNoise,RF,6,0.5547244094488188,0.012160193079905884,0.5244094488188976,0.01417322834645672,0.5850393700787402,0.02032045338671488,0.5584200298628105,0.01350675217482995,0.5244094488188976,0.01417322834645672,0.5407829211153306,0.011819129811261783,0.5877828755657512,0.01864250427197135
RepNoise,RF,7,0.5543307086614173,0.018616677822892707,0.5031496062992126,0.022187405989929732,0.6055118110236221,0.019511042036793495,0.5604829637780474,0.020680405881357142,0.5031496062992126,0.022187405989929732,0.5302129206696365,0.020923257369008515,0.5816836133672268,0.014400724537593194
RepNoise,RF,8,0.5618110236220473,0.021003116013148252,0.5338582677165353,0.0183989314103117,0.5897637795275591,0.028324575982055032,0.5657630139918618,0.022758317608393173,0.5338582677165353,0.0183989314103117,0.5492693444655025,0.019534591230145826,0.588767127534255,0.016860707161701318
RepNoise,RF,9,0.5547244094488188,0.018058810930991643,0.5086614173228347,0.023543175413741818,0.6007874015748031,0.022075347667521564,0.560308702983478,0.019595037986280976,0.5086614173228347,0.023543175413741818,0.5331083424719203,0.020244138135098046,0.5744218488436976,0.012151150814275785
RepNoise,RF,10,0.5515748031496063,0.01762443250834598,0.5047244094488189,0.03868698739067163,0.5984251968503937,0.03089986908716312,0.556891251965345,0.018757705631924824,0.5047244094488189,0.03868698739067163,0.5289331224372826,0.025716409114006723,0.576985553971108,0.014527349459370946
RepNoise,RF,11,0.5366141732283464,0.009530486958197045,0.49921259842519683,0.023805065287922773,0.5740157480314961,0.01696114899884883,0.5394656466169122,0.009776187913069162,0.49921259842519683,0.023805065287922773,0.5183545894771346,0.016182774699253534,0.5684651869303738,0.009123396984136778
RepNoise,RF,12,0.5440944881889764,0.012914346036895067,0.5,0.023490447071143786,0.5881889763779528,0.01464651593522701,0.5482039619723922,0.013724214272116576,0.5,0.023490447071143786,0.5228591294666649,0.01808397822667598,0.5698880897761794,0.02219538541450821
RepNoise,RF,13,0.5590551181102362,0.013694903252697682,0.5181102362204724,0.03175093724985189,0.6,0.018566655311104893,0.5640897551068316,0.013535170169138104,0.5181102362204724,0.03175093724985189,0.5398135554768376,0.021673250187360726,0.5760865521731044,0.0056230143329031
RepNoise,RF,14,0.5374015748031497,0.01078194010836943,0.4866141732283465,0.038138207994684495,0.5881889763779528,0.021649963913177212,0.5411717815608972,0.010313121832223838,0.4866141732283465,0.038138207994684495,0.511906327820703,0.025315323269161753,0.5526009052018104,0.010460056014938476
RepNoise,RF,15,0.5476377952755905,0.008838560756158902,0.521259842519685,0.025948436304384394,0.5740157480314961,0.02843381115790202,0.5505458016129097,0.010219199479637385,0.521259842519685,0.025948436304384394,0.5350848412214979,0.01423330253566504,0.5674762849525699,0.011081519061697642
RepNoise,RF,16,0.5326771653543306,0.01869975131816996,0.4929133858267717,0.022875337080840885,0.5724409448818898,0.03401356073457506,0.5359821504034119,0.02192837934427237,0.4929133858267717,0.022875337080840885,0.5132456373381025,0.018431933172384094,0.5573299646599292,0.018760769467947646
RepNoise,RF,17,0.5338582677165354,0.007407436111112934,0.5086614173228347,0.029293031870453998,0.5590551181102362,0.028715877998126735,0.5357720891623095,0.008453360182915544,0.5086614173228347,0.029293031870453998,0.5214063490088925,0.015947867112816313,0.5552328104656209,0.017203610303237082
RepNoise,RF,18,0.537007874015748,0.012286997271123824,0.5055118110236221,0.04251968503937009,0.5685039370078739,0.01922292222950189,0.5388208404208084,0.01117404365458582,0.5055118110236221,0.04251968503937009,0.5210786756179523,0.02790765628619148,0.5536394072788144,0.010684659879114997
RepNoise,RF,19,0.5440944881889764,0.015480002560108274,0.5267716535433071,0.04033464086571875,0.5614173228346456,0.01856665531110484,0.5451625448043802,0.014042607195216465,0.5267716535433071,0.04033464086571875,0.535381733739035,0.0264017632534796,0.5550514601029202,0.011199959883673815
RepNoise,RF,20,0.5499999999999999,0.022396004178469136,0.49606299212598426,0.016136930340093853,0.6039370078740157,0.05070034655749683,0.5577385599223332,0.028048476447979313,0.49606299212598426,0.016136930340093853,0.5245025486161639,0.013186669495592407,0.5727819455638912,0.020262672093331574
RepNoise,RF,21,0.5354330708661417,0.015197054382377012,0.5015748031496063,0.03105997310758428,0.5692913385826772,0.033830789069198154,0.5382659093214579,0.016818750876555155,0.5015748031496063,0.03105997310758428,0.5187692092272974,0.02029832072106402,0.5461079422158844,0.015930159857765292
RepNoise,RF,22,0.5417322834645669,0.011572392485589797,0.5007874015748032,0.03325781430227225,0.5826771653543308,0.034681441804008235,0.5457947252525325,0.013225917168403165,0.5007874015748032,0.03325781430227225,0.5216528568666401,0.019262118388918517,0.5588133176266352,0.014781529127040229
RepNoise,RF,23,0.5409448818897638,0.006750562283260715,0.4952755905511811,0.022602677314027257,0.5866141732283465,0.018297559115940568,0.5450348812025854,0.006949318669892453,0.4952755905511811,0.022602677314027257,0.5187264733008442,0.013985760340929252,0.5588396676793354,0.01072588526593491
RepNoise,RF,24,0.5389763779527559,0.012286997271123822,0.5259842519685038,0.025948436304384388,0.5519685039370079,0.024447519206708696,0.540079377831753,0.012925602149271662,0.5259842519685038,0.025948436304384388,0.5326594589460171,0.01661313029186346,0.5575314650629302,0.01092947358536055
RepNoise,RF,25,0.5488188976377952,0.016582235975317074,0.49763779527559054,0.01735858872838472,0.6,0.036220472440944895,0.5552052670414765,0.021096152820361955,0.49763779527559054,0.01735858872838472,0.5244834228265315,0.012969298698342622,0.5507517515035031,0.01565909194502225
RepNoise,RF,26,0.5318897637795275,0.007814737496566651,0.5055118110236221,0.031258949986266486,0.558267716535433,0.03444825646335019,0.5339609182063618,0.008999886301027457,0.5055118110236221,0.031258949986266486,0.5187357898775931,0.016262213079268315,0.5442944385888773,0.009401216157822736
RepNoise,RF,27,0.5259842519685038,0.003817070753871162,0.5070866141732283,0.045737120414039704,0.5448818897637795,0.045410616867074705,0.527225565629922,0.004434387849045858,0.5070866141732283,0.045737120414039704,0.5157969129265222,0.02322029562501213,0.5450911401822804,0.015544050890263667
RepNoise,RF,28,0.5275590551181102,0.008714938433534932,0.5015748031496063,0.02801645177111369,0.5535433070866143,0.03739950263633993,0.5295516622782678,0.010555472005075537,0.5015748031496063,0.02801645177111369,0.5145920362502966,0.013448797986126481,0.5445052390104781,0.01140945753168675
RepNoise,RF,29,0.5137795275590551,0.014939894457488419,0.49133858267716535,0.04463948908049879,0.5362204724409448,0.0310400052668142,0.5139293490003088,0.014869323797659515,0.49133858267716535,0.04463948908049879,0.5016721035931074,0.02915163480889919,0.5336908673817348,0.011575434566235743
RepNoise,RF,30,0.5338582677165353,0.010810653714760641,0.5,0.04136669460335024,0.5677165354330709,0.028433811157902045,0.5359582625793206,0.010304595297197586,0.5,0.04136669460335024,0.5166789943375327,0.025776205309985825,0.5420438340876682,0.028375375925608726
RepNoise,RF,31,0.5220472440944881,0.019182563330834398,0.5039370078740157,0.016516674774333065,0.5401574803149606,0.03637420303134206,0.5235250215045717,0.02107746317850441,0.5039370078740157,0.016516674774333065,0.5132889604780189,0.014803102659779233,0.5303645607291215,0.014787280594443184
RepNoise,RF,32,0.5232283464566929,0.01717907419627673,0.4795275590551181,0.05207576618515418,0.5669291338582677,0.024269346468381824,0.5243978302806394,0.017089197633162474,0.4795275590551181,0.05207576618515418,0.500155491514879,0.03489167410446854,0.5328352656705313,0.007179512296554743
TAR,AdaBoost,1,0.5539370078740157,0.01428217098206069,0.5511811023622047,0.02227107972241093,0.5566929133858267,0.02193446972784901,0.5542946454390432,0.014185676649267098,0.5511811023622047,0.02227107972241093,0.5525743790384001,0.016087890706543137,0.5662021824043648,0.005693194091167652
TAR,AdaBoost,2,0.54251968503937,0.016069552466109114,0.5503937007874015,0.035336701846168286,0.5346456692913385,0.042138860347274515,0.5423236972323743,0.01750561669081837,0.5503937007874015,0.035336701846168286,0.5456590533348693,0.020157540997032652,0.5646816293632588,0.008433360188025379
TAR,AdaBoost,3,0.5539370078740158,0.009771396571646326,0.5574803149606299,0.03096000512021654,0.5503937007874015,0.02651568226847675,0.5536072659492011,0.0092641516443858,0.5574803149606299,0.03096000512021654,0.555130774245834,0.01675305898403428,0.5746729493458986,0.014744704933786401
TAR,AdaBoost,4,0.5496062992125984,0.009675752541294871,0.5433070866141732,0.03494856853727899,0.5559055118110237,0.024573994542247617,0.5500896293223857,0.008766294784536012,0.5433070866141732,0.03494856853727899,0.5462344191698149,0.019811539853108812,0.5666888833777668,0.013309243119655678
TAR,AdaBoost,5,0.5519685039370079,0.028596881570606088,0.5480314960629921,0.02568426209496077,0.5559055118110237,0.04779209734013708,0.5533473472460377,0.02999783140138019,0.5480314960629921,0.02568426209496077,0.5503063486781498,0.02408064022461396,0.5705003410006819,0.028909469865624485
TAR,AdaBoost,6,0.5448818897637795,0.013140408872660351,0.5464566929133858,0.013952791454070359,0.5433070866141732,0.03404999733927505,0.545318231672122,0.01490917406682856,0.5464566929133858,0.013952791454070359,0.5456089364396435,0.007569737077549746,0.5553893607787217,0.020268064215683387
TAR,AdaBoost,7,0.5303149606299212,0.010824981956588629,0.5275590551181102,0.028930981213974555,0.5330708661417323,0.03500174924550057,0.5307981649534594,0.011943753638179233,0.5275590551181102,0.028930981213974555,0.5286787605064698,0.015346463526362946,0.5508633517267035,0.0107416198954874
TAR,AdaBoost,8,0.5322834645669291,0.015529986553792157,0.5409448818897638,0.025587522534286495,0.5236220472440944,0.02477501216149965,0.5317568678827952,0.015337789458234954,0.5409448818897638,0.025587522534286495,0.5361096425691944,0.018243648919183647,0.5503968007936016,0.01578495745618374
TAR,AdaBoost,9,0.5531496062992126,0.017868985382535743,0.5551181102362205,0.012938328130043272,0.5511811023622046,0.04312776043347765,0.5539162305088456,0.02003401926493884,0.5551181102362205,0.012938328130043272,0.554138312757227,0.008869920495285717,0.5706522413044826,0.014410997091510284
TAR,AdaBoost,10,0.5350393700787401,0.014486905112578054,0.5480314960629922,0.011784747674878535,0.5220472440944881,0.026186282123332127,0.5344385784579422,0.0145588402663849,0.5480314960629922,0.011784747674878535,0.5410450747272412,0.010987025544871543,0.5506386012772027,0.015307394612225267
TAR,AdaBoost,11,0.5429133858267716,0.009514209428027236,0.5377952755905512,0.02179268110724103,0.5480314960629921,0.03335089540873601,0.5437872590408814,0.010997008611218221,0.5377952755905512,0.02179268110724103,0.5403968209811787,0.009795227482584238,0.5473045446090892,0.01096632440248796
TAR,AdaBoost,12,0.5519685039370079,0.023178245715803215,0.5559055118110237,0.014604123614953838,0.5480314960629921,0.03507253141940173,0.5521095948266865,0.0246591996219263,0.5559055118110237,0.014604123614953838,0.5538981448912436,0.018763511065993242,0.5631750263500527,0.025204139769730384
TAR,AdaBoost,13,0.5224409448818897,0.011718800052076565,0.5204724409448819,0.023805065287922797,0.5244094488188976,0.024192585032657053,0.5225766864549755,0.011463248841928952,0.5204724409448819,0.023805065287922797,0.5212918205225225,0.015221718802001898,0.5377100254200509,0.013212040764635355
TAR,AdaBoost,14,0.5417322834645668,0.016156129550144255,0.5503937007874016,0.011518691998683281,0.5330708661417323,0.02745763114041369,0.5413488161503548,0.01644844639329276,0.5503937007874016,0.011518691998683281,0.5457374791461135,0.012358273330802038,0.5613460226920454,0.015028159429763797
TAR,AdaBoost,15,0.5582677165354331,0.017720909346341542,0.5763779527559055,0.022354440262328173,0.5401574803149607,0.03746575512872543,0.5568190126086312,0.019689313169616716,0.5763779527559055,0.022354440262328173,0.566084776731379,0.0152065608411829,0.5715651931303862,0.018168137311197725
TAR,AdaBoost,16,0.5507874015748031,0.020735738712226278,0.5614173228346455,0.0425925301930662,0.5401574803149607,0.03940156221479311,0.5498667197002653,0.0192576783498831,0.5614173228346455,0.0425925301930662,0.554887828325852,0.026621932460181196,0.5730330460660922,0.017030362089420544
TAR,AdaBoost,17,0.5562992125984252,0.01548000256010824,0.5503937007874016,0.035424320879376366,0.5622047244094488,0.02246510648454662,0.556758468710426,0.0136669501875872,0.5503937007874016,0.035424320879376366,0.553194017164776,0.022636267815496484,0.5723448446896893,0.01153250576324266
TAR,AdaBoost,18,0.5622047244094488,0.01572833413814027,0.5464566929133858,0.01677738248241143,0.5779527559055118,0.021621307429521217,0.5643574531698987,0.01652541965887868,0.5464566929133858,0.01677738248241143,0.5551884225323074,0.015440453904846763,0.585467170934342,0.020014577305844227
TAR,AdaBoost,19,0.5444881889763779,0.015826575781292766,0.536220472440945,0.043442879446090446,0.552755905511811,0.0427378480161005,0.5454257906578649,0.016481320030306435,0.536220472440945,0.043442879446090446,0.5399080112798486,0.025564683236094905,0.5588009176018353,0.013405757544488939
TAR,AdaBoost,20,0.5464566929133858,0.01000650789538489,0.5488188976377952,0.015063879110007089,0.5440944881889763,0.024320386159811816,0.5464720896322168,0.011041634663057603,0.5488188976377952,0.015063879110007089,0.5474777129088622,0.009078365060680728,0.5639577779155557,0.0038637153334743855
TAR,AdaBoost,21,0.5452755905511811,0.01940749219506495,0.5488188976377952,0.018229664413842873,0.5417322834645668,0.03781167623163138,0.5456000523895005,0.020471088289107597,0.5488188976377952,0.018229664413842873,0.5469252281767991,0.015009642512565608,0.5602579205158411,0.017418139681095304
TAR,AdaBoost,22,0.5444881889763779,0.01597280533472503,0.5598425196850393,0.024573994542247634,0.5291338582677165,0.025098232205526348,0.5432274054363972,0.015522843198567032,0.5598425196850393,0.024573994542247634,0.5512230789655582,0.017751360888715963,0.568508587017174,0.019402611913190752
TAR,AdaBoost,23,0.5393700787401575,0.021310816697203718,0.5417322834645669,0.023037383997366604,0.537007874015748,0.0376473483082895,0.5396723648837385,0.02223754040179439,0.5417322834645669,0.023037383997366604,0.5404364024886434,0.019298441026834524,0.5548375596751193,0.021536295170738688
TAR,AdaBoost,24,0.5551181102362205,0.014730934593598168,0.5464566929133858,0.025319582977659082,0.5637795275590551,0.039322806265145734,0.5567306424517919,0.016762672544819952,0.5464566929133858,0.025319582977659082,0.5510624094346883,0.014031971133676907,0.5606624713249426,0.01453679197716744
TAR,AdaBoost,25,0.536220472440945,0.014867092589369467,0.5409448818897638,0.03988637839972895,0.5314960629921259,0.035301593340881725,0.5358960325505696,0.015037941422674521,0.5409448818897638,0.03988637839972895,0.5377880747655678,0.023095150614515815,0.5542966085932172,0.017135988452442075
TAR,AdaBoost,26,0.5421259842519685,0.02547216711751467,0.5488188976377952,0.03355476496482288,0.5354330708661417,0.030597416106654247,0.5415433299005519,0.024541895615663743,0.5488188976377952,0.03355476496482288,0.5449498317065189,0.027367009718483576,0.5496698493396986,0.021776018872330518
TAR,AdaBoost,27,0.5220472440944881,0.012781640221061378,0.526771653543307,0.02133262548684106,0.5173228346456693,0.019700781107396544,0.5218268379844101,0.012936104564476355,0.526771653543307,0.02133262548684106,0.5241558771261741,0.015520124740873682,0.5320370140740281,0.010966229101985865
TAR,AdaBoost,28,0.5354330708661417,0.024396745487920743,0.5393700787401574,0.021274419033238276,0.5314960629921259,0.0323697713245582,0.5354798721461312,0.025043891078170625,0.5393700787401574,0.021274419033238276,0.5373332765245531,0.022181813041591746,0.5554467108934218,0.033505300829961907
TAR,AdaBoost,29,0.5421259842519686,0.010006507895384919,0.5417322834645669,0.013997156562701719,0.5425196850393701,0.021477451491316316,0.5423324627770254,0.010555137507364273,0.5417322834645669,0.013997156562701719,0.5419068303489472,0.00930086689582903,0.5513857027714055,0.01323046419612824
TAR,AdaBoost,30,0.5374015748031497,0.015549935163883078,0.54251968503937,0.017851628423235646,0.5322834645669291,0.02651568226847675,0.5372424303412272,0.015845598668414323,0.54251968503937,0.017851628423235646,0.5397279448630867,0.0145413500477408,0.5426793353586706,0.021180739900748913
TAR,AdaBoost,31,0.5334645669291338,0.00980307054959745,0.5377952755905512,0.03996402374944732,0.5291338582677165,0.024599211577658764,0.5328329855757675,0.007843064060468545,0.5377952755905512,0.03996402374944732,0.5347761364240953,0.022880750193231027,0.5507936015872033,0.012984945943653726
TAR,AdaBoost,32,0.5543307086614173,0.002007487997477471,0.5464566929133857,0.01439028888385596,0.5622047244094488,0.01395279145407033,0.5552381882078267,0.002449915699622799,0.5464566929133857,0.01439028888385596,0.5507013146192821,0.0068322726710640155,0.5630882261764525,0.011976165529024281
TAR,LR,1,0.5405511811023622,0.020929187181105546,0.5314960629921259,0.05169337814856646,0.5496062992125983,0.020773080249248677,0.5403829165494713,0.018341258008234707,0.5314960629921259,0.05169337814856646,0.5352817849746777,0.034061546771857056,0.5640120280240561,0.017281839204398085
TAR,LR,2,0.5507874015748031,0.008925814211617806,0.5456692913385827,0.04695449296338765,0.5559055118110237,0.03498403132523321,0.5511545215138183,0.007182972386363019,0.5456692913385827,0.04695449296338765,0.5474803299007218,0.025416360680313013,0.5778256556513113,0.012896648013862144
TAR,LR,3,0.5602362204724409,0.007428331600044556,0.5582677165354331,0.03585920484011245,0.5622047244094488,0.02950392755148851,0.5605144227838119,0.006863541832930977,0.5582677165354331,0.03585920484011245,0.5588212844908547,0.018366894971827114,0.5854098208196417,0.010693985308799971
TAR,LR,4,0.5622047244094488,0.019904290802778807,0.5755905511811024,0.03507253141940173,0.5488188976377952,0.027570301417341073,0.5604998471489819,0.01952473197611893,0.5755905511811024,0.03507253141940173,0.5676248075655939,0.024513291019418577,0.5835730671461343,0.012903376524299239
TAR,LR,5,0.5649606299212598,0.013292868516641024,0.584251968503937,0.024345865879906003,0.5456692913385827,0.012842131047480401,0.5623914648059826,0.011895014752590947,0.584251968503937,0.024345865879906003,0.5730053259186416,0.01725409329765107,0.5869985739971479,0.007602447772172964
TAR,LR,6,0.5566929133858267,0.021142868633224482,0.5685039370078739,0.018229664413842873,0.5448818897637795,0.03805683771210889,0.55598226462939,0.021840279088716857,0.5685039370078739,0.018229664413842873,0.5619467425796351,0.016899798259086125,0.5827391654783309,0.016400954806480003
TAR,LR,7,0.55,0.019629843877665965,0.5417322834645668,0.02546608130519092,0.5582677165354331,0.04477816443500135,0.551778041601256,0.02257030038671462,0.5417322834645668,0.02546608130519092,0.5461635538137678,0.016544822638866963,0.5825035650071301,0.018105090922609538
TAR,LR,8,0.574015748031496,0.012109099605692654,0.5834645669291338,0.022875337080840875,0.5645669291338582,0.02757030141734109,0.5728799259695192,0.012389458119179953,0.5834645669291338,0.022875337080840875,0.5778544356243109,0.013427380388835607,0.5983399466798934,0.009465210404976396
TAR,LR,9,0.573228346456693,0.012902338274152722,0.5866141732283465,0.03776245293947021,0.5598425196850393,0.04944982194679553,0.5723004356049457,0.016694938489818033,0.5866141732283465,0.03776245293947021,0.5784001866690198,0.015765625095741604,0.6039122078244157,0.013895713388042737
TAR,LR,10,0.5811023622047243,0.018015844391570956,0.5724409448818898,0.041858374362211064,0.5897637795275591,0.025924531705754844,0.5823161525029557,0.01596280658230379,0.5724409448818898,0.041858374362211064,0.5767910899833365,0.026437981687432673,0.608506417012834,0.012750603239489547
TAR,LR,11,0.5708661417322834,0.015992201583929028,0.5653543307086614,0.03252264004419429,0.5763779527559055,0.02522144468983775,0.5716449220700118,0.01563568053637304,0.5653543307086614,0.03252264004419429,0.5681385357459042,0.020881708763468856,0.5994729989459978,0.022034842325171333
TAR,LR,12,0.5732283464566928,0.018608350075742477,0.5692913385826771,0.0496500244738093,0.5771653543307087,0.024974411853785364,0.5732888817262211,0.015448318690120325,0.5692913385826771,0.0496500244738093,0.5706075506659255,0.02994949332939093,0.5925537851075703,0.020093733238769944
TAR,LR,13,0.5720472440944881,0.01000650789538489,0.5724409448818898,0.03437618890227255,0.5716535433070866,0.04785691779219761,0.5730265755419905,0.01518004939398089,0.5724409448818898,0.03437618890227255,0.5718011526723775,0.012569776458675894,0.5997349494698989,0.010156532955208386
TAR,LR,14,0.5748031496062992,0.021017870574864775,0.5874015748031496,0.036117621861983376,0.5622047244094489,0.026979278266160357,0.5728376471392667,0.020835492207275305,0.5874015748031496,0.036117621861983376,0.5797154707539837,0.02597248954440973,0.6032922065844132,0.017149129507627908
TAR,LR,15,0.5779527559055118,0.012733040652595434,0.5811023622047244,0.024974411853785346,0.5748031496062992,0.0366797313349673,0.5780767407669923,0.014893636853244688,0.5811023622047244,0.024974411853785346,0.5791007546419712,0.012719586463849537,0.6029543059086118,0.011513271948546809
TAR,LR,16,0.574015748031496,0.013033815241926667,0.5976377952755906,0.01714294571423406,0.5503937007874016,0.011518691998683281,0.5706141129033806,0.011976213876373291,0.5976377952755906,0.01714294571423406,0.58379025307258,0.014163625564652818,0.6005146010292022,0.00873379310244197
TAR,LR,17,0.5775590551181102,0.006886951056903886,0.5968503937007874,0.020013015790769827,0.5582677165354331,0.017677121512317845,0.574714535063325,0.006592283282061581,0.5968503937007874,0.020013015790769827,0.5854089680259168,0.010825501887923908,0.6028024056048111,0.005962800481302094
TAR,LR,18,0.5929133858267717,0.01810167548436639,0.5984251968503937,0.033958832524169785,0.5874015748031496,0.0029461869187196337,0.5914096293971813,0.01574878134181991,0.5984251968503937,0.033958832524169785,0.594751877979402,0.02493121514858228,0.6150985801971605,0.007859206003676749
TAR,LR,19,0.5870078740157479,0.01546998638140827,0.6086614173228346,0.03105997310758427,0.5653543307086614,0.008106795386603924,0.583054333256762,0.012952424573477039,0.6086614173228346,0.03105997310758427,0.5954333058146322,0.0214931640042122,0.6128650257300514,0.01041325998443814
TAR,LR,20,0.5791338582677165,0.010666312743420546,0.5960629921259841,0.025828692073790124,0.5622047244094487,0.023278339368652732,0.5766087652193569,0.01018449878113241,0.5960629921259841,0.025828692073790124,0.5859144842319262,0.014745272560856691,0.6086939673879348,0.011758321882053606
TAR,LR,21,0.5767716535433071,0.015449934543581576,0.5795275590551181,0.027660107197244564,0.574015748031496,0.0204421338358223,0.5762753055705883,0.014567014322445752,0.5795275590551181,0.027660107197244564,0.5777005896501655,0.019301166856150284,0.6073625147250294,0.009837241424550334
TAR,LR,22,0.5736220472440945,0.01031165421551872,0.5811023622047243,0.014646515935227,0.5661417322834645,0.01982626505829004,0.5726832729267473,0.011231098843522509,0.5811023622047243,0.014646515935227,0.5767509595989295,0.010130659341205054,0.6088598177196355,0.007392110227327236
TAR,LR,23,0.5763779527559054,0.007195144441927965,0.5787401574803149,0.009643660404658165,0.574015748031496,0.008768132854850412,0.5760208313237032,0.007172499423310348,0.5787401574803149,0.009643660404658165,0.5773583778894406,0.007812944868782486,0.6101184202368405,0.010036997649939148
TAR,LR,24,0.571259842519685,0.018356760987204325,0.5716535433070866,0.021764212537142124,0.5708661417322834,0.03159433487832892,0.571575867189399,0.019613895858890253,0.5716535433070866,0.021764212537142124,0.5713909672296691,0.01724620426306811,0.6067502635005271,0.014740754726896822
TAR,LR,25,0.5771653543307086,0.013717520779672726,0.5913385826771653,0.022875337080840878,0.5629921259842519,0.03198440316785812,0.5754151291622985,0.014707809049504876,0.5913385826771653,0.022875337080840878,0.5829591227616012,0.013514020839338697,0.6045477090954183,0.010875951054724902
TAR,LR,26,0.5688976377952756,0.01618488566227908,0.5716535433070866,0.03453812944797055,0.5661417322834644,0.02044213383582232,0.5682740057196136,0.01435836622866115,0.5716535433070866,0.03453812944797055,0.5696520306030799,0.02300988981736251,0.602287804575609,0.012613202583439384
TAR,LR,27,0.5716535433070866,0.013210993492568887,0.5622047244094488,0.02074321239735349,0.5811023622047244,0.01625178538626009,0.5729989808252797,0.013203732213465264,0.5622047244094488,0.02074321239735349,0.5674485782422095,0.015783220068650315,0.6072106144212288,0.009346908884678023
TAR,LR,28,0.5751968503937007,0.01437951367539346,0.5724409448818898,0.027116811586964665,0.5779527559055118,0.01902841885605443,0.5755217010137258,0.013580056809442779,0.5724409448818898,0.027116811586964665,0.573779608859173,0.01881115117744603,0.6055924111848223,0.010100263591653977
TAR,LR,29,0.571259842519685,0.016582235975317088,0.5708661417322836,0.027838849653013663,0.5716535433070866,0.03297699463208178,0.5716580230855584,0.018340493823049787,0.5708661417322836,0.027838849653013663,0.5708925293105306,0.018331239818862873,0.6091155682311366,0.010853111966145277
TAR,LR,30,0.5783464566929133,0.011369707935585567,0.5818897637795276,0.024320386159811812,0.5748031496062993,0.03573797076507156,0.5783823492443569,0.014250492294110574,0.5818897637795276,0.024320386159811812,0.5796675631239891,0.011392748599621739,0.606488312976626,0.012792156521533819
TAR,LR,31,0.5724409448818897,0.019542793143292683,0.5669291338582677,0.028930981213974548,0.5779527559055119,0.02367448248562663,0.5732058034884353,0.019129961920561423,0.5669291338582677,0.028930981213974548,0.5698643556927049,0.022320230782287065,0.6043167586335173,0.01162638551961959
TAR,LR,32,0.5669291338582677,0.020795452986211434,0.5637795275590551,0.030738931174713612,0.5700787401574804,0.030434878882027873,0.5674966339284893,0.021184912956095505,0.5637795275590551,0.030738931174713612,0.5653470678398773,0.02279440908473422,0.596469092938186,0.0169931566993406
TAR,RF,1,0.5665354330708661,0.010446062331828012,0.5496062992125984,0.01699766389364009,0.5834645669291338,0.0067734844622383125,0.5687519823225091,0.010090244250328138,0.5496062992125984,0.01699766389364009,0.5589805932455023,0.01350549215357195,0.5895948291896584,0.019581277318376125
TAR,RF,2,0.5633858267716535,0.0057593459993416415,0.5291338582677165,0.02343760010415311,0.5976377952755906,0.019826265058290046,0.568095577464363,0.005903228002778706,0.5291338582677165,0.02343760010415311,0.5476474935718721,0.012945943643807307,0.5970518941037882,0.005050319230780895
TAR,RF,3,0.5677165354330709,0.004757104714013603,0.5393700787401574,0.01670330979180823,0.5960629921259842,0.012096292516328544,0.5717725139733496,0.0044544828058055725,0.5393700787401574,0.01670330979180823,0.5549802943724349,0.009796849812358755,0.5901481802963606,0.008699808542225079
TAR,RF,4,0.5413385826771654,0.020720783255024848,0.5007874015748032,0.015629474993133215,0.5818897637795276,0.045533330062365235,0.5461880102231005,0.024169099072337122,0.5007874015748032,0.015629474993133215,0.5220683878165339,0.013114920963526054,0.5708645917291835,0.009004212552358533
TAR,RF,5,0.5641732283464567,0.00928332765555242,0.5409448818897638,0.014433309275451492,0.5874015748031496,0.02287533708084086,0.5675610605697775,0.011263395505660148,0.5409448818897638,0.014433309275451492,0.5537606010871393,0.008667691166764743,0.5863522227044455,0.016821025708068194
TAR,RF,6,0.5507874015748031,0.02522144468983778,0.5125984251968504,0.022602677314027295,0.5889763779527559,0.03223541652040742,0.5553306906532947,0.02807095571148512,0.5125984251968504,0.022602677314027295,0.5330232842064722,0.024307612654463726,0.5722099944199888,0.012042802526023189
TAR,RF,7,0.5610236220472441,0.018922228095587235,0.5228346456692913,0.04191758001324776,0.5992125984251968,0.015022664589243253,0.5653575339343886,0.01785966435138851,0.5228346456692913,0.04191758001324776,0.5428688645154873,0.030172424523880723,0.5868110236220473,0.016564982986968277
TAR,RF,8,0.5519685039370079,0.016403674532283165,0.5236220472440944,0.03188733343514424,0.5803149606299213,0.02834645669291339,0.555108338284809,0.017301473300174428,0.5236220472440944,0.03188733343514424,0.5385130769312519,0.022481934005815225,0.577999255998512,0.021449726509940138
TAR,RF,9,0.5641732283464567,0.019904290802778803,0.5330708661417323,0.02092177993005737,0.5952755905511811,0.03182894949827989,0.5688704691243528,0.023109042478710193,0.5330708661417323,0.02092177993005737,0.5501800545291139,0.019079785586085633,0.5836939673879348,0.019665607996652505
TAR,RF,10,0.5551181102362205,0.014678229828588357,0.49763779527559054,0.05418787569790631,0.6125984251968504,0.025344058172332394,0.561324732818975,0.01090034362770091,0.49763779527559054,0.05418787569790631,0.5265106877055187,0.03512209347715542,0.5708676917353834,0.014501225788751628
TAR,RF,11,0.5566929133858267,0.017972775134666663,0.5149606299212598,0.02732181350062595,0.5984251968503937,0.026351496898711035,0.5619306982524317,0.019170976269834713,0.5149606299212598,0.02732181350062595,0.5371628388744949,0.021512937602736645,0.5801754603509206,0.01571072957621976
TAR,RF,12,0.5637795275590551,0.022465106484546624,0.5259842519685038,0.0169976638936401,0.6015748031496063,0.04124661686207494,0.569983345716994,0.02611264605498709,0.5259842519685038,0.0169976638936401,0.5467811416173988,0.017235301360475436,0.5779140058280117,0.022092175533883644
TAR,RF,13,0.5507874015748031,0.011437668540420413,0.5259842519685038,0.0414116339915109,0.5755905511811024,0.030738931174713595,0.5532983679398066,0.011155322766011605,0.5259842519685038,0.0414116339915109,0.5385863104973114,0.024230909354679957,0.57249519499039,0.01012230637028614
TAR,RF,14,0.5606299212598426,0.017842943612007348,0.5314960629921259,0.024141275144497473,0.5897637795275591,0.024825012236904646,0.5644700103770321,0.018925733721241046,0.5314960629921259,0.024141275144497473,0.5473149228956673,0.019871890504731708,0.5827081654163309,0.007832276246593927
TAR,RF,15,0.5551181102362205,0.022787080517303587,0.5275590551181102,0.03149606299212599,0.5826771653543308,0.02599617955782547,0.5582563788889707,0.02424415413908225,0.5275590551181102,0.03149606299212599,0.5422765751051661,0.026408306555712725,0.574237398474797,0.023479390476009075
TAR,RF,16,0.5633858267716535,0.010810653714760594,0.5330708661417323,0.0169976638936401,0.5937007874015748,0.014814872222225828,0.5674769764870107,0.011250884449168693,0.5330708661417323,0.0169976638936401,0.5496498853059268,0.013114920535536232,0.583018166036332,0.010681304051264932
TAR,RF,17,0.5645669291338582,0.020434550035214143,0.5291338582677165,0.015669093497742072,0.6,0.032522640044194286,0.5700304893287349,0.023173108372685065,0.5291338582677165,0.015669093497742072,0.5486750639907696,0.017258181813457202,0.5943672887345774,0.022316816094576107
TAR,RF,18,0.5594488188976378,0.014540303395763272,0.5385826771653542,0.04025771033437548,0.5803149606299213,0.020167320432859383,0.5615862533764574,0.013075254262596883,0.5385826771653542,0.04025771033437548,0.5493631451818398,0.026176825187127457,0.5746744993489987,0.008043534360498518
TAR,RF,19,0.5519685039370079,0.025502574394805737,0.5236220472440944,0.01944738430744642,0.5803149606299213,0.03973063247730037,0.5557992616678351,0.027455136295136986,0.5236220472440944,0.01944738430744642,0.5390480631560829,0.021539712940502276,0.5773854547709095,0.01810400396054771
TAR,RF,20,0.5503937007874015,0.02697927826616034,0.5354330708661417,0.00964366040465821,0.5653543307086615,0.048704463288794075,0.5532676847473821,0.030115622678777185,0.5354330708661417,0.00964366040465821,0.543914475822924,0.017988839819233104,0.5764182528365056,0.02519721701024619
TAR,RF,21,0.5507874015748031,0.013830053598622256,0.5133858267716536,0.02303738399736661,0.5881889763779528,0.028236883585891503,0.5551620931037993,0.016293341638453862,0.5133858267716536,0.02303738399736661,0.5331675613336919,0.01612434087827814,0.5820168640337281,0.011346312149314553
TAR,RF,22,0.5598425196850394,0.008314453575568046,0.5228346456692913,0.02419258503265704,0.5968503937007874,0.0376473483082895,0.5653876606538696,0.012872151179179087,0.5228346456692913,0.02419258503265704,0.5426957930485465,0.008844481715795799,0.5819688139376279,0.007956031082359385
TAR,RF,23,0.5543307086614173,0.01798139723884916,0.526771653543307,0.028542628284081665,0.5818897637795276,0.022187405989929732,0.5574022228733562,0.018114530307429568,0.526771653543307,0.028542628284081665,0.541452694507899,0.022097241767722736,0.5738374976749954,0.01632085006807308
TAR,RF,24,0.5468503937007874,0.02771049504687838,0.5188976377952755,0.0388469177434457,0.5748031496062992,0.042182977121193295,0.549986951665576,0.03078407786098959,0.5188976377952755,0.0388469177434457,0.5334682118085203,0.03096889646929846,0.5820757641515283,0.01723326361880743
TAR,RF,25,0.5413385826771653,0.014357938999063383,0.5204724409448819,0.01919064190071488,0.5622047244094489,0.026515682268476747,0.5434037039398658,0.016244338994896232,0.5204724409448819,0.01919064190071488,0.5314946041715974,0.014428708287077603,0.5595852191704384,0.008476412148601805
TAR,RF,26,0.5362204724409448,0.017545102326895445,0.5181102362204724,0.02688719854954942,0.5543307086614173,0.04002603158153964,0.5382557610162982,0.020474350294336453,0.5181102362204724,0.02688719854954942,0.527480586151887,0.017348585646656298,0.558748217496435,0.010029586795329252
TAR,RF,27,0.5492125984251969,0.01207063757224871,0.537007874015748,0.020921779930057366,0.5614173228346457,0.028672663710288388,0.5507475507690106,0.013443685114756224,0.537007874015748,0.020921779930057366,0.543508995281894,0.01306769288742019,0.5689208878417757,0.01708299405808528
TAR,RF,28,0.5499999999999999,0.012610722344918888,0.5362204724409448,0.026398511203527892,0.5637795275590551,0.016021251928642337,0.5512546516734057,0.012279319553881254,0.5362204724409448,0.026398511203527892,0.5434529091283534,0.01824822527838372,0.5803521607043214,0.01708658696842788
TAR,RF,29,0.5598425196850394,0.018322954768850513,0.5488188976377952,0.03355476496482289,0.5708661417322836,0.016516674774333096,0.5608485182535666,0.017140068517345834,0.5488188976377952,0.03355476496482289,0.5545553187579119,0.02451735290910406,0.5726393452786908,0.014829683638304217
TAR,RF,30,0.5519685039370079,0.02583469246696522,0.5236220472440944,0.024012520759018753,0.5803149606299213,0.039338570068651345,0.5557119554952576,0.02762577301722347,0.5236220472440944,0.024012520759018753,0.5389559296181673,0.023389780681584545,0.5698539897079794,0.027529202959585164
TAR,RF,31,0.5330708661417323,0.0186083500757425,0.5023622047244094,0.013081297421918226,0.5637795275590551,0.03471717745676945,0.5358446627778355,0.02045755713716765,0.5023622047244094,0.013081297421918226,0.5183753677322012,0.013777132143267073,0.5543152086304172,0.019456272510417986
TAR,RF,32,0.5476377952755905,0.022732598477562264,0.5283464566929135,0.03994850675264825,0.5669291338582677,0.020381384418180725,0.5490145707355168,0.021898152668804776,0.5283464566929135,0.03994850675264825,0.5381938383193344,0.03037967457629505,0.5640213280426561,0.02129808459032909
base,AdaBoost,1,0.5539370078740158,0.017633224942172166,0.553543307086614,0.02653905440370507,0.5543307086614173,0.045465196955124576,0.5549096669001836,0.020083961786277655,0.553543307086614,0.02653905440370507,0.5536204354893259,0.014864756202639409,0.5687689875379751,0.022614584855591455
base,AdaBoost,2,0.5433070866141733,0.010781940108369427,0.5448818897637795,0.013546968924476589,0.5417322834645668,0.01485666320008914,0.5432044113373912,0.010992366348048682,0.5448818897637795,0.013546968924476589,0.5439959740554927,0.011230155414982361,0.5577717155434311,0.020418630134515826
base,AdaBoost,3,0.537007874015748,0.026539054403705072,0.537007874015748,0.015469986381408282,0.537007874015748,0.038942560689380276,0.5376673426732351,0.02717949207249028,0.537007874015748,0.015469986381408282,0.5372459042782487,0.02099977631215714,0.5509114018228036,0.027889945106221337
base,AdaBoost,4,0.5295275590551181,0.031000031000046512,0.5440944881889763,0.022465106484546617,0.5149606299212598,0.05502804790442881,0.5299650791257925,0.03052597521215403,0.5440944881889763,0.022465106484546617,0.5365272903037103,0.022687770787440213,0.5515887531775062,0.02131234061645115
base,AdaBoost,5,0.5389763779527559,0.008106795386603959,0.5393700787401575,0.010266460480634074,0.5385826771653544,0.012044927984864858,0.5389757491627524,0.0081708202225055,0.5393700787401575,0.010266460480634074,0.5391406133931568,0.00825789008480234,0.5581654163308327,0.009407400807683625
base,AdaBoost,6,0.547244094488189,0.026322070315664237,0.5614173228346456,0.022902424523226748,0.5330708661417323,0.04767519843534049,0.5469538931917959,0.029039864071300905,0.5614173228346456,0.022902424523226748,0.5537018573474252,0.021291867931893606,0.5693765887531774,0.027023448755186846
base,AdaBoost,7,0.5590551181102362,0.007365467296799084,0.574015748031496,0.02367448248562663,0.5440944881889763,0.022187405989929715,0.5574091346007038,0.007216876034717078,0.574015748031496,0.02367448248562663,0.5653313170091309,0.012712214046557169,0.5756463512927026,0.008092496863685518
base,AdaBoost,8,0.5409448818897638,0.024504513889126677,0.5401574803149606,0.03426780338108494,0.5417322834645669,0.06380382544845006,0.5428519011500249,0.027184521788422508,0.5401574803149606,0.03426780338108494,0.5403785704066697,0.018641000783181875,0.5601649203298407,0.02244530123320191
base,AdaBoost,9,0.5562992125984252,0.014173228346456668,0.5629921259842521,0.035125524445977115,0.5496062992125983,0.019700781107396547,0.555271237449191,0.012566309684292258,0.5629921259842521,0.035125524445977115,0.5587807260806847,0.02223906566770218,0.5704181908363817,0.015142925345415748
base,AdaBoost,10,0.5590551181102361,0.026174441163141195,0.5574803149606298,0.03764734830828949,0.5606299212598426,0.03299579029882987,0.5592136526883383,0.02704564695647903,0.5574803149606298,0.03764734830828949,0.5580261667080786,0.02992816157498551,0.5827314154628309,0.026580478881777225
base,AdaBoost,11,0.5795275590551181,0.021405160974910534,0.5850393700787401,0.028888088705266355,0.5740157480314959,0.02393493567491443,0.5786101621809442,0.020145668878362458,0.5850393700787401,0.028888088705266355,0.5816675390046716,0.023082198821226498,0.6075702151404303,0.02079202375747201
base,AdaBoost,12,0.5763779527559054,0.02955117166109479,0.584251968503937,0.04715214148529092,0.5685039370078739,0.03988637839972894,0.5752744763903409,0.028158709986372026,0.584251968503937,0.04715214148529092,0.5791026425686452,0.03362384163408003,0.6121830243660487,0.02170152991285914
base,AdaBoost,13,0.6133858267716535,0.01000650789538489,0.6023622047244095,0.015943666717572136,0.6244094488188976,0.028016451771113712,0.6164115049097385,0.013444125140210185,0.6023622047244095,0.015943666717572136,0.6090428519439748,0.007830095714670965,0.6491304482608965,0.0059371302232576854
base,AdaBoost,14,0.6200787401574803,0.019166395975807972,0.637007874015748,0.02674848464797326,0.6031496062992125,0.02354317541374181,0.6161948648439848,0.018631812289896545,0.637007874015748,0.02674848464797326,0.6262696373954311,0.02047883271035709,0.6767096534193069,0.018007673855580955
base,AdaBoost,15,0.6248031496062992,0.012487205926892661,0.6181102362204725,0.017955518505498202,0.6314960629921259,0.011301338657013622,0.6264358384030396,0.01167138614454952,0.6181102362204725,0.017955518505498202,0.622200391049584,0.014184458201547673,0.6699097898195796,0.010608115678009093
base,AdaBoost,16,0.6444881889763779,0.01819562206030133,0.6448818897637795,0.034717177456769444,0.6440944881889764,0.016814296459891832,0.6441578999336491,0.01485337212702772,0.6448818897637795,0.034717177456769444,0.6442467500779357,0.023335973485452147,0.7012896025792051,0.017239067583561887
base,AdaBoost,17,0.6444881889763779,0.011784747674878573,0.6503937007874016,0.03516080875868677,0.6385826771653542,0.0260438352890413,0.6430206532373715,0.011306506887665234,0.6503937007874016,0.03516080875868677,0.6461464408097489,0.01826194276531233,0.7019359538719077,0.011755292794400391
base,AdaBoost,18,0.6413385826771654,0.018441005399417898,0.6464566929133858,0.03202314867348465,0.6362204724409448,0.024599211577658747,0.6399779406358039,0.017992971923621894,0.6464566929133858,0.03202314867348465,0.6428948326427906,0.021645427441948716,0.7030705561411124,0.016989993711840838
base,AdaBoost,19,0.6488188976377953,0.022602677314027275,0.6559055118110235,0.011023622047244119,0.6417322834645669,0.04232970096288382,0.6477575121058905,0.02643711172474389,0.6559055118110235,0.011023622047244119,0.6515408991129334,0.016008681443987476,0.6982221464442929,0.026383999606938977
base,AdaBoost,20,0.6334645669291339,0.010666312743420506,0.6354330708661416,0.023569495349757105,0.631496062992126,0.02062330843103747,0.633079645636489,0.011249328569225402,0.6354330708661416,0.023569495349757105,0.6340171553169265,0.013617268592691899,0.6984546469092938,0.018157841421201495
base,AdaBoost,21,0.6444881889763779,0.021223357436131577,0.6401574803149606,0.03933857006865133,0.6488188976377953,0.018024445893322208,0.6454304196263487,0.01758613051689767,0.6401574803149606,0.03933857006865133,0.6424588315198374,0.02696882570830457,0.6981942463884927,0.016759079502790687
base,AdaBoost,22,0.6405511811023622,0.012793761267143251,0.64251968503937,0.009771396571646327,0.6385826771653542,0.03182894949827992,0.640682248785172,0.017985337792457295,0.64251968503937,0.009771396571646327,0.6413458354147712,0.0069060358833190946,0.7020522041044082,0.009080449982129592
base,AdaBoost,23,0.6381889763779528,0.023138087015614345,0.6488188976377952,0.025319582977659103,0.6275590551181102,0.041486424794707065,0.6361462861450946,0.0258066575379593,0.6488188976377952,0.025319582977659103,0.6420285150080749,0.020227853111451324,0.699009548019096,0.019225272487872074
base,AdaBoost,24,0.6405511811023622,0.00721665463772572,0.658267716535433,0.020136554098495164,0.6228346456692913,0.02044213383582232,0.6359224064812378,0.008516773897341406,0.658267716535433,0.020136554098495164,0.6466892201604427,0.009598910276041196,0.6968364436728873,0.013984538570453207
base,AdaBoost,25,0.6263779527559056,0.019222922229501862,0.6251968503937008,0.03480635607133913,0.6275590551181103,0.018732877564362715,0.6264531935247404,0.017224117468227156,0.6251968503937008,0.03480635607133913,0.6255658454650943,0.024374548762783138,0.6790641081282163,0.012474715378455436
base,AdaBoost,26,0.6255905511811024,0.021614137372143,0.6275590551181102,0.01662890715113609,0.6236220472440945,0.029419750696487265,0.6254356586558589,0.023008617130139963,0.6275590551181102,0.01662890715113609,0.6264326675019272,0.019153158892348445,0.6819207638415277,0.024143238370639225
base,AdaBoost,27,0.6255905511811024,0.028564341964121363,0.6228346456692913,0.031239109330515536,0.6283464566929134,0.03135796496336989,0.6263743187172321,0.029407513432070865,0.6228346456692913,0.031239109330515536,0.6244975411533016,0.02922302348382223,0.6861662223324446,0.02625077745421096
base,AdaBoost,28,0.6161417322834646,0.012757363579543008,0.6291338582677165,0.032408056105916065,0.6031496062992125,0.027883356235631138,0.6133973510897615,0.01268904035762924,0.6291338582677165,0.032408056105916065,0.6207171748865307,0.017809528319048494,0.6670841341682683,0.013810736722022978
base,AdaBoost,29,0.6385826771653542,0.014657094857469528,0.6417322834645669,0.024523482680940845,0.6354330708661416,0.019222922229501886,0.6377560581259711,0.013879178681649725,0.6417322834645669,0.024523482680940845,0.6395648240012379,0.016750620130542602,0.6868776737553476,0.02069705529128908
base,AdaBoost,30,0.6377952755905512,0.014730934593598168,0.6409448818897637,0.01982626505829004,0.6346456692913385,0.03585920484011246,0.6376968589892036,0.01901170115148539,0.6409448818897637,0.01982626505829004,0.6389306655110295,0.01141811477307857,0.6848750697501396,0.012553178748371129
base,AdaBoost,31,0.6196850393700787,0.014908737188001144,0.6259842519685039,0.020832687488697526,0.6133858267716537,0.028324575982055053,0.6185786086238135,0.017277076537613376,0.6259842519685039,0.020832687488697526,0.6220112031880135,0.014352828122648415,0.6636105772211545,0.012671346917415264
base,AdaBoost,32,0.611023622047244,0.02002075926786004,0.6157480314960629,0.02558752253428648,0.6062992125984252,0.025756578320938778,0.6101076455763752,0.020380060923299057,0.6157480314960629,0.02558752253428648,0.6127573749340385,0.020830787449749855,0.6656860313720628,0.03137504406099888
base,LR,1,0.5515748031496063,0.02235444026232817,0.547244094488189,0.04724409448818899,0.5559055118110237,0.007634141507742237,0.5510588186731098,0.020278118929394483,0.547244094488189,0.04724409448818899,0.5487882266957047,0.03357187980227509,0.5664021328042657,0.014794647647900243
base,LR,2,0.5578740157480315,0.01548000256010824,0.5448818897637795,0.013997156562701724,0.5708661417322834,0.021849506969309606,0.5595862675596669,0.01631299476471344,0.5448818897637795,0.013997156562701724,0.5520808962880749,0.014169139591884747,0.5747256494512989,0.01422511745522884
base,LR,3,0.5523622047244094,0.01309314106166603,0.5393700787401575,0.013863635324140972,0.5653543307086615,0.023437600104153123,0.5539927382787903,0.014079280030098677,0.5393700787401575,0.013863635324140972,0.5464677747215869,0.011548904793927344,0.5750666501333003,0.012910939674120827
base,LR,4,0.5614173228346456,0.013374242323986612,0.5858267716535432,0.023805065287922787,0.537007874015748,0.03570325684647129,0.559027044564749,0.014117782627969037,0.5858267716535432,0.023805065287922787,0.5717315413103903,0.012484338265489626,0.5775342550685101,0.012136591182321039
base,LR,5,0.5614173228346456,0.014162287991027494,0.5669291338582678,0.034140918722328835,0.5559055118110237,0.029293031870454,0.560777934971457,0.014150581231855515,0.5669291338582678,0.034140918722328835,0.563392825095675,0.020713057521950875,0.5905573811147622,0.008803365927683389
base,LR,6,0.5755905511811024,0.017808162012438823,0.5692913385826771,0.009514209428027205,0.5818897637795275,0.04048806340844864,0.5774894593649781,0.02105289893025917,0.5692913385826771,0.009514209428027205,0.5730543627727288,0.009413970846769615,0.5984437968875937,0.010765426662105951
base,LR,7,0.5661417322834645,0.023044111223089588,0.5669291338582677,0.016327906577423373,0.5653543307086615,0.03846196769077109,0.5667293586275113,0.024954613898416744,0.5669291338582677,0.016327906577423373,0.5666393391541013,0.018288818841725722,0.6042222084444169,0.018127210377819017
base,LR,8,0.5775590551181102,0.008589537098138342,0.6023622047244095,0.021128201362202725,0.552755905511811,0.017179074196276685,0.5739083679404228,0.007960806483498891,0.6023622047244095,0.021128201362202725,0.5876335185625281,0.012004033417673133,0.6112189224378448,0.015048266702860396
base,LR,9,0.5889763779527559,0.02062330843103748,0.5913385826771653,0.046676379008752565,0.5866141732283464,0.031199390167179434,0.5883275155955958,0.019479038518218573,0.5913385826771653,0.046676379008752565,0.5891824610061296,0.029636379054610508,0.6163711327422654,0.015471429995305113
base,LR,10,0.6035433070866141,0.015278431426718324,0.6062992125984252,0.0476361683850525,0.6007874015748031,0.0297341851787389,0.6028365270524627,0.011477042604861746,0.6062992125984252,0.0476361683850525,0.603744655747929,0.026929455736115025,0.6403496806993614,0.012942150537540971
base,LR,11,0.6098425196850394,0.014271314142040841,0.6118110236220472,0.049524992735484705,0.6078740157480315,0.03805683771210887,0.6096443541363965,0.013836696749115798,0.6118110236220472,0.049524992735484705,0.6096668203397723,0.026386649707161824,0.6490544981089961,0.010639100240215929
base,LR,12,0.6165354330708661,0.01437951367539342,0.6220472440944882,0.028499151292683253,0.611023622047244,0.019190641900714865,0.6152159928365285,0.013273237829934099,0.6220472440944882,0.028499151292683253,0.6183855636224178,0.018541459505051712,0.6543586087172175,0.012255146731634229
base,LR,13,0.6334645669291339,0.013546968924476595,0.6503937007874014,0.026398511203527885,0.6165354330708661,0.010738725745658135,0.628934472544999,0.010449299433393861,0.6503937007874014,0.026398511203527885,0.639348828887588,0.01734894735439789,0.6816541633083266,0.011228792459682207
base,LR,14,0.6598425196850395,0.012032052590500917,0.6708661417322834,0.014216905578951023,0.6488188976377952,0.014604123614953876,0.656439843097566,0.012176922640388596,0.6708661417322834,0.014216905578951023,0.6635339020459043,0.012100030616955002,0.7132990265980533,0.009837919372420293
base,LR,15,0.6602362204724409,0.013210993492568938,0.6637795275590551,0.018058810930991695,0.6566929133858268,0.013952791454070378,0.659098106714586,0.012755218230259342,0.6637795275590551,0.018058810930991695,0.6613751243548707,0.014331470795335786,0.7127348254696508,0.011443409091958684
base,LR,16,0.6551181102362205,0.00614980289441473,0.6543307086614173,0.00802995198990993,0.6559055118110236,0.012598425196850421,0.6554558489676843,0.007706158063994483,0.6543307086614173,0.00802995198990993,0.6548442956440155,0.005516057664534082,0.716017732035464,0.0067990182354815635
base,LR,17,0.65,0.007714928323726565,0.6543307086614173,0.014604123614953888,0.6456692913385826,0.02007487997477476,0.6489471631595222,0.010188663388819436,0.6543307086614173,0.014604123614953888,0.6514691632975259,0.007531892648556727,0.7139810279620559,0.0057501597105832705
base,LR,18,0.6562992125984252,0.011585778716190707,0.6598425196850394,0.01873287756436272,0.6527559055118111,0.03372065055962811,0.6559750660551043,0.01777474573932723,0.6598425196850394,0.01873287756436272,0.6574990447761002,0.008372724161389405,0.7162781325562652,0.012737301158986379
base,LR,19,0.6566929133858268,0.010460889965028702,0.658267716535433,0.02118680952295073,0.6551181102362206,0.020623308431037483,0.6563880150761828,0.011568310637608005,0.658267716535433,0.02118680952295073,0.657111136056099,0.012507534966536154,0.7200880401760804,0.011726452749157602
base,LR,20,0.6586614173228347,0.011718800052076579,0.6732283464566928,0.02527056147382867,0.6440944881889763,0.01699766389364009,0.6542015379705581,0.01024821746854279,0.6732283464566928,0.02527056147382867,0.663368033758082,0.015034253488223553,0.7176824353648706,0.00880993728466154
base,LR,21,0.6610236220472442,0.004384066427425206,0.6700787401574803,0.02287533708084086,0.6519685039370078,0.022902424523226755,0.6584819743952871,0.008433070342394471,0.6700787401574803,0.02287533708084086,0.6638958109142052,0.008744477207880122,0.7191177382354764,0.011829708957852516
base,LR,22,0.6594488188976378,0.01375137732013623,0.6645669291338583,0.036882010798835796,0.6543307086614172,0.011518691998683332,0.6575709766218826,0.007050458720499741,0.6645669291338583,0.036882010798835796,0.6606869015611896,0.02156311358588001,0.7159867319734639,0.011498167466639663
base,LR,23,0.655511811023622,0.00964366040465821,0.658267716535433,0.025319582977659103,0.652755905511811,0.020892124663656073,0.6548318831155416,0.009952614746426754,0.658267716535433,0.025319582977659103,0.6562546998124723,0.01335756904884913,0.7189503379006758,0.007024359586917019
base,LR,24,0.6629921259842521,0.007814737496566658,0.6606299212598425,0.025563280442122725,0.6653543307086615,0.030189432303434346,0.6643694515510846,0.013472602999624815,0.6606299212598425,0.025563280442122725,0.6620138895523822,0.0100564668902591,0.7148180296360594,0.009117683722760605
base,LR,25,0.6622047244094489,0.009114832206921473,0.6692913385826771,0.02670208654773728,0.6551181102362206,0.0282368835858915,0.6604066996587769,0.012867197692927712,0.6692913385826771,0.02670208654773728,0.6643802844789626,0.011892767344717309,0.7145576291152582,0.009978460098545505
base,LR,26,0.6653543307086615,0.011679052735583726,0.6763779527559055,0.02568426209496079,0.6543307086614172,0.009448818897637821,0.6616649776318242,0.007955645169578982,0.6763779527559055,0.02568426209496079,0.6687883325117109,0.01569539288762897,0.7170748341496683,0.006155596064176082
base,LR,27,0.6519685039370078,0.006274558051381615,0.6551181102362205,0.025587522534286495,0.6488188976377952,0.03211980795963957,0.6517095789386078,0.013668474328670698,0.6551181102362205,0.025587522534286495,0.6528796005260489,0.008283956777448595,0.7151683303366607,0.004910711201062555
base,LR,28,0.6610236220472442,0.0019287320809316328,0.6637795275590551,0.0260676304838533,0.6582677165354331,0.026632337835098836,0.6606121531492372,0.009313086169274348,0.6637795275590551,0.0260676304838533,0.6617287035344228,0.008803244098396503,0.7224843449686899,0.004400157143268181
base,LR,29,0.6594488188976377,0.007971833358786082,0.6519685039370079,0.029524934266539644,0.6669291338582678,0.03681470780334162,0.6628408834335964,0.016074301428976423,0.6519685039370079,0.029524934266539644,0.6566287845355966,0.010615003791755687,0.7195455390910782,0.004421541353423433
base,LR,30,0.6653543307086615,0.007572985851051738,0.6622047244094488,0.025924531705754848,0.668503937007874,0.031040005266814205,0.6670701592649999,0.01384729906413058,0.6622047244094488,0.025924531705754848,0.664110915811398,0.00976660112513806,0.718776737553475,0.006748939194609667
base,LR,31,0.6496062992125985,0.009643660404658213,0.6480314960629922,0.02396082528299675,0.6511811023622048,0.02845560787337425,0.650529798975794,0.013294706244402078,0.6480314960629922,0.02396082528299675,0.6489050405107097,0.01130662022859511,0.7117521235042471,0.007750992560395253
base,LR,32,0.6594488188976377,0.010266460480634117,0.662992125984252,0.022215332251442343,0.6559055118110235,0.01605990397981982,0.6583866594444963,0.009677895245669886,0.662992125984252,0.022215332251442343,0.6605041524536854,0.013019376445607462,0.7152055304110607,0.00889763021320715
base,RF,1,0.5665354330708661,0.01775586186421994,0.5480314960629922,0.015629474993133205,0.5850393700787402,0.03096000512021653,0.5695571074560369,0.019507150256993098,0.5480314960629922,0.015629474993133205,0.5584156436795571,0.014706893448393604,0.6005316510633022,0.01818097304119887
base,RF,2,0.5677165354330709,0.013785150708670525,0.5614173228346457,0.02779427180271307,0.574015748031496,0.006773484462238277,0.568265569371784,0.01235764284973457,0.5614173228346457,0.02779427180271307,0.5646948231081133,0.019970221240750013,0.5979384958769919,0.015175573200909663
base,RF,3,0.5574803149606299,0.007302061807476919,0.5385826771653542,0.014390288883855983,0.5763779527559054,0.006396880633571612,0.5596681066842535,0.0068543344374970274,0.5385826771653542,0.014390288883855983,0.5488808305494992,0.010386913435878265,0.5940200880401763,0.0016069473526251945
base,RF,4,0.5598425196850394,0.02768811176774368,0.5307086614173229,0.027994313125403448,0.5889763779527559,0.03870301016517953,0.5640761201765985,0.030655212023197806,0.5307086614173229,0.027994313125403448,0.5466466912819541,0.026865975249975683,0.5915462830925662,0.022966581980530774
base,RF,5,0.5685039370078739,0.018058810930991646,0.5322834645669291,0.024064105181001782,0.6047244094488189,0.04244671487226317,0.5748142729347512,0.021155663041652475,0.5322834645669291,0.024064105181001782,0.5521902017860761,0.015491920296510999,0.5964582429164859,0.015081488266721042
base,RF,6,0.5543307086614173,0.008498831946820025,0.5236220472440944,0.02112820136220274,0.5850393700787402,0.03544181869268313,0.5585969138031736,0.012886085290802906,0.5236220472440944,0.02112820136220274,0.5400424264777652,0.007334509326019568,0.5810791121582243,0.012994154403096774
base,RF,7,0.552755905511811,0.01942345887172285,0.5228346456692913,0.015429856647453099,0.5826771653543308,0.03865492191695616,0.5569487431123968,0.022309594897398193,0.5228346456692913,0.015429856647453099,0.5390525537097204,0.014106771112710954,0.5959281418562836,0.01640174244257438
base,RF,8,0.5688976377952756,0.01085358169455921,0.5330708661417323,0.018897637795275604,0.6047244094488189,0.014433309275451483,0.5741881574140569,0.011509677417289792,0.5330708661417323,0.018897637795275604,0.5527606298677006,0.014064865515656243,0.602768305536611,0.012988303301371393
base,RF,9,0.5586614173228346,0.0238635944262862,0.5283464566929134,0.03542432087937636,0.5889763779527559,0.02235444026232818,0.5620917001078944,0.024345807453484993,0.5283464566929134,0.03542432087937636,0.5445080857797682,0.029409753710339485,0.5897932295864592,0.02680047892332915
base,RF,10,0.581496062992126,0.005511811023622038,0.5472440944881889,0.016327906577423404,0.6157480314960629,0.025828692073790113,0.5878875380423089,0.00924705887995935,0.5472440944881889,0.016327906577423404,0.5665573647207356,0.0052645640238096775,0.6126418252836505,0.016781720144800328
base,RF,11,0.5909448818897637,0.011771587706870933,0.5551181102362205,0.015943666717572087,0.626771653543307,0.022326687998043812,0.5982193037179904,0.014311143295171547,0.5551181102362205,0.015943666717572087,0.5757044176360471,0.011745340625266365,0.6261888523777047,0.016747844534448757
base,RF,12,0.5937007874015748,0.012044927984864876,0.5559055118110237,0.016403674532283165,0.6314960629921259,0.025708390106007104,0.6017474308417192,0.015034940125811134,0.5559055118110237,0.016403674532283165,0.5776999053853842,0.011278287319916196,0.6291772583545167,0.017333871157394595
base,RF,13,0.623228346456693,0.007634141507742237,0.589763779527559,0.03240805610591601,0.6566929133858267,0.028104831964684638,0.6324359293199355,0.009860442127174476,0.589763779527559,0.03240805610591601,0.6097546815629544,0.016073940526561255,0.6759641019282038,0.012164748821856705
base,RF,14,0.6311023622047245,0.011915547992457897,0.6204724409448819,0.0101449596273426,0.6417322834645669,0.02761524081377982,0.634451366696017,0.015972103036054015,0.6204724409448819,0.0101449596273426,0.6271961127192526,0.007719017955644444,0.6823563147126295,0.009983273125461935
base,RF,15,0.6279527559055118,0.019407492195064942,0.6196850393700787,0.0235694953497571,0.6362204724409449,0.016628907151136133,0.6299807651759457,0.01886353136875041,0.6196850393700787,0.0235694953497571,0.6247651961098104,0.021034355015841364,0.6880107260214521,0.016907925608295314
base,RF,16,0.6547244094488189,0.011585778716190709,0.658267716535433,0.015022664589243246,0.6511811023622048,0.0275703014173411,0.654107744601996,0.015598906542109683,0.658267716535433,0.015022664589243246,0.6559535230733987,0.00924283589417223,0.7229245458490917,0.015142017173640356
base,RF,17,0.6358267716535433,0.019367517915352513,0.6118110236220472,0.018058810930991646,0.6598425196850395,0.023437600104153106,0.642840462086611,0.021213921673955752,0.6118110236220472,0.018058810930991646,0.6268993293699785,0.018925493687609665,0.7057505115010231,0.012357562029047092
base,RF,18,0.6507874015748032,0.010824981956588623,0.64251968503937,0.018195622060301297,0.6590551181102362,0.01681429645989184,0.6534089452146167,0.011256615003753105,0.64251968503937,0.018195622060301297,0.647793054092215,0.012481455837322727,0.7107818215636431,0.010450852194716469
base,RF,19,0.6401574803149607,0.012536758526055652,0.6251968503937008,0.016403674532283165,0.6551181102362205,0.028126883621246847,0.6450124223938545,0.01749049629662889,0.6251968503937008,0.016403674532283165,0.6346895133920318,0.010707104416167918,0.7133796267592535,0.015241411018554337
base,RF,20,0.6440944881889764,0.011967467837457231,0.6330708661417322,0.029187012587166345,0.6551181102362205,0.02757030141734109,0.6477035824369469,0.014605782814228755,0.6330708661417322,0.029187012587166345,0.6398651834020853,0.01589508440268195,0.7147978795957591,0.007585092484227301
base,RF,21,0.6456692913385826,0.008258337387166532,0.6456692913385826,0.01976362267403327,0.6456692913385826,0.02514758964200207,0.6460654859333484,0.012077660559251451,0.6456692913385826,0.01976362267403327,0.6455699200265562,0.009027656449261926,0.7189580879161759,0.01682196348907257
base,RF,22,0.638976377952756,0.01626132002209715,0.6259842519685039,0.011941536132364627,0.6519685039370079,0.026887198549549407,0.6430946400750758,0.019429372127253788,0.6259842519685039,0.011941536132364627,0.6343096562008039,0.013535232561783966,0.7041710583421167,0.01299899599622648
base,RF,23,0.639763779527559,0.017024998669637522,0.6346456692913385,0.021621307429521223,0.6448818897637796,0.02162130742952122,0.64130510945637,0.017185250999184873,0.6346456692913385,0.021621307429521223,0.6378435602207524,0.017706159782780284,0.7101339202678405,0.012393219387710883
base,RF,24,0.6425196850393701,0.01645085229588677,0.6370078740157481,0.03023047845740544,0.6480314960629922,0.023037383997366614,0.6441814048485265,0.01560468182137497,0.6370078740157481,0.03023047845740544,0.6402785132871857,0.01980461039659579,0.7062387624775249,0.020621904154079027
base,RF,25,0.6271653543307087,0.015529986553792115,0.6196850393700787,0.017358588728384732,0.6346456692913386,0.022602677314027278,0.6292921420536718,0.017138191316434036,0.6196850393700787,0.017358588728384732,0.6243448455687712,0.015249598910729065,0.6980469960939921,0.011211589970360869
base,RF,26,0.6480314960629922,0.014486905112578044,0.6291338582677165,0.01951104203679349,0.6669291338582677,0.03437618890227254,0.6546264664375503,0.019504783294300974,0.6291338582677165,0.01951104203679349,0.6412443440250934,0.01184263264457164,0.7103896707793416,0.015899912609913105
base,RF,27,0.637007874015748,0.012487205926892661,0.6165354330708661,0.023037383997366604,0.6574803149606299,0.03303334954866617,0.6435899263927664,0.017519717549388573,0.6165354330708661,0.023037383997366604,0.6293070825835247,0.012128263758824046,0.6989506479012958,0.011908242177137637
base,RF,28,0.6366141732283465,0.004757104714013602,0.6165354330708661,0.0058923738374392675,0.6566929133858268,0.01204492798486487,0.642431389755063,0.0068649692363513,0.6165354330708661,0.0058923738374392675,0.6291710388605469,0.0034237027102663534,0.694736189472379,0.012630905170193666
base,RF,29,0.6440944881889764,0.016299402790932626,0.621259842519685,0.030536566030969013,0.6669291338582677,0.020320453386714857,0.6509673345234882,0.016362805748304513,0.621259842519685,0.030536566030969013,0.6354859941642091,0.021124554763060105,0.6993350486700974,0.02016138825427651
base,RF,30,0.6381889763779528,0.02723089207211115,0.6118110236220472,0.03715000350263133,0.6645669291338583,0.020442133835822333,0.6454539203491878,0.026309691758271078,0.6118110236220472,0.03715000350263133,0.6280718181532461,0.0315437003937371,0.6974409448818897,0.017288176489525714
base,RF,31,0.6421259842519685,0.013489639133080177,0.6181102362204725,0.012198372743960345,0.6661417322834646,0.016777382482411427,0.6493920432725806,0.015112586768025783,0.6181102362204725,0.012198372743960345,0.6333419344928523,0.013088103301077883,0.6956320912641825,0.008025205078402006
base,RF,32,0.6200787401574803,0.010924753484654789,0.6062992125984252,0.021563880216738825,0.6338582677165354,0.020381384418180756,0.62362078182936,0.012067131932641455,0.6062992125984252,0.021563880216738825,0.6146351673575503,0.013379248472406206,0.6755347510695021,0.007182592277396851
