model,probe_type,clf,n_folds_complete,mean_n_test,mean_best_layer,std_best_layer,ci95_half_best_layer,mean_accuracy,std_accuracy,ci95_half_accuracy,mean_true_accuracy,std_true_accuracy,ci95_half_true_accuracy,mean_false_accuracy,std_false_accuracy,ci95_half_false_accuracy,mean_precision,std_precision,ci95_half_precision,mean_recall,std_recall,ci95_half_recall,mean_f1,std_f1,ci95_half_f1,mean_auc,std_auc,ci95_half_auc
base,per_layer,LR,5,508.0,21.4,4.2708313008125245,5.928864330133241,0.6566929133858268,0.006421065523740231,0.008913867971771452,0.6566929133858268,0.022465106484546634,0.031186567468383414,0.6566929133858268,0.02875902735078689,0.03992393035917093,0.6572385675195196,0.012099200210050788,0.016796382600001845,0.6566929133858268,0.022465106484546634,0.031186567468383414,0.6565573596972385,0.007786148131443159,0.010808906433945172,0.7126945253890508,0.010865074631078922,0.015083141638533927
base,per_layer,RF,5,508.0,16.2,1.6,2.2211560841582387,0.6464566929133858,0.018407353901670823,0.02555350381996878,0.6496062992125984,0.011410532871015337,0.01584035906871456,0.6433070866141732,0.0280164517711137,0.03889307019245941,0.6459347935215238,0.021133210499499958,0.02933759942422569,0.6496062992125984,0.011410532871015337,0.01584035906871456,0.6476885479783022,0.015446006495123071,0.021442494564118925,0.7100052700105399,0.022181533589785033,0.030792905180569607
base,per_layer,AdaBoost,5,508.0,18.0,2.280350850198276,3.1656344780833208,0.639763779527559,0.022855000431023606,0.03172782703800453,0.6582677165354329,0.021477451491316316,0.029815482532594174,0.621259842519685,0.033257814302272225,0.04616924786456054,0.635188937138055,0.023456896028350323,0.03256339208052347,0.6582677165354329,0.021477451491316316,0.029815482532594174,0.6463706584596833,0.0204368398852832,0.028370882032602837,0.6893406286812572,0.022338735341316657,0.03101113619735385
base,mid_band,LR,5,508.0,,,,0.6921259842519685,0.016869515972935838,0.023418642525056894,0.7007874015748032,0.027502754640272395,0.03817994425022017,0.6834645669291339,0.02994197376666386,0.04156612325220739,0.689316832977538,0.019850270143074115,0.027556592687796068,0.7007874015748032,0.027502754640272395,0.03817994425022017,0.6946466271559408,0.017641080027307472,0.024489745146110242,0.7636865273730548,0.014466819230729216,0.020083164720469754
base,mid_band,RF,5,508.0,,,,0.6299212598425197,0.012938328130043272,0.017961278903050815,0.6275590551181102,0.02920824722990772,0.04054754752644222,0.6322834645669291,0.021649963913177188,0.03005496816722489,0.630620143733065,0.012299668910411678,0.01707467777093302,0.6275590551181102,0.02920824722990772,0.04054754752644222,0.6287727646508541,0.017088832293508556,0.023723102387428953,0.6825206150412302,0.014293808062443653,0.01984298671480425
base,mid_band,AdaBoost,5,508.0,,,,0.6279527559055118,0.007674641216384997,0.010654110019690702,0.6220472440944882,0.02170716338911846,0.030134373769723402,0.6338582677165354,0.023490447071143766,0.03260996839479254,0.629769040038861,0.009983440388573805,0.013859237099944875,0.6220472440944882,0.02170716338911846,0.030134373769723402,0.6255873121662413,0.010535957848272602,0.014626254298203401,0.6820184140368281,0.009476763065297822,0.013155856212882714
base,full_layer,LR,5,508.0,,,,0.676771653543307,0.015619554665257782,0.021683418047862203,0.6913385826771654,0.016628907151136095,0.023084623932280238,0.6622047244094488,0.03259880558186526,0.04525439709653224,0.672442473513059,0.02038892526619144,0.028304365877780468,0.6913385826771654,0.016628907151136095,0.023084623932280238,0.6814709867195415,0.012392243194438574,0.017203191479809855,0.7510881021762044,0.014070772082075553,0.019533363136816254
base,full_layer,RF,5,508.0,,,,0.6196850393700787,0.0033867422311191385,0.004701551945078702,0.5921259842519685,0.0437415572041926,0.06072301619665502,0.647244094488189,0.04156108100912328,0.057696029967254744,0.6276322134352075,0.011383881256229751,0.01580336069600603,0.5921259842519685,0.0437415572041926,0.06072301619665502,0.608105066130644,0.018540309313547925,0.025738075521226648,0.6737661975323951,0.004055024369572217,0.005629276281178286
base,full_layer,AdaBoost,5,508.0,,,,0.6224409448818897,0.02815442390359234,0.03908460621839642,0.6283464566929133,0.0350017492455006,0.04859021768301544,0.6165354330708661,0.02711681158696469,0.03764416939959953,0.6208650597874428,0.02718646194852404,0.03774085960231288,0.6283464566929133,0.0350017492455006,0.04859021768301544,0.6244688246479223,0.030046797843084512,0.04171164239914988,0.6757099014198028,0.024568157589348386,0.03410607044133723
base,init_band,LR,5,508.0,,,,0.6023622047244095,0.015094716151717195,0.02095482538689268,0.5905511811023622,0.020228712722307293,0.028081955211151255,0.6141732283464567,0.027048132342232564,0.03754882732316694,0.6051710473235002,0.01734575634555107,0.024079770150779462,0.5905511811023622,0.020228712722307293,0.028081955211151255,0.5975533121702006,0.014896104579255802,0.020679108322794643,0.6348285696571393,0.011182382824883184,0.015523636029297426
base,init_band,RF,5,508.0,,,,0.5452755905511811,0.02109148856059665,0.02927968008770197,0.49921259842519683,0.019826265058290014,0.027523268287721732,0.5913385826771653,0.038686987390671626,0.053706148387839596,0.5506580758799504,0.024742707462252933,0.0343483845114566,0.49921259842519683,0.019826265058290014,0.027523268287721732,0.5233627495357881,0.01792216550308282,0.024879954342789563,0.5644553289106577,0.014705342998297772,0.020414288793939285
base,init_band,AdaBoost,5,508.0,,,,0.5440944881889763,0.016684740236548905,0.023162132680631484,0.5480314960629921,0.016777382482411438,0.023290740735661262,0.5401574803149607,0.02287533708084086,0.03175605883392515,0.5438887691593524,0.016993478140779516,0.023590729602126534,0.5480314960629921,0.016777382482411438,0.023290740735661262,0.5458862327137832,0.01579216634282307,0.021923041471500267,0.5613785727571455,0.015296099710113347,0.02123439058438083
base,init_band_emb,LR,5,508.0,,,,0.6023622047244095,0.015094716151717195,0.02095482538689268,0.5905511811023622,0.020228712722307293,0.028081955211151255,0.6141732283464567,0.027048132342232564,0.03754882732316694,0.6051710473235002,0.01734575634555107,0.024079770150779462,0.5905511811023622,0.020228712722307293,0.028081955211151255,0.5975533121702006,0.014896104579255802,0.020679108322794643,0.6348409696819394,0.01117380281170999,0.0155117250615088
base,init_band_emb,RF,5,508.0,,,,0.5492125984251969,0.016563530683435163,0.022993866845408554,0.5007874015748032,0.013952791454070346,0.019369579768249646,0.5976377952755906,0.02766010719724456,0.03839838461851803,0.5548919203139537,0.01932690828721666,0.026830049956324736,0.5007874015748032,0.013952791454070346,0.019369579768249646,0.5263221128528086,0.014268139487691225,0.01980735302043986,0.5600626201252403,0.009179803558619117,0.01274361032850269
base,init_band_emb,AdaBoost,5,508.0,,,,0.5472440944881889,0.01908535376935562,0.02649471852694788,0.5440944881889763,0.015826575781292748,0.021970809430006136,0.5503937007874016,0.028973810225156077,0.04022209678928226,0.547876848313626,0.020235031119162156,0.028090726552161452,0.5440944881889763,0.015826575781292748,0.021970809430006136,0.545879865168003,0.01654233005866064,0.02296443565996737,0.5692076384152767,0.020251951042787108,0.028114215171725857
base,end_band,LR,5,508.0,,,,0.6732283464566929,0.011612504884844567,0.016120741173306113,0.6834645669291338,0.020623308431037466,0.02862974187316923,0.6629921259842521,0.019383517519828624,0.026908636169721983,0.6698980723955474,0.012426678493404824,0.017250995338440288,0.6834645669291338,0.020623308431037466,0.02862974187316923,0.676443995906028,0.013009719400460399,0.01806038587470256,0.747727695455391,0.012514336082821362,0.017372683580974786
base,end_band,RF,5,508.0,,,,0.6240157480314961,0.012635280736914318,0.017540581677402897,0.6031496062992125,0.01204492798486487,0.01672104067301903,0.6448818897637795,0.022739415871171113,0.031567369945285084,0.6297217384028507,0.015596063554299443,0.021650807157844235,0.6031496062992125,0.01204492798486487,0.01672104067301903,0.616032350945661,0.010843032456153895,0.015052542194194675,0.6761036022072044,0.006815880220096813,0.009461958637351145
base,end_band,AdaBoost,5,508.0,,,,0.6204724409448819,0.014908737188001144,0.020696645195153088,0.647244094488189,0.0169976638936401,0.0235965403586472,0.5937007874015748,0.02232668799804383,0.03099441180372362,0.6145173822084237,0.015220675941439466,0.02112968560770575,0.647244094488189,0.0169976638936401,0.0235965403586472,0.6303578520252568,0.014007714959218888,0.01944582581676463,0.6579468658937317,0.011101026976848007,0.015410696006269183
base,ib_no_pca,LR,5,508.0,,,,0.5716535433070866,0.012172932939952976,0.01689874003851674,0.5755905511811024,0.015629474993133205,0.021697189670748043,0.5677165354330709,0.023278339368652756,0.03231551569861458,0.5713006848609103,0.01302072321746484,0.018075661621632794,0.5755905511811024,0.015629474993133205,0.021697189670748043,0.5733025167062278,0.011426432257357087,0.015862430955406657,0.5969464938929878,0.010409424772006527,0.014450598228081115
base,ib_no_pca,RF,5,508.0,,,,0.5744094488188976,0.011369707935585532,0.015783684972642507,0.5409448818897638,0.025828692073790124,0.035855972840967885,0.6078740157480315,0.03437618890227254,0.04772180070653474,0.5803373506290066,0.01450373491484723,0.020134411905707,0.5409448818897638,0.025828692073790124,0.035855972840967885,0.5594332965619001,0.013481494450099421,0.01871531463836491,0.5937813875627752,0.01795084508080518,0.024919767979382758
base,ib_no_pca,AdaBoost,5,508.0,,,,0.5551181102362205,0.03407275043058081,0.04730056057680614,0.5480314960629922,0.050010848844725724,0.06942618824086287,0.5622047244094489,0.0351608087586868,0.04881102768642592,0.5553804842394394,0.03298729876276355,0.04579371209178613,0.5480314960629922,0.050010848844725724,0.06942618824086287,0.5512857566352336,0.040170199759768356,0.05576517724891332,0.5681660363320726,0.023800628746788365,0.033040569592325285
base,vote_ensemble,LR,5,508.0,,,,0.6716535433070867,0.006516907620963314,0.009046918132624912,0.6771653543307086,0.021990929202785732,0.03052830387191289,0.6661417322834645,0.0282149179010534,0.039168585349968726,0.6703585768711879,0.013178235837196843,0.01829432419266369,0.6771653543307086,0.021990929202785732,0.03052830387191289,0.6733356399556467,0.007387228452141023,0.01025511713846243,,,
base,vote_ensemble,RF,5,508.0,,,,0.6586614173228347,0.012044927984864872,0.016721040673019032,0.6291338582677165,0.015429856647453062,0.021420074981362384,0.6881889763779527,0.024699822269855266,0.03428885032019762,0.6690399934235014,0.016585728129911836,0.023024681841217573,0.6291338582677165,0.015429856647453062,0.021420074981362384,0.6482715100545839,0.011059974885567713,0.01535370656732253,,,
base,vote_ensemble,AdaBoost,5,508.0,,,,0.6744094488188976,0.01248720592689266,0.01733502088665903,0.6889763779527559,0.01056410068110135,0.014665322813430286,0.6598425196850395,0.018058810930991685,0.025069648607522182,0.6696149496597451,0.013894259760275906,0.019288324750882387,0.6889763779527559,0.01056410068110135,0.014665322813430286,0.6791171362992371,0.011211394102791617,0.015563910139569622,,,
base,avg_ensemble,LR,5,508.0,,,,0.6700787401574804,0.012172932939953002,0.01689874003851678,0.6763779527559055,0.01785162842323564,0.024782033177751246,0.663779527559055,0.036305958687869316,0.050400750644224133,0.6689280281287425,0.020389518894560792,0.028305189966070666,0.6763779527559055,0.01785162842323564,0.024782033177751246,0.672175598649959,0.007495551816457684,0.010405494075780203,0.7335420670841343,0.008495207126014554,0.011793238121332284
base,avg_ensemble,RF,5,508.0,,,,0.6547244094488189,0.012109099605692704,0.016810125164289053,0.6472440944881889,0.015865702109929065,0.02202512548181947,0.6622047244094488,0.017500874622750295,0.024295108841507717,0.6571946590792829,0.01349549550229311,0.018734751214780306,0.6472440944881889,0.015865702109929065,0.02202512548181947,0.6520905206706707,0.01248581803218427,0.01733309417992421,0.7298825097650197,0.01298094365614145,0.01802043873747117
base,avg_ensemble,AdaBoost,5,508.0,,,,0.6657480314960631,0.006750562283260749,0.009371282804346091,0.6740157480314961,0.02507351705211127,0.03480762184471394,0.6574803149606299,0.02539293778991669,0.03525104891670319,0.6634411533365465,0.010837585917205562,0.015044981185992989,0.6740157480314961,0.02507351705211127,0.03480762184471394,0.668303831887948,0.010168693645919004,0.014116409849733886,0.746732593465187,0.004419693527235253,0.0061355182300833555
GradDiff,per_layer,LR,5,508.0,16.0,5.692099788303083,7.90190129776576,0.5956692913385828,0.014867092589369474,0.02063883322413867,0.5937007874015748,0.011246343981957275,0.015612428350037996,0.5976377952755906,0.03787720778206516,0.05258199407253739,0.5969116464821108,0.019028623067819384,0.026415963687650524,0.5937007874015748,0.011246343981957275,0.015612428350037996,0.5949719032277326,0.0069260992083945245,0.009614967122630661,0.625996651993304,0.019905374687108523,0.02763309005857531
GradDiff,per_layer,RF,5,508.0,6.2,3.3105890714493698,4.595834411373464,0.5610236220472441,0.008625552086695513,0.011974185935367209,0.5307086614173228,0.03002468655895688,0.04168094701585698,0.5913385826771653,0.03603168878314188,0.05002000297698234,0.5654840806401529,0.011810494392536388,0.016395594673061852,0.5307086614173228,0.03002468655895688,0.04168094701585698,0.5469194620130564,0.014233880888855615,0.01975979446091583,0.5894196788393578,0.010685294628676767,0.01483356698469297
GradDiff,per_layer,AdaBoost,5,508.0,14.6,6.6211781428987395,9.191668822746928,0.5582677165354331,0.007932851054964508,0.0110125627409097,0.5834645669291338,0.016213590773207897,0.022508072369976626,0.5330708661417323,0.018732877564362718,0.026005403109922266,0.5555644331065903,0.007981570936387966,0.011080196779061689,0.5834645669291338,0.016213590773207897,0.022508072369976626,0.5690452263668845,0.009157370871516917,0.012712468766352023,0.5738266476532954,0.015100409109143694,0.02096272847878313
GradDiff,mid_band,LR,5,508.0,,,,0.6196850393700787,0.016394222687918916,0.022758829667697586,0.621259842519685,0.0402577103343755,0.055886661402173854,0.6181102362204725,0.025270561473828675,0.03508116335480585,0.6192625263191309,0.01456770116461816,0.020223211296244183,0.621259842519685,0.0402577103343755,0.055886661402173854,0.6197215313127825,0.023711152265961318,0.032916356323714,0.664464628929258,0.012064368651337762,0.016748028644654248
GradDiff,mid_band,RF,5,508.0,,,,0.5574803149606299,0.01993541559239707,0.02767479352079736,0.5448818897637795,0.033922297997697685,0.04709169911638441,0.5700787401574803,0.020743212397353522,0.028796195263355244,0.5586949365334306,0.01903973335178675,0.026431387234419797,0.5448818897637795,0.033922297997697685,0.04709169911638441,0.5514704764096312,0.025314690910055268,0.035142424833409076,0.5936868373736748,0.02512045442187299,0.03487278135997683
GradDiff,mid_band,AdaBoost,5,508.0,,,,0.5720472440944881,0.006174955567463817,0.008572212580049405,0.568503937007874,0.01822966441384288,0.02530683126560628,0.5755905511811024,0.016403674532283197,0.022771950931207735,0.5726074649459042,0.006424739091351927,0.008918967701178504,0.568503937007874,0.01822966441384288,0.02530683126560628,0.5703975037930371,0.009985190077260068,0.013861666057239173,0.5954538409076818,0.010174744559019334,0.014124809863763582
GradDiff,full_layer,LR,5,508.0,,,,0.6244094488188976,0.013546968924476554,0.018806207780314808,0.6322834645669291,0.020623308431037476,0.02862974187316925,0.6165354330708661,0.008838560756158902,0.01226988937421537,0.6223467098256027,0.011718161016679468,0.016267415398339685,0.6322834645669291,0.020623308431037476,0.02862974187316925,0.6272339049865547,0.015828625063917277,0.02197365429036216,0.6608841217682435,0.017686163240234733,0.024552330679039478
GradDiff,full_layer,RF,5,508.0,,,,0.5692913385826771,0.02256149414471558,0.031320374992022185,0.526771653543307,0.039480161060540725,0.05480724996447951,0.6118110236220472,0.027230892072111153,0.037802538501891275,0.5754128246423778,0.02450273679478027,0.03401525181890883,0.526771653543307,0.039480161060540725,0.05480724996447951,0.5496065821507329,0.030948075794772358,0.04296281677784309,0.5844023188046377,0.023699051474012908,0.0328995577314269
GradDiff,full_layer,AdaBoost,5,508.0,,,,0.5551181102362205,0.010924753484654789,0.015165989168981193,0.562992125984252,0.024775012161499597,0.03439323062350575,0.547244094488189,0.0330333495486662,0.04585764083134109,0.554650803976405,0.01240339225185878,0.01721866885276081,0.562992125984252,0.024775012161499597,0.03439323062350575,0.5583933977916575,0.012461603685032189,0.017299479277111236,0.5758432016864032,0.011508953484505513,0.01597698878400224
GradDiff,init_band,LR,5,508.0,,,,0.6062992125984252,0.015197054382376998,0.021096893626687683,0.5976377952755906,0.043156502696203816,0.059910830334165346,0.6149606299212598,0.015629474993133205,0.021697189670748043,0.6076977256196978,0.009872196603517522,0.013704805968693279,0.5976377952755906,0.043156502696203816,0.059910830334165346,0.6021092427566004,0.026509162051389975,0.036800616610238465,0.6351447702895406,0.009145995527912865,0.012696677257817314
GradDiff,init_band,RF,5,508.0,,,,0.5421259842519686,0.005369362872829068,0.007453870633148527,0.4850393700787402,0.0319261967444304,0.04432066633932785,0.5992125984251968,0.023278339368652735,0.03231551569861455,0.5474415216497936,0.003911609788561835,0.005430184925448151,0.4850393700787402,0.0319261967444304,0.04432066633932785,0.5138676241680917,0.01874188382219229,0.0260179058001558,0.5607322214644428,0.009908197169722171,0.013754782766604901
GradDiff,init_band,AdaBoost,5,508.0,,,,0.5519685039370078,0.023805065287922783,0.03304672849878362,0.5236220472440944,0.02268481935572903,0.03149157783125508,0.5803149606299213,0.04895839860381043,0.06796515308093612,0.5565134335579941,0.02938828852175783,0.04079748490818758,0.5236220472440944,0.02268481935572903,0.03149157783125508,0.538968965469947,0.018359869699566433,0.025487585179715302,0.5674545849091699,0.02153715357943296,0.02989836231775494
GradDiff,init_band_emb,LR,5,508.0,,,,0.6062992125984252,0.015197054382376998,0.021096893626687683,0.5976377952755906,0.043156502696203816,0.059910830334165346,0.6149606299212598,0.015629474993133205,0.021697189670748043,0.6076977256196978,0.009872196603517522,0.013704805968693279,0.5976377952755906,0.043156502696203816,0.059910830334165346,0.6021092427566004,0.026509162051389975,0.036800616610238465,0.6351571703143406,0.009133353776804638,0.012679127693824533
GradDiff,init_band_emb,RF,5,508.0,,,,0.544488188976378,0.00885608021984411,0.012294210288812613,0.4795275590551181,0.02531958297765909,0.03514921611198554,0.6094488188976378,0.025684262094960778,0.03565547188708561,0.5513027215697455,0.010621882169971834,0.014745536379403037,0.4795275590551181,0.02531958297765909,0.03514921611198554,0.5125303166223398,0.015390712061199609,0.021365733583913186,0.5659216318432637,0.009319556532699851,0.012937618558914333
GradDiff,init_band_emb,AdaBoost,5,508.0,,,,0.5511811023622046,0.022131447752055434,0.030723374891067568,0.5149606299212598,0.0313381869954841,0.04350437794469257,0.5874015748031496,0.0446394890804988,0.06196954547804074,0.5561354936928506,0.027436189555026153,0.038087537097665665,0.5149606299212598,0.0313381869954841,0.04350437794469257,0.5341040051523432,0.022368124539275946,0.031051934944763732,0.5708723417446835,0.018213249016812812,0.025284043041239275
GradDiff,end_band,LR,5,508.0,,,,0.6031496062992125,0.010460889965028688,0.014522043369708335,0.6165354330708661,0.025098232205526337,0.034841931978075676,0.589763779527559,0.013952791454070369,0.019369579768249674,0.600364065706285,0.008464159610536325,0.011750137260143245,0.6165354330708661,0.025098232205526337,0.034841931978075676,0.6081652123627541,0.015524235903912009,0.02155109439367621,0.628030256060512,0.017443572641855514,0.024215560939320993
GradDiff,end_band,RF,5,508.0,,,,0.5413385826771653,0.019841894753313633,0.027544965782843763,0.511023622047244,0.03585920484011244,0.04978055687730768,0.5716535433070866,0.03240805610591605,0.044989594372123125,0.5439987117465697,0.02046527345920543,0.028410354161172668,0.511023622047244,0.03585920484011244,0.04978055687730768,0.5265429602599458,0.025759568989552232,0.03576001461652366,0.5712195424390849,0.0289117814104575,0.04013598698980671
GradDiff,end_band,AdaBoost,5,508.0,,,,0.5496062992125983,0.013432064652938577,0.01864669507917584,0.5377952755905511,0.03535424302463566,0.04907955749686155,0.5614173228346456,0.012349911134927633,0.01714442516009881,0.5503259845333576,0.011854708157582923,0.01645697321883476,0.5377952755905511,0.03535424302463566,0.04907955749686155,0.5436895475882128,0.023836150741069262,0.03308988202589931,0.555730361460723,0.023608181631221217,0.03277341016631236
GradDiff,ib_no_pca,LR,5,508.0,,,,0.5759842519685039,0.01046088996502866,0.014522043369708299,0.5803149606299213,0.03055686285343662,0.04241972614981227,0.5716535433070866,0.03542432087937637,0.049176841155250346,0.5757833359013587,0.01287043549631212,0.017867028817749892,0.5803149606299213,0.03055686285343662,0.04241972614981227,0.5774768703861685,0.01497625062815652,0.020790368875380313,0.6032209064418129,0.010941127468986098,0.015188719903305817
GradDiff,ib_no_pca,RF,5,508.0,,,,0.5704724409448818,0.01629940279093261,0.02262719854826609,0.5464566929133858,0.0260438352890413,0.03615463950441821,0.594488188976378,0.021274419033238273,0.029533628295380643,0.5739849887865414,0.017155298019348238,0.02381537160701445,0.5464566929133858,0.0260438352890413,0.03615463950441821,0.5597011413652456,0.020175285999987313,0.028007787030315222,0.5977912455824912,0.0162951866448767,0.02262134559922623
GradDiff,ib_no_pca,AdaBoost,5,508.0,,,,0.5598425196850394,0.011177220131164067,0.015516469061444384,0.5503937007874015,0.024064105181001768,0.033406333520378674,0.5692913385826771,0.03821940503783181,0.053057040020430116,0.5616499883682546,0.01343529184433061,0.01865117513904781,0.5503937007874015,0.024064105181001768,0.033406333520378674,0.5554567277158583,0.010678202646358626,0.014823721734896295,0.5787200074400148,0.00754162541957822,0.010469454490711622
GradDiff,vote_ensemble,LR,5,508.0,,,,0.6082677165354331,0.01729597057991244,0.02401065642812151,0.6181102362204725,0.012449912047906983,0.01728324868277722,0.5984251968503937,0.029775858899510295,0.041335518847302834,0.6066140955421883,0.01915722193159428,0.02659448753058143,0.6181102362204725,0.012449912047906983,0.01728324868277722,0.6121797731112746,0.013684726832744576,0.018997446415371325,,,
GradDiff,vote_ensemble,RF,5,508.0,,,,0.5748031496062992,0.007151929970309023,0.009928470479390961,0.5141732283464566,0.029941973766663854,0.041566123252207376,0.6354330708661416,0.02931418971493902,0.04069461927344104,0.5854916101039517,0.009686721282111458,0.01344732494456685,0.5141732283464566,0.029941973766663854,0.041566123252207376,0.5469173496383769,0.01621559547970947,0.022510855348753453,,,
GradDiff,vote_ensemble,AdaBoost,5,508.0,,,,0.5933070866141732,0.010311654215518763,0.014314870936584656,0.5850393700787402,0.013773902113807815,0.019121241551677663,0.6015748031496063,0.01677738248241143,0.02329074073566125,0.5949787869232713,0.011186273671815638,0.015529037390757765,0.5850393700787402,0.013773902113807815,0.019121241551677663,0.5898862337131232,0.010495124946754674,0.014569569143428163,,,
GradDiff,avg_ensemble,LR,5,508.0,,,,0.6125984251968504,0.023503640246613063,0.032628283458519404,0.6157480314960629,0.019060973916394018,0.02646087386523754,0.6094488188976378,0.030230478457405452,0.04196663197042543,0.6121998827582096,0.024515907386459267,0.034033535531308695,0.6157480314960629,0.019060973916394018,0.02646087386523754,0.6139175282818707,0.021293764293547155,0.02956048382202733,0.6692851385702772,0.01742327480242463,0.024187383020854006
GradDiff,avg_ensemble,RF,5,508.0,,,,0.5811023622047243,0.01437951367539346,0.019961965179585494,0.5645669291338582,0.03846196769077106,0.0533937709656586,0.5976377952755906,0.01714294571423407,0.023798223858478386,0.5834980797003626,0.011115187918708283,0.01543035454512566,0.5645669291338582,0.03846196769077106,0.0533937709656586,0.5734554448778426,0.024302897821373383,0.03373783084913719,0.6175847851695704,0.014999570204093355,0.02082274163661287
GradDiff,avg_ensemble,AdaBoost,5,508.0,,,,0.5901574803149605,0.012032052590500908,0.016703166760189368,0.5826771653543307,0.018127345564128098,0.025164789930876244,0.5976377952755906,0.027994313125403424,0.03886233682520041,0.5919119793712826,0.01469439302034436,0.0203990877875939,0.5826771653543307,0.018127345564128098,0.025164789930876244,0.5870150222297819,0.011166303632152354,0.015501314531320903,0.6133734267468535,0.010176757087850954,0.014127603701675394
RMU,per_layer,LR,5,508.0,8.4,3.32264954516723,4.612577032983624,0.5755905511811024,0.011718800052076527,0.01626830252168979,0.573228346456693,0.032042503857284715,0.04448212649641987,0.5779527559055118,0.015227621736861196,0.021139327917555937,0.5757110269729714,0.00948270372881638,0.013164103175956576,0.573228346456693,0.032042503857284715,0.04448212649641987,0.5741872280018344,0.01951669313584061,0.02709351356332607,0.5961404922809845,0.010452320836235655,0.014510147511861722
RMU,per_layer,RF,5,508.0,3.6,2.416609194718914,3.3547913849266617,0.5700787401574803,0.014657094857469488,0.020347309636720497,0.5401574803149606,0.023543175413741832,0.03268316706914833,0.6,0.023437600104153095,0.032536605043379636,0.5746681501218186,0.01599425591879817,0.022203586778514046,0.5401574803149606,0.023543175413741832,0.03268316706914833,0.5566599793148415,0.017171070150603505,0.023837266835325565,0.5984096968193937,0.01916070549011886,0.026599323485088547
RMU,per_layer,AdaBoost,5,508.0,14.0,13.19090595827292,18.31191314048566,0.5362204724409448,0.025227589517481566,0.03502150871587549,0.5393700787401574,0.02794998322724228,0.0388007970608187,0.5330708661417323,0.025828692073790124,0.035855972840967885,0.5359515799703157,0.024884430754248357,0.034545127981633214,0.5393700787401574,0.02794998322724228,0.0388007970608187,0.5376079697984941,0.025959907307890738,0.0360381287881909,0.5435411370822741,0.031194821278917546,0.04330535442368538
RMU,mid_band,LR,5,508.0,,,,0.5677165354330709,0.013210993492568887,0.018339799108621428,0.5645669291338582,0.022630091123149433,0.031415602864524196,0.5708661417322834,0.006587874224677748,0.009145435572382638,0.5679368088032849,0.012164618446209589,0.016887197670788733,0.5645669291338582,0.022630091123149433,0.031415602864524196,0.5661876485933458,0.01727269559345665,0.023978345567012147,0.5939642879285759,0.010984575284602187,0.01524903514080523
RMU,mid_band,RF,5,508.0,,,,0.5456692913385827,0.008201837266141583,0.011385975465603847,0.48346456692913387,0.02444751920670872,0.0339385975178478,0.6078740157480315,0.020320453386714857,0.02820931167047225,0.5521739943390358,0.008974322172143485,0.01245835643365793,0.48346456692913387,0.02444751920670872,0.0339385975178478,0.5152471208523719,0.015189081995673887,0.02108582617966839,0.5542098084196168,0.014923131209082405,0.020716627299840674
RMU,mid_band,AdaBoost,5,508.0,,,,0.525984251968504,0.015115239228702755,0.02098331598521276,0.5,0.035737970765071556,0.04961225700019248,0.5519685039370079,0.050749237934872495,0.07045123662839758,0.5284349342465356,0.018024878184151456,0.025022542403086948,0.5,0.035737970765071556,0.04961225700019248,0.5127967767644811,0.0182467866738488,0.025330600773097962,0.5348316696633393,0.015195109428841844,0.021094193598326427
RMU,full_layer,LR,5,508.0,,,,0.5968503937007874,0.01253675852605566,0.017403810922357002,0.6094488188976378,0.02843381115790202,0.03947245790573781,0.5842519685039369,0.02396082528299675,0.03326295803673799,0.5945525991131596,0.012250998006851702,0.017007111724955695,0.6094488188976378,0.02843381115790202,0.03947245790573781,0.6016045015700248,0.016706947803371335,0.02319296172573273,0.6254665509331019,0.01097057812395754,0.01522960396672598
RMU,full_layer,RF,5,508.0,,,,0.5519685039370079,0.018658260804839028,0.025901818441549627,0.5047244094488189,0.026748484647973282,0.037132849636161945,0.5992125984251968,0.01935150508258979,0.026864195782383377,0.5572372033099653,0.019902369135754234,0.027628917684402295,0.5047244094488189,0.026748484647973282,0.037132849636161945,0.5295542213008366,0.02278028670038872,0.03162410775214839,0.5718317936635873,0.019692107457807445,0.027337027681129274
RMU,full_layer,AdaBoost,5,508.0,,,,0.5523622047244093,0.019069103997342258,0.02647216022696434,0.5622047244094489,0.02754780422761558,0.038242483103355256,0.54251968503937,0.036459328827685766,0.05061366253121257,0.5518223726228457,0.020396216003971922,0.028314487044392427,0.5622047244094489,0.02754780422761558,0.038242483103355256,0.556576311130644,0.018803771801472,0.02610382008872666,0.5643933287866576,0.015217686519179112,0.021125535624304685
RMU,init_band,LR,5,508.0,,,,0.5925196850393701,0.014730934593598213,0.02044981562369234,0.5818897637795275,0.019190641900714876,0.026640881885421797,0.6031496062992125,0.025073517052111274,0.03480762184471394,0.5947903909441133,0.016421690019960487,0.02279696043749742,0.5818897637795275,0.019190641900714876,0.026640881885421797,0.5880933298692959,0.014508724947240198,0.020141339181213115,0.6269731539463079,0.01238414802914903,0.017191953588787896
RMU,init_band,RF,5,508.0,,,,0.5468503937007874,0.019700781107396557,0.02734906863710222,0.4866141732283465,0.02630439856455128,0.0365163593198602,0.6070866141732284,0.02810483196468466,0.03901576157037767,0.5534482645439933,0.023096825491552026,0.03206353404081368,0.4866141732283465,0.02630439856455128,0.0365163593198602,0.5176420328919538,0.022488788158720727,0.03121944290255519,0.5731942463884928,0.02672165811846625,0.03709560844289232
RMU,init_band,AdaBoost,5,508.0,,,,0.5338582677165353,0.02910191907492335,0.04039994038371669,0.5078740157480315,0.04631635014126847,0.0642974018201761,0.5598425196850394,0.015429856647453062,0.021420074981362384,0.5347270347059461,0.028895295114729377,0.04011310034226812,0.5078740157480315,0.04631635014126847,0.0642974018201761,0.5207521278325896,0.03780443125019943,0.052480964049701456,0.5528349556699114,0.024298259922459056,0.03373139241326765
RMU,init_band_emb,LR,5,508.0,,,,0.5925196850393701,0.014730934593598213,0.02044981562369234,0.5818897637795275,0.019190641900714876,0.026640881885421797,0.6031496062992125,0.025073517052111274,0.03480762184471394,0.5947903909441133,0.016421690019960487,0.02279696043749742,0.5818897637795275,0.019190641900714876,0.026640881885421797,0.5880933298692959,0.014508724947240198,0.020141339181213115,0.6269855539711079,0.012380590356499837,0.01718701474738152
RMU,init_band_emb,RF,5,508.0,,,,0.5535433070866141,0.0235694953497571,0.03271970499790769,0.49921259842519683,0.02981747437600235,0.04139329039030626,0.6078740157480315,0.025587522534286485,0.03552117584722904,0.5600022898933803,0.025773549432518257,0.035779422582744407,0.49921259842519683,0.02981747437600235,0.04139329039030626,0.5277165861286953,0.02684735151655888,0.0372700988528373,0.5738467976935954,0.02630939237418342,0.036523291839014926
RMU,init_band_emb,AdaBoost,5,508.0,,,,0.5488188976377952,0.03098502735425356,0.0430141137660686,0.521259842519685,0.05039370078740156,0.06995767194199176,0.5763779527559055,0.032139104932218186,0.04461623028724781,0.5510031300690921,0.03136025761168466,0.04353501687185193,0.521259842519685,0.05039370078740156,0.06995767194199176,0.5352191317816738,0.039740760760279034,0.05516902034485673,0.5548065596131192,0.030774969580021065,0.04272250682653032
RMU,end_band,LR,5,508.0,,,,0.5464566929133858,0.015678982481684915,0.021765917082878058,0.5551181102362205,0.01896314106896421,0.026325060100050517,0.5377952755905511,0.016997663893640092,0.023596540358647194,0.5456479999770711,0.01523587925654861,0.02115079119261453,0.5551181102362205,0.01896314106896421,0.026325060100050517,0.5502999311558104,0.016425668338090355,0.022802483228446715,0.5671647343294686,0.0031813284054560196,0.0044163918396775415
RMU,end_band,RF,5,508.0,,,,0.5055118110236221,0.00866141732283463,0.012023974865029815,0.4921259842519685,0.021707163389118444,0.030134373769723378,0.5188976377952755,0.026280817745320685,0.03648362389479553,0.5058094350894665,0.009063272789704847,0.01258183968702421,0.4921259842519685,0.021707163389118444,0.030134373769723378,0.49859463979265345,0.012317664794931876,0.017099660063677927,0.5110484220968441,0.009738257113017021,0.013518868147296876
RMU,end_band,AdaBoost,5,508.0,,,,0.5244094488188976,0.02435223164439704,0.03380631717486455,0.5354330708661417,0.02452348268094085,0.03404405172595061,0.5133858267716536,0.025948436304384398,0.03602220448242246,0.5239252357252091,0.023843585440001248,0.03310020304262848,0.5354330708661417,0.02452348268094085,0.03404405172595061,0.5295931278739479,0.023888164035310057,0.03316208805399935,0.534752619505239,0.026523509930691743,0.03682053465986715
RMU,ib_no_pca,LR,5,508.0,,,,0.5692913385826771,0.012659791488829527,0.017574608055992744,0.5716535433070866,0.015629474993133205,0.021697189670748043,0.5669291338582677,0.02489982409581403,0.03456649736555453,0.5692192616571956,0.0137922237088732,0.019146676003147012,0.5716535433070866,0.015629474993133205,0.021697189670748043,0.5702829221576997,0.011489795664986318,0.015950393466887078,0.596266042532085,0.009606107916261849,0.013335415652053517
RMU,ib_no_pca,RF,5,508.0,,,,0.5755905511811024,0.019351505082589766,0.02686419578238334,0.5543307086614172,0.025073517052111294,0.03480762184471397,0.5968503937007874,0.031357964963369886,0.043531834165756185,0.5793047412945111,0.021787274079540734,0.03024558523687187,0.5543307086614172,0.025073517052111294,0.03480762184471397,0.5662745375886085,0.019883383246700796,0.02760256104503717,0.5988173476346953,0.019468047327812578,0.027025982355532156
RMU,ib_no_pca,AdaBoost,5,508.0,,,,0.552755905511811,0.03143202150584578,0.043634641128188725,0.5653543307086615,0.045478831742342206,0.06313473989057015,0.5401574803149607,0.030332850841351525,0.04210874762258268,0.5510459383847648,0.029978927619365724,0.04161742342393353,0.5653543307086615,0.045478831742342206,0.06313473989057015,0.5578343120128599,0.035899881248855244,0.049837024785283186,0.5738793477586956,0.031843828334130256,0.04420632065452745
RMU,vote_ensemble,LR,5,508.0,,,,0.5834645669291338,0.005918620621406688,0.008216362626913675,0.5952755905511811,0.016213590773207887,0.022508072369976616,0.5716535433070866,0.02507351705211126,0.03480762184471393,0.5818409237105124,0.008659776353229818,0.012021696834016283,0.5952755905511811,0.016213590773207887,0.022508072369976616,0.588253231993807,0.005240162251031197,0.007274511416158923,,,
RMU,vote_ensemble,RF,5,508.0,,,,0.5484251968503937,0.012299605788829356,0.017074590144128887,0.5133858267716536,0.03647633014771801,0.05063726414710528,0.5834645669291338,0.02133262548684105,0.029614431806978824,0.5517500333432623,0.011081513803126984,0.015383607378436878,0.5133858267716536,0.03647633014771801,0.05063726414710528,0.5314106898046989,0.023722898534159275,0.03293266275813527,,,
RMU,vote_ensemble,AdaBoost,5,508.0,,,,0.5448818897637795,0.014379513675393418,0.01996196517958543,0.5338582677165353,0.04103563534108784,0.056966594440722565,0.5559055118110235,0.023805065287922814,0.033046728498783665,0.5455075263213929,0.012301721470990745,0.017077527181819457,0.5338582677165353,0.04103563534108784,0.056966594440722565,0.53909279962457,0.025605498894548894,0.03554613103595896,,,
RMU,avg_ensemble,LR,5,508.0,,,,0.5858267716535432,0.010608026445124022,0.014726301549686698,0.5992125984251968,0.012299605788829392,0.01707459014412894,0.5724409448818897,0.027230892072111143,0.03780253850189126,0.5839727523996677,0.012929462795446923,0.017948971845627826,0.5992125984251968,0.012299605788829392,0.01707459014412894,0.5913099915578084,0.006898074657458237,0.009576062808994451,0.6208630417260834,0.01071838788227484,0.014879507785676687
RMU,avg_ensemble,RF,5,508.0,,,,0.547244094488189,0.01063720951661911,0.014766814147690285,0.5574803149606299,0.025466081305190937,0.035352588394183274,0.537007874015748,0.03797529307649603,0.052718158290344624,0.5468609988268163,0.012518364190970221,0.017378275491551336,0.5574803149606299,0.025466081305190937,0.035352588394183274,0.5516139660770994,0.010995867321817046,0.015264711001531683,0.5654473308946617,0.006853680801334022,0.009514434256725985
RMU,avg_ensemble,AdaBoost,5,508.0,,,,0.537007874015748,0.009675752541294923,0.013432097891191725,0.5488188976377952,0.04057983850937047,0.056333846999529376,0.5251968503937008,0.03194561066945008,0.04434761718787462,0.5360273595439897,0.008605999393892703,0.011947042446254306,0.5488188976377952,0.04057983850937047,0.056333846999529376,0.5417075554426739,0.02197272892836819,0.030503037840502963,0.5536797073594146,0.017760869717801275,0.02465603989602258
RMU-LAT,per_layer,LR,5,508.0,12.4,3.826225293941799,5.311652244374358,0.5905511811023623,0.014030338331657871,0.019477232092600275,0.6070866141732283,0.025684262094960768,0.035655471887085594,0.5740157480314961,0.03163355815212705,0.04391441884573154,0.5879816437267357,0.014590058481736605,0.020254248228083613,0.6070866141732283,0.025684262094960768,0.035655471887085594,0.5970400229640663,0.015284752294716647,0.021218637846413427,0.61249922499845,0.021109970166288235,0.029305336669531265
RMU-LAT,per_layer,RF,5,508.0,8.8,9.282241108697834,12.885816445754944,0.5523622047244094,0.026864129305877123,0.03729339015835164,0.5307086614173229,0.04308461108757308,0.05981102878172154,0.5740157480314961,0.038926636517506386,0.05403883471042225,0.5547575041776923,0.027751412788780412,0.038525137099866484,0.5307086614173229,0.04308461108757308,0.05981102878172154,0.5418894466783071,0.03261915652696606,0.045282648737487864,0.5812697625395251,0.025261894507651327,0.03506913167689584
RMU-LAT,per_layer,AdaBoost,5,508.0,4.6,3.0066592756745814,4.173912214472125,0.55,0.016823512298599606,0.02335477918684092,0.5472440944881889,0.02254774970594702,0.03130129465215085,0.552755905511811,0.01699766389364005,0.02359654035864714,0.5501913658487851,0.016573121203995192,0.023007180622341146,0.5472440944881889,0.02254774970594702,0.03130129465215085,0.5486493638777075,0.018871434099837693,0.026197750417278592,0.5679025358050716,0.014400778924902113,0.019991486078540045
RMU-LAT,mid_band,LR,5,508.0,,,,0.5795275590551181,0.017808162012438823,0.024721692126002573,0.5763779527559054,0.013546968924476583,0.018806207780314846,0.5826771653543307,0.022409841686232623,0.03110984762899907,0.5802021089840164,0.01866335126565587,0.025908885134058687,0.5763779527559054,0.013546968924476583,0.018806207780314846,0.5782684192476679,0.01600237933463716,0.02221486388758587,0.6123783247566494,0.011072106886483413,0.015370548484601855
RMU-LAT,mid_band,RF,5,508.0,,,,0.545275590551181,0.01720612077434029,0.023885924901679633,0.4716535433070866,0.0392438922657547,0.05447925629508219,0.6188976377952755,0.021764212537142127,0.03021357068361641,0.552605365013153,0.018490098493976967,0.02566837172911377,0.4716535433070866,0.0392438922657547,0.05447925629508219,0.508445439985916,0.02847311007546883,0.03952701354939677,0.5581979663959328,0.023805840373947645,0.033047804490683536
RMU-LAT,mid_band,AdaBoost,5,508.0,,,,0.5433070866141732,0.011478251761506504,0.015934367959731372,0.5511811023622047,0.025756578320938767,0.03575586290290709,0.5354330708661417,0.010266460480634117,0.014252131974581616,0.5424053913004173,0.010300039115877149,0.014298746593311488,0.5511811023622047,0.025756578320938767,0.03575586290290709,0.5466234145776611,0.017524378086766875,0.024327736880319726,0.5470363940727883,0.017366201391599605,0.024108152424792962
RMU-LAT,full_layer,LR,5,508.0,,,,0.6047244094488189,0.01893860389103259,0.02629099703626871,0.610236220472441,0.01879895493907609,0.026097133211715896,0.5992125984251968,0.021621307429521237,0.030015186590335516,0.603659263693505,0.018962981920847936,0.026324839167046303,0.610236220472441,0.01879895493907609,0.026097133211715896,0.6068989790539814,0.018391110038236073,0.02553095372240732,0.6354454708909418,0.016300682160814445,0.02262897459838917
RMU-LAT,full_layer,RF,5,508.0,,,,0.5574803149606299,0.013316168917549396,0.018485806005558544,0.48267716535433075,0.02193446972784901,0.030449925555497834,0.6322834645669291,0.039022084073586975,0.054171337160363764,0.5686023883237505,0.01933497380690096,0.02684124669264891,0.48267716535433075,0.02193446972784901,0.030449925555497834,0.5215478525990305,0.01190904157720528,0.016532400097314336,0.5781186062372126,0.01827578439700591,0.02537085606635868
RMU-LAT,full_layer,AdaBoost,5,508.0,,,,0.5440944881889764,0.022082367972252236,0.03065524123386817,0.5118110236220472,0.021128201362202736,0.02933064562686063,0.5763779527559054,0.035962794477698394,0.04992436234842008,0.5477119840997242,0.024752124182727125,0.034361457015190396,0.5118110236220472,0.021128201362202736,0.02933064562686063,0.5289201039796803,0.01993253240582516,0.027670791016174884,0.5528024056048112,0.020599529186263295,0.028596730989289956
RMU-LAT,init_band,LR,5,508.0,,,,0.5952755905511811,0.00953048695819704,0.013230436932618814,0.5905511811023622,0.0242693464683818,0.033691254104244055,0.6,0.026186282123332103,0.03635238741232702,0.5964653706961998,0.011568998976138422,0.01606034528966893,0.5905511811023622,0.0242693464683818,0.033691254104244055,0.5931617357766226,0.012440320950513362,0.017269934105071227,0.6291927583855169,0.01223492764887555,0.016984802491584867
RMU-LAT,init_band,RF,5,508.0,,,,0.5484251968503937,0.010753149829722551,0.01492776510509586,0.49921259842519683,0.021186809522950746,0.029412006797377353,0.5976377952755906,0.02457399454224761,0.0341141734309904,0.5539097810489231,0.01228282882742171,0.017051299987938712,0.49921259842519683,0.021186809522950746,0.029412006797377353,0.5248791383205493,0.013691964604284089,0.019007494053053034,0.567260834521669,0.01296116484836548,0.01799298135045305
RMU-LAT,init_band,AdaBoost,5,508.0,,,,0.5291338582677165,0.011093702994964894,0.015400528689444219,0.5228346456692913,0.02651568226847677,0.036809668122646196,0.5354330708661418,0.030698564865540047,0.04261644007876289,0.5296877221909776,0.011642141631102165,0.01616188357284656,0.5228346456692913,0.02651568226847677,0.036809668122646196,0.5258696903907508,0.015390711170375163,0.021365732347250605,0.5512167524335049,0.01605268146972019,0.022284694445952012
RMU-LAT,init_band_emb,LR,5,508.0,,,,0.5952755905511811,0.00953048695819704,0.013230436932618814,0.5905511811023622,0.0242693464683818,0.033691254104244055,0.6,0.026186282123332103,0.03635238741232702,0.5964653706961998,0.011568998976138422,0.01606034528966893,0.5905511811023622,0.0242693464683818,0.033691254104244055,0.5931617357766226,0.012440320950513362,0.017269934105071227,0.6291989583979168,0.012237482481430166,0.0169883491677553
RMU-LAT,init_band_emb,RF,5,508.0,,,,0.5492125984251969,0.010037439987387353,0.013934200560849135,0.5,0.02426934646838178,0.033691254104244034,0.5984251968503937,0.026702086547737272,0.03706843874701657,0.5548253530696107,0.011845919915134335,0.01644477318246992,0.5,0.02426934646838178,0.033691254104244034,0.5256196315161621,0.014794323970871465,0.020537814186818267,0.568229586459173,0.010068388007737012,0.01397716330065682
RMU-LAT,init_band_emb,AdaBoost,5,508.0,,,,0.5425196850393701,0.013728815570206856,0.019058651395032076,0.5314960629921259,0.029144496887120855,0.04045904786284959,0.5535433070866141,0.01546998638140824,0.021475783983068757,0.5432278517455235,0.013130335997311202,0.018227828554668573,0.5314960629921259,0.029144496887120855,0.04045904786284959,0.5370986436236422,0.02027160314105892,0.028141496657752684,0.5555412610825222,0.012077220535017133,0.01676586991942133
RMU-LAT,end_band,LR,5,508.0,,,,0.5685039370078739,0.011705565942770457,0.016249930632687544,0.5661417322834645,0.016021251928642333,0.022241063248209902,0.5708661417322834,0.019125917797623803,0.026551030425814033,0.5689296668928495,0.01214590979316634,0.016861225896705342,0.5661417322834645,0.016021251928642333,0.022241063248209902,0.5674322636663124,0.01219012341740284,0.016922604247002586,0.5954584909169818,0.011938407630908629,0.016573166715346154
RMU-LAT,end_band,RF,5,508.0,,,,0.5263779527559055,0.018407353901670812,0.02555350381996876,0.494488188976378,0.015469986381408257,0.021475783983068777,0.5582677165354331,0.022465106484546627,0.0311865674683834,0.5283277386803117,0.019604014366251553,0.027214734864703223,0.494488188976378,0.015469986381408257,0.021475783983068777,0.5108296550369433,0.017234604450797567,0.02392546658371855,0.547290594581189,0.016467333894448648,0.022860324293449873
RMU-LAT,end_band,AdaBoost,5,508.0,,,,0.5141732283464566,0.013830053598622287,0.01919919230925902,0.5149606299212598,0.038606773770492146,0.05359479403128085,0.5133858267716536,0.019383517519828607,0.026908636169721955,0.5136443880479798,0.013330891266517037,0.018506243902422656,0.5149606299212598,0.038606773770492146,0.05359479403128085,0.513924385204879,0.02504677946625034,0.034770504125019745,0.5277001054002108,0.010249421019604174,0.01422847741049572
RMU-LAT,ib_no_pca,LR,5,508.0,,,,0.574015748031496,0.011246343981957225,0.015612428350037929,0.5787401574803149,0.017251104173391055,0.023948371870734453,0.5692913385826772,0.022354440262328166,0.031032938122888813,0.5734937470887779,0.01195840156618064,0.016600922747205964,0.5787401574803149,0.017251104173391055,0.023948371870734453,0.575953570170681,0.011557646833522534,0.01604458598926924,0.5964721929443859,0.009532582073086026,0.013233345418357991
RMU-LAT,ib_no_pca,RF,5,508.0,,,,0.5614173228346456,0.027654502880056595,0.038390604579005776,0.5275590551181102,0.027838849653013698,0.03864651892672366,0.5952755905511811,0.03023047845740545,0.041966631970425425,0.5659773732804169,0.030211955567293308,0.04194091807663244,0.5275590551181102,0.027838849653013698,0.03864651892672366,0.5460444003459642,0.02854938351766865,0.039632898062022914,0.5986607973215946,0.02284802867355452,0.0317181486870547
RMU-LAT,ib_no_pca,AdaBoost,5,508.0,,,,0.5476377952755905,0.01704319749756958,0.02365975113452321,0.5669291338582677,0.031099870327766156,0.04317354137190629,0.5283464566929134,0.03876703503965723,0.05381727233944394,0.5462816327097498,0.0175970474634145,0.024428618147865264,0.5669291338582677,0.031099870327766156,0.04317354137190629,0.5559308953734332,0.018483437251301027,0.025659124441802694,0.5661246822493645,0.01772473404239206,0.024605875536466117
RMU-LAT,vote_ensemble,LR,5,508.0,,,,0.5846456692913385,0.012261741340470436,0.01702202586297532,0.5992125984251968,0.018864800867261333,0.026188542014219458,0.5700787401574803,0.02204724409448819,0.0306064814746214,0.5823989342728181,0.012889807729842958,0.017893921789231614,0.5992125984251968,0.018864800867261333,0.026188542014219458,0.5905366734400395,0.012759414111252594,0.017712906427189493,,,
RMU-LAT,vote_ensemble,RF,5,508.0,,,,0.5633858267716535,0.012659791488829527,0.017574608055992744,0.5346456692913385,0.032408056105916024,0.04498959437212308,0.5921259842519685,0.0336470245971992,0.04670955837368183,0.5675505182347339,0.014285482473432653,0.019831428944375517,0.5346456692913385,0.032408056105916024,0.04498959437212308,0.5500413767033789,0.018977186604077313,0.026344558428657846,,,
RMU-LAT,vote_ensemble,AdaBoost,5,508.0,,,,0.574015748031496,0.020366168750200874,0.0282727747690638,0.5692913385826771,0.019700781107396537,0.02734906863710219,0.578740157480315,0.033867422311191435,0.04701551945078709,0.5752186835022006,0.02198062213433368,0.03051399536703657,0.5692913385826771,0.019700781107396537,0.02734906863710219,0.5720332334263849,0.017772552020114008,0.024672257531559397,,,
RMU-LAT,avg_ensemble,LR,5,508.0,,,,0.5901574803149606,0.012781640221061387,0.0177437612140826,0.6007874015748031,0.020472440944881883,0.028420304226434146,0.5795275590551181,0.01966928503432568,0.027305345078146925,0.5883519225022449,0.012904864028060634,0.017914823281976047,0.6007874015748031,0.020472440944881883,0.028420304226434146,0.5943686560115794,0.01421435588713337,0.01973268941318548,0.6326585653171305,0.01735441671050662,0.02409179266472449
RMU-LAT,avg_ensemble,RF,5,508.0,,,,0.5543307086614173,0.009850390553698253,0.013674534318551073,0.5669291338582677,0.028060676663315704,0.03895446418520049,0.5417322834645668,0.0329017045917735,0.04567488833324674,0.5533065113392983,0.011202189742698114,0.015551132439305585,0.5669291338582677,0.028060676663315704,0.03895446418520049,0.5595882387448838,0.013907585858605933,0.019306824341122283,0.5871194742389484,0.008758867696839936,0.012159257671983179
RMU-LAT,avg_ensemble,AdaBoost,5,508.0,,,,0.565748031496063,0.022291949081719786,0.030946186456629728,0.5661417322834646,0.019190641900714865,0.026640881885421783,0.5653543307086615,0.0492110235968496,0.06831585279362322,0.5669662035531866,0.02523316926113964,0.03502925464185936,0.5661417322834646,0.019190641900714865,0.026640881885421783,0.5660411051377852,0.014623781074133781,0.02030106269138147,0.5862855725711451,0.01559520165564673,0.021649610650696486
RepNoise,per_layer,LR,5,508.0,15.4,3.4409301068170506,4.776776776199969,0.5736220472440945,0.012854195053003566,0.017844483468084756,0.5803149606299213,0.022630091123149485,0.03141560286452427,0.5669291338582677,0.018466203778832367,0.02563520054666211,0.5726339550478581,0.012493250797375604,0.017343412512190994,0.5803149606299213,0.022630091123149485,0.03141560286452427,0.5763040626828081,0.015788448449442882,0.02191788020806173,0.6002883005766011,0.010228007136686134,0.01419875017529018
RepNoise,per_layer,RF,5,508.0,8.6,6.651315659326356,9.233506402731065,0.5511811023622047,0.017295970579912407,0.024010656428121467,0.5047244094488189,0.03153540849527683,0.04377816527856221,0.5976377952755906,0.029608812089705762,0.041103620698592476,0.5564921037695513,0.01867112327084916,0.025919674406946935,0.5047244094488189,0.03153540849527683,0.04377816527856221,0.528944773482294,0.02291006830351898,0.03180427350052625,0.5806311612623226,0.028547221386189855,0.03962989654234236
RepNoise,per_layer,AdaBoost,5,508.0,3.0,1.6733200530681511,2.3229406353851942,0.5307086614173228,0.01497098688333194,0.020783061626103702,0.5377952755905511,0.020320453386714878,0.028209311670472276,0.5236220472440946,0.030086571928413873,0.0417668576814131,0.5305593624366,0.015273463844602068,0.021202966965380484,0.5377952755905511,0.020320453386714878,0.028209311670472276,0.533932161547588,0.014277653248340851,0.019820560237533702,0.5468069936139872,0.019178956076725186,0.02662465936101361
RepNoise,mid_band,LR,5,508.0,,,,0.5724409448818898,0.01814443877449278,0.025188519111000816,0.5543307086614173,0.02260267731402727,0.031377546396448165,0.5905511811023623,0.03069856486554004,0.04261644007876288,0.5755201181763374,0.020054677399960582,0.027840355451720738,0.5543307086614173,0.02260267731402727,0.031377546396448165,0.5644856100696218,0.018080157700007708,0.025099282673695343,0.6109120218240436,0.010994475188632481,0.015262778410848646
RepNoise,mid_band,RF,5,508.0,,,,0.5350393700787401,0.01366090675031299,0.018964378839735035,0.45669291338582674,0.032465398626910696,0.045069198552990776,0.6133858267716535,0.02519685039370078,0.03497883597099588,0.5414661224046883,0.015239340615819736,0.021155596329617353,0.45669291338582674,0.032465398626910696,0.045069198552990776,0.4950139280266246,0.022532645491857933,0.0312803266415131,0.5534968069936139,0.01365711364092962,0.018959113159744564
RepNoise,mid_band,AdaBoost,5,508.0,,,,0.544488188976378,0.01060802644512402,0.014726301549686694,0.5251968503937008,0.04170999256109931,0.05790275234205038,0.5637795275590551,0.03603168878314186,0.050020002976982336,0.5463399080273327,0.010502140769656098,0.014579308667004956,0.5251968503937008,0.04170999256109931,0.05790275234205038,0.5347053158253959,0.023767156266283715,0.032994102339997305,0.5618544237088475,0.010221151537245558,0.014189233077535194
RepNoise,full_layer,LR,5,508.0,,,,0.6015748031496062,0.023707195617834024,0.032910863615550984,0.5850393700787401,0.022075347667521554,0.03064549548851493,0.6181102362204725,0.031789967304230476,0.04413154955811438,0.6054350072989714,0.026162196566624385,0.036318951299313465,0.5850393700787401,0.022075347667521554,0.03064549548851493,0.5949364987483003,0.022340772438442555,0.031013964141525862,0.6374170748341497,0.01506761704754359,0.020917205799323657
RepNoise,full_layer,RF,5,508.0,,,,0.5433070866141733,0.02134715230193065,0.029634598259303632,0.452755905511811,0.03178996730423047,0.04413154955811437,0.6338582677165354,0.0317899673042305,0.04413154955811441,0.5530110546886904,0.026026108835148845,0.0361300312413471,0.452755905511811,0.03178996730423047,0.04413154955811437,0.4974894068082203,0.027149675129518224,0.03768979131053064,0.5665168330336661,0.019790776456035396,0.02747400220971166
RepNoise,full_layer,AdaBoost,5,508.0,,,,0.5523622047244094,0.018699751318169946,0.025959416507874512,0.5385826771653542,0.010967234863924522,0.015224962777748943,0.5661417322834645,0.03516080875868678,0.04881102768642591,0.5545099423973486,0.02104359666891961,0.029213195483589274,0.5385826771653542,0.010967234863924522,0.015224962777748943,0.5462407720512661,0.01310941857630545,0.018198790519086183,0.5668020336040673,0.01744611743789539,0.024219093682575306
RepNoise,init_band,LR,5,508.0,,,,0.5976377952755905,0.01811023622047246,0.025141038354153322,0.5811023622047244,0.013316168917549446,0.018485806005558613,0.6141732283464567,0.033775764707916885,0.04688827829880419,0.6016555373273255,0.02227938420878701,0.03092874361665391,0.5811023622047244,0.013316168917549446,0.018485806005558613,0.5909846017616152,0.013980359916600368,0.019407850929674297,0.6311519623039247,0.013483475452408918,0.018718064710447707
RepNoise,init_band,RF,5,508.0,,,,0.5531496062992126,0.008258337387166532,0.01146441020783525,0.47007874015748036,0.025466081305190916,0.03535258839418324,0.6362204724409449,0.019060973916394018,0.02646087386523754,0.5636881303732898,0.00899658837175702,0.012489266874122109,0.47007874015748036,0.025466081305190916,0.03535258839418324,0.5123253800752939,0.017074200557800786,0.023702790281935757,0.578529357058714,0.008985582540795707,0.01247398833137152
RepNoise,init_band,AdaBoost,5,508.0,,,,0.5429133858267716,0.013199255601763953,0.018323504303886073,0.5094488188976378,0.024089855969729696,0.033442081346037995,0.5763779527559054,0.026887198549549424,0.03732541540268892,0.5461611339618097,0.01414843590712562,0.01964117781027185,0.5094488188976378,0.024089855969729696,0.033442081346037995,0.5268815925562381,0.016282068248479154,0.02260313434549322,0.561246822493645,0.017842078480176708,0.0247687757314208
RepNoise,init_band_emb,LR,5,508.0,,,,0.5976377952755905,0.01811023622047246,0.025141038354153322,0.5811023622047244,0.013316168917549446,0.018485806005558613,0.6141732283464567,0.033775764707916885,0.04688827829880419,0.6016555373273255,0.02227938420878701,0.03092874361665391,0.5811023622047244,0.013316168917549446,0.018485806005558613,0.5909846017616152,0.013980359916600368,0.019407850929674297,0.6311488622977246,0.01348362084795463,0.018718266551823314
RepNoise,init_band_emb,RF,5,508.0,,,,0.5562992125984251,0.019904290802778796,0.027631585385904375,0.47637795275590555,0.027838849653013673,0.03864651892672362,0.6362204724409449,0.026186282123332145,0.036352387412327075,0.5670712664782253,0.0233926494829682,0.03247420357729744,0.47637795275590555,0.027838849653013673,0.03864651892672362,0.5175412932592971,0.0240767825417949,0.033423932518539125,0.5812899125798252,0.011745827971341435,0.01630582328876316
RepNoise,init_band_emb,AdaBoost,5,508.0,,,,0.5515748031496063,0.008010625964321168,0.011120531624104951,0.5338582677165353,0.02757030141734109,0.038273714209502305,0.5692913385826772,0.01938351751982861,0.02690863616972196,0.5533889028395352,0.007107588097122699,0.009866914091009227,0.5338582677165353,0.02757030141734109,0.038273714209502305,0.5431528995643917,0.01605976021753519,0.022294521323312957,0.5707932915865832,0.017918535691690954,0.0248749153567537
RepNoise,end_band,LR,5,508.0,,,,0.5614173228346456,0.007613810868430583,0.010569663958777946,0.5393700787401575,0.04967499305696853,0.06895994566187745,0.5834645669291338,0.04988672145340839,0.06925387179684087,0.565062441872932,0.011920630266862575,0.016548487777651662,0.5393700787401575,0.04967499305696853,0.06895994566187745,0.5503887156556105,0.023752177355224096,0.032973308277850964,0.5829716659433319,0.010576433403720126,0.01468244337710462
RepNoise,end_band,RF,5,508.0,,,,0.521259842519685,0.008010625964321207,0.011120531624105007,0.4299212598425197,0.024949574043708442,0.034635561365212175,0.6125984251968504,0.016251785386260046,0.022561094993203412,0.5257851895170459,0.009190907582043082,0.012759025184244427,0.4299212598425197,0.024949574043708442,0.034635561365212175,0.47277499013242685,0.018349552322770402,0.025473262364563386,0.5308140616281232,0.010640319140660777,0.014771130997915032
RepNoise,end_band,AdaBoost,5,508.0,,,,0.5271653543307087,0.01388597802247908,0.019276827855698123,0.5062992125984251,0.015669093497742037,0.021752188972346265,0.5480314960629922,0.03963689117686055,0.055024826246626135,0.5291672642770797,0.01581504533100524,0.021954802598875396,0.5062992125984251,0.015669093497742037,0.021752188972346265,0.5170710262317826,0.0063741893072482335,0.008848793350856752,0.5370280240560481,0.011534757536983327,0.016012810551600382
RepNoise,ib_no_pca,LR,5,508.0,,,,0.5677165354330709,0.02066835393449871,0.028692275056967306,0.5637795275590551,0.037548406354539744,0.052125544515519893,0.5716535433070866,0.026280817745320678,0.036483623894795515,0.5680430122965701,0.0205895360519081,0.028582858294806925,0.5637795275590551,0.037548406354539744,0.052125544515519893,0.5655541365373508,0.026918679470716165,0.037369117927429175,0.5936821873643747,0.01465131934140318,0.020339291935064348
RepNoise,ib_no_pca,RF,5,508.0,,,,0.5606299212598425,0.007613810868430584,0.010569663958777948,0.5401574803149607,0.026162594843836453,0.03631950419672144,0.5811023622047244,0.01308129742191824,0.01815975209836074,0.5630321225669255,0.006051216996304066,0.008400435904939075,0.5401574803149607,0.026162594843836453,0.03631950419672144,0.5511348103152865,0.016363962197276292,0.02271682137213479,0.595270940541881,0.014108679612868345,0.019585987225976147
RepNoise,ib_no_pca,AdaBoost,5,508.0,,,,0.5429133858267716,0.0290752762797429,0.04036295425458291,0.5362204724409448,0.032976994632081764,0.04577940766518874,0.5496062992125984,0.03446624980825087,0.04784682528732135,0.5435868076958928,0.0297642268317707,0.04131937094853337,0.5362204724409448,0.032976994632081764,0.04577940766518874,0.5397223147033612,0.03008352591858387,0.04176262914187164,0.55999751999504,0.030284326368982144,0.04204138485568655
RepNoise,vote_ensemble,LR,5,508.0,,,,0.5877952755905511,0.012793761267143272,0.01776058792361456,0.5818897637795276,0.040257710334375495,0.05588666140217384,0.5937007874015748,0.042505101027608766,0.05900653984702115,0.5894372065173281,0.014138089963906057,0.019626815338566545,0.5818897637795276,0.040257710334375495,0.05588666140217384,0.5847314610487768,0.02030562011323866,0.028188719785703725,,,
RepNoise,vote_ensemble,RF,5,508.0,,,,0.5582677165354331,0.01668474023654886,0.023162132680631425,0.5062992125984251,0.0420062320262965,0.05831399864860696,0.610236220472441,0.02527056147382867,0.03508116335480584,0.5646001098643119,0.016399522093862015,0.022766186422543175,0.5062992125984251,0.0420062320262965,0.05831399864860696,0.5332480052436727,0.029034500435132397,0.04030634830749335,,,
RepNoise,vote_ensemble,AdaBoost,5,508.0,,,,0.552755905511811,0.014433309275451476,0.02003664544481662,0.547244094488189,0.025756578320938764,0.03575586290290708,0.558267716535433,0.038040542769074544,0.05280873938513227,0.5539643879881009,0.016465659948281117,0.022858000483628273,0.547244094488189,0.025756578320938764,0.03575586290290708,0.5500880324262297,0.014174277481075172,0.019677051666023272,,,
RepNoise,avg_ensemble,LR,5,508.0,,,,0.5846456692913385,0.010490482357853737,0.014563124196813437,0.578740157480315,0.04523277674439395,0.0627931607932387,0.5905511811023623,0.04348567329601284,0.06036779238447274,0.5861976050489985,0.011468031440122296,0.015920179879091004,0.578740157480315,0.04523277674439395,0.0627931607932387,0.5813348824311572,0.02218393990715931,0.03079624568461729,0.6226517453034907,0.009599113009622979,0.013325705164904113
RepNoise,avg_ensemble,RF,5,508.0,,,,0.562992125984252,0.010924753484654789,0.015165989168981193,0.5480314960629922,0.03836512666166876,0.053259334065041894,0.5779527559055119,0.02875902735078689,0.03992393035917093,0.5648800985867958,0.009772180718226945,0.013565961661114756,0.5480314960629922,0.03836512666166876,0.053259334065041894,0.5557164247318128,0.021849264482279095,0.030331641711997957,0.5861724223448446,0.010283874007728563,0.014276305825614417
RepNoise,avg_ensemble,AdaBoost,5,508.0,,,,0.5586614173228346,0.00918260140920518,0.012747494367785066,0.5590551181102362,0.02007487997477475,0.02786840112169833,0.5582677165354331,0.02074321239735349,0.0287961952633552,0.5587024588007684,0.009474491018824603,0.013152702106728035,0.5590551181102362,0.02007487997477475,0.02786840112169833,0.5586907428124486,0.012208514948026437,0.01694813578459108,0.5771095542191084,0.008083585820486941,0.01122181614186865
ELM,per_layer,LR,5,508.0,11.8,3.4292856398964493,4.760611664607798,0.5763779527559054,0.011369707935585532,0.015783684972642507,0.5881889763779528,0.04914798908449522,0.0682283468619808,0.5645669291338583,0.036982735640369704,0.05134026767276432,0.574630116792688,0.00989367733327411,0.013734626002187654,0.5881889763779528,0.04914798908449522,0.0682283468619808,0.5803440160824375,0.02543735288941563,0.03531270695950356,0.6021328042656086,0.01499488860998434,0.02081624254208862
ELM,per_layer,RF,5,508.0,13.2,6.493073232299171,9.01383069675394,0.5389763779527559,0.014804406044852912,0.020551810349296283,0.5062992125984251,0.021069430173637233,0.029249058137450948,0.5716535433070866,0.019826265058290025,0.02752326828772174,0.5416955583007262,0.015965223512784517,0.022163283337729687,0.5062992125984251,0.021069430173637233,0.029249058137450948,0.5232843486225175,0.017458731322910703,0.024236604562229452,0.5691177382354764,0.01508073251961136,0.020935412993436115
ELM,per_layer,AdaBoost,5,508.0,12.6,10.518555033843764,14.602095318734591,0.5488188976377952,0.016011574336742326,0.02222762859687946,0.5582677165354331,0.03362859291978368,0.046683971103411374,0.5393700787401574,0.02068334730167512,0.028713089187420993,0.5476670795502236,0.01503424562546174,0.02087087883857733,0.5582677165354331,0.03362859291978368,0.046683971103411374,0.552643250088882,0.022576506175005787,0.03134121503103135,0.561784673569347,0.020302953559717462,0.02818501801596789
ELM,mid_band,LR,5,508.0,,,,0.5952755905511811,0.006886951056903936,0.00956062077583887,0.5992125984251968,0.03344371745133117,0.04642732280868332,0.5913385826771653,0.036117621861983334,0.05013929721504432,0.5950526075713366,0.010214377406756375,0.014179829076815864,0.5992125984251968,0.03344371745133117,0.04642732280868332,0.5964452999859421,0.014006859726634166,0.0194446385636028,0.6337125674251348,0.014928963626284581,0.0207247239929369
ELM,mid_band,RF,5,508.0,,,,0.5409448818897638,0.02976023809285709,0.04131383369121707,0.5078740157480315,0.02849915129268325,0.03956316455443096,0.574015748031496,0.031338186995484074,0.04350437794469253,0.5439433209547611,0.03201140299901263,0.04443895158356138,0.5078740157480315,0.02849915129268325,0.03956316455443096,0.5252836290271172,0.030128577488478765,0.041825170747229724,0.565531031062062,0.02918631249532802,0.040517097233213416
ELM,mid_band,AdaBoost,5,508.0,,,,0.5358267716535433,0.00504183010821486,0.006999182262596019,0.5456692913385827,0.013546968924476589,0.018806207780314856,0.5259842519685038,0.014856663200089167,0.020624354910729916,0.5351753168699942,0.005194586276377279,0.007211241820287677,0.5456692913385827,0.013546968924476589,0.018806207780314856,0.5402802407674752,0.007343521858820022,0.010194442659916944,0.5553847107694215,0.011085717745687939,0.015389443386309825
ELM,full_layer,LR,5,508.0,,,,0.6011811023622047,0.015429856647453112,0.021420074981362454,0.6055118110236221,0.022602677314027285,0.03137754639644819,0.5968503937007873,0.0192229222295019,0.026685694165849254,0.6003316872277431,0.015322232476852788,0.021270668680530333,0.6055118110236221,0.022602677314027285,0.03137754639644819,0.6027884304036003,0.01712520046525469,0.02377358950364372,0.637209374418749,0.012662747076365848,0.017578711069266846
ELM,full_layer,RF,5,508.0,,,,0.5346456692913386,0.012044927984864872,0.01672104067301903,0.46850393700787396,0.012938328130043288,0.017961278903050836,0.6007874015748031,0.03544181869268313,0.04920113201430397,0.540772105085668,0.016080984009389725,0.02232398466981709,0.46850393700787396,0.012938328130043288,0.017961278903050836,0.5016746161492129,0.004193875085755311,0.005822031976828166,0.5520398040796082,0.01883491061497271,0.02614704769188952
ELM,full_layer,AdaBoost,5,508.0,,,,0.5637795275590551,0.018575001751315635,0.025786236345740413,0.5456692913385826,0.025098232205526348,0.03484193197807569,0.5818897637795276,0.028324575982055043,0.03932081517108993,0.566376209588509,0.02002828315488075,0.027803714365442097,0.5456692913385826,0.025098232205526348,0.03484193197807569,0.5556068007623436,0.01998522487698987,0.027743939892997897,0.5795508091016182,0.021315815191286804,0.02959109537557456
ELM,init_band,LR,5,508.0,,,,0.5905511811023622,0.007365467296799125,0.010224907811846196,0.5795275590551181,0.01951104203679351,0.027085668580181913,0.6015748031496063,0.01562947499313325,0.0216971896707481,0.5926160602910823,0.007225085754022306,0.010030026988194789,0.5795275590551181,0.01951104203679351,0.027085668580181913,0.5858447944220109,0.011349266855145163,0.0157553082037757,0.6256711513423028,0.010613533018174616,0.014733945898583067
ELM,init_band,RF,5,508.0,,,,0.544488188976378,0.010006507895384932,0.013891259933132312,0.4669291338582678,0.02290242452322674,0.031793662232337455,0.6220472440944882,0.01725110417339107,0.023948371870734477,0.5525781227982168,0.011658693774538171,0.016184861631658276,0.4669291338582678,0.02290242452322674,0.031793662232337455,0.5059423030159562,0.01664281407996074,0.023103929844512004,0.5693874387748775,0.010137422461056114,0.014072998485660735
ELM,init_band,AdaBoost,5,508.0,,,,0.5456692913385827,0.00975552101839677,0.01354283429009098,0.5543307086614172,0.02929303187045399,0.04066524747656254,0.537007874015748,0.028346456692913382,0.039351190467370366,0.5449978024289873,0.00973112347348961,0.013508965068022813,0.5543307086614172,0.02929303187045399,0.04066524747656254,0.5492277925723477,0.01596771762259352,0.02216674571721521,0.5687736375472751,0.011744394047698462,0.016303832683623277
ELM,init_band_emb,LR,5,508.0,,,,0.5905511811023622,0.007365467296799125,0.010224907811846196,0.5803149606299213,0.01906097391639404,0.026460873865237572,0.6007874015748031,0.015268283015484519,0.021195774821558336,0.5924648887113393,0.007231899531739314,0.010039486028089933,0.5803149606299213,0.01906097391639404,0.026460873865237572,0.5861818871184702,0.011178873669100732,0.01551876454009964,0.6256649513299027,0.010626207203168368,0.014751540488027202
ELM,init_band_emb,RF,5,508.0,,,,0.5393700787401575,0.011273874852973506,0.01565064732607542,0.473228346456693,0.016777382482411445,0.02329074073566127,0.6055118110236221,0.016777382482411424,0.023290740735661244,0.5454059972769217,0.013262656382944655,0.018411518698173514,0.473228346456693,0.016777382482411445,0.02329074073566127,0.5066573989589622,0.013873204791384028,0.019259095768222417,0.5661727323454647,0.009360469362601173,0.012994414672073991
ELM,init_band_emb,AdaBoost,5,508.0,,,,0.5543307086614173,0.020366168750200885,0.02827277476906381,0.5448818897637795,0.02920824722990773,0.04054754752644224,0.5637795275590551,0.02218740598992968,0.03080105737888829,0.5552463134422148,0.02027816983140989,0.02815061268539383,0.5448818897637795,0.02920824722990773,0.04054754752644224,0.5498670205127507,0.023682157830326935,0.032876105594266465,0.5754960009920019,0.01608058826909769,0.02232343529421871
ELM,end_band,LR,5,508.0,,,,0.5732283464566928,0.015063879110007053,0.020912016710135223,0.5708661417322834,0.021849506969309613,0.03033197833796243,0.5755905511811024,0.017677121512317803,0.02453977874843074,0.5735393795715662,0.014670684081277986,0.020366174503683762,0.5708661417322834,0.021849506969309613,0.03033197833796243,0.5721032853838498,0.017134495780500168,0.02378649346990101,0.6096596193192386,0.016628877677618087,0.023084583016477835
ELM,end_band,RF,5,508.0,,,,0.5389763779527559,0.023928458896098816,0.03321802628850013,0.49606299212598426,0.038654921916956145,0.053661634374068,0.5818897637795276,0.03852639314244114,0.05348320783062837,0.542883603360846,0.027301803153650415,0.037900978864513254,0.49606299212598426,0.038654921916956145,0.053661634374068,0.517849317344097,0.02885544156621916,0.04005777474742515,0.5496202492404985,0.013421409268448203,0.01863190303411969
ELM,end_band,AdaBoost,5,508.0,,,,0.5271653543307087,0.004557416103460742,0.0063267078164016,0.5259842519685038,0.025948436304384384,0.03602220448242244,0.5283464566929134,0.025319582977659103,0.035149216111985564,0.5272838698198717,0.0046067316470947495,0.006395168766268005,0.5259842519685038,0.025948436304384384,0.03602220448242244,0.5262977933865727,0.013010008270068337,0.018060786890007056,0.549534999069998,0.015587620335851775,0.021639086091578663
ELM,ib_no_pca,LR,5,508.0,,,,0.5767716535433071,0.0116790527355837,0.01621312440052916,0.5850393700787402,0.031357964963369914,0.043531834165756234,0.568503937007874,0.02779427180271307,0.03858463494958995,0.5756045190643875,0.011258651882446498,0.015629514455072283,0.5850393700787402,0.031357964963369914,0.043531834165756234,0.5798745811167144,0.017983339125419096,0.024964876944940952,0.5985925971851944,0.008323233196574872,0.011554500034025066
ELM,ib_no_pca,RF,5,508.0,,,,0.5759842519685039,0.014762467133269822,0.02049358980640519,0.5566929133858267,0.01822966441384284,0.025306831265606223,0.5952755905511811,0.03948016106054069,0.054807249964479464,0.579955690219269,0.018995323543556285,0.026369736537077675,0.5566929133858267,0.01822966441384284,0.025306831265606223,0.5676333294911565,0.009578721763287142,0.013297397576865105,0.6036006572013144,0.0246966957716956,0.034284510044941714
ELM,ib_no_pca,AdaBoost,5,508.0,,,,0.5468503937007874,0.009913132529144998,0.013761634143860852,0.5433070866141733,0.02914449688712086,0.040459047862849595,0.5503937007874015,0.018365202818410406,0.025494988735570195,0.5470113979370071,0.008946633960010197,0.012419919033133357,0.5433070866141733,0.02914449688712086,0.040459047862849595,0.5448829448394573,0.0179498898896087,0.024918441961421765,0.5667322834645668,0.01929247496076828,0.026782248835988093
ELM,vote_ensemble,LR,5,508.0,,,,0.5850393700787402,0.013140408872660362,0.018241811947397792,0.6015748031496063,0.03297699463208175,0.04577940766518873,0.5685039370078739,0.018398931410311688,0.025541811527514956,0.5821206952783056,0.011269256942935848,0.015644236639215273,0.6015748031496063,0.03297699463208175,0.04577940766518873,0.5913905693027196,0.02037625189910074,0.028286772423767797,,,
ELM,vote_ensemble,RF,5,508.0,,,,0.5736220472440945,0.009029405465495823,0.012534824303761063,0.5236220472440944,0.023091146926953052,0.032055650929370995,0.6236220472440944,0.012349911134927633,0.01714442516009881,0.5816769876726073,0.008385577020896196,0.01164104713696319,0.5236220472440944,0.023091146926953052,0.032055650929370995,0.5509479272350825,0.015468306120119037,0.021473451406452827,,,
ELM,vote_ensemble,AdaBoost,5,508.0,,,,0.5850393700787401,0.003817070753871119,0.005298943705389569,0.5771653543307087,0.031555062849628175,0.04380544989652953,0.5929133858267717,0.029524934266539637,0.04098717961281036,0.5866699607771035,0.0056217715459674165,0.007804270045670747,0.5771653543307087,0.031555062849628175,0.04380544989652953,0.5813156815296758,0.014581973565733732,0.020243024565352558,,,
ELM,avg_ensemble,LR,5,508.0,,,,0.5901574803149605,0.012962265852877448,0.01799450978974708,0.6094488188976378,0.02444751920670869,0.03393859751784775,0.5708661417322834,0.02038138441818076,0.02829389750250633,0.5868286050336046,0.012481494944484361,0.017327092772082338,0.6094488188976378,0.02444751920670869,0.03393859751784775,0.5977392597122277,0.01592835793155923,0.022112105706458076,0.6220193440386881,0.0130176026430075,0.01807132956979405
ELM,avg_ensemble,RF,5,508.0,,,,0.5783464566929133,0.01469933441149172,0.020405947538225878,0.5692913385826771,0.02920824722990774,0.04054754752644225,0.5874015748031496,0.021477451491316316,0.029815482532594174,0.5797304561009561,0.013945915036104104,0.01936003376974781,0.5692913385826771,0.02920824722990774,0.04054754752644225,0.5741959520648814,0.019767407658603325,0.02744156111808934,0.602765205530411,0.008234743585488077,0.011431656760243668
ELM,avg_ensemble,AdaBoost,5,508.0,,,,0.5866141732283464,0.009643660404658206,0.013387546863351548,0.5881889763779528,0.02509823220552634,0.034841931978075676,0.5850393700787402,0.02768251312007393,0.03842948902590155,0.5866244743250584,0.011041314633792055,0.015327801984970389,0.5881889763779528,0.02509823220552634,0.034841931978075676,0.5870454164391671,0.013034355675518831,0.018094586507350702,0.6057381114762229,0.01068239106630436,0.014829536193924717
RR,per_layer,LR,5,508.0,13.0,2.756809750418044,3.8270654687548715,0.597244094488189,0.005072479813671338,0.0070417308749412145,0.611023622047244,0.010967234863924525,0.015224962777748945,0.5834645669291338,0.0183652028184104,0.025494988735570184,0.5948145873626056,0.007152450954536806,0.009929193721445519,0.611023622047244,0.010967234863924525,0.015224962777748945,0.6026920541462651,0.0037931203845818317,0.005265695262599109,0.6242482484964971,0.010616672659289382,0.01473830441918565
RR,per_layer,RF,5,508.0,9.4,7.310266752998827,10.148277172026898,0.5551181102362205,0.02015194313711768,0.027975381941637376,0.5307086614173228,0.030127758220014175,0.041824033420270544,0.5795275590551181,0.0460074367180836,0.06386856123931034,0.5588640154456532,0.022393210941249457,0.03108676045374692,0.5307086614173228,0.030127758220014175,0.041824033420270544,0.5437558488268821,0.01974686653029672,0.027413045460518287,0.5784286068572138,0.018808948428600373,0.026111006399252665
RR,per_layer,AdaBoost,5,508.0,6.6,1.3564659966250536,1.8830766883484418,0.5417322834645668,0.0108821062685711,0.015106785341808255,0.5598425196850394,0.02314478497117963,0.03213011247204363,0.5236220472440944,0.03616908370978221,0.05021073771275713,0.540728089968785,0.01168554646454588,0.016222139141524924,0.5598425196850394,0.02314478497117963,0.03213011247204363,0.5497252641326815,0.010130789442688656,0.014063790379971228,0.5650148800297601,0.013440841849534415,0.018658879781438778
RR,mid_band,LR,5,508.0,,,,0.5858267716535434,0.019865316238650187,0.027577480017003327,0.5929133858267717,0.027344496620764307,0.0379602468984094,0.578740157480315,0.026115155829570073,0.03625364828724379,0.5846803841140528,0.020004879999380158,0.027771225577174194,0.5929133858267717,0.027344496620764307,0.0379602468984094,0.588592396378009,0.02171064457278645,0.03013920642740105,0.6335699671399344,0.019236398010400856,0.02670440154880706
RR,mid_band,RF,5,508.0,,,,0.5413385826771654,0.018674868071860518,0.02592487302416589,0.5220472440944881,0.03383078906919817,0.046964664358077224,0.5606299212598425,0.0101449596273426,0.014083461749882323,0.5424719126508001,0.018807120405328788,0.026108468696120376,0.5220472440944881,0.03383078906919817,0.046964664358077224,0.5319079549941729,0.026386307151550735,0.03663006666758435,0.5571935643871287,0.017474012314669003,0.024257817979614404
RR,mid_band,AdaBoost,5,508.0,,,,0.5476377952755905,0.0069763957270351645,0.009684789884124809,0.5440944881889764,0.013033815241926656,0.018093836265249866,0.5511811023622047,0.020832687488697557,0.028920406603054873,0.5481618135229385,0.008099487869887146,0.011243891725478555,0.5440944881889764,0.013033815241926656,0.018093836265249866,0.5459803021612117,0.006410198617607308,0.008898782287600753,0.5638306776613554,0.011038832618661032,0.015324356395589612
RR,full_layer,LR,5,508.0,,,,0.6062992125984252,0.009481570534482148,0.013162530050025318,0.5960629921259842,0.018398931410311695,0.025541811527514967,0.6165354330708661,0.02459921157765874,0.034149180288257815,0.6088397149355774,0.011849205572269015,0.016449334405804393,0.5960629921259842,0.018398931410311695,0.025541811527514967,0.6021375646352903,0.009988407286190722,0.013866132259233128,0.6375813751627504,0.013207679645210543,0.018335198750982704
RR,full_layer,RF,5,508.0,,,,0.5448818897637795,0.01844100539941789,0.025600219588069986,0.4708661417322834,0.01822966441384288,0.025306831265606282,0.6188976377952756,0.03163355815212704,0.04391441884573153,0.5532470863050227,0.023799718093379704,0.033039305402725774,0.4708661417322834,0.01822966441384288,0.025306831265606282,0.5085144990467224,0.017519890337308896,0.024321506885311747,0.5675506851013702,0.027132231763422228,0.037665576036322944
RR,full_layer,AdaBoost,5,508.0,,,,0.5594488188976378,0.018356760987204325,0.02548326959510468,0.5456692913385827,0.03561632402487763,0.049443384252005125,0.573228346456693,0.030148330266262423,0.041852591998825475,0.5611584294719492,0.01933862141426959,0.026846310383461067,0.5456692913385827,0.03561632402487763,0.049443384252005125,0.5528700059000788,0.023977441646856633,0.03328602524779047,0.5795198090396181,0.025322322228963284,0.03515301880242326
RR,init_band,LR,5,508.0,,,,0.6023622047244095,0.01534928243277005,0.02130822003938148,0.5976377952755906,0.028104831964684635,0.03901576157037765,0.6070866141732283,0.030332850841351525,0.04210874762258268,0.6036748081550052,0.01695487012760012,0.02353713308751986,0.5976377952755906,0.028104831964684635,0.03901576157037765,0.600260000081952,0.017578165528071822,0.024402405819385842,0.6332909665819331,0.01176745203734249,0.01633584230486471
RR,init_band,RF,5,508.0,,,,0.5578740157480315,0.018741149977026587,0.026016887059746654,0.4921259842519685,0.02681793128492348,0.037229257023778356,0.6236220472440944,0.02047244094488189,0.02842030422643416,0.5665379235061072,0.02082578285788511,0.028910821438843666,0.4921259842519685,0.02681793128492348,0.037229257023778356,0.5265598480317222,0.022886785607724343,0.03177195193713884,0.5850626201252401,0.023578380704427575,0.03273203984764908
RR,init_band,AdaBoost,5,508.0,,,,0.5338582677165353,0.0211428686332245,0.029351007063278114,0.5228346456692913,0.025196850393700804,0.034978835970995915,0.5448818897637795,0.02570839010600708,0.035688966936169436,0.5346537145219881,0.02193945090976487,0.030456840544572032,0.5228346456692913,0.025196850393700804,0.034978835970995915,0.5285691958162209,0.02254039007131932,0.03129107784138179,0.5546608593217186,0.02031136269195565,0.028196691762988724
RR,init_band_emb,LR,5,508.0,,,,0.6023622047244095,0.01534928243277005,0.02130822003938148,0.5976377952755906,0.028104831964684635,0.03901576157037765,0.6070866141732283,0.030332850841351525,0.04210874762258268,0.6036748081550052,0.01695487012760012,0.02353713308751986,0.5976377952755906,0.028104831964684635,0.03901576157037765,0.600260000081952,0.017578165528071822,0.024402405819385842,0.6332878665757331,0.011757741178362374,0.016322361471423404
RR,init_band_emb,RF,5,508.0,,,,0.5645669291338582,0.017842943612007306,0.024769976726939008,0.5031496062992126,0.014604123614953838,0.020273773763221082,0.6259842519685039,0.0320811791928557,0.044535816469488836,0.5742767201833257,0.02253972565486852,0.03129015548348048,0.5031496062992126,0.014604123614953838,0.020273773763221082,0.536146749791848,0.014718985250236882,0.02043322727574939,0.5864700229400459,0.026035051732865133,0.036142445973642426
RR,init_band_emb,AdaBoost,5,508.0,,,,0.5413385826771653,0.02064584346791636,0.028661025519588157,0.5244094488188976,0.028973810225156073,0.040222096789282256,0.5582677165354332,0.024573994542247603,0.034114173430990394,0.5427038103816899,0.021328085451431198,0.029608129227433267,0.5244094488188976,0.028973810225156073,0.040222096789282256,0.5332336236298852,0.0239525112383579,0.03325141629246702,0.5571315642631285,0.017409738318100675,0.02416859136803259
RR,end_band,LR,5,508.0,,,,0.5783464566929133,0.016204028052958015,0.02249479718606155,0.5850393700787402,0.018566655311104893,0.025774649629205948,0.5716535433070866,0.02875902735078689,0.03992393035917093,0.5776538451713068,0.01725302675894724,0.02395104084736285,0.5850393700787402,0.018566655311104893,0.025774649629205948,0.5811335603673158,0.014603633585975223,0.02027309349394154,0.6019623039246078,0.013065275406397014,0.018137509975076085
RR,end_band,RF,5,508.0,,,,0.5338582677165353,0.013021917644520679,0.018077319752209144,0.4669291338582678,0.03355476496482289,0.04658148147132255,0.6007874015748031,0.028455607873374245,0.03950271659772893,0.5390990886069551,0.01508459577860168,0.020940776056693006,0.4669291338582678,0.03355476496482289,0.04658148147132255,0.4998950348779297,0.021938874161798783,0.03045603989003835,0.5473851447702895,0.005535853811074446,0.007684997108424111
RR,end_band,AdaBoost,5,508.0,,,,0.5377952755905511,0.017179074196276727,0.02384837823204116,0.5519685039370078,0.042940466785625145,0.059610924410928794,0.5236220472440944,0.022684819355729035,0.03149157783125508,0.5362661994825275,0.015617064903579196,0.021679961704549396,0.5519685039370078,0.042940466785625145,0.059610924410928794,0.5435477302083102,0.027376187796223625,0.03800424130290039,0.5523823547647095,0.019111420055402624,0.026530904333100826
RR,ib_no_pca,LR,5,508.0,,,,0.574015748031496,0.006540648710959103,0.009079876049180346,0.5787401574803149,0.024523482680940838,0.03404405172595059,0.5692913385826771,0.02642198698513784,0.03667959821724295,0.5735357098269614,0.007957904563670837,0.01104734258671756,0.5787401574803149,0.024523482680940838,0.03404405172595059,0.5757902032783976,0.011446007748822477,0.01588960609413712,0.5955328910657821,0.012992885985017676,0.018037017347747705
RR,ib_no_pca,RF,5,508.0,,,,0.5696850393700787,0.013385826771653519,0.018582506609591532,0.54251968503937,0.02616259484383645,0.03631950419672144,0.5968503937007874,0.02179268110724103,0.03025309139466795,0.5736838237836717,0.013893947719057028,0.019287891568225003,0.54251968503937,0.02616259484383645,0.03631950419672144,0.5574213586818896,0.018231732321261088,0.025309701981320924,0.5980004960009921,0.01442429453735114,0.02002413098207996
RR,ib_no_pca,AdaBoost,5,508.0,,,,0.5507874015748031,0.00926661598105496,0.012864125291173869,0.5488188976377952,0.015865702109929047,0.022025125481819445,0.552755905511811,0.023437600104153085,0.03253660504337962,0.5511993395076102,0.010294992191338566,0.01429174033884576,0.5488188976377952,0.015865702109929047,0.022025125481819445,0.5498341344716731,0.00916662325842346,0.012725313138521056,0.5669027838055676,0.00831899183268162,0.011548612077014672
RR,vote_ensemble,LR,5,508.0,,,,0.60748031496063,0.010386540124624328,0.014418829244476874,0.610236220472441,0.014730934593598198,0.02044981562369232,0.6047244094488189,0.016628907151136123,0.023084623932280276,0.6069781986336624,0.010933664272212837,0.01517835932523069,0.610236220472441,0.014730934593598198,0.02044981562369232,0.6085193641927997,0.010858205260576263,0.015073605423479979,,,
RR,vote_ensemble,RF,5,508.0,,,,0.5531496062992126,0.011876459156691598,0.01648716844633898,0.5307086614173228,0.026979278266160343,0.037453242541925114,0.5755905511811024,0.03240805610591604,0.04498959437212311,0.5559785118697824,0.012908712940587489,0.01792016642914881,0.5307086614173228,0.026979278266160343,0.037453242541925114,0.5426120291469805,0.01549030127926821,0.02150398558243171,,,
RR,vote_ensemble,AdaBoost,5,508.0,,,,0.5673228346456692,0.011902532643961376,0.016523364249391787,0.5606299212598425,0.024089855969729713,0.03344208134603801,0.574015748031496,0.026748484647973275,0.03713284963616194,0.5684419542358458,0.013055058640873451,0.01812332683076166,0.5606299212598425,0.024089855969729713,0.03344208134603801,0.5642193104734309,0.014633264071257746,0.02031422720185519,,,
RR,avg_ensemble,LR,5,508.0,,,,0.6035433070866142,0.013443599274774714,0.018662707701344466,0.6062992125984252,0.017070459361164414,0.023697596668391437,0.6007874015748031,0.019542793143292686,0.02712974618229404,0.6030829526014722,0.01387822603923663,0.019266066377733586,0.6062992125984252,0.017070459361164414,0.023697596668391437,0.6045927226327522,0.013681646157562725,0.018993169752606648,0.6460908921817844,0.006671083694067407,0.00926094883437915
RR,avg_ensemble,RF,5,508.0,,,,0.5625984251968503,0.01109370299496484,0.015400528689444144,0.5748031496062993,0.021707163389118447,0.030134373769723388,0.5503937007874016,0.01919064190071487,0.026640881885421786,0.5611256372729201,0.010620638851294825,0.014743810376375545,0.5748031496062993,0.021707163389118447,0.030134373769723388,0.5677204460916556,0.01402658787442068,0.019472025623281045,0.5799119598239197,0.005735921291566073,0.00796273529688423
RR,avg_ensemble,AdaBoost,5,508.0,,,,0.5614173228346456,0.006516907620963314,0.009046918132624912,0.5818897637795276,0.030230478457405452,0.04196663197042543,0.5409448818897638,0.03115962037387303,0.04325648773343068,0.5592296111388118,0.007153108932336211,0.009930107141065762,0.5818897637795276,0.030230478457405452,0.04196663197042543,0.5698524064175163,0.013862346743341237,0.019244022381052207,0.5647932295864593,0.010794430805673813,0.014985072286904693
TAR,per_layer,LR,5,508.0,13.6,5.678027826631356,7.882366283213762,0.5728346456692913,0.014195083761669223,0.019705935413979636,0.5771653543307087,0.035266449884344415,0.04895768107954576,0.568503937007874,0.03622047244094486,0.050282076708306554,0.572602348657427,0.015555833533967386,0.02159495893632776,0.5771653543307087,0.035266449884344415,0.04895768107954576,0.5742322372579458,0.019487527692261412,0.027053025436792878,0.6012663525327051,0.014671956003011662,0.02036794021411959
TAR,per_layer,RF,5,508.0,15.6,11.976643937263894,16.626247218156614,0.544488188976378,0.02051781767054391,0.028483297220361265,0.5275590551181102,0.027838849653013694,0.038646518926723654,0.5614173228346456,0.017536265709700828,0.02434423954657343,0.5458090570275369,0.0209889026595515,0.02913726802629241,0.5275590551181102,0.027838849653013694,0.038646518926723654,0.5364623183906458,0.024207847141748638,0.03360587935204227,0.5663013826027653,0.016465812863806304,0.02285821276440898
TAR,per_layer,AdaBoost,5,508.0,8.8,6.013318551349164,8.34782442894425,0.5586614173228346,0.007613810868430584,0.010569663958777948,0.5645669291338582,0.01644142757308745,0.022824360553881387,0.552755905511811,0.02983826034881328,0.0414221459465401,0.5584122764026063,0.010172492265689613,0.014121683179368195,0.5645669291338582,0.01644142757308745,0.022824360553881387,0.5611773491458674,0.0047559281836406985,0.006602286763070738,0.5691363382726766,0.012766748423886537,0.017723088085395744
TAR,mid_band,LR,5,508.0,,,,0.6098425196850394,0.01130133865701362,0.015688773198224065,0.6125984251968504,0.016059903979819767,0.022294720897358615,0.6070866141732283,0.011518691998683321,0.015990508009012677,0.6092076117918068,0.010615973487253691,0.01473733381279756,0.6125984251968504,0.016059903979819767,0.022294720897358615,0.6108574265976188,0.012643991400654883,0.017552674017255656,0.6564480128960257,0.013731056056503715,0.019061761688638164
TAR,mid_band,RF,5,508.0,,,,0.5507874015748031,0.012781640221061374,0.01774376121408258,0.521259842519685,0.018732877564362708,0.02600540310992225,0.5803149606299213,0.016628907151136133,0.023084623932280293,0.5539748398824716,0.013689304500814408,0.019003801237424178,0.521259842519685,0.018732877564362708,0.02600540310992225,0.5370280902038497,0.014988246326772986,0.02080702157473387,0.5766492032984065,0.019200609456138065,0.026654719070654552
TAR,mid_band,AdaBoost,5,508.0,,,,0.562992125984252,0.02216643820513267,0.030771949427155037,0.5559055118110237,0.05189687260876877,0.07204440896484487,0.5700787401574803,0.00911483220692142,0.012653415632803111,0.5627402505813581,0.019543190478044155,0.02713029777135696,0.5559055118110237,0.05189687260876877,0.07204440896484487,0.5587900309617402,0.03617794541264427,0.05022303972852466,0.5879115258230516,0.02595942794881852,0.03603746333111605
TAR,full_layer,LR,5,508.0,,,,0.6137795275590552,0.01629940279093261,0.02262719854826609,0.611023622047244,0.017500874622750257,0.024295108841507665,0.6165354330708661,0.017712160439688145,0.02458842057762512,0.6144341252581483,0.016324056596929263,0.02266142351775804,0.611023622047244,0.017500874622750257,0.024295108841507665,0.6126966601521125,0.016430674896401744,0.022809433445605484,0.6550375100750202,0.014830264421313981,0.02058770753067313
TAR,full_layer,RF,5,508.0,,,,0.5598425196850394,0.02994715000903405,0.0415733090286034,0.5094488188976378,0.034645669291338575,0.048095899460119336,0.610236220472441,0.030189432303434353,0.04190965077378531,0.5664320249733299,0.03231707488047672,0.04486329218310516,0.5094488188976378,0.034645669291338575,0.048095899460119336,0.5363231187580227,0.03293053479107275,0.04571491106610988,0.5818913137826275,0.024827808473420053,0.03446652365440777
TAR,full_layer,AdaBoost,5,508.0,,,,0.552755905511811,0.02425017888887324,0.033664645238091546,0.5606299212598426,0.049899148087416884,0.06927112273042435,0.5448818897637795,0.015865702109929047,0.022025125481819445,0.5510264512417017,0.021134896833096023,0.029339940430554958,0.5606299212598426,0.049899148087416884,0.06927112273042435,0.5553645468013506,0.03458808593954032,0.048015960952498764,0.5708707917415834,0.02356921411490407,0.032719314581342133
TAR,init_band,LR,5,508.0,,,,0.5988188976377953,0.012536758526055646,0.017403810922356985,0.5921259842519685,0.026771653543307083,0.03716501321918313,0.6055118110236221,0.020289919254685235,0.028166923499764688,0.6001815009450086,0.011746055002476849,0.01630613845850548,0.5921259842519685,0.026771653543307083,0.03716501321918313,0.5958744826352262,0.016675290973375532,0.023149015000388764,0.6351323702647405,0.013781378720753561,0.019131620746056663
TAR,init_band,RF,5,508.0,,,,0.5503937007874016,0.016777382482411445,0.02329074073566127,0.4755905511811024,0.02686412930587714,0.03729339015835166,0.6251968503937008,0.02854262828408168,0.03962352029440941,0.5595137638520826,0.020260885002295247,0.028126617495799058,0.4755905511811024,0.02686412930587714,0.03729339015835166,0.513789881342231,0.020868595413091783,0.028970254793515955,0.5730376960753921,0.024949258099078473,0.03463512276375148
TAR,init_band,AdaBoost,5,508.0,,,,0.547244094488189,0.012134673234190875,0.016845627052121996,0.5440944881889763,0.019826265058290018,0.027523268287721732,0.5503937007874016,0.04071711330345795,0.056524414964585004,0.5483423070944673,0.014886732035505282,0.02066609714618495,0.5440944881889763,0.019826265058290018,0.027523268287721732,0.5457362438316962,0.006290154378708286,0.00873213416785156,0.5709823919647838,0.013958484048467768,0.01937748235617494
TAR,init_band_emb,LR,5,508.0,,,,0.5988188976377953,0.012536758526055646,0.017403810922356985,0.5921259842519685,0.026771653543307083,0.03716501321918313,0.6055118110236221,0.020289919254685235,0.028166923499764688,0.6001815009450086,0.011746055002476849,0.01630613845850548,0.5921259842519685,0.026771653543307083,0.03716501321918313,0.5958744826352262,0.016675290973375532,0.023149015000388764,0.6351292702585405,0.013796055081934886,0.01915199480163866
TAR,init_band_emb,RF,5,508.0,,,,0.5515748031496063,0.018356760987204367,0.02548326959510474,0.4740157480314961,0.027116811586964665,0.0376441693995995,0.6291338582677165,0.02810483196468465,0.03901576157037766,0.5612410253550116,0.0220032569373663,0.030545417511080086,0.4740157480314961,0.027116811586964665,0.0376441693995995,0.5136458924768735,0.022197562030885735,0.03081515622398861,0.5713295926591855,0.020527276553640623,0.028496428255198523
TAR,init_band_emb,AdaBoost,5,508.0,,,,0.5610236220472441,0.024364958183883147,0.0338239844439957,0.5566929133858267,0.016059903979819767,0.022294720897358615,0.5653543307086615,0.04050337369956437,0.05622769682607636,0.562309796882913,0.02541754715504311,0.03528521219237684,0.5566929133858267,0.016059903979819767,0.022294720897358615,0.5592976940716945,0.018822535485208063,0.026129868257658898,0.5729617459234918,0.023306535732306052,0.03235465852653936
TAR,end_band,LR,5,508.0,,,,0.5972440944881889,0.019982011874723652,0.027739479530790385,0.5992125984251968,0.037465755128725436,0.05201080621984453,0.5952755905511811,0.02697927826616034,0.037453242541925114,0.5968055852727175,0.018346713699997217,0.025469321724411333,0.5992125984251968,0.037465755128725436,0.05201080621984453,0.5976026136543762,0.024915033240603002,0.03458761104335633,0.6356004712009424,0.015001152618962978,0.02082493838062245
TAR,end_band,RF,5,508.0,,,,0.555511811023622,0.012536758526055613,0.01740381092235694,0.5078740157480315,0.02727639067037603,0.037865700682114214,0.6031496062992125,0.0260438352890413,0.036154639504418204,0.5615026225704686,0.014910411739806553,0.020698969845734848,0.5078740157480315,0.02727639067037603,0.037865700682114214,0.5329743598785062,0.018152451394484334,0.025199642410778492,0.5713233926467853,0.017325171004062296,0.024051193115471794
TAR,end_band,AdaBoost,5,508.0,,,,0.5523622047244093,0.022841432605291794,0.0317089918763339,0.5417322834645668,0.025828692073790124,0.035855972840967885,0.5629921259842519,0.03386742231119145,0.047015519450787115,0.553834390218767,0.023266468160489284,0.03229903581971545,0.5417322834645668,0.025828692073790124,0.035855972840967885,0.5474917510656325,0.02218334372147057,0.030795418046198637,0.5795430590861181,0.02045210653619758,0.028392075541704836
TAR,ib_no_pca,LR,5,508.0,,,,0.5649606299212598,0.01369490325269768,0.019011573551054945,0.5763779527559055,0.027570301417341094,0.03827371420950231,0.5535433070866141,0.030658145407766596,0.04256032887591797,0.5637569977417276,0.014287535240552922,0.01983427864198711,0.5763779527559055,0.027570301417341094,0.03827371420950231,0.5696361110357578,0.016376155061235326,0.02273374778086349,0.5873240746481493,0.013082325142276474,0.018161178802939805
TAR,ib_no_pca,RF,5,508.0,,,,0.5637795275590551,0.02419258503265699,0.033584692148001014,0.5377952755905511,0.031945610669450064,0.0443476171878746,0.5897637795275591,0.022465106484546627,0.0311865674683834,0.5670372058904045,0.024951086704440566,0.03463766127495494,0.5377952755905511,0.031945610669450064,0.0443476171878746,0.551921762639892,0.027947046376685238,0.0387967200586418,0.5954739909479818,0.016642003972150626,0.023102805234579964
TAR,ib_no_pca,AdaBoost,5,508.0,,,,0.5496062992125983,0.017313884588422063,0.024035525058742017,0.5196850393700787,0.015748031496063016,0.02186177248187246,0.5795275590551181,0.026515682268476736,0.03680966812264615,0.5530584660916853,0.01909604833101602,0.02650956495863501,0.5196850393700787,0.015748031496063016,0.02186177248187246,0.5357478335689922,0.015700410938935015,0.02179566455050005,0.5677754355508711,0.019810507942966318,0.027501393904865473
TAR,vote_ensemble,LR,5,508.0,,,,0.5972440944881889,0.01923098384538555,0.026696885482829325,0.6023622047244095,0.02426934646838181,0.033691254104244076,0.5921259842519685,0.015469986381408283,0.02147578398306882,0.5961032524186637,0.01825912228403634,0.025347725345360374,0.6023622047244095,0.02426934646838181,0.033691254104244076,0.5991905101070982,0.02107890857239102,0.029262216264363483,,,
TAR,vote_ensemble,RF,5,508.0,,,,0.5740157480314961,0.022499578050755187,0.03123442167401753,0.5275590551181102,0.02849915129268324,0.039563164554430943,0.620472440944882,0.03115962037387305,0.04325648773343071,0.5818445342767553,0.02543547985964009,0.03531010677732746,0.5275590551181102,0.02849915129268324,0.039563164554430943,0.5531168854125184,0.024559831510212224,0.03409451199050569,,,
TAR,vote_ensemble,AdaBoost,5,508.0,,,,0.5811023622047243,0.010953092711215421,0.01520533032241587,0.5787401574803149,0.028390167523338488,0.03941187082795932,0.5834645669291338,0.010083660216429707,0.013998364525192016,0.5812503201408419,0.008154558390773491,0.01132034186455635,0.5787401574803149,0.028390167523338488,0.03941187082795932,0.5797955851915404,0.01787495319385448,0.024814413150358514,,,
TAR,avg_ensemble,LR,5,508.0,,,,0.5940944881889764,0.017043197497569596,0.023659751134523233,0.594488188976378,0.025392937789916695,0.035251048916703207,0.5937007874015748,0.013269527201852552,0.01842105692393628,0.5938255782457132,0.015981755743725824,0.02218623375356718,0.594488188976378,0.025392937789916695,0.035251048916703207,0.5940863605106139,0.020292631663603032,0.02817068892699625,0.6307055614111229,0.012832002267786215,0.017813674943141043
TAR,avg_ensemble,RF,5,508.0,,,,0.5771653543307087,0.01586570210992904,0.022025125481819438,0.578740157480315,0.0277272706482819,0.03849162243595843,0.5755905511811024,0.01582657578129274,0.02197080943000613,0.5767462340954963,0.014790001819133041,0.020531814078299234,0.578740157480315,0.0277272706482819,0.03849162243595843,0.5775931225825846,0.02013835049288339,0.02795651232636188,0.6078120156240312,0.014259336393180578,0.019795132366107526
TAR,avg_ensemble,AdaBoost,5,508.0,,,,0.5870078740157479,0.011301338657013665,0.015688773198224128,0.5913385826771653,0.02089212466365608,0.029002918629795062,0.5826771653543307,0.008258337387166532,0.01146441020783525,0.5861234559812721,0.009881052549405219,0.013717099992499173,0.5913385826771653,0.02089212466365608,0.029002918629795062,0.5886472775793768,0.01487294840650322,0.020646962401547637,0.6195734391468782,0.017817320625907407,0.0247344063197702
PB&J,per_layer,LR,5,508.0,12.6,8.8,12.216358462870314,0.5492125984251969,0.017429876867069802,0.024196548155888148,0.5566929133858268,0.034013560734575086,0.04721839210592952,0.5417322834645668,0.01586570210992906,0.022025125481819466,0.5481224489720148,0.01599202969714875,0.022200496287413243,0.5566929133858268,0.034013560734575086,0.04721839210592952,0.5521589974099718,0.02405550617259239,0.03339439618297478,0.5768212536425074,0.022180266853556646,0.030791146668769163
PB&J,per_layer,RF,5,508.0,6.8,9.15204895091804,12.70508075615352,0.562992125984252,0.018591683390736337,0.02580939417379856,0.5456692913385827,0.03491306972818167,0.04846711077711972,0.5803149606299213,0.03242718154641574,0.045016144739953176,0.5653755999897407,0.02013677713383372,0.0279543281538458,0.5456692913385827,0.03491306972818167,0.04846711077711972,0.5548780317342888,0.024059940571971628,0.03340055211620028,0.5898087296174592,0.01574026156175128,0.0218509860838287
PB&J,per_layer,AdaBoost,5,508.0,9.0,10.019980039900279,13.909962267980386,0.5468503937007874,0.0332997329980953,0.04622744034347765,0.552755905511811,0.04019605989952824,0.05580107687814135,0.5409448818897638,0.029314189714939022,0.040694619273441056,0.5459461364990025,0.03242562308812108,0.045013981253001246,0.552755905511811,0.04019605989952824,0.05580107687814135,0.5492636346713247,0.03600884215626429,0.049988286774300075,0.5532038564077129,0.029567677288496394,0.04104651643985696
PB&J,mid_band,LR,5,508.0,,,,0.5720472440944881,0.01654480424366197,0.022967870379385524,0.5645669291338583,0.03383078906919817,0.046964664358077224,0.5795275590551181,0.016213590773207876,0.022508072369976595,0.5728349698451197,0.01458843547404644,0.020251995132205082,0.5645669291338583,0.03383078906919817,0.046964664358077224,0.5684162117985808,0.02309388951007839,0.03205945824511797,0.6013795027590055,0.015420418645947821,0.021406972934821345
PB&J,mid_band,RF,5,508.0,,,,0.547244094488189,0.009233101889416184,0.012817600273331054,0.515748031496063,0.02068334730167511,0.028713089187420975,0.5787401574803149,0.005567769930602726,0.007729303785344713,0.5502282361876659,0.00873525115703666,0.012126472658813921,0.515748031496063,0.02068334730167511,0.028713089187420975,0.5323433953201585,0.014914646352441491,0.020704848430496192,0.5614250728501456,0.014384271288049862,0.019968569804771637
PB&J,mid_band,AdaBoost,5,508.0,,,,0.54251968503937,0.013269527201852545,0.01842105692393627,0.5220472440944881,0.023437600104153095,0.032536605043379636,0.5629921259842521,0.03573797076507156,0.049612257000192485,0.5448939423620445,0.015539114534913545,0.02157174924478434,0.5220472440944881,0.023437600104153095,0.032536605043379636,0.53279259661662,0.01298452246311366,0.018025406918021392,0.5523916547833095,0.009653176649160858,0.013400757528586176
PB&J,full_layer,LR,5,508.0,,,,0.594488188976378,0.012817968973306884,0.017794193607257574,0.5779527559055119,0.01602125192864239,0.022241063248209975,0.611023622047244,0.032023148673484644,0.04445525719375891,0.5983307691865181,0.016505608921816527,0.022913458549643308,0.5779527559055119,0.01602125192864239,0.022241063248209975,0.5876648882047585,0.009428212828934154,0.013088457679828662,0.6308512617025234,0.015907729464710404,0.022083468803552997
PB&J,full_layer,RF,5,508.0,,,,0.5507874015748031,0.0184410053994179,0.025600219588070003,0.48267716535433064,0.03280734906456637,0.045543901862415435,0.6188976377952755,0.01439028888385593,0.019976923566982045,0.5583013824996969,0.01982228719538849,0.02751774612873069,0.48267716535433064,0.03280734906456637,0.045543901862415435,0.5175374990445863,0.02674213334350393,0.03712403261205916,0.575246450492901,0.012494417603524386,0.017345032298801244
PB&J,full_layer,AdaBoost,5,508.0,,,,0.547244094488189,0.011273874852973487,0.015650647326075396,0.537007874015748,0.036134783954594525,0.05016312201905696,0.5574803149606299,0.04302701131437559,0.05973106747754421,0.5488194151440474,0.013470035045351937,0.0186994064342551,0.537007874015748,0.036134783954594525,0.05016312201905696,0.5420162476403865,0.017896786269442105,0.024844722318281852,0.5616141732283464,0.010924068869960786,0.015165038771423136
PB&J,init_band,LR,5,508.0,,,,0.5870078740157479,0.011639169684326394,0.016157757849307314,0.573228346456693,0.016997663893640085,0.023596540358647184,0.6007874015748031,0.0240898559697297,0.033442081346038,0.589740799541809,0.013312141847853802,0.018480215536586235,0.573228346456693,0.016997663893640085,0.023596540358647184,0.5811823990977336,0.01140887582285634,0.015838058717089498,0.618231136462273,0.014057351979508413,0.019514733047774357
PB&J,init_band,RF,5,508.0,,,,0.5551181102362205,0.017115799306522926,0.023760538603071733,0.5055118110236221,0.026421986985137817,0.03667959821724291,0.6047244094488189,0.015268283015484517,0.021195774821558336,0.5609375595078708,0.01827312033217636,0.02536715775148071,0.5055118110236221,0.026421986985137817,0.03667959821724291,0.5316736598885845,0.02233948482542498,0.031012176648095843,0.5826415152830305,0.0163526286433645,0.02270108787699334
PB&J,init_band,AdaBoost,5,508.0,,,,0.5531496062992126,0.022513351898418566,0.0312535428399799,0.5165354330708662,0.020593223355310303,0.028587977092548136,0.5897637795275591,0.03688201079883579,0.05120043917613999,0.5580033132970853,0.02611869291592804,0.036258558550296416,0.5165354330708662,0.020593223355310303,0.028587977092548136,0.5362259769746782,0.020257446758333495,0.02812184444799002,0.5750651001302003,0.03092689354788407,0.04293341110499805
PB&J,init_band_emb,LR,5,508.0,,,,0.5870078740157479,0.011639169684326394,0.016157757849307314,0.573228346456693,0.016997663893640085,0.023596540358647184,0.6007874015748031,0.0240898559697297,0.033442081346038,0.589740799541809,0.013312141847853802,0.018480215536586235,0.573228346456693,0.016997663893640085,0.023596540358647184,0.5811823990977336,0.01140887582285634,0.015838058717089498,0.6182311364622729,0.014046395945016157,0.019499523633605156
PB&J,init_band_emb,RF,5,508.0,,,,0.5496062992125984,0.019101589717650712,0.02651725763653396,0.49763779527559054,0.02642198698513783,0.03667959821724293,0.6015748031496063,0.015022664589243262,0.020854801782916373,0.5550877163726466,0.020684980104294513,0.028715355880841176,0.49763779527559054,0.02642198698513783,0.03667959821724293,0.5247331270349405,0.023654560986730227,0.032837795033604976,0.5795926591853184,0.020762346199872363,0.028822757239528866
PB&J,init_band_emb,AdaBoost,5,508.0,,,,0.5460629921259843,0.025654070169519528,0.035613558775281676,0.5102362204724409,0.022215332251442343,0.03083982524492994,0.5818897637795275,0.03603168878314187,0.050020002976982336,0.550158366344002,0.029440221845774783,0.040869579919819356,0.5102362204724409,0.022215332251442343,0.03083982524492994,0.5292954811270879,0.02398178507282732,0.03329205488967853,0.563739227478455,0.03708135545044419,0.05147717391724275
PB&J,end_band,LR,5,508.0,,,,0.5645669291338583,0.01814443877449278,0.025188519111000816,0.5818897637795276,0.04837235449892181,0.06715159343771208,0.547244094488189,0.01707045936116441,0.023697596668391434,0.5617115835851983,0.013736832737384668,0.01906978100731627,0.5818897637795276,0.04837235449892181,0.06715159343771208,0.5710984473516009,0.02960634874276477,0.041100201024814126,0.5914377828755658,0.02051228072772409,0.028475610711466343
PB&J,end_band,RF,5,508.0,,,,0.5279527559055117,0.014804406044852907,0.020551810349296276,0.49685039370078743,0.03868698739067165,0.053706148387839624,0.5590551181102362,0.029250670269301914,0.04060644014647904,0.5296087589813079,0.014824968956865907,0.02058035624749983,0.49685039370078743,0.03868698739067165,0.053706148387839624,0.5121458756530727,0.02473794365152574,0.0343417712819688,0.552247504495009,0.020943103417176926,0.02907368848513608
PB&J,end_band,AdaBoost,5,508.0,,,,0.5350393700787401,0.016441427573087496,0.022824360553881453,0.5259842519685038,0.03731652160967806,0.051803636883099274,0.5440944881889763,0.028651032123874414,0.039774008949598,0.5354672539052019,0.016368689091355595,0.022723383353099424,0.5259842519685038,0.03731652160967806,0.051803636883099274,0.530224630927888,0.02521021339329563,0.03499738678840382,0.5473076446152894,0.015839538785834373,0.021988804965260265
PB&J,ib_no_pca,LR,5,508.0,,,,0.5692913385826771,0.014052415982342296,0.019507880785188794,0.5700787401574803,0.008407148229945899,0.011670992775852814,0.568503937007874,0.02952493426653967,0.04098717961281041,0.5696529914111166,0.01578272983280885,0.0219099414954807,0.5700787401574803,0.008407148229945899,0.011670992775852814,0.5697118327108784,0.008564866205835447,0.011889940426932932,0.5962396924793849,0.009131736415058548,0.012676882435772897
PB&J,ib_no_pca,RF,5,508.0,,,,0.5653543307086614,0.014162287991027494,0.019660407585544926,0.5496062992125983,0.023171557432381362,0.032167278606472456,0.5811023622047244,0.0234376001041531,0.03253660504337964,0.5675984779641947,0.015365317506021993,0.021330480289702407,0.5496062992125983,0.023171557432381362,0.032167278606472456,0.5582503653301256,0.01650452854097441,0.022911958740592882,0.596510943021886,0.011971344359626854,0.016618890224961626
PB&J,ib_no_pca,AdaBoost,5,508.0,,,,0.55,0.00961146111475093,0.0133428470829246,0.5582677165354331,0.009771396571646326,0.013564873091146994,0.5417322834645669,0.013997156562701717,0.019431168412600217,0.5492461831751834,0.009767352097055999,0.01355925846030729,0.5582677165354331,0.009771396571646326,0.013564873091146994,0.5536914842233345,0.00889799834333096,0.012352401973199683,0.5695362390724782,0.013833582374469695,0.019204091035473464
PB&J,vote_ensemble,LR,5,508.0,,,,0.5716535433070866,0.018238165073858975,0.0253186320735526,0.5614173228346457,0.027905582908140724,0.03873915953649933,0.5818897637795275,0.01819562206030134,0.025259572902676372,0.5729933911783974,0.0178087330343455,0.02472248483149145,0.5614173228346457,0.027905582908140724,0.03873915953649933,0.5670131764446565,0.021819686824679958,0.03029058134066578,,,
PB&J,vote_ensemble,RF,5,508.0,,,,0.5511811023622047,0.01499167934225176,0.020811787364244928,0.4984251968503937,0.015469986381408255,0.021475783983068777,0.6039370078740157,0.02434586587990599,0.03379748007703354,0.5575046411989752,0.017810108749371646,0.0247243946301167,0.4984251968503937,0.015469986381408255,0.021475783983068777,0.5261827288854116,0.014305182589284014,0.01985877708948918,,,
PB&J,vote_ensemble,AdaBoost,5,508.0,,,,0.5511811023622047,0.015399690720951147,0.021378197961872385,0.5480314960629922,0.027660107197244578,0.03839838461851806,0.5543307086614173,0.020593223355310275,0.028587977092548098,0.5514269019419735,0.0152420482701302,0.021159355156395783,0.5480314960629922,0.027660107197244578,0.03839838461851806,0.5495221885678825,0.019458781217543603,0.027013118932281893,,,
PB&J,avg_ensemble,LR,5,508.0,,,,0.5716535433070866,0.016777382482411403,0.023290740735661213,0.5653543307086615,0.027230892072111143,0.03780253850189126,0.5779527559055118,0.01802444589332222,0.02502194228720852,0.5724345535508808,0.016264674927701454,0.02257898854532503,0.5653543307086615,0.027230892072111143,0.03780253850189126,0.568724490165847,0.02050554069094995,0.028466254040411136,0.6075237150474301,0.01808914846442087,0.0251117638556188
PB&J,avg_ensemble,RF,5,508.0,,,,0.5523622047244094,0.011850328301805027,0.016450893004266755,0.5220472440944881,0.0073020618074769485,0.010136886881610583,0.5826771653543307,0.023225009769689175,0.03224148234661228,0.5560649115309115,0.01426408176307243,0.019801719995611814,0.5220472440944881,0.0073020618074769485,0.010136886881610583,0.538421738242133,0.00817690908544145,0.01135136960296066,0.5757920515841033,0.015908419344806413,0.02208442651066087
PB&J,avg_ensemble,AdaBoost,5,508.0,,,,0.5437007874015748,0.01930338688524609,0.026797397015640444,0.5496062992125984,0.04222704780406903,0.05862054009128046,0.5377952755905511,0.015268283015484515,0.021195774821558332,0.5424926400823827,0.018513760750473573,0.025701220207227742,0.5496062992125984,0.04222704780406903,0.05862054009128046,0.5456922484655473,0.029965664090412972,0.041599010693914265,0.5651342302684605,0.013641959010766657,0.018938075160376044
